URN,ATT8SCR,TALLPPE_ALEV_1618,PCODE,Best Rank,Latitude,Longitude,Info,Region
138051,87.3,48.6,NW11 7BN,1,51.58108734,-0.18916115,"The Henrietta Barnett School<br>11-18 Girls Academy <br>GCSE: A8S 87.3, #1<br>A-level: APS 48.6, #65",Greater London
136621,86.9,50.63,SM6 9JW,2,51.35885363,-0.12804574,"Wilson's School<br>11-18 Boys Academy <br>GCSE: A8S 86.9, #2<br>A-level: APS 50.63, #36",Greater London
136290,85.6,52.66,EN5 4DQ,3,51.65575814,-0.21252727,"Queen Elizabeth's School, Barnet<br>11-18 Boys Academy <br>GCSE: A8S 85.6, #3<br>A-level: APS 52.66, #10",Greater London
136615,85.3,49.58,KT2 5PL,4,51.42557937,-0.30286871,"The Tiffin Girls' School<br>11-18 Girls Academy <br>GCSE: A8S 85.3, #4<br>A-level: APS 49.58, #47",Greater London
136448,84.0,44.47,RG1 5BN,5,51.45117517,-0.96432853,"Kendrick School<br>11-18 Girls Academy <br>GCSE: A8S 84.0, #5<br>A-level: APS 44.47, #188",South East
101676,83.6,50.26,BR6 9SH,6,51.36642028,0.10393171,"St Olave's and St Saviour's Grammar School<br>11-18 Boys Maintained school <br>GCSE: A8S 83.6, #6<br>A-level: APS 50.26, #42",Greater London
136642,83.3,49.05,CM1 3SX,7,51.74005108,0.4645248,"King Edward VI Grammar School, Chelmsford<br>11-18 Mixed Academy <br>GCSE: A8S 83.3, #7<br>A-level: APS 49.05, #57",South East
137302,83.3,46.35,CV37 6BE,8,52.19014791,-1.70719144,"King Edward VI School<br>11-18 Boys Academy <br>GCSE: A8S 83.3, #8<br>A-level: APS 46.35, #125",Midlands
136449,83.0,48.96,RG1 5LW,9,51.44838038,-0.954391,"Reading School<br>11-18 Boys Academy <br>GCSE: A8S 83.0, #9<br>A-level: APS 48.96, #59",South East
110923,82.9,51.4,CB2 8QF,10,52.18108516,0.13896756,"The Perse School<br>3-18 Mixed Independent school <br>GCSE: A8S 82.9, #10<br>A-level: APS 51.4, #23",Midlands
136551,82.8,43.52,BR6 9SA,11,51.36707105,0.07399343,"Newstead Wood School<br>11-18 Girls Academy <br>GCSE: A8S 82.8, #11<br>A-level: APS 43.52, #232",Greater London
136353,82.7,50.77,GL51 0HG,12,51.9066393,-2.11635081,"Pate's Grammar School<br>11-18 Mixed Academy <br>GCSE: A8S 82.7, #12<br>A-level: APS 50.77, #33",South West
149899,82.1,51.32,CO3 3ND,13,51.88669625,0.88701735,"Colchester Royal Grammar School<br>11-18 Boys Academy <br>GCSE: A8S 82.1, #13<br>A-level: APS 51.32, #24",Midlands
102692,81.0,51.56,SW19 4AB,14,51.4224662,-0.21085715,"Wimbledon High School GDST<br>4-19 Girls Independent school <br>GCSE: A8S 81.0, #14<br>A-level: APS 51.56, #16",Greater London
136412,80.7,47.24,CM1 1RW,15,51.74341672,0.46785169,"Chelmsford County High School for Girls<br>11-18 Girls Academy <br>GCSE: A8S 80.7, #15<br>A-level: APS 47.24, #98",South East
137515,80.6,45.33,CO3 3US,16,51.88516802,0.8752488,"Colchester County High School for Girls<br>11-18 Girls Academy <br>GCSE: A8S 80.6, #16<br>A-level: APS 45.33, #153",Midlands
137235,80.6,44.92,CV37 9HA,17,52.19049404,-1.72407097,"Stratford Girls' Grammar School<br>11-18 Girls Academy <br>GCSE: A8S 80.6, #17<br>A-level: APS 44.92, #168",Midlands
137289,80.6,48.93,WA14 2NL,18,53.38122827,-2.36047004,"Altrincham Grammar School for Girls<br>11-18 Girls Academy <br>GCSE: A8S 80.6, #18<br>A-level: APS 48.93, #61",North England
136795,80.5,47.8,SM3 8AB,19,51.35541714,-0.22386825,"Nonsuch High School for Girls<br>11-18 Girls Academy <br>GCSE: A8S 80.5, #19<br>A-level: APS 47.8, #84",Greater London
136789,80.5,45.54,SM6 0PH,20,51.34799613,-0.14882223,"Wallington High School for Girls<br>11-18 Girls Academy <br>GCSE: A8S 80.5, #20<br>A-level: APS 45.54, #145",Greater London
137044,80.4,46.69,B14 7QJ,21,52.43110283,-1.90227547,"King Edward VI Camp Hill School for Girls<br>11-18 Girls Academy <br>GCSE: A8S 80.4, #21<br>A-level: APS 46.69, #116",Midlands
136787,80.3,47.57,SM1 4AS,22,51.36509221,-0.18973527,"Sutton Grammar School<br>11-18 Boys Academy <br>GCSE: A8S 80.3, #22<br>A-level: APS 47.57, #91",Greater London
136283,80.2,39.2,WF16 0AH,23,53.70800634,-1.66922429,"Heckmondwike Grammar School<br>11-18 Mixed Academy <br>GCSE: A8S 80.2, #23<br>A-level: APS 39.2, #486",North England
102852,80.1,42.77,IG8 9LA,24,51.60722156,0.01842788,"Woodford County High School<br>11-18 Girls Maintained school <br>GCSE: A8S 80.1, #24<br>A-level: APS 42.77, #264",Greater London
102055,80.1,47.33,N9 9TN,25,51.62602492,-0.07411602,"The Latymer School<br>11-18 Mixed Maintained school <br>GCSE: A8S 80.1, #25<br>A-level: APS 47.33, #94",Greater London
136420,79.9,43.15,SL3 7PR,26,51.50418129,-0.57869079,"Upton Court Grammar School<br>11-18 Mixed Academy <br>GCSE: A8S 79.9, #26<br>A-level: APS 43.15, #244",South East
136359,79.9,,DA1 2HW,27,51.44516529,0.20549669,"Dartford Grammar School<br>11-18 Boys Academy <br>GCSE: A8S 79.9, #27",Greater London
137916,79.5,47.26,L15 9EE,28,53.39300711,-2.9160885,"The Blue Coat School<br>11-18 Mixed Academy <br>GCSE: A8S 79.5, #28<br>A-level: APS 47.26, #96",North England
136778,79.4,44.27,B73 5PT,29,52.55429171,-1.82980492,"Sutton Coldfield Grammar School for Girls<br>11-18 Girls Academy <br>GCSE: A8S 79.4, #29<br>A-level: APS 44.27, #196",Midlands
137219,79.1,45.67,HP7 9QB,30,51.66730743,-0.56982761,"Dr Challoner's High School<br>11-18 Girls Academy <br>GCSE: A8S 79.1, #30<br>A-level: APS 45.67, #140",South East
136910,79.1,49.36,KT2 6RL,31,51.41180604,-0.29564265,"Tiffin School<br>11-18 Boys Academy <br>GCSE: A8S 79.1, #31<br>A-level: APS 49.36, #50",Greater London
136366,78.8,47.66,EX24 6HN,32,50.72767691,-3.07213166,"Colyton Grammar School<br>11-18 Mixed Academy <br>GCSE: A8S 78.8, #32<br>A-level: APS 47.66, #87",South West
136458,78.5,45.54,WA14 2RS,33,53.37649186,-2.35124562,"Altrincham Grammar School for Boys<br>11-18 Boys Academy <br>GCSE: A8S 78.5, #33<br>A-level: APS 45.54, #146",North England
118843,78.4,47.62,TN9 2PN,34,51.18829002,0.26432154,"The Judd School<br>11-18 Boys Maintained school <br>GCSE: A8S 78.4, #34<br>A-level: APS 47.62, #88",South East
115798,78.2,48.56,GL50 3EP,35,51.89737273,-2.08047303,"Cheltenham Ladies' College<br>11-18 Girls Independent school <br>GCSE: A8S 78.2, #35<br>A-level: APS 48.56, #68",South West
101361,77.8,46.94,N12 7NJ,36,51.61431878,-0.18073208,"St Michael's Catholic Grammar School<br>11-18 Girls Maintained school <br>GCSE: A8S 77.8, #36<br>A-level: APS 46.94, #109",Greater London
136798,77.7,47.55,SM6 7PH,37,51.36901788,-0.14915264,"Wallington County Grammar School<br>11-18 Boys Academy <br>GCSE: A8S 77.7, #37<br>A-level: APS 47.55, #92",Greater London
140862,77.6,48.1,HA9 0UU,39,51.56273522,-0.27892413,"Michaela Community School<br>11-19 Mixed Academy <br>GCSE: A8S 77.6, #39<br>A-level: APS 48.1, #74",Greater London
136272,77.6,43.27,SS0 0BP,40,51.55236718,0.66893944,"Westcliff High School for Boys Academy<br>11-18 Boys Academy <br>GCSE: A8S 77.6, #40<br>A-level: APS 43.27, #243",South East
136521,77.6,45.54,SL3 7QS,38,51.49903295,-0.55254349,"Langley Grammar School<br>11-18 Mixed Academy <br>GCSE: A8S 77.6, #38<br>A-level: APS 45.54, #144",South East
110084,77.3,40.01,SL3 7AF,41,51.50611736,-0.57373117,"St Bernard's Catholic Grammar School<br>11-18 Mixed Maintained school <br>GCSE: A8S 77.3, #41<br>A-level: APS 40.01, #418",South East
136417,77.2,,TN9 2JR,42,51.18461274,0.27447319,"Tonbridge Grammar School<br>11-18 Girls Academy <br>GCSE: A8S 77.2, #42",South East
136306,77.2,44.05,GL2 0LF,43,51.87361032,-2.20537976,"Sir Thomas Rich's School<br>11-18 Boys Academy <br>GCSE: A8S 77.2, #43<br>A-level: APS 44.05, #205",South West
137988,77.1,44.36,B74 2NH,44,52.56903304,-1.82198829,"Bishop Vesey's Grammar School<br>11-18 Boys Academy <br>GCSE: A8S 77.1, #44<br>A-level: APS 44.36, #195",Midlands
136391,77.0,39.47,SP1 3JJ,45,51.07970073,-1.79918687,"South Wilts Grammar School<br>11-18 Girls Academy <br>GCSE: A8S 77.0, #45<br>A-level: APS 39.47, #463",South West
136874,76.9,41.62,GL5 4HF,46,51.74611918,-2.23258147,"Stroud High School<br>11-18 Girls Academy <br>GCSE: A8S 76.9, #46<br>A-level: APS 41.62, #322",South West
138134,76.2,44.54,WA15 0HE,47,53.370549,-2.31973994,"Saint Ambrose College<br>11-18 Boys Academy <br>GCSE: A8S 76.2, #47<br>A-level: APS 44.54, #184",North England
136498,76.1,45.32,M33 3NH,48,53.41812914,-2.31502854,"Sale Grammar School<br>11-18 Mixed Academy <br>GCSE: A8S 76.1, #48<br>A-level: APS 45.32, #154",North England
137046,75.9,43.4,B32 4BT,49,52.43211424,-1.99930252,"King Edward VI Five Ways School<br>11-18 Mixed Academy <br>GCSE: A8S 75.9, #49<br>A-level: APS 43.4, #235",Midlands
140893,75.9,43.9,HP9 1RR,50,51.60392732,-0.64374798,"Beaconsfield High School<br>11-18 Girls Academy <br>GCSE: A8S 75.9, #50<br>A-level: APS 43.9, #210",South East
137726,75.8,41.68,SL1 3BW,51,51.51981368,-0.61126863,"Herschel Grammar School<br>11-18 Mixed Academy <br>GCSE: A8S 75.8, #51<br>A-level: APS 41.68, #319",South East
137045,75.7,47.01,B14 7QJ,52,52.43110283,-1.90227547,"King Edward VI Camp Hill School for Boys<br>11-18 Boys Academy <br>GCSE: A8S 75.7, #52<br>A-level: APS 47.01, #107",Midlands
102850,75.7,41.23,IG6 2JB,53,51.59191029,0.07701468,"Ilford County High School<br>11-18 Boys Maintained school <br>GCSE: A8S 75.7, #53<br>A-level: APS 41.23, #343",Greater London
136490,75.6,40.74,SS0 0BS,54,51.55241268,0.66773028,"Westcliff High School for Girls<br>11-18 Girls Academy <br>GCSE: A8S 75.6, #54<br>A-level: APS 40.74, #371",South East
137423,75.6,41.22,DA15 9AG,55,51.43579327,0.10780834,"Chislehurst and Sidcup Grammar School<br>11-18 Mixed Academy <br>GCSE: A8S 75.6, #55<br>A-level: APS 41.22, #345",Greater London
144100,75.5,39.77,DA1 2NT,56,51.44340399,0.20398716,"Dartford Grammar School for Girls<br>11-18 Girls Academy <br>GCSE: A8S 75.5, #56<br>A-level: APS 39.77, #437",Greater London
140798,75.4,43.02,WV6 0BY,58,52.59098927,-2.15597787,"Wolverhampton Girls' High School<br>11-18 Girls Academy <br>GCSE: A8S 75.4, #58<br>A-level: APS 43.02, #249",Midlands
102950,75.4,48.05,SW13 9QN,57,51.48165083,-0.24621877,"The Harrodian School<br>4-18 Mixed Independent school <br>GCSE: A8S 75.4, #57<br>A-level: APS 48.05, #76",Greater London
136516,75.3,41.84,TF10 7HL,59,52.76323276,-2.38121714,"Newport Girls' High School Academy<br>11-18 Girls Academy <br>GCSE: A8S 75.3, #59<br>A-level: APS 41.84, #309",Midlands
141277,75.1,40.5,CV21 3AG,60,52.37129052,-1.25512802,"Lawrence Sheriff School<br>11-18 Boys Academy <br>GCSE: A8S 75.1, #60<br>A-level: APS 40.5, #386",Midlands
137769,75.0,40.64,DA6 7AB,61,51.45023224,0.13977771,"Townley Grammar School<br>11-18 Girls Academy <br>GCSE: A8S 75.0, #61<br>A-level: APS 40.64, #374",Greater London
136444,75.0,41.64,SS2 4UZ,62,51.54203578,0.7448068,"Southend High School for Girls<br>11-18 Girls Academy <br>GCSE: A8S 75.0, #62<br>A-level: APS 41.64, #320",South East
136595,74.9,40.31,CV22 7RE,63,52.35247938,-1.28664486,"Rugby High School<br>11-18 Girls Academy <br>GCSE: A8S 74.9, #63<br>A-level: APS 40.31, #398",Midlands
136369,74.7,,DA16 2BL,64,51.45649919,0.10707869,"Bexley Grammar School<br>11-18 Mixed Academy <br>GCSE: A8S 74.7, #64",Greater London
136884,74.5,41.43,HP21 7RP,65,51.81399176,-0.80144858,"Aylesbury Grammar School<br>11-18 Boys Academy <br>GCSE: A8S 74.5, #65<br>A-level: APS 41.43, #331",South East
139182,74.5,34.84,HX3 0HG,66,53.71166288,-1.87813776,"The Crossley Heath School<br>11-18 Mixed Academy <br>GCSE: A8S 74.5, #66<br>A-level: APS 34.84, #1,080",North England
106368,74.4,41.01,M32 8JB,68,53.44370913,-2.2982655,"Stretford Grammar School<br>11-18 Mixed Maintained school <br>GCSE: A8S 74.4, #68<br>A-level: APS 41.01, #352",North England
136390,74.4,38.1,BB7 2DJ,67,53.87468381,-2.38850796,"Clitheroe Royal Grammar School<br>11-18 Mixed Academy <br>GCSE: A8S 74.4, #67<br>A-level: APS 38.1, #616",North England
136846,74.3,43.01,HP21 7SX,69,51.81210215,-0.802195,"Aylesbury High School<br>11-18 Girls Academy <br>GCSE: A8S 74.3, #69<br>A-level: APS 43.01, #250",South East
137047,74.2,40.81,B21 9AR,70,52.50258916,-1.92331703,"King Edward VI Handsworth School<br>11-18 Girls Academy <br>GCSE: A8S 74.2, #70<br>A-level: APS 40.81, #366",Midlands
137452,74.2,40.24,BH8 9PY,71,50.74860256,-1.85843772,"Bournemouth School<br>11-18 Boys Academy <br>GCSE: A8S 74.2, #71<br>A-level: APS 40.24, #403",South West
136773,74.2,40.93,WS1 2PG,72,52.57776515,-1.96682205,"Queen Mary's Grammar School<br>11-18 Boys Academy <br>GCSE: A8S 74.2, #72<br>A-level: APS 40.93, #357",Midlands
136742,74.1,42.25,LA1 3EF,73,54.04720009,-2.79011962,"Lancaster Royal Grammar School<br>11-18 Mixed Academy <br>GCSE: A8S 74.1, #73<br>A-level: APS 42.25, #285",North England
137091,74.0,46.29,HP5 1BA,74,51.70883901,-0.60019975,"Chesham Grammar School<br>11-18 Mixed Academy <br>GCSE: A8S 74.0, #74<br>A-level: APS 46.29, #127",South East
137123,73.9,38.34,GL5 4HE,78,51.74542126,-2.23537335,"Marling School<br>11-18 Boys Academy <br>GCSE: A8S 73.9, #78<br>A-level: APS 38.34, #585",South West
136419,73.9,47.41,HP6 5HA,77,51.6762398,-0.60979659,"Dr Challoner's Grammar School<br>11-18 Boys Academy <br>GCSE: A8S 73.9, #77<br>A-level: APS 47.41, #93",South East
136484,73.9,46.22,HP13 6QT,76,51.64111612,-0.73877141,"The Royal Grammar School, High Wycombe<br>11-18 Boys Academy <br>GCSE: A8S 73.9, #76<br>A-level: APS 46.22, #129",South East
136723,73.9,42.22,HP11 1TB,75,51.61909059,-0.76200241,"Wycombe High School<br>11-18 Girls Academy <br>GCSE: A8S 73.9, #75<br>A-level: APS 42.22, #290",South East
136588,73.8,38.82,PL2 3DL,80,50.39273252,-4.15169026,"Devonport High School for Girls<br>11-18 Girls Academy <br>GCSE: A8S 73.8, #80<br>A-level: APS 38.82, #531",South West
136443,73.8,40.79,SS0 0RG,79,51.55383169,0.69535438,"Southend High School for Boys<br>11-18 Boys Academy <br>GCSE: A8S 73.8, #79<br>A-level: APS 40.79, #368",South East
138464,73.7,43.63,WA14 4AH,81,53.38827592,-2.35725214,"Loreto Grammar School<br>11-18 Girls Academy <br>GCSE: A8S 73.7, #81<br>A-level: APS 43.63, #224",North England
136622,73.7,39.05,B49 5ED,82,52.21819671,-1.87471004,"Alcester Grammar School<br>11-18 Mixed Academy <br>GCSE: A8S 73.7, #82<br>A-level: APS 39.05, #504",Midlands
105592,73.7,46.1,M14 6HS,83,53.4472355,-2.22256939,"Manchester High School for Girls<br>4-18 Girls Independent school <br>GCSE: A8S 73.7, #83<br>A-level: APS 46.1, #130",North England
136777,73.5,38.75,WS4 2AE,84,52.58975982,-1.97587643,"Queen Mary's High School<br>11-18 Girls Academy <br>GCSE: A8S 73.5, #84<br>A-level: APS 38.75, #542",Midlands
137344,73.5,45.65,MK18 1AX,85,51.99349619,-0.98613819,"Royal Latin School<br>11-18 Mixed Academy <br>GCSE: A8S 73.5, #85<br>A-level: APS 45.65, #141",South East
118789,73.4,42.27,TN4 9UJ,86,51.14478819,0.25830162,"Tunbridge Wells Girls' Grammar School<br>11-18 Girls Maintained school <br>GCSE: A8S 73.4, #86<br>A-level: APS 42.27, #283",South East
136381,73.4,41.25,LA1 1SF,87,54.04572849,-2.80331764,"Lancaster Girls' Grammar School<br>11-18 Girls Academy <br>GCSE: A8S 73.4, #87<br>A-level: APS 41.25, #340",North England
150261,73.3,39.55,BB4 7BJ,88,53.69344769,-2.24740191,"Bacup and Rawtenstall Grammar School<br>11-18 Mixed Academy <br>GCSE: A8S 73.3, #88<br>A-level: APS 39.55, #456",North England
136845,73.2,41.46,HP21 8PE,89,51.81341036,-0.82403689,"Sir Henry Floyd Grammar School<br>11-18 Mixed Academy <br>GCSE: A8S 73.2, #89<br>A-level: APS 41.46, #330",South East
136500,73.1,43.63,SP1 2ED,90,51.06579111,-1.79470922,"Bishop Wordsworth's Church of England Grammar School<br>11-18 Boys Academy <br>GCSE: A8S 73.1, #90<br>A-level: APS 43.63, #225",South West
102453,73.0,48.11,HA6 3AS,73,51.61359082,-0.422521,"St Helen's School<br>3-18 Girls Independent school <br>GCSE: A8S 73.0, #91<br>A-level: APS 48.11, #73",Greater London
136554,72.9,48.08,EN6 2DU,75,51.6907827,-0.20717022,"Dame Alice Owen's School<br>11-18 Mixed Academy <br>GCSE: A8S 72.9, #92<br>A-level: APS 48.08, #75",Greater London
136666,72.9,37.31,GL1 3JN,93,51.87286937,-2.23628611,"Denmark Road High School<br>11-18 Girls Academy <br>GCSE: A8S 72.9, #93<br>A-level: APS 37.31, #722",South West
137166,72.7,43.0,NG31 6RP,95,52.91595936,-0.64168834,"The King's School, Grantham<br>11-18 Boys Academy <br>GCSE: A8S 72.7, #95<br>A-level: APS 43.0, #251",Midlands
136578,72.7,40.18,GL2 5AE,94,51.83961632,-2.25111999,"The Crypt School<br>11-18 Mixed Academy <br>GCSE: A8S 72.7, #94<br>A-level: APS 40.18, #407",South West
136781,72.4,44.75,SL7 2BR,96,51.57022745,-0.78161249,"Sir William Borlase's Grammar School<br>11-18 Mixed Academy <br>GCSE: A8S 72.4, #96<br>A-level: APS 44.75, #173",South East
136771,72.3,42.23,HP11 1SZ,97,51.61709389,-0.76451226,"John Hampden Grammar School<br>11-18 Boys Academy <br>GCSE: A8S 72.3, #97<br>A-level: APS 42.23, #288",South East
141565,72.3,40.55,BB2 7AD,98,53.75412738,-2.51314854,"Tauheedul Islam Girls' High School<br>11-18 Girls Academy <br>GCSE: A8S 72.3, #98<br>A-level: APS 40.55, #381",North England
136996,72.2,37.54,BH8 9UJ,99,50.750772,-1.85281807,"Bournemouth School for Girls<br>11-18 Girls Academy <br>GCSE: A8S 72.2, #99<br>A-level: APS 37.54, #691",South West
143562,72.0,40.53,B21 9ET,100,52.50476187,-1.93334582,"King Edward VI Handsworth Grammar School for Boys<br>11-18 Boys Academy <br>GCSE: A8S 72.0, #100<br>A-level: APS 40.53, #383",Midlands
116543,71.9,37.56,GU14 6PA,101,51.27999644,-0.7432956,"Salesian College<br>11-18 Mixed Independent school <br>GCSE: A8S 71.9, #101<br>A-level: APS 37.56, #689",South East
110152,71.9,43.94,SL5 7PS,102,51.40357543,-0.65092032,"The Marist School<br>2-18 Mixed Independent school <br>GCSE: A8S 71.9, #102<br>A-level: APS 43.94, #208",South East
137446,71.8,41.26,TF10 7BD,104,52.76930779,-2.38180389,"Haberdashers' Adams<br>11-18 Mixed Academy <br>GCSE: A8S 71.8, #104<br>A-level: APS 41.26, #338",Midlands
123313,71.8,46.71,OX14 1BE,103,51.67638812,-1.29659882,"St Helen and St Katharine<br>9-18 Girls Independent school <br>GCSE: A8S 71.8, #103<br>A-level: APS 46.71, #114",South East
136297,71.7,41.29,M41 5UG,105,53.45056418,-2.36104248,"Urmston Grammar Academy<br>11-18 Mixed Academy <br>GCSE: A8S 71.7, #105<br>A-level: APS 41.29, #335",North England
136334,71.6,36.47,DA5 1NE,106,51.44655975,0.15077366,"Beths Grammar School<br>11-18 Boys Academy <br>GCSE: A8S 71.6, #106<br>A-level: APS 36.47, #840",Greater London
137243,71.3,39.32,CH48 5DP,107,53.37804675,-3.18509296,"West Kirby Grammar School<br>11-18 Girls Academy <br>GCSE: A8S 71.3, #107<br>A-level: APS 39.32, #477",North England
136388,71.2,42.95,TQ5 0LN,108,50.39599503,-3.55863613,"Churston Ferrers Grammar School Academy<br>11-18 Mixed Academy <br>GCSE: A8S 71.2, #108<br>A-level: APS 42.95, #252",South West
137043,71.2,38.38,B6 6DJ,109,52.50367337,-1.88563139,"King Edward VI Aston School<br>11-18 Boys Academy <br>GCSE: A8S 71.2, #109<br>A-level: APS 38.38, #580",Midlands
121694,70.9,44.51,HG4 2DG,110,54.13917202,-1.53911345,"Ripon Grammar School<br>11-18 Mixed Maintained school <br>GCSE: A8S 70.9, #110<br>A-level: APS 44.51, #185",North England
136321,70.8,35.57,TQ2 7EL,113,50.47612568,-3.55704171,"Torquay Boys' Grammar School<br>11-18 Boys Academy <br>GCSE: A8S 70.8, #113<br>A-level: APS 35.57, #963",South West
136582,70.8,43.33,ME14 5DS,114,51.27456845,0.53687496,"Invicta Grammar School<br>11-18 Girls Academy <br>GCSE: A8S 70.8, #114<br>A-level: APS 43.33, #239",South East
136379,70.8,39.97,TN24 8UD,112,51.15421981,0.86406704,"Highworth Grammar School<br>11-18 Girls Academy <br>GCSE: A8S 70.8, #112<br>A-level: APS 39.97, #422",South East
140595,70.8,42.67,TN4 9PG,111,51.14289924,0.26111181,"The Skinners' School<br>11-18 Boys Academy <br>GCSE: A8S 70.8, #111<br>A-level: APS 42.67, #267",South East
115387,70.5,41.62,CM3 3HS,115,51.76422074,0.51145172,"New Hall School<br>1-19 Mixed Independent school <br>GCSE: A8S 70.5, #115<br>A-level: APS 41.62, #321",South East
136850,70.2,40.02,BH17 9JU,116,50.75461317,-1.9801657,"Poole Grammar School<br>11-18 Boys Academy <br>GCSE: A8S 70.2, #116<br>A-level: APS 40.02, #417",South West
137564,70.1,40.84,SL1 7HG,117,51.5323939,-0.65211891,"Burnham Grammar School<br>11-18 Mixed Academy <br>GCSE: A8S 70.1, #117<br>A-level: APS 40.84, #364",South East
136455,70.0,40.06,TN9 2JP,118,51.18393477,0.28065043,"Weald of Kent Grammar School<br>11-18 Girls Academy <br>GCSE: A8S 70.0, #118<br>A-level: APS 40.06, #414",South East
110155,69.9,,RG2 9BL,119,51.42270303,-0.94876427,"Crosfields School<br>3-16 Mixed Independent school <br>GCSE: A8S 69.9, #119",South East
102452,69.9,42.83,HA6 2YE,120,51.60985987,-0.42796514,"Northwood College for Girls GDST<br>3-19 Girls Independent school <br>GCSE: A8S 69.9, #120<br>A-level: APS 42.83, #260",Greater London
122936,69.8,44.09,NG1 4JB,123,52.96267125,-1.15638992,"Nottingham Girls' High School GDST<br>3-19 Girls Independent school <br>GCSE: A8S 69.8, #123<br>A-level: APS 44.09, #202",Midlands
111767,69.8,,TS20 1DX,121,54.5932116,-1.31325768,"Red House School<br>3-17 Mixed Independent school <br>GCSE: A8S 69.8, #121",North England
136350,69.8,39.28,LN7 6QJ,122,53.49659248,-0.32025571,"Caistor Grammar School<br>11-18 Mixed Academy <br>GCSE: A8S 69.8, #122<br>A-level: APS 39.28, #479",Midlands
136664,69.7,37.86,BD23 1QL,124,53.96382203,-2.02734271,"Skipton Girls' High School<br>11-18 Girls Academy <br>GCSE: A8S 69.7, #124<br>A-level: APS 37.86, #649",North England
136662,69.5,42.32,ME1 3EL,125,51.37026378,0.49868408,"Sir Joseph Williamson's Mathematical School<br>11-18 Boys Academy <br>GCSE: A8S 69.5, #125<br>A-level: APS 42.32, #279",South East
137171,69.3,42.27,CH63 3AF,126,53.34848341,-3.01408459,"Wirral Grammar School for Girls<br>11-18 Girls Academy <br>GCSE: A8S 69.3, #126<br>A-level: APS 42.27, #284",North England
136496,69.3,37.7,PL1 5QP,127,50.37416972,-4.16176428,"Devonport High School for Boys<br>11-18 Boys Academy <br>GCSE: A8S 69.3, #127<br>A-level: APS 37.7, #670",South West
136750,69.2,46.41,W6 9LP,121,51.49252302,-0.23782091,"West London Free School<br>11-18 Mixed Academy <br>GCSE: A8S 69.2, #128<br>A-level: APS 46.41, #121",Greater London
136276,68.9,39.56,WD18 7JF,129,51.65503408,-0.41430146,"Watford Grammar School for Boys<br>11-18 Boys Academy <br>GCSE: A8S 68.9, #129<br>A-level: APS 39.56, #455",Greater London
136727,68.9,38.5,ME16 8AH,130,51.26966625,0.49844093,"Oakwood Park Grammar School<br>11-18 Boys Academy <br>GCSE: A8S 68.9, #130<br>A-level: APS 38.5, #564",South East
117600,68.8,,HP3 8RP,132,51.72918402,-0.44330485,"Abbot's Hill School<br>0-16 Mixed Independent school <br>GCSE: A8S 68.8, #132",South East
138638,68.8,40.29,NG31 9AU,131,52.91320471,-0.63430876,"Kesteven and Grantham Girls' School<br>11-18 Girls Academy <br>GCSE: A8S 68.8, #131<br>A-level: APS 40.29, #400",Midlands
125334,68.6,45.05,KT10 9LY,133,51.35824372,-0.37072389,"Claremont Fan Court School<br>2-18 Mixed Independent school <br>GCSE: A8S 68.6, #133<br>A-level: APS 45.05, #161",Greater London
136506,68.6,40.86,TQ2 7DY,134,50.4770274,-3.55350547,"Torquay Girls' Grammar School<br>11-18 Girls Academy <br>GCSE: A8S 68.6, #134<br>A-level: APS 40.86, #362",South West
137793,68.6,39.35,PE10 9JE,135,52.76235281,-0.37362257,"Bourne Grammar School<br>11-18 Mixed Academy <br>GCSE: A8S 68.6, #135<br>A-level: APS 39.35, #474",Midlands
136788,68.5,40.33,HX2 9SU,136,53.7556639,-1.88278863,"The North Halifax Grammar School<br>11-18 Mixed Academy <br>GCSE: A8S 68.5, #136<br>A-level: APS 40.33, #395",North England
136368,68.5,41.78,BH17 7EP,137,50.74586428,-1.98681686,"Parkstone Grammar School<br>11-18 Girls Academy <br>GCSE: A8S 68.5, #137<br>A-level: APS 41.78, #315",South West
118835,68.4,38.67,ME15 7BT,138,51.2653671,0.53109361,"Maidstone Grammar School<br>11-18 Boys Maintained school <br>GCSE: A8S 68.4, #138<br>A-level: APS 38.67, #553",South East
136313,68.4,,ME1 3BY,139,51.3714392,0.50091782,"The Rochester Grammar School<br>11-18 Girls Academy <br>GCSE: A8S 68.4, #139",South East
136289,68.2,39.47,WD18 0AE,141,51.65237951,-0.39761053,"Watford Grammar School for Girls<br>11-18 Girls Academy <br>GCSE: A8S 68.2, #141<br>A-level: APS 39.47, #464",Greater London
138245,68.2,,SE18 4LH,140,51.47195911,0.05278465,"Ark Greenwich Free School<br>11-18 Mixed Academy <br>GCSE: A8S 68.2, #140",Greater London
139144,68.1,38.31,CH48 8GG,142,53.36760601,-3.16263514,"Calday Grange Grammar School<br>11-18 Boys Academy <br>GCSE: A8S 68.1, #142<br>A-level: APS 38.31, #589",North England
111478,68.1,36.21,SK9 7QE,143,53.30511337,-2.23824551,"Alderley Edge School for Girls<br>2-18 Girls Independent school <br>GCSE: A8S 68.1, #143<br>A-level: APS 36.21, #874",North England
102065,68.1,39.54,EN6 5QT,144,51.68485642,-0.15891202,"St John's Preparatory and Senior School<br>3-19 Mixed Independent school <br>GCSE: A8S 68.1, #144<br>A-level: APS 39.54, #457",Greater London
124881,68.1,44.45,IP1 3SG,145,52.06449058,1.15156092,"Ipswich School<br>0-18 Mixed Independent school <br>GCSE: A8S 68.1, #145<br>A-level: APS 44.45, #189",Midlands
145897,68.1,42.13,S7 2DY,146,53.35158921,-1.4961567,"Mercia School<br>11-18 Mixed Academy <br>GCSE: A8S 68.1, #146<br>A-level: APS 42.13, #293",Midlands
136887,68.0,40.49,CB4 3NY,147,52.21739718,0.12042202,"Chesterton Community College<br>11-18 Mixed Academy <br>GCSE: A8S 68.0, #147<br>A-level: APS 40.49, #387",Midlands
118840,67.7,38.71,CT1 3EW,148,51.26479405,1.09664114,"Simon Langton Girls' Grammar School<br>11-18 Girls Maintained school <br>GCSE: A8S 67.7, #148<br>A-level: APS 38.71, #548",South East
136767,67.7,34.66,GL1 5LE,149,51.8462408,-2.24352109,"Ribston Hall High School<br>11-18 Girls Academy <br>GCSE: A8S 67.7, #149<br>A-level: APS 34.66, #1,122",South West
141250,67.5,39.13,N1 2NQ,150,51.54399612,-0.0978574,"North Bridge House Senior Canonbury School<br>11-18 Mixed Independent school <br>GCSE: A8S 67.5, #150<br>A-level: APS 39.13, #496",Greater London
111486,67.4,47.59,CH1 2NN,90,53.19089509,-2.89739171,"The Queen's School<br>3-18 Girls Independent school <br>GCSE: A8S 67.4, #151<br>A-level: APS 47.59, #90",North England
138019,67.3,34.6,TN24 0QJ,154,51.1466505,0.89061147,"The Norton Knatchbull School<br>11-18 Boys Academy <br>GCSE: A8S 67.3, #154<br>A-level: APS 34.6, #1,131",South East
138461,67.3,42.03,TW2 5LH,152,51.43944012,-0.35097442,"Waldegrave School<br>11-18 Mixed Academy <br>GCSE: A8S 67.3, #152<br>A-level: APS 42.03, #298",Greater London
121716,67.3,37.44,BD23 1PL,153,53.96339145,-2.02342526,"Ermysted's Grammar School<br>11-18 Boys Maintained school <br>GCSE: A8S 67.3, #153<br>A-level: APS 37.44, #704",North England
149362,67.2,,BB1 5JT,155,53.75549393,-2.46226666,"Rawdhatul Ilm Wal Huda<br>11-25 Girls Independent school <br>GCSE: A8S 67.2, #155",North England
141931,67.2,42.7,W14 8BZ,156,51.50389037,-0.21171946,"The Cardinal Vaughan Memorial RC School<br>11-18 Boys Academy <br>GCSE: A8S 67.2, #156<br>A-level: APS 42.7, #266",Greater London
137546,67.1,43.29,W3 9PP,157,51.50964913,-0.27746729,"Twyford Church of England High School<br>11-18 Mixed Academy <br>GCSE: A8S 67.1, #157<br>A-level: APS 43.29, #242",Greater London
140066,66.9,38.38,TW8 0EX,158,51.49070646,-0.28699741,"Kew House<br>11-18 Mixed Independent school <br>GCSE: A8S 66.9, #158<br>A-level: APS 38.38, #581",Greater London
137739,66.9,40.61,TN17 3JD,159,51.09692594,0.53832143,"Cranbrook School<br>11-18 Mixed Academy <br>GCSE: A8S 66.9, #159<br>A-level: APS 40.61, #375",South East
118884,66.8,38.58,CT4 7AS,160,51.26090575,1.08482511,"Simon Langton Grammar School for Boys<br>11-18 Boys Maintained school <br>GCSE: A8S 66.8, #160<br>A-level: APS 38.58, #559",South East
142627,66.7,40.56,NW2 7BZ,161,51.5624405,-0.23961909,"Menorah High School for Girls<br>11-18 Girls Maintained school <br>GCSE: A8S 66.7, #161<br>A-level: APS 40.56, #379",Greater London
134034,66.7,,B11 3DW,162,52.44545678,-1.83447792,"Al-Burhan Grammar School<br>11-16 Girls Independent school <br>GCSE: A8S 66.7, #162",Midlands
135316,66.7,42.6,SW15 2UT,163,51.45644268,-0.20744232,"Ashcroft Technology Academy<br>11-18 Mixed Academy <br>GCSE: A8S 66.7, #163<br>A-level: APS 42.6, #270",Greater London
137250,66.7,33.31,DA2 7BB,164,51.43086128,0.1933119,"Wilmington Grammar School for Girls<br>11-18 Girls Academy <br>GCSE: A8S 66.7, #164<br>A-level: APS 33.31, #1,333",Greater London
138313,66.6,42.06,SW1P 2DY,165,51.49603307,-0.13450429,"The Grey Coat Hospital<br>11-18 Girls Academy <br>GCSE: A8S 66.6, #165<br>A-level: APS 42.06, #297",Greater London
125375,66.6,44.16,KT11 1HA,166,51.34220622,-0.4243453,"Notre Dame School<br>11-19 Girls Independent school <br>GCSE: A8S 66.6, #166<br>A-level: APS 44.16, #199",Greater London
136899,66.5,40.58,WD25 0UU,167,51.70324328,-0.3894169,"Parmiter's School<br>11-18 Mixed Academy <br>GCSE: A8S 66.5, #167<br>A-level: APS 40.58, #378",Greater London
115394,66.5,,CO3 3RB,168,51.88830667,0.87855977,"St Mary's School for Girls<br>2-17 Girls Independent school <br>GCSE: A8S 66.5, #168",Midlands
118836,66.4,36.48,ME16 0SF,171,51.2797456,0.51200814,"Maidstone Grammar School for Girls<br>11-18 Girls Maintained school <br>GCSE: A8S 66.4, #171<br>A-level: APS 36.48, #835",South East
137474,66.4,37.51,CT1 1PH,170,51.27680205,1.09119648,"Barton Court Grammar School<br>11-18 Mixed Academy <br>GCSE: A8S 66.4, #170<br>A-level: APS 37.51, #695",South East
134417,66.4,,E15 4DR,169,51.53939093,0.00846132,"Azhar Academy Girls School<br>3-16 Mixed Independent school <br>GCSE: A8S 66.4, #169",Greater London
138607,66.3,41.52,SW6 4UN,172,51.47419143,-0.19961888,"Lady Margaret School<br>11-18 Girls Academy <br>GCSE: A8S 66.3, #172<br>A-level: APS 41.52, #329",Greater London
134769,66.3,35.85,RG27 0HU,173,51.30853763,-1.02323796,"Sherfield School<br>0-19 Mixed Independent school <br>GCSE: A8S 66.3, #173<br>A-level: APS 35.85, #928",South East
138665,66.2,38.26,LN9 5AD,174,53.2097585,-0.12212369,"Queen Elizabeth's Grammar School, Horncastle<br>11-18 Mixed Academy <br>GCSE: A8S 66.2, #174<br>A-level: APS 38.26, #595",Midlands
117641,66.2,39.7,WD3 4HF,175,51.64800434,-0.47360787,"Royal Masonic School for Girls<br>2-19 Girls Independent school <br>GCSE: A8S 66.2, #175<br>A-level: APS 39.7, #442",Greater London
142654,66.1,,W5 4EJ,176,51.49650414,-0.31226537,"Ealing Fields High School<br>11-18 Mixed Academy <br>GCSE: A8S 66.1, #176",Greater London
125416,66.0,,KT24 6AT,177,51.26141813,-0.45346608,"Cranmore<br>2-16 Mixed Independent school <br>GCSE: A8S 66.0, #177",Greater London
131059,65.9,,NW6 7BT,178,51.54242819,-0.21260214,"Brondesbury College London<br>11-16 Boys Independent school <br>GCSE: A8S 65.9, #178",Greater London
136337,65.9,38.06,ME4 6TJ,179,51.38042191,0.51402509,"Fort Pitt Grammar School<br>11-18 Girls Academy <br>GCSE: A8S 65.9, #179<br>A-level: APS 38.06, #622",South East
123620,65.6,34.47,SY1 1TN,180,52.70558314,-2.75719839,"Shrewsbury High School GDST<br>4-20 Girls Independent school <br>GCSE: A8S 65.6, #180<br>A-level: APS 34.47, #1,143",Wales
137929,65.6,37.91,CH49 6LJ,181,53.38548582,-3.09998799,"Upton Hall School FCJ<br>11-18 Girls Academy <br>GCSE: A8S 65.6, #181<br>A-level: APS 37.91, #642",North England
148369,65.5,35.28,PL4 6HT,182,50.3789512,-4.13615705,"Plymouth High School for Girls<br>11-18 Girls Academy <br>GCSE: A8S 65.5, #182<br>A-level: APS 35.28, #1,008",South West
118931,65.4,28.23,CT17 0DQ,183,51.12835559,1.2901474,"Dover Grammar School for Boys<br>11-18 Boys Maintained school <br>GCSE: A8S 65.4, #183<br>A-level: APS 28.23, #2,011",South East
137476,65.4,37.33,CH63 3AQ,184,53.34807918,-3.01299341,"Wirral Grammar School for Boys<br>11-18 Boys Academy <br>GCSE: A8S 65.4, #184<br>A-level: APS 37.33, #720",North England
136585,65.3,,CT10 2RT,185,51.36094015,1.41856231,"Dane Court Grammar School<br>11-18 Mixed Academy <br>GCSE: A8S 65.3, #185",South East
137099,65.3,38.38,DA12 2PR,186,51.43708597,0.38389165,"Gravesend Grammar School<br>11-18 Boys Academy <br>GCSE: A8S 65.3, #186<br>A-level: APS 38.38, #582",Greater London
125275,65.2,41.91,KT22 7JP,188,51.30219158,-0.31595764,"St Andrew's Catholic School<br>11-18 Mixed Maintained school <br>GCSE: A8S 65.2, #188<br>A-level: APS 41.91, #303",Greater London
101575,65.2,,NW6 6PE,187,51.53951677,-0.20802964,"Islamia School for Girls'<br>11-16 Girls Independent school <br>GCSE: A8S 65.2, #187",Greater London
116563,65.1,,PO14 2EF,189,50.83040576,-1.20911437,"Meoncross School<br>2-16 Mixed Independent school <br>GCSE: A8S 65.1, #189",South East
136609,65.1,42.11,AL4 9NX,190,51.77076893,-0.30780684,"Sandringham School<br>11-18 Mixed Academy <br>GCSE: A8S 65.1, #190<br>A-level: APS 42.11, #295",South East
134693,65.1,43.74,E5 8JY,191,51.55161667,-0.06133441,"Mossbourne Community Academy<br>11-18 Mixed Academy <br>GCSE: A8S 65.1, #191<br>A-level: APS 43.74, #218",Greater London
136570,65.1,37.95,ME13 7BQ,192,51.31764796,0.89629993,"Queen Elizabeth's Grammar School<br>11-18 Mixed Academy <br>GCSE: A8S 65.1, #192<br>A-level: APS 37.95, #635",South East
136901,65.1,42.94,WD3 6EW,193,51.66353981,-0.51404815,"St Clement Danes School<br>11-18 Mixed Academy <br>GCSE: A8S 65.1, #193<br>A-level: APS 42.94, #254",Greater London
136298,65.0,43.49,SE24 9JH,194,51.45641088,-0.08926618,"The Charter School North Dulwich<br>11-18 Mixed Academy <br>GCSE: A8S 65.0, #194<br>A-level: APS 43.49, #233",Greater London
143367,64.9,41.94,KT16 9LU,195,51.38178034,-0.51863786,"Salesian School, Chertsey<br>11-18 Mixed Academy <br>GCSE: A8S 64.9, #195<br>A-level: APS 41.94, #301",Greater London
123318,64.8,45.82,OX2 7PL,135,51.78258179,-1.26789789,"d'Overbroeck's<br>11-19 Mixed Independent school <br>GCSE: A8S 64.8, #197<br>A-level: APS 45.82, #135",South East
136732,64.8,37.14,CA11 7EG,196,54.65915665,-2.75799866,"Queen Elizabeth Grammar School Penrith<br>11-18 Mixed Academy <br>GCSE: A8S 64.8, #196<br>A-level: APS 37.14, #741",North England
120331,64.7,39.27,CV9 3PL,198,52.64086913,-1.50441056,"Twycross House School<br>8-18 Mixed Independent school <br>GCSE: A8S 64.7, #198<br>A-level: APS 39.27, #482",Midlands
133724,64.6,46.09,HA3 9TE,131,51.58101182,-0.2810623,"JFS<br>11-18 Mixed Maintained school <br>GCSE: A8S 64.6, #199<br>A-level: APS 46.09, #131",Greater London
137227,64.6,33.34,DA2 7DA,200,51.42820311,0.1945513,"Wilmington Grammar School for Boys<br>11-18 Boys Academy <br>GCSE: A8S 64.6, #200<br>A-level: APS 33.34, #1,328",Greater London
137855,64.5,38.46,KT10 0AQ,201,51.37860484,-0.3318932,"Hinchley Wood School<br>11-18 Mixed Academy <br>GCSE: A8S 64.5, #201<br>A-level: APS 38.46, #570",Greater London
149569,64.4,,SW15 3EQ,202,51.45223165,-0.29658341,"Thomas's College<br>11-18 Mixed Independent school <br>GCSE: A8S 64.4, #202",Greater London
145724,64.4,,W5 2JX,203,51.51895937,-0.29305754,"Ada Lovelace Church of England High School<br>11-18 Mixed Academy <br>GCSE: A8S 64.4, #203",Greater London
138651,64.4,39.63,TW1 3BB,204,51.44949806,-0.32027367,"Orleans Park School<br>11-18 Mixed Academy <br>GCSE: A8S 64.4, #204<br>A-level: APS 39.63, #447",Greater London
130318,64.3,,M20 2PQ,207,53.44033808,-2.27983063,"Manchester Islamic Grammar School for Girls<br>11-16 Girls Independent school <br>GCSE: A8S 64.3, #207",North England
140210,64.3,,E9 7HD,206,51.53910917,-0.04245537,"Mossbourne Victoria Park Academy<br>11-18 Mixed Academy <br>GCSE: A8S 64.3, #206",Greater London
137834,64.3,31.09,DA11 0JE,205,51.43663538,0.35947939,"Mayfield Grammar School, Gravesend<br>11-18 Girls Academy <br>GCSE: A8S 64.3, #205<br>A-level: APS 31.09, #1,664",Greater London
138227,64.0,37.51,HA7 2EQ,209,51.60830099,-0.30374542,"Avanti House School<br>11-18 Mixed Academy <br>GCSE: A8S 64.0, #209<br>A-level: APS 37.51, #694",Greater London
136382,64.0,36.44,CT11 7PS,210,51.33648834,1.41619603,"Chatham & Clarendon Grammar School<br>11-18 Mixed Academy <br>GCSE: A8S 64.0, #210<br>A-level: APS 36.44, #845",South East
100054,64.0,45.0,NW5 2DB,165,51.54599022,-0.13466741,"The Camden School for Girls<br>11-18 Girls Maintained school <br>GCSE: A8S 64.0, #211<br>A-level: APS 45.0, #165",Greater London
150319,64.0,38.69,SE4 1LE,208,51.45947134,-0.02597221,"Prendergast School<br>11-18 Girls Academy <br>GCSE: A8S 64.0, #208<br>A-level: APS 38.69, #550",Greater London
137005,63.9,35.05,SW17 9BU,212,51.42285572,-0.15189713,"Graveney School<br>11-18 Mixed Academy <br>GCSE: A8S 63.9, #212<br>A-level: APS 35.05, #1,047",Greater London
138356,63.7,43.4,AL5 4TD,215,51.82235997,-0.35364161,"St George's School<br>11-18 Mixed Academy <br>GCSE: A8S 63.7, #215<br>A-level: APS 43.4, #234",South East
118790,63.7,38.22,TN4 9XB,217,51.15086736,0.26111527,"Tunbridge Wells Grammar School for Boys<br>11-18 Boys Maintained school <br>GCSE: A8S 63.7, #217<br>A-level: APS 38.22, #600",South East
136880,63.7,42.32,RG41 1EE,216,51.41660271,-0.842418,"The Holt School<br>11-18 Girls Academy <br>GCSE: A8S 63.7, #216<br>A-level: APS 42.32, #280",South East
147238,63.7,41.57,NW7 2EU,214,51.6036866,-0.2334753,"Hasmonean High School for Girls<br>11-18 Girls Academy <br>GCSE: A8S 63.7, #214<br>A-level: APS 41.57, #328",Greater London
116517,63.7,43.68,GU14 8AT,213,51.30064984,-0.75064998,"Farnborough Hill<br>11-18 Girls Independent school <br>GCSE: A8S 63.7, #213<br>A-level: APS 43.68, #222",South East
139151,63.6,41.02,GU24 9PT,218,51.34357281,-0.64653702,"Gordon's School<br>11-18 Mixed Academy <br>GCSE: A8S 63.6, #218<br>A-level: APS 41.02, #350",South East
147430,63.6,42.84,GU1 2TN,219,51.24672954,-0.53723416,"St Peter's Catholic School<br>11-18 Mixed Academy <br>GCSE: A8S 63.6, #219<br>A-level: APS 42.84, #259",South East
120345,63.6,,LE4 5LN,220,52.65532172,-1.12192362,"Darul Uloom Leicester<br>11-23 Boys Independent school <br>GCSE: A8S 63.6, #220",Midlands
140786,63.6,41.0,CM23 5NJ,221,51.86775185,0.17113009,"The Hertfordshire & Essex High School and Science College<br>11-18 Girls Academy <br>GCSE: A8S 63.6, #221<br>A-level: APS 41.0, #353",South East
136531,63.5,,GU9 8UG,228,51.2023602,-0.81445934,"Weydon School<br>11-16 Mixed Academy <br>GCSE: A8S 63.5, #228",South East
114627,63.5,44.57,TN20 6PH,179,51.02148311,0.26167463,"Mayfield School<br>11-18 Girls Independent school <br>GCSE: A8S 63.5, #227<br>A-level: APS 44.57, #179",South East
138457,63.5,38.9,HA0 3NT,226,51.56309566,-0.31053649,"Wembley High Technology College<br>11-19 Mixed Academy <br>GCSE: A8S 63.5, #226<br>A-level: APS 38.9, #516",Greater London
137736,63.5,39.95,KT18 7NQ,224,51.32795085,-0.27788068,"Rosebery School<br>11-18 Girls Academy <br>GCSE: A8S 63.5, #224<br>A-level: APS 39.95, #423",Greater London
102545,63.5,39.06,TW8 9LB,225,51.49337159,-0.31392253,"Gunnersbury Catholic School<br>11-18 Boys Maintained school <br>GCSE: A8S 63.5, #225<br>A-level: APS 39.06, #503",Greater London
140957,63.5,,E17 5SD,222,51.59401055,-0.04255211,"Eden Girls' School, Waltham Forest<br>11-18 Girls Academy <br>GCSE: A8S 63.5, #222",Greater London
136636,63.5,,CB1 1EH,223,52.20444643,0.1285425,"Parkside Community College<br>11-19 Mixed Academy <br>GCSE: A8S 63.5, #223",Midlands
102551,63.3,37.93,W4 1LY,229,51.49596062,-0.25241187,"ArtsEd Day School & Sixth Form<br>11-19 Mixed Independent school <br>GCSE: A8S 63.3, #229<br>A-level: APS 37.93, #638",Greater London
104972,63.3,32.81,L23 5TW,230,53.48841096,-3.02600939,"St. Mary's College<br>0-18 Mixed Independent school <br>GCSE: A8S 63.3, #230<br>A-level: APS 32.81, #1,396",North England
137800,63.2,34.11,ME10 4DB,231,51.33737247,0.73467103,"Borden Grammar School<br>11-18 Boys Academy <br>GCSE: A8S 63.2, #231<br>A-level: APS 34.11, #1,204",South East
136398,63.2,40.52,PE1 2UE,232,52.5817148,-0.23870644,"The King's (The Cathedral) School<br>7-18 Mixed Academy <br>GCSE: A8S 63.2, #232<br>A-level: APS 40.52, #385",Midlands
147038,63.0,,B12 0DX,233,52.46341422,-1.88376266,"Heritage Academy<br>11-16 Boys Independent school <br>GCSE: A8S 63.0, #233",Midlands
120642,63.0,37.43,PE11 2PJ,234,52.7831616,-0.14247653,"Spalding High School<br>11-18 Girls Maintained school <br>GCSE: A8S 63.0, #234<br>A-level: APS 37.43, #707",Midlands
136628,62.9,41.91,NG2 7FA,235,52.91925891,-1.13980142,"The West Bridgford School<br>11-18 Mixed Academy <br>GCSE: A8S 62.9, #235<br>A-level: APS 41.91, #302",Midlands
141862,62.8,37.07,KT2 5PE,238,51.42373091,-0.3019016,"The Kingston Academy<br>11-19 Mixed Academy <br>GCSE: A8S 62.8, #238<br>A-level: APS 37.07, #751",Greater London
137270,62.8,42.42,AL5 4QP,236,51.82267451,-0.34593971,"Sir John Lawes School<br>11-18 Mixed Academy <br>GCSE: A8S 62.8, #236<br>A-level: APS 42.42, #274",South East
138825,62.8,39.4,TW10 7HN,237,51.438906,-0.31220196,"Grey Court School<br>11-18 Mixed Academy <br>GCSE: A8S 62.8, #237<br>A-level: APS 39.4, #471",Greater London
136864,62.7,36.64,ME8 7AJ,239,51.3710901,0.59512828,"Rainham Mark Grammar School<br>11-18 Mixed Academy <br>GCSE: A8S 62.7, #239<br>A-level: APS 36.64, #811",South East
136501,62.7,36.02,CT13 9JX,240,51.27170359,1.34527942,"Sir Roger Manwood's School<br>11-18 Mixed Academy <br>GCSE: A8S 62.7, #240<br>A-level: APS 36.02, #903",South East
136955,62.7,,SL1 5PR,241,51.52025117,-0.63858306,"Al-Madani Girls School<br>11-16 Girls Independent school <br>GCSE: A8S 62.7, #241",South East
140958,62.6,,CV1 4FS,242,52.41507545,-1.50414926,"Eden Girls' School, Coventry<br>11-18 Girls Academy <br>GCSE: A8S 62.6, #242",Midlands
138286,62.6,40.52,AL4 0XB,243,51.75515104,-0.29919044,"Beaumont School<br>11-18 Mixed Academy <br>GCSE: A8S 62.6, #243<br>A-level: APS 40.52, #384",South East
120655,62.5,34.17,DN21 2ST,247,53.41180452,-0.77781531,"The Queen Elizabeth's High School, Gainsborough<br>11-18 Mixed Maintained school <br>GCSE: A8S 62.5, #247<br>A-level: APS 34.17, #1,196",Midlands
114658,62.5,37.14,BN1 3AT,249,50.82761018,-0.15246863,"Brighton Girls GDST<br>3-18 Girls Independent school <br>GCSE: A8S 62.5, #249<br>A-level: APS 37.14, #742",South East
131403,62.5,,NW4 2TA,248,51.58552829,-0.22375718,"Tiferes High School<br>11-16 Girls Independent school <br>GCSE: A8S 62.5, #248",Greater London
137995,62.5,38.2,TW3 3EJ,244,51.46840798,-0.37440624,"St Mark's Catholic School<br>11-18 Mixed Academy <br>GCSE: A8S 62.5, #244<br>A-level: APS 38.2, #601",Greater London
139725,62.5,38.28,UB6 8PR,246,51.53739615,-0.34916609,"William Perkin Church of England High School<br>11-18 Mixed Academy <br>GCSE: A8S 62.5, #246<br>A-level: APS 38.28, #592",Greater London
138220,62.5,38.17,BB2 2LD,245,53.74221165,-2.48894127,"Tauheedul Islam Boys' High School<br>11-18 Boys Academy <br>GCSE: A8S 62.5, #245<br>A-level: APS 38.17, #605",North England
136460,62.4,33.9,ST4 5NT,250,52.98788551,-2.19874848,"St Joseph's College<br>11-18 Mixed Academy <br>GCSE: A8S 62.4, #250<br>A-level: APS 33.9, #1,243",Midlands
136594,62.4,33.55,ME4 6JB,251,51.36626517,0.5195281,"Holcombe Grammar School<br>11-18 Boys Academy <br>GCSE: A8S 62.4, #251<br>A-level: APS 33.55, #1,296",South East
139720,62.4,36.61,TW7 5PN,252,51.4868577,-0.33637325,"Nishkam School West London<br>4-19 Mixed Academy <br>GCSE: A8S 62.4, #252<br>A-level: APS 36.61, #817",Greater London
137157,62.3,41.24,SW6 1RX,253,51.48192572,-0.19381283,"The London Oratory School<br>7-18 Boys Academy <br>GCSE: A8S 62.3, #253<br>A-level: APS 41.24, #342",Greater London
107162,62.3,,S10 2QT,254,53.37349698,-1.50099381,"Westbourne School<br>3-16 Mixed Independent school <br>GCSE: A8S 62.3, #254",Midlands
100074,62.3,,NW3 5UD,255,51.55446165,-0.1747259,"North Bridge House Senior School<br>11-18 Mixed Independent school <br>GCSE: A8S 62.3, #255",Greater London
101362,62.3,36.2,N12 8TA,256,51.6228372,-0.1809115,"Finchley Catholic High School<br>11-18 Boys Maintained school <br>GCSE: A8S 62.3, #256<br>A-level: APS 36.2, #875",Greater London
135155,62.3,,UB1 1LS,257,51.50750049,-0.37846243,"Ayesha Siddiqa Girls School<br>11-19 Girls Independent school <br>GCSE: A8S 62.3, #257",Greater London
110549,62.2,39.75,MK17 0HJ,258,52.01967771,-0.90656059,"Thornton College<br>3-19 Girls Independent school <br>GCSE: A8S 62.2, #258<br>A-level: APS 39.75, #438",South East
131979,62.2,,M16 8NH,259,53.44521727,-2.25223449,"Kassim Darwish Grammar School for Boys<br>11-16 Boys Independent school <br>GCSE: A8S 62.2, #259",North England
137233,62.2,30.0,RM14 2QR,260,51.55685702,0.24354348,"Sacred Heart of Mary Girls' School<br>11-18 Girls Academy <br>GCSE: A8S 62.2, #260<br>A-level: APS 30.0, #1,806",Greater London
147201,62.1,,B10 9HH,261,52.47271834,-1.83094629,"Eden Girls' Leadership Academy, Birmingham<br>11-16 Girls Academy <br>GCSE: A8S 62.1, #261",Midlands
107168,62.0,,S3 7PS,262,53.38598582,-1.48488132,"Bethany School<br>4-16 Mixed Independent school <br>GCSE: A8S 62.0, #262",Midlands
106151,61.9,,SK3 8HA,263,53.39544135,-2.15634139,"Hulme Hall Grammar School<br>2-16 Mixed Independent school <br>GCSE: A8S 61.9, #263",North England
136015,61.9,,N16 6TJ,265,51.57534106,-0.06852344,"Bnos Zion of Bobov<br>2-16 Girls Independent school <br>GCSE: A8S 61.9, #265",Greater London
136891,61.9,38.84,RG10 8DS,264,51.49038464,-0.87124417,"The Piggott School<br>4-18 Mixed Academy <br>GCSE: A8S 61.9, #264<br>A-level: APS 38.84, #528",South East
138480,61.8,33.2,CT19 5JY,266,51.08616525,1.15715595,"The Harvey Grammar School<br>11-18 Boys Academy <br>GCSE: A8S 61.8, #266<br>A-level: APS 33.2, #1,355",South East
137389,61.8,28.6,ME5 7EH,267,51.37371893,0.54830272,"Chatham Grammar<br>11-18 Girls Academy <br>GCSE: A8S 61.8, #267<br>A-level: APS 28.6, #1,967",South East
149290,61.8,38.31,TW16 6JE,268,51.41446323,-0.41445762,"St Paul's Catholic College<br>11-18 Mixed Academy <br>GCSE: A8S 61.8, #268<br>A-level: APS 38.31, #588",Greater London
137667,61.8,37.8,NG34 7RS,269,52.99676461,-0.41124813,"Kesteven and Sleaford High School Selective Academy<br>11-18 Girls Academy <br>GCSE: A8S 61.8, #269<br>A-level: APS 37.8, #658",Midlands
149297,61.8,35.03,TW1 4LT,270,51.44778184,-0.3342246,"St Richard Reynolds Catholic High School<br>11-18 Mixed Academy <br>GCSE: A8S 61.8, #270<br>A-level: APS 35.03, #1,051",Greater London
136482,61.7,,CM23 5HX,271,51.87105923,0.17123142,"Hockerill Anglo-European College<br>11-18 Mixed Academy <br>GCSE: A8S 61.7, #271",South East
108305,61.7,38.95,WF1 2QS,273,53.68688953,-1.50370634,"Wakefield Girls' High School<br>7-18 Girls Independent school <br>GCSE: A8S 61.7, #273<br>A-level: APS 38.95, #513",North England
100857,61.7,42.16,SE15 2EB,272,51.4707431,-0.05631351,"The St Thomas the Apostle College<br>11-18 Boys Maintained school <br>GCSE: A8S 61.7, #272<br>A-level: APS 42.16, #291",Greater London
136922,61.6,43.86,WD6 1HL,213,51.65424645,-0.26823079,"Yavneh College<br>11-18 Mixed Academy <br>GCSE: A8S 61.6, #274<br>A-level: APS 43.86, #213",Greater London
130912,61.6,37.84,W9 2DR,275,51.52538722,-0.19206404,"Paddington Academy<br>11-18 Mixed Academy <br>GCSE: A8S 61.6, #275<br>A-level: APS 37.84, #653",Greater London
136914,61.6,38.87,SM3 9PS,276,51.38105984,-0.20119112,"Glenthorne High School<br>11-18 Mixed Academy <br>GCSE: A8S 61.6, #276<br>A-level: APS 38.87, #524",Greater London
100300,61.6,,N16 6JJ,277,51.56740839,-0.06137043,"Tayyibah Girls' School<br>4-18 Girls Independent school <br>GCSE: A8S 61.6, #277",Greater London
137924,61.6,,CB1 3TD,278,52.19053885,0.16247974,"St Bede's Inter-Church School<br>11-16 Mixed Academy <br>GCSE: A8S 61.6, #278",Midlands
131164,61.5,,B13 9BB,279,52.45101143,-1.87826225,"Green Oak Academy<br>11-16 Girls Independent school <br>GCSE: A8S 61.5, #279",Midlands
129645,61.4,,LE5 5LL,281,52.62813214,-1.09987717,"Madani Girls' School<br>11-16 Girls Maintained school <br>GCSE: A8S 61.4, #281",Midlands
141135,61.4,34.77,SW6 5BD,280,51.47943848,-0.19990203,"The Fulham Boys School<br>11-18 Boys Academy <br>GCSE: A8S 61.4, #280<br>A-level: APS 34.77, #1,101",Greater London
137921,61.3,,RG9 1PS,282,51.52480124,-0.9213628,"Gillotts School<br>11-16 Mixed Academy <br>GCSE: A8S 61.3, #282",South East
142262,61.3,29.76,LN11 9LL,283,53.36412826,-0.00955098,"King Edward VI Grammar School<br>11-18 Mixed Academy <br>GCSE: A8S 61.3, #283<br>A-level: APS 29.76, #1,835",Midlands
113945,61.3,39.6,BH4 9NJ,284,50.73146909,-1.90095307,"Talbot Heath School<br>2-19 Girls Independent school <br>GCSE: A8S 61.3, #284<br>A-level: APS 39.6, #451",South West
124489,61.3,35.93,ST18 9AT,285,52.78319496,-2.12788983,"Stafford Grammar School<br>3-19 Mixed Independent school <br>GCSE: A8S 61.3, #285<br>A-level: APS 35.93, #915",Midlands
137913,61.3,35.45,NR1 3PB,286,52.62289084,1.29669238,"Notre Dame High School, Norwich<br>11-18 Mixed Academy <br>GCSE: A8S 61.3, #286<br>A-level: APS 35.45, #980",Midlands
141969,61.3,,B42 2SY,287,52.51903772,-1.89564219,"Eden Boys' School, Birmingham<br>11-18 Boys Academy <br>GCSE: A8S 61.3, #287",Midlands
137386,61.2,37.18,NW7 4LL,288,51.62953636,-0.24771587,"Mill Hill County High School<br>11-18 Mixed Academy <br>GCSE: A8S 61.2, #288<br>A-level: APS 37.18, #734",Greater London
134809,61.2,,LE5 4PP,289,52.63604489,-1.09065654,"Al-Aqsa Schools Trust<br>3-16 Mixed Independent school <br>GCSE: A8S 61.2, #289",Midlands
137531,61.2,38.07,N11 2AZ,290,51.60206742,-0.13693381,"Alexandra Park School<br>11-18 Mixed Academy <br>GCSE: A8S 61.2, #290<br>A-level: APS 38.07, #618",Greater London
136606,61.2,36.68,WD3 3AQ,291,51.64492504,-0.45538442,"Rickmansworth School<br>11-18 Mixed Academy <br>GCSE: A8S 61.2, #291<br>A-level: APS 36.68, #805",Greater London
134452,61.1,,ME17 4HT,292,51.22901767,0.52093271,"OneSchool Global UK - Maidstone Campus<br>7-18 Mixed Independent school <br>GCSE: A8S 61.1, #292",South East
136305,61.1,33.8,ME10 4PT,293,51.3336951,0.73730954,"Highsted Grammar School<br>11-18 Girls Academy <br>GCSE: A8S 61.1, #293<br>A-level: APS 33.8, #1,260",South East
110567,61.1,,MK14 6DP,294,52.06112679,-0.76462398,"The Webber Independent School<br>0-16 Mixed Independent school <br>GCSE: A8S 61.1, #294",South East
103531,61.0,39.91,B16 9SL,298,52.47557528,-1.94075101,"St Paul's School for Girls<br>11-18 Girls Maintained school <br>GCSE: A8S 61.0, #298<br>A-level: APS 39.91, #427",Midlands
145455,61.0,38.37,S11 7LH,300,53.35760301,-1.5225297,"High Storrs School<br>11-18 Mixed Academy <br>GCSE: A8S 61.0, #300<br>A-level: APS 38.37, #583",Midlands
138834,61.0,35.0,CM14 4EX,299,51.6178207,0.30436233,"Brentwood Ursuline Convent High School<br>11-18 Girls Academy <br>GCSE: A8S 61.0, #299<br>A-level: APS 35.0, #1,059",South East
125351,61.0,,KT22 8TJ,297,51.29986957,-0.3133314,"Downsend School<br>7-16 Mixed Independent school <br>GCSE: A8S 61.0, #297",Greater London
115409,61.0,,CO3 3HD,295,51.88661387,0.89036946,"Colchester Prep & High School<br>2-16 Mixed Independent school <br>GCSE: A8S 61.0, #295",Midlands
137353,61.0,41.83,W1U 5BA,296,51.5222113,-0.15214491,"The St Marylebone CofE School<br>11-18 Girls Academy <br>GCSE: A8S 61.0, #296<br>A-level: APS 41.83, #310",Greater London
137935,60.9,35.87,W6 7DG,301,51.49358141,-0.22333093,"Sacred Heart High School<br>11-19 Girls Academy <br>GCSE: A8S 60.9, #301<br>A-level: APS 35.87, #925",Greater London
135747,60.9,43.68,EN4 9GE,221,51.65527764,-0.16966618,"JCoSS<br>11-19 Mixed Maintained school <br>GCSE: A8S 60.9, #302<br>A-level: APS 43.68, #221",Greater London
107786,60.8,,HD1 4QX,303,53.64763839,-1.81371079,"Huddersfield Grammar School<br>3-16 Mixed Independent school <br>GCSE: A8S 60.8, #303",North England
145878,60.8,,B8 3DT,304,52.48739549,-1.84149354,"Eden Boys' Leadership Academy, Birmingham East<br>11-18 Boys Academy <br>GCSE: A8S 60.8, #304",Midlands
110910,60.8,35.25,PE3 6AP,305,52.57385825,-0.26010944,"The Peterborough School<br>4-20 Mixed Independent school <br>GCSE: A8S 60.8, #305<br>A-level: APS 35.25, #1,013",Midlands
138266,60.8,36.13,TW13 4AB,306,51.44316379,-0.41159313,"Reach Academy Feltham<br>2-19 Mixed Academy <br>GCSE: A8S 60.8, #306<br>A-level: APS 36.13, #883",Greater London
102683,60.7,36.38,SW20 8HA,307,51.41504906,-0.22279564,"Ursuline High School Wimbledon<br>11-18 Girls Maintained school <br>GCSE: A8S 60.7, #307<br>A-level: APS 36.38, #850",Greater London
137843,60.7,44.12,SK8 7JY,200,53.36424343,-2.18655216,"Cheadle Hulme High School<br>11-18 Mixed Academy <br>GCSE: A8S 60.7, #308<br>A-level: APS 44.12, #200",North England
140008,60.7,,BH10 4EX,309,50.74756556,-1.88976465,"Glenmoor Academy<br>11-16 Girls Academy <br>GCSE: A8S 60.7, #309",South West
104730,60.7,,L7 3HL,310,53.40271791,-2.95367469,"Christian Fellowship School<br>4-16 Mixed Independent school <br>GCSE: A8S 60.7, #310",North England
141716,60.6,,SE9 2SU,311,51.44829761,0.0615672,"St Thomas More Catholic Comprehensive School<br>11-16 Mixed Academy <br>GCSE: A8S 60.6, #311",Greater London
121752,60.6,,YO61 2RW,312,54.15120945,-1.35717873,"Cundall Manor School<br>2-16 Mixed Independent school <br>GCSE: A8S 60.6, #312",North England
142560,60.6,38.15,HA3 0NB,313,51.58368512,-0.30473505,"St Gregory's Catholic Science College<br>11-18 Mixed Academy <br>GCSE: A8S 60.6, #313<br>A-level: APS 38.15, #608",Greater London
136315,60.5,35.91,LN13 9HY,315,53.25849436,0.17067481,"Queen Elizabeth's Grammar Alford - A Selective Academy<br>11-18 Mixed Academy <br>GCSE: A8S 60.5, #315<br>A-level: APS 35.91, #918",Midlands
102679,60.5,36.68,SW20 9AD,316,51.40831941,-0.20782904,"Rutlish School<br>11-19 Boys Maintained school <br>GCSE: A8S 60.5, #316<br>A-level: APS 36.68, #806",Greater London
113608,60.5,47.94,EX1 1SJ,78,50.72271983,-3.52105532,"The Maynard School<br>4-19 Girls Independent school <br>GCSE: A8S 60.5, #314<br>A-level: APS 47.94, #78",South West
114634,60.4,32.84,BN7 1XS,317,50.87231233,0.00475057,"Lewes Old Grammar School<br>3-19 Mixed Independent school <br>GCSE: A8S 60.4, #317<br>A-level: APS 32.84, #1,392",South East
110162,60.4,,SL3 7LU,318,51.50166185,-0.58525292,"Long Close School<br>2-16 Mixed Independent school <br>GCSE: A8S 60.4, #318",South East
138267,60.2,41.27,SW11 6BF,319,51.45612514,-0.16825898,"Ark Bolingbroke Academy<br>11-18 Mixed Academy <br>GCSE: A8S 60.2, #319<br>A-level: APS 41.27, #337",Greater London
117577,60.2,35.7,CM23 4SH,320,51.84961899,0.1537332,"The Bishop's Stortford High School<br>11-18 Boys Maintained school <br>GCSE: A8S 60.2, #320<br>A-level: APS 35.7, #950",South East
108420,60.1,37.57,NE11 0AN,321,54.93837798,-1.64178519,"Emmanuel College<br>11-18 Mixed Independent school <br>GCSE: A8S 60.1, #321<br>A-level: APS 37.57, #687",North England
113017,60.1,42.23,DE23 3DT,289,52.90405178,-1.5158839,"Derby High School<br>3-18 Mixed Independent school <br>GCSE: A8S 60.1, #322<br>A-level: APS 42.23, #289",Midlands
103103,60.0,,E17 9RZ,325,51.58529296,-0.01393956,"Walthamstow School for Girls<br>11-16 Girls Maintained school <br>GCSE: A8S 60.0, #325",Greater London
116507,60.0,,SO16 3DQ,324,50.94610711,-1.38243893,"Saint George Catholic Voluntary Aided College Southampton<br>11-16 Mixed Maintained school <br>GCSE: A8S 60.0, #324",South East
139811,60.0,,SE19 1RS,323,51.42126327,-0.09568005,"The Cedars School<br>11-19 Boys Independent school <br>GCSE: A8S 60.0, #323",Greater London
136309,59.9,42.79,SE21 8SQ,262,51.43232113,-0.08499143,"Kingsdale Foundation School<br>11-19 Mixed Academy <br>GCSE: A8S 59.9, #326<br>A-level: APS 42.79, #262",Greater London
136308,59.9,38.75,N14 5RJ,327,51.63014953,-0.13290745,"Ashmole Academy<br>11-18 Mixed Academy <br>GCSE: A8S 59.9, #327<br>A-level: APS 38.75, #541",Greater London
136669,59.9,50.76,E6 3SQ,34,51.52257771,0.04208722,"Brampton Manor Academy<br>11-18 Mixed Academy <br>GCSE: A8S 59.9, #328<br>A-level: APS 50.76, #34",Greater London
116575,59.9,,GU31 5RN,329,50.95404531,-0.9358817,"Ditcham Park School<br>2-16 Mixed Independent school <br>GCSE: A8S 59.9, #329",South East
136715,59.9,,SO53 2DW,330,50.99440148,-1.36311707,"Thornden School<br>11-16 Mixed Academy <br>GCSE: A8S 59.9, #330",South East
118806,59.9,35.01,CT16 2PZ,331,51.13371605,1.30738452,"Dover Grammar School for Girls<br>11-18 Girls Maintained school <br>GCSE: A8S 59.9, #331<br>A-level: APS 35.01, #1,056",South East
135507,59.8,35.68,N12 9HB,335,51.61264777,-0.1681175,"Wren Academy Finchley<br>4-18 Mixed Academy <br>GCSE: A8S 59.8, #335<br>A-level: APS 35.68, #953",Greater London
116407,59.8,,SO22 5AZ,334,51.0681097,-1.33032183,"The Westgate School<br>4-16 Mixed Maintained school <br>GCSE: A8S 59.8, #334",South East
101680,59.8,34.47,BR7 5ES,332,51.41839204,0.0494912,"Babington House School<br>3-18 Mixed Independent school <br>GCSE: A8S 59.8, #332<br>A-level: APS 34.47, #1,144",Greater London
113028,59.8,29.25,DE23 4BX,333,52.89488439,-1.52750599,"Derby Grammar School<br>4-18 Mixed Independent school <br>GCSE: A8S 59.8, #333<br>A-level: APS 29.25, #1,892",Midlands
110128,59.7,33.78,RG20 9BD,336,51.37722523,-1.31639113,"St Gabriel's School<br>0-18 Mixed Independent school <br>GCSE: A8S 59.7, #336<br>A-level: APS 33.78, #1,262",South East
101946,59.7,47.2,W5 2JL,99,51.52374599,-0.29261898,"St Augustine's Priory<br>2-18 Girls Independent school <br>GCSE: A8S 59.7, #337<br>A-level: APS 47.2, #99",Greater London
138732,59.7,36.56,WA13 0RB,338,53.37924368,-2.4593527,"Lymm High School<br>11-18 Mixed Academy <br>GCSE: A8S 59.7, #338<br>A-level: APS 36.56, #823",North England
136776,59.7,39.97,CB11 4UH,339,52.01714789,0.23152422,"Saffron Walden County High School<br>11-18 Mixed Academy <br>GCSE: A8S 59.7, #339<br>A-level: APS 39.97, #421",Midlands
136357,59.6,34.18,LA6 2HJ,340,54.20172595,-2.60384036,"Queen Elizabeth School<br>11-18 Mixed Academy <br>GCSE: A8S 59.6, #340<br>A-level: APS 34.18, #1,189",North England
136333,59.6,39.51,B93 0PT,341,52.3852031,-1.73828789,"Arden<br>11-18 Mixed Academy <br>GCSE: A8S 59.6, #341<br>A-level: APS 39.51, #460",Midlands
138108,59.5,,CV13 0JT,343,52.62473366,-1.40491856,"The Market Bosworth School<br>11-16 Mixed Academy <br>GCSE: A8S 59.5, #343",Midlands
136973,59.5,40.3,AL5 3AE,342,51.82004419,-0.37267526,"Roundwood Park School<br>11-18 Mixed Academy <br>GCSE: A8S 59.5, #342<br>A-level: APS 40.3, #399",South East
149632,59.4,37.87,W8 7AF,344,51.50488935,-0.20059941,"Holland Park School<br>11-18 Mixed Academy <br>GCSE: A8S 59.4, #344<br>A-level: APS 37.87, #648",Greater London
137299,59.4,35.97,KT3 5PE,345,51.38495516,-0.26571158,"Richard Challoner School<br>11-18 Boys Academy <br>GCSE: A8S 59.4, #345<br>A-level: APS 35.97, #909",Greater London
138470,59.4,39.51,S41 8AG,346,53.25327844,-1.45311106,"St Mary's Catholic High School, A Catholic Voluntary Academy<br>11-18 Mixed Academy <br>GCSE: A8S 59.4, #346<br>A-level: APS 39.51, #459",Midlands
141970,59.4,,SL1 4AA,347,51.51373104,-0.61930791,"Eden Girls' School, Slough<br>11-18 Girls Academy <br>GCSE: A8S 59.4, #347",South East
137442,59.4,38.84,E5 0RB,348,51.55472557,-0.05195555,"Clapton Girls' Academy<br>11-19 Girls Academy <br>GCSE: A8S 59.4, #348<br>A-level: APS 38.84, #529",Greater London
117650,59.3,,AL5 4DU,351,51.82933205,-0.36418455,"The King's School<br>4-16 Mixed Independent school <br>GCSE: A8S 59.3, #351",South East
102857,59.3,36.24,IG2 6HX,356,51.57426692,0.06680054,"Valentines High School<br>11-18 Mixed Maintained school <br>GCSE: A8S 59.3, #356<br>A-level: APS 36.24, #869",Greater London
119759,59.3,,PR3 5JJ,354,53.80746388,-2.72677535,"Broughton High School<br>11-16 Mixed Maintained school <br>GCSE: A8S 59.3, #354",North England
105745,59.3,37.76,OL8 4BX,355,53.52949841,-2.12257554,"Hulme Grammar School<br>2-18 Mixed Independent school <br>GCSE: A8S 59.3, #355<br>A-level: APS 37.76, #661",North England
116478,59.3,,RG22 6SR,350,51.2565596,-1.1228468,"Bishop Challoner Catholic Secondary School<br>11-16 Mixed Maintained school <br>GCSE: A8S 59.3, #350",South East
136898,59.3,31.4,DY8 2XS,353,52.42390164,-2.14897538,"Haybridge High School and Sixth Form<br>11-18 Mixed Academy <br>GCSE: A8S 59.3, #353<br>A-level: APS 31.4, #1,619",Midlands
134314,59.3,38.87,N7 8PG,352,51.54735461,-0.10978949,"St Mary Magdalene Academy<br>4-19 Mixed Academy <br>GCSE: A8S 59.3, #352<br>A-level: APS 38.87, #522",Greater London
137296,59.3,,PR26 9HH,349,53.6617712,-2.76747148,"Bishop Rawstorne Church of England Academy<br>11-16 Mixed Academy <br>GCSE: A8S 59.3, #349",North England
138459,59.2,35.4,KT3 5AR,357,51.39791672,-0.26167087,"The Holy Cross School<br>11-18 Girls Academy <br>GCSE: A8S 59.2, #357<br>A-level: APS 35.4, #987",Greater London
103566,59.2,37.67,B15 2UR,358,52.46110349,-1.91502927,"Priory School<br>0-18 Mixed Independent school <br>GCSE: A8S 59.2, #358<br>A-level: APS 37.67, #673",Midlands
123627,59.1,40.43,TF3 4NW,359,52.67746844,-2.45820815,"Thomas Telford School<br>11-18 Mixed Independent school <br>GCSE: A8S 59.1, #359<br>A-level: APS 40.43, #390",Midlands
141520,59.1,,SG18 0EP,360,52.10361962,-0.2365392,"OneSchool Global UK - Biggleswade Campus<br>7-18 Mixed Independent school <br>GCSE: A8S 59.1, #360",South East
137133,59.1,35.53,OL1 3SQ,361,53.54605153,-2.10742586,"The Blue Coat CofE School<br>11-18 Mixed Academy <br>GCSE: A8S 59.1, #361<br>A-level: APS 35.53, #969",North England
103870,59.0,32.2,DY8 1QX,362,52.4507607,-2.14423919,"Old Swinford Hospital<br>11-18 Mixed Maintained school <br>GCSE: A8S 59.0, #362<br>A-level: APS 32.2, #1,491",Midlands
133599,59.0,,N16 6UB,363,51.57352155,-0.06834074,"Yesodey Hatorah Senior Girls School<br>11-16 Girls Maintained school <br>GCSE: A8S 59.0, #363",Greater London
140188,59.0,,NR9 3DB,364,52.59960536,1.18338093,"Hethersett Academy<br>11-16 Mixed Academy <br>GCSE: A8S 59.0, #364",Midlands
137028,59.0,38.06,HA5 5RP,365,51.59071071,-0.36512099,"Nower Hill High School<br>11-18 Mixed Academy <br>GCSE: A8S 59.0, #365<br>A-level: APS 38.06, #620",Greater London
138855,59.0,38.89,BS6 7EH,366,51.47278353,-2.60376204,"Redland Green School<br>11-18 Mixed Academy <br>GCSE: A8S 59.0, #366<br>A-level: APS 38.89, #519",South West
137985,58.9,37.66,SG12 9NX,369,51.80299092,-0.03082717,"Presdales School<br>11-18 Girls Academy <br>GCSE: A8S 58.9, #369<br>A-level: APS 37.66, #674",South East
140081,58.9,35.43,NE7 7PE,371,55.00720588,-1.59386369,"St Mary's Catholic School<br>11-18 Mixed Academy <br>GCSE: A8S 58.9, #371<br>A-level: APS 35.43, #983",North England
137120,58.9,,LE2 4FU,370,52.60323607,-1.06013532,"Manor High School<br>11-16 Mixed Academy <br>GCSE: A8S 58.9, #370",Midlands
116505,58.9,,PO1 1RX,367,50.79876675,-1.0858121,"St Edmund's Catholic School<br>11-16 Mixed Maintained school <br>GCSE: A8S 58.9, #367",South East
136893,58.9,,PR7 1RS,368,53.66078877,-2.63620608,"St Michael's Church of England High School<br>11-16 Mixed Academy <br>GCSE: A8S 58.9, #368",North England
145416,58.8,,SL1 6FE,372,51.52234116,-0.65058518,"Al-Madani Independent Grammar School<br>11-16 Boys Independent school <br>GCSE: A8S 58.8, #372",South East
138729,58.8,36.71,ST10 1LH,373,52.98102223,-1.99057387,"Painsley Catholic College<br>11-18 Mixed Academy <br>GCSE: A8S 58.8, #373<br>A-level: APS 36.71, #801",Midlands
137339,58.8,39.43,AL3 6DB,374,51.77022353,-0.33192984,"St Albans Girls' School<br>11-18 Girls Academy <br>GCSE: A8S 58.8, #374<br>A-level: APS 39.43, #469",South East
139304,58.8,34.19,PE11 2XH,375,52.78358369,-0.15338723,"Spalding Grammar School<br>11-18 Boys Academy <br>GCSE: A8S 58.8, #375<br>A-level: APS 34.19, #1,186",Midlands
138490,58.8,40.76,OX11 7AJ,370,51.60729889,-1.25320319,"Didcot Girls' School<br>11-18 Girls Academy <br>GCSE: A8S 58.8, #376<br>A-level: APS 40.76, #370",South East
139140,58.8,30.85,PE21 9PF,377,52.98855176,-0.01052646,"Boston High School<br>11-18 Girls Academy <br>GCSE: A8S 58.8, #377<br>A-level: APS 30.85, #1,701",Midlands
137633,58.7,38.61,UB8 3RF,381,51.53250537,-0.4596406,"Bishopshalt School<br>11-18 Mixed Academy <br>GCSE: A8S 58.7, #381<br>A-level: APS 38.61, #556",Greater London
142314,58.7,40.82,KT13 8UZ,365,51.36466297,-0.46517766,"Heathside School<br>11-18 Mixed Academy <br>GCSE: A8S 58.7, #382<br>A-level: APS 40.82, #365",Greater London
136310,58.7,39.59,B91 3PD,378,52.40455902,-1.79301666,"Tudor Grange Academy, Solihull<br>11-18 Mixed Academy <br>GCSE: A8S 58.7, #378<br>A-level: APS 39.59, #453",Midlands
137086,58.7,37.44,NN15 6BJ,380,52.38565621,-0.72736562,"Bishop Stopford School<br>11-18 Mixed Academy <br>GCSE: A8S 58.7, #380<br>A-level: APS 37.44, #706",Midlands
132797,58.7,,E1 2HX,379,51.5161522,-0.05658529,"London Islamic School<br>11-16 Boys Independent school <br>GCSE: A8S 58.7, #379",Greater London
137131,58.6,28.91,EN5 5RR,383,51.65176732,-0.19676805,"Queen Elizabeth's Girls' School<br>11-18 Girls Academy <br>GCSE: A8S 58.6, #383<br>A-level: APS 28.91, #1,932",Greater London
107769,58.6,,HD9 7SE,384,53.58276056,-1.77141567,"Holmfirth High School<br>11-16 Mixed Maintained school <br>GCSE: A8S 58.6, #384",North England
137826,58.6,,CB24 9LX,385,52.24770759,0.11698887,"Impington Village College<br>11-18 Mixed Academy <br>GCSE: A8S 58.6, #385",Midlands
137178,58.5,33.5,HA7 3JW,387,51.61731702,-0.33235678,"Bentley Wood High School<br>11-18 Girls Academy <br>GCSE: A8S 58.5, #387<br>A-level: APS 33.5, #1,301",Greater London
136474,58.5,40.28,GL53 8QF,386,51.88135226,-2.04419705,"Balcarras School<br>11-18 Mixed Academy <br>GCSE: A8S 58.5, #386<br>A-level: APS 40.28, #401",South West
141617,58.4,,SW6 3ED,388,51.46782167,-0.19650036,"The Hurlingham Academy<br>11-16 Mixed Academy <br>GCSE: A8S 58.4, #388",Greater London
137829,58.4,34.17,HA6 1QN,389,51.60255747,-0.40722165,"Northwood School<br>11-18 Mixed Academy <br>GCSE: A8S 58.4, #389<br>A-level: APS 34.17, #1,199",Greater London
114612,58.4,,TN40 1SE,390,50.84306358,0.48870315,"St Richard's Catholic College<br>11-16 Mixed Maintained school <br>GCSE: A8S 58.4, #390",South East
101934,58.4,38.78,UB6 9AW,391,51.52522435,-0.35199948,"The Cardinal Wiseman Catholic School<br>11-18 Mixed Maintained school <br>GCSE: A8S 58.4, #391<br>A-level: APS 38.78, #537",Greater London
143924,58.3,,EN2 8GH,392,51.66549542,-0.10020547,"Wren Academy Enfield<br>11-18 Mixed Academy <br>GCSE: A8S 58.3, #392",Greater London
136505,58.3,39.13,DE56 4GS,393,52.98581443,-1.49101923,"The Ecclesbourne School<br>11-18 Mixed Academy <br>GCSE: A8S 58.3, #393<br>A-level: APS 39.13, #494",Midlands
137970,58.3,40.32,OX2 7EE,394,51.77561574,-1.25821242,"The Cherwell School<br>11-18 Mixed Academy <br>GCSE: A8S 58.3, #394<br>A-level: APS 40.32, #397",South East
145860,58.3,35.66,SW19 2JY,395,51.41363315,-0.1873011,"Harris Academy Wimbledon<br>11-19 Mixed Academy <br>GCSE: A8S 58.3, #395<br>A-level: APS 35.66, #955",Greater London
117612,58.3,35.31,SG6 3JZ,396,51.96812382,-0.22654627,"St Christopher School<br>2-18 Mixed Independent school <br>GCSE: A8S 58.3, #396<br>A-level: APS 35.31, #1,002",South East
138106,58.3,33.14,AL1 3RQ,397,51.75286985,-0.32946937,"Loreto College<br>11-18 Girls Academy <br>GCSE: A8S 58.3, #397<br>A-level: APS 33.14, #1,360",South East
137379,58.3,35.07,BR3 1QR,398,51.41620121,-0.04119699,"Harris Girls Academy Bromley<br>11-18 Girls Academy <br>GCSE: A8S 58.3, #398<br>A-level: APS 35.07, #1,043",Greater London
136863,58.3,37.03,CM2 9ES,399,51.71855863,0.47044963,"Moulsham High School<br>11-18 Mixed Academy <br>GCSE: A8S 58.3, #399<br>A-level: APS 37.03, #755",South East
136299,58.2,40.07,NN1 5RT,406,52.23923077,-0.86753781,"Northampton School for Boys<br>11-18 Boys Academy <br>GCSE: A8S 58.2, #406<br>A-level: APS 40.07, #413",Midlands
136600,58.2,39.18,RM14 3HS,403,51.55627584,0.26023544,"The Coopers' Company and Coborn School<br>11-18 Mixed Academy <br>GCSE: A8S 58.2, #403<br>A-level: APS 39.18, #488",Greater London
136906,58.2,37.45,GU1 1XX,404,51.2538494,-0.54788484,"George Abbot School<br>11-18 Mixed Academy <br>GCSE: A8S 58.2, #404<br>A-level: APS 37.45, #701",South East
134480,58.2,,CO6 4RW,405,51.99270709,0.88579539,"OneSchool Global UK Colchester Campus<br>7-18 Mixed Independent school <br>GCSE: A8S 58.2, #405",Midlands
144745,58.2,,M8 8DT,402,53.49837346,-2.23047894,"Eden Girls' Leadership Academy, Manchester<br>11-18 Girls Academy <br>GCSE: A8S 58.2, #402",North England
144502,58.2,36.79,N20 8AZ,400,51.63889143,-0.2003571,"The Totteridge Academy<br>11-18 Mixed Academy <br>GCSE: A8S 58.2, #400<br>A-level: APS 36.79, #794",Greater London
143706,58.2,37.43,SM2 5RD,401,51.34717048,-0.19328482,"Harris Academy Sutton<br>11-19 Mixed Academy <br>GCSE: A8S 58.2, #401<br>A-level: APS 37.43, #708",Greater London
143369,58.1,41.59,GU22 9AL,326,51.30832413,-0.5490655,"St John the Baptist Catholic Comprehensive School, Woking<br>11-18 Mixed Academy <br>GCSE: A8S 58.1, #407<br>A-level: APS 41.59, #326",South East
138482,58.1,39.74,NG2 7BW,408,52.91538976,-1.1244709,"Rushcliffe Spencer Academy<br>11-18 Mixed Academy <br>GCSE: A8S 58.1, #408<br>A-level: APS 39.74, #439",Midlands
116518,58.1,,GU52 0RF,409,51.25013444,-0.85297912,"St Nicholas' School<br>3-16 Girls Independent school <br>GCSE: A8S 58.1, #409",South East
102156,58.1,37.76,N10 1NE,410,51.59285605,-0.15095378,"Fortismere School<br>11-18 Mixed Maintained school <br>GCSE: A8S 58.1, #410<br>A-level: APS 37.76, #660",Greater London
131388,58.1,,E1 2ND,411,51.5126776,-0.05854921,"Jamiatul Ummah School<br>11-16 Boys Independent school <br>GCSE: A8S 58.1, #411",Greater London
143274,58.1,,E7 9BB,412,51.54975688,0.02325486,"Forest Gate Community School<br>11-16 Mixed Academy <br>GCSE: A8S 58.1, #412",Greater London
108095,58.0,,LS6 4QE,417,53.83876591,-1.56025591,"Cardinal Heenan Catholic High School<br>11-16 Mixed Maintained school <br>GCSE: A8S 58.0, #417",North England
137976,58.0,,RG8 0RA,420,51.53297367,-1.06825147,"Langtree School<br>11-16 Mixed Academy <br>GCSE: A8S 58.0, #420",South East
134467,58.0,,RG2 0LU,419,51.43686133,-0.96954397,"OneSchool Global Reading Senior Campus<br>7-18 Mixed Independent school <br>GCSE: A8S 58.0, #419",South East
137213,58.0,35.83,NG34 7DD,418,53.00266647,-0.41089748,"Carre's Grammar School<br>11-18 Mixed Academy <br>GCSE: A8S 58.0, #418<br>A-level: APS 35.83, #931",Midlands
100528,58.0,36.27,TW15 3DZ,414,51.43853989,-0.46824146,"St James Senior Boys' School<br>11-18 Boys Independent school <br>GCSE: A8S 58.0, #414<br>A-level: APS 36.27, #867",Greater London
138069,58.0,39.5,S10 5RG,416,53.37526721,-1.520634,"Tapton School<br>11-18 Mixed Academy <br>GCSE: A8S 58.0, #416<br>A-level: APS 39.5, #461",Midlands
150937,58.0,37.1,SE16 4UN,415,51.49971344,-0.06745723,"St Michael's Catholic College<br>11-18 Mixed Academy <br>GCSE: A8S 58.0, #415<br>A-level: APS 37.1, #746",Greater London
138960,58.0,36.71,SE5 0RP,413,51.4751385,-0.09728225,"Sacred Heart Catholic School<br>11-18 Mixed Academy <br>GCSE: A8S 58.0, #413<br>A-level: APS 36.71, #800",Greater London
117578,57.9,37.59,HP4 3AH,425,51.75339164,-0.56416855,"Ashlyns School<br>11-18 Mixed Maintained school <br>GCSE: A8S 57.9, #425<br>A-level: APS 37.59, #684",South East
125278,57.9,37.0,RH1 2LQ,427,51.25012867,-0.17466477,"St Bede's School<br>11-18 Mixed Maintained school <br>GCSE: A8S 57.9, #427<br>A-level: APS 37.0, #760",South East
100459,57.9,36.0,N6 5LY,426,51.56976861,-0.13875914,"St Aloysius RC College<br>11-19 Boys Maintained school <br>GCSE: A8S 57.9, #426<br>A-level: APS 36.0, #907",Greater London
137895,57.9,37.08,SG1 4AE,422,51.91967527,-0.21350995,"The Saint John Henry Newman Catholic School<br>11-18 Mixed Academy <br>GCSE: A8S 57.9, #422<br>A-level: APS 37.08, #750",South East
137837,57.9,36.98,CT20 3RB,424,51.07677346,1.15119071,"The Folkestone School for Girls<br>11-18 Girls Academy <br>GCSE: A8S 57.9, #424<br>A-level: APS 36.98, #766",South East
114614,57.9,53.27,BN2 0AL,7,50.82054442,-0.12223688,"Brighton College<br>11-19 Mixed Independent school <br>GCSE: A8S 57.9, #423<br>A-level: APS 53.27, #7",South East
146245,57.9,,HA3 7AY,421,51.59950325,-0.33618647,"The Sacred Heart Language College<br>11-16 Girls Academy <br>GCSE: A8S 57.9, #421",Greater London
116468,57.8,,SO22 5PN,428,51.058804,-1.34649499,"Kings' School<br>11-16 Mixed Maintained school <br>GCSE: A8S 57.8, #428",South East
137288,57.8,38.68,SG4 9RS,429,51.94794423,-0.26939649,"Hitchin Girls' School<br>11-18 Girls Academy <br>GCSE: A8S 57.8, #429<br>A-level: APS 38.68, #552",South East
146907,57.8,37.3,WS13 7EW,430,52.69456593,-1.84709117,"The Friary School<br>11-18 Mixed Academy <br>GCSE: A8S 57.8, #430<br>A-level: APS 37.3, #725",Midlands
143583,57.7,38.91,DH1 4NG,431,54.78353106,-1.58678902,"St Leonard's Catholic School, Durham<br>11-18 Mixed Academy <br>GCSE: A8S 57.7, #431<br>A-level: APS 38.91, #514",North England
136800,57.7,39.44,SM1 3DY,432,51.37642887,-0.1831382,"Greenshaw High School<br>11-18 Mixed Academy <br>GCSE: A8S 57.7, #432<br>A-level: APS 39.44, #468",Greater London
100638,57.7,40.48,SW16 2HY,389,51.42497185,-0.11871337,"Bishop Thomas Grant Catholic Secondary School<br>11-19 Mixed Maintained school <br>GCSE: A8S 57.7, #433<br>A-level: APS 40.48, #389",Greater London
137561,57.6,,LE5 3LD,434,52.63930852,-1.1013031,"The Imam Muhammad Adam Institute School<br>5-16 Mixed Independent school <br>GCSE: A8S 57.6, #434",Midlands
148499,57.6,29.34,CM23 2NQ,435,51.87044669,0.15368221,"St Mary's Catholic School<br>11-18 Mixed Academy <br>GCSE: A8S 57.6, #435<br>A-level: APS 29.34, #1,886",South East
136877,57.5,39.94,WD23 2TY,425,51.65849603,-0.36901356,"Queens' School<br>11-18 Mixed Academy <br>GCSE: A8S 57.5, #436<br>A-level: APS 39.94, #425",Greater London
104266,57.5,,WS1 2QG,437,52.58791559,-1.97012086,"Hydesville Tower School<br>2-16 Mixed Independent school <br>GCSE: A8S 57.5, #437",Midlands
137060,57.5,32.36,KT6 7EY,438,51.37466741,-0.29574217,"Tolworth Girls' School and Sixth Form<br>11-18 Girls Academy <br>GCSE: A8S 57.5, #438<br>A-level: APS 32.36, #1,464",Greater London
147894,57.5,,DH9 8AY,439,54.87720304,-1.70681695,"Tanfield School<br>11-16 Mixed Academy <br>GCSE: A8S 57.5, #439",North England
134805,57.4,,LU3 1RF,442,51.89494841,-0.43848051,"Jamiatul Uloom Al - Islamia<br>10-16 Boys Independent school <br>GCSE: A8S 57.4, #442",South East
100455,57.4,40.0,N5 1AR,419,51.55280495,-0.10150007,"Highbury Fields School<br>11-18 Girls Maintained school <br>GCSE: A8S 57.4, #443<br>A-level: APS 40.0, #419",Greater London
146697,57.4,39.63,CV8 2AL,445,52.34609767,-1.55989356,"Kenilworth School and Sixth Form<br>11-19 Mixed Academy <br>GCSE: A8S 57.4, #445<br>A-level: APS 39.63, #448",Midlands
123913,57.4,36.92,TA1 4QS,441,51.00210352,-3.11657141,"Queen's College<br>3-19 Mixed Independent school <br>GCSE: A8S 57.4, #441<br>A-level: APS 36.92, #776",South West
149347,57.4,33.81,CR9 5AS,440,51.36933445,-0.05220557,"Coloma Convent Girls' School<br>11-18 Girls Academy <br>GCSE: A8S 57.4, #440<br>A-level: APS 33.81, #1,258",Greater London
142202,57.4,37.24,CV32 6RD,444,52.3096702,-1.52993732,"North Leamington School<br>11-18 Mixed Academy <br>GCSE: A8S 57.4, #444<br>A-level: APS 37.24, #729",Midlands
151303,57.3,30.47,BS6 5RD,446,51.46775813,-2.59122783,"E-Act Montpelier High School<br>11-18 Girls Academy <br>GCSE: A8S 57.3, #446<br>A-level: APS 30.47, #1,747",South West
137775,57.3,40.9,LS18 5RF,361,53.84231397,-1.64084269,"Horsforth School<br>11-18 Mixed Academy <br>GCSE: A8S 57.3, #450<br>A-level: APS 40.9, #361",North England
102856,57.3,37.84,IG2 7BT,452,51.56851483,0.08591903,"Seven Kings School<br>4-18 Mixed Maintained school <br>GCSE: A8S 57.3, #452<br>A-level: APS 37.84, #655",Greater London
118944,57.3,,ME3 7PA,451,51.41117767,0.4573528,"Gad's Hill School<br>3-16 Mixed Independent school <br>GCSE: A8S 57.3, #451",South East
126087,57.3,,BN6 8LP,447,50.92130119,-0.13868708,"Downlands Community School<br>11-16 Mixed Maintained school <br>GCSE: A8S 57.3, #447",South East
136377,57.3,38.9,WA15 7RH,449,53.39408413,-2.33501538,"Wellington School<br>11-18 Mixed Academy <br>GCSE: A8S 57.3, #449<br>A-level: APS 38.9, #517",North England
137409,57.3,35.31,NG2 7QY,448,52.9278041,-1.15431501,"The Becket School<br>11-18 Mixed Academy <br>GCSE: A8S 57.3, #448<br>A-level: APS 35.31, #1,001",Midlands
131310,57.2,36.48,W7 2AH,453,51.49997153,-0.32959937,"Elthorne Park High School<br>11-19 Mixed Maintained school <br>GCSE: A8S 57.2, #453<br>A-level: APS 36.48, #834",Greater London
103013,57.2,37.97,SM5 3PS,454,51.36428674,-0.1697276,"St Philomena's Catholic High School for Girls<br>11-18 Girls Maintained school <br>GCSE: A8S 57.2, #454<br>A-level: APS 37.97, #631",Greater London
142896,57.2,,RM6 4XX,455,51.58067242,0.11707533,"Atam Academy<br>3-18 Mixed Academy <br>GCSE: A8S 57.2, #455",Greater London
136780,57.2,37.72,CH43 1UQ,456,53.38999123,-3.04887377,"St Anselm's College<br>11-18 Boys Academy <br>GCSE: A8S 57.2, #456<br>A-level: APS 37.72, #667",North England
143729,57.1,37.47,M20 2ET,462,53.42943613,-2.25066631,"Didsbury High School<br>11-18 Mixed Academy <br>GCSE: A8S 57.1, #462<br>A-level: APS 37.47, #697",North England
139658,57.1,35.66,NE30 4RF,467,55.01902074,-1.42578723,"Kings Priory School<br>4-18 Mixed Academy <br>GCSE: A8S 57.1, #467<br>A-level: APS 35.66, #954",North England
139154,57.1,37.31,SG5 1JB,465,51.9511711,-0.27848309,"Hitchin Boys' School<br>11-18 Boys Academy <br>GCSE: A8S 57.1, #465<br>A-level: APS 37.31, #723",South East
137627,57.1,34.72,BS11 0SU,464,51.50495927,-2.6565178,"St Bede's Catholic College<br>11-18 Mixed Academy <br>GCSE: A8S 57.1, #464<br>A-level: APS 34.72, #1,113",South West
142864,57.1,33.23,HA5 1NB,466,51.57908206,-0.38776497,"Pinner High School<br>11-18 Mixed Academy <br>GCSE: A8S 57.1, #466<br>A-level: APS 33.23, #1,348",Greater London
145916,57.1,,CM1 6DT,461,51.76030317,0.49780012,"The Beaulieu Park School<br>4-19 Mixed Academy <br>GCSE: A8S 57.1, #461",South East
139365,57.1,,SW6 6BP,458,51.48136476,-0.21414196,"Fulham Cross Girls' School and Language College<br>11-16 Girls Academy <br>GCSE: A8S 57.1, #458",Greater London
100050,57.1,34.45,NW5 1RL,457,51.55845694,-0.14962247,"Parliament Hill School<br>11-18 Girls Maintained school <br>GCSE: A8S 57.1, #457<br>A-level: APS 34.45, #1,148",Greater London
136833,57.1,39.13,KT24 5JR,463,51.27329122,-0.39553587,"Howard of Effingham School<br>11-18 Mixed Academy <br>GCSE: A8S 57.1, #463<br>A-level: APS 39.13, #495",Greater London
135074,57.1,,NG10 4HR,459,52.90655694,-1.2821959,"OneSchool Global Uk Nottingham Campus<br>7-18 Mixed Independent school <br>GCSE: A8S 57.1, #459",Midlands
143901,57.1,34.81,RH4 1LY,460,51.23873584,-0.32956497,"The Ashcombe School<br>11-18 Mixed Academy <br>GCSE: A8S 57.1, #460<br>A-level: APS 34.81, #1,089",South East
137919,57.0,41.02,OX29 4AP,351,51.78218798,-1.38101827,"Bartholomew School<br>11-18 Mixed Academy <br>GCSE: A8S 57.0, #468<br>A-level: APS 41.02, #351",South East
136966,57.0,38.89,BA2 3LA,469,51.37630422,-2.37187629,"Hayesfield Girls School<br>11-18 Girls Academy <br>GCSE: A8S 57.0, #469<br>A-level: APS 38.89, #520",South West
102681,57.0,38.71,SW19 4NS,470,51.41923766,-0.22148249,"Wimbledon College<br>11-18 Boys Maintained school <br>GCSE: A8S 57.0, #470<br>A-level: APS 38.71, #549",Greater London
102929,57.0,41.19,TW10 6HW,346,51.45874663,-0.28823676,"Christ's Church of England Comprehensive Secondary School<br>11-19 Mixed Maintained school <br>GCSE: A8S 57.0, #472<br>A-level: APS 41.19, #346",Greater London
104705,57.0,37.99,L7 6HQ,473,53.39847999,-2.94399959,"Archbishop Blanch CofE High School<br>11-18 Girls Maintained school <br>GCSE: A8S 57.0, #473<br>A-level: APS 37.99, #626",North England
124471,57.0,33.95,ST19 9BA,471,52.67757657,-2.17652164,"St. Dominic's Grammar School<br>4-18 Mixed Independent school <br>GCSE: A8S 57.0, #471<br>A-level: APS 33.95, #1,231",Midlands
131609,56.9,36.12,E2 8BA,474,51.53558535,-0.07293084,"The Bridge Academy<br>11-19 Mixed Academy <br>GCSE: A8S 56.9, #474<br>A-level: APS 36.12, #887",Greater London
117613,56.9,45.59,SG6 3PJ,142,51.97281746,-0.23250422,"St Francis College<br>3-18 Girls Independent school <br>GCSE: A8S 56.9, #475<br>A-level: APS 45.59, #142",South East
100973,56.9,35.94,E1 5DJ,476,51.52075067,-0.06003637,"Swanlea School<br>11-18 Mixed Maintained school <br>GCSE: A8S 56.9, #476<br>A-level: APS 35.94, #912",Greater London
137314,56.9,,GU27 1QB,477,51.09286233,-0.74854329,"Woolmer Hill School<br>11-16 Mixed Academy <br>GCSE: A8S 56.9, #477",South East
149431,56.9,28.36,E3 3DU,478,51.52717601,-0.00718482,"Harris Science Academy East London<br>11-18 Mixed Academy <br>GCSE: A8S 56.9, #478<br>A-level: APS 28.36, #1,997",Greater London
140265,56.8,32.02,CB2 0SZ,481,52.17311945,0.14186155,"Cambridge Academy for Science and Technology<br>13-19 Mixed Academy <br>GCSE: A8S 56.8, #481<br>A-level: APS 32.02, #1,517",Midlands
100863,56.8,50.79,SE22 8TE,32,51.45488642,-0.08567381,"James Allen's Girls' School<br>4-18 Girls Independent school <br>GCSE: A8S 56.8, #483<br>A-level: APS 50.79, #32",Greater London
137388,56.8,38.87,N2 0SE,482,51.59098533,-0.18723703,"Christ's College Finchley<br>11-18 Mixed Academy <br>GCSE: A8S 56.8, #482<br>A-level: APS 38.87, #521",Greater London
136592,56.8,29.78,B17 8QB,480,52.46938157,-1.96384073,"King Edward VI Lordswood School for Girls<br>11-18 Girls Academy <br>GCSE: A8S 56.8, #480<br>A-level: APS 29.78, #1,830",Midlands
148551,56.8,,MK1 1LG,479,52.01231224,-0.72573839,"Baytul Ilm Secondary School<br>11-16 Boys Independent school <br>GCSE: A8S 56.8, #479",South East
139167,56.7,40.37,S11 9QH,393,53.35174777,-1.53070746,"Silverdale School<br>11-18 Mixed Academy <br>GCSE: A8S 56.7, #484<br>A-level: APS 40.37, #393",Midlands
142644,56.7,,E15 4LP,485,51.54358799,0.00808367,"Sarah Bonnell School<br>11-16 Girls Academy <br>GCSE: A8S 56.7, #485",Greater London
138518,56.7,41.73,IG1 1FY,316,51.56135582,0.09202629,"Ark Isaac Newton Academy<br>4-18 Mixed Academy <br>GCSE: A8S 56.7, #486<br>A-level: APS 41.73, #316",Greater London
136617,56.7,41.85,YO10 5ZA,307,53.95237397,-1.04109015,"Archbishop Holgate's School, A Church of England Academy<br>11-18 Mixed Academy <br>GCSE: A8S 56.7, #487<br>A-level: APS 41.85, #307",North England
136625,56.7,35.76,IG10 2LD,488,51.66254697,0.08472595,"Davenant Foundation School<br>11-18 Mixed Academy <br>GCSE: A8S 56.7, #488<br>A-level: APS 35.76, #940",Greater London
136497,56.6,37.91,HG2 0DZ,489,53.98296959,-1.54660141,"Harrogate Grammar School<br>11-18 Mixed Academy <br>GCSE: A8S 56.6, #489<br>A-level: APS 37.91, #643",North England
100982,56.6,,E1 1HL,490,51.51564341,-0.06279024,"Madani Secondary Girls' School<br>11-18 Girls Independent school <br>GCSE: A8S 56.6, #490",Greater London
122137,56.6,27.93,NN5 4UX,491,52.23544508,-0.95212909,"Quinton House School<br>2-19 Mixed Independent school <br>GCSE: A8S 56.6, #491<br>A-level: APS 27.93, #2,035",Midlands
136590,56.6,37.35,B30 1HW,492,52.42092156,-1.93476501,"Kings Norton Girls' School<br>11-18 Girls Academy <br>GCSE: A8S 56.6, #492<br>A-level: APS 37.35, #718",Midlands
133349,56.6,,LE5 3SD,493,52.63741664,-1.10434169,"Jameah Academy<br>5-16 Girls Independent school <br>GCSE: A8S 56.6, #493",Midlands
138460,56.5,38.01,TW11 9PJ,497,51.42266613,-0.31222546,"Teddington School<br>11-18 Mixed Academy <br>GCSE: A8S 56.5, #497<br>A-level: APS 38.01, #625",Greater London
142104,56.5,33.98,OX2 9JE,499,51.74278173,-1.30273716,"Matthew Arnold School<br>11-18 Mixed Academy <br>GCSE: A8S 56.5, #499<br>A-level: APS 33.98, #1,226",South East
138582,56.5,35.38,AL1 5AR,498,51.738839,-0.31101392,"Samuel Ryder Academy<br>4-19 Mixed Academy <br>GCSE: A8S 56.5, #498<br>A-level: APS 35.38, #990",South East
136905,56.5,37.66,LS29 8TR,500,53.92182595,-1.81392745,"Ilkley Grammar School<br>11-18 Mixed Academy <br>GCSE: A8S 56.5, #500<br>A-level: APS 37.66, #676",North England
137539,56.5,43.12,NW4 1NA,246,51.59648295,-0.21440699,"Hasmonean High School for Boys<br>11-18 Boys Academy <br>GCSE: A8S 56.5, #496<br>A-level: APS 43.12, #246",Greater London
101941,56.5,36.45,W3 0HW,494,51.51689653,-0.28787392,"The Ellen Wilkinson School for Girls<br>11-18 Girls Maintained school <br>GCSE: A8S 56.5, #494<br>A-level: APS 36.45, #844",Greater London
132848,56.5,,E10 6QT,495,51.56420286,-0.00953403,"Lantern of Knowledge Secondary School<br>10-16 Boys Independent school <br>GCSE: A8S 56.5, #495",Greater London
100366,22.6,54.91,W6 7BS,1,51.49514086,-0.21883309,"St Paul's Girls' School<br>10-19 Girls Independent school <br>GCSE: A8S 22.6, #3,834<br>A-level: APS 54.91, #1",Greater London
140564,,54.45,SE11 6NJ,2,51.49610364,-0.11194022,"King's College London Maths School<br>16-19 Mixed College <br>A-level: APS 54.45, #2",Greater London
102257,19.9,53.98,HA8 7RJ,3,51.6142235,-0.29481495,"North London Collegiate School<br>4-18 Girls Independent school <br>GCSE: A8S 19.9, #3,882<br>A-level: APS 53.98, #3",Greater London
102942,33.0,53.91,SW13 9JT,4,51.48851884,-0.23885402,"St Paul's School<br>7-18 Boys Independent school <br>GCSE: A8S 33.0, #3,580<br>A-level: APS 53.91, #4",Greater London
143105,2.1,53.85,CV4 8JB,5,52.38914841,-1.57364711,"The National Mathematics and Science College<br>15-20 Mixed Independent school <br>GCSE: A8S 2.1, #4,524<br>A-level: APS 53.85, #5",Midlands
101162,48.6,53.69,SW1P 3PF,6,51.49822978,-0.12788793,"Westminster School<br>12-19 Mixed Independent school <br>GCSE: A8S 48.6, #1,357<br>A-level: APS 53.69, #6",Greater London
149596,,53.08,CB1 2AZ,8,52.1991944,0.14001293,"Cambridge Maths School<br>16-19 Mixed College <br>A-level: APS 53.08, #8",Midlands
102684,14.1,52.79,SW19 4TT,9,51.42167935,-0.22594717,"King's College School<br>7-19 Boys Independent school <br>GCSE: A8S 14.1, #4,005<br>A-level: APS 52.79, #9",Greater London
100369,40.6,52.52,W6 0PG,11,51.49532689,-0.22993322,"The Godolphin and Latymer School<br>10-19 Girls Independent school <br>GCSE: A8S 40.6, #2,824<br>A-level: APS 52.52, #11",Greater London
125342,22.1,52.51,GU1 1SJ,12,51.24178476,-0.56419582,"Guildford High School<br>4-19 Girls Independent school <br>GCSE: A8S 22.1, #3,840<br>A-level: APS 52.51, #12",South East
123623,24.5,52.44,SY5 7PF,13,52.61425339,-2.68673712,"Concord College<br>12-20 Mixed Independent school <br>GCSE: A8S 24.5, #3,808<br>A-level: APS 52.44, #13",Wales
100076,47.9,51.79,NW3 5SS,14,51.54619107,-0.17720589,"South Hampstead High School GDST<br>4-19 Girls Independent school <br>GCSE: A8S 47.9, #1,461<br>A-level: APS 51.79, #14",Greater London
103585,44.6,51.67,B15 2UB,15,52.4508169,-1.92534881,"King Edward VI High School for Girls<br>11-19 Girls Independent school <br>GCSE: A8S 44.6, #2,095<br>A-level: APS 51.67, #15",Midlands
117648,41.0,51.54,WD6 3AF,18,51.65690005,-0.31335243,"Haberdashers' Boys' School<br>4-18 Boys Independent school <br>GCSE: A8S 41.0, #2,749<br>A-level: APS 51.54, #18",Greater London
123311,45.0,51.54,OX4 1DZ,17,51.74904928,-1.24458169,"Magdalen College School<br>7-19 Mixed Independent school <br>GCSE: A8S 45.0, #2,005<br>A-level: APS 51.54, #17",South East
100001,49.7,51.53,EC2Y 8BB,19,51.5191495,-0.09454025,"City of London School for Girls<br>7-18 Girls Independent school <br>GCSE: A8S 49.7, #1,186<br>A-level: APS 51.53, #19",Greater London
100864,48.7,51.47,SE22 8SU,21,51.45478127,-0.08199341,"Alleyn's School<br>4-18 Mixed Independent school <br>GCSE: A8S 48.7, #1,348<br>A-level: APS 51.47, #21",Greater London
100370,13.5,51.47,W6 9LR,20,51.49302989,-0.2374412,"Latymer Upper School and Latymer Prep<br>7-19 Mixed Independent school <br>GCSE: A8S 13.5, #4,015<br>A-level: APS 51.47, #20",Greater London
102163,35.8,51.42,N6 4AY,22,51.57220173,-0.14932421,"Highgate School<br>3-19 Mixed Independent school <br>GCSE: A8S 35.8, #3,389<br>A-level: APS 51.42, #22",Greater London
101072,46.8,51.28,SW15 6BH,25,51.45684732,-0.21806395,"Putney High School GDST<br>4-18 Girls Independent school <br>GCSE: A8S 46.8, #1,655<br>A-level: APS 51.28, #25",Greater London
102932,40.0,51.09,TW12 3HF,26,51.4278486,-0.36892671,"Lady Eleanor Holles School<br>7-19 Girls Independent school <br>GCSE: A8S 40.0, #2,904<br>A-level: APS 51.09, #26",Greater London
110158,24.0,51.01,SL4 6DW,27,51.4927281,-0.60965767,"Eton College<br>12-19 Boys Independent school <br>GCSE: A8S 24.0, #3,817<br>A-level: APS 51.01, #27",South East
117649,39.9,50.94,WD6 3BT,28,51.65690005,-0.31335243,"Haberdashers' Girls' School<br>4-18 Girls Independent school <br>GCSE: A8S 39.9, #2,923<br>A-level: APS 50.94, #28",Greater London
101842,16.1,50.88,CR9 7AT,30,51.37506773,-0.06008062,"Trinity School<br>10-18 Mixed Independent school <br>GCSE: A8S 16.1, #3,960<br>A-level: APS 50.88, #30",Greater London
110547,13.8,50.88,HP11 1PE,29,51.62502031,-0.75304309,"Wycombe Abbey<br>10-19 Girls Independent school <br>GCSE: A8S 13.8, #4,008<br>A-level: APS 50.88, #29",South East
116532,40.7,50.87,SO23 9NA,31,51.0583672,-1.31264038,"Winchester College<br>13-19 Mixed Independent school <br>GCSE: A8S 40.7, #2,795<br>A-level: APS 50.87, #31",South East
144511,,50.75,E6 2BB,35,51.53291456,0.05626176,"Newham Collegiate Sixth Form Centre, City of London Academy<br>16-19 Mixed College <br>A-level: APS 50.75, #35",Greater London
105595,48.8,50.59,M14 6BL,37,53.43901349,-2.22588346,"Withington Girls' School<br>7-19 Girls Independent school <br>GCSE: A8S 48.8, #1,333<br>A-level: APS 50.59, #37",North England
100003,39.2,50.44,EC4V 3AL,39,51.5111183,-0.09948726,"City of London School<br>10-18 Boys Independent school <br>GCSE: A8S 39.2, #3,035<br>A-level: APS 50.44, #39",Greater London
125424,30.6,50.44,GU1 3BB,38,51.23738825,-0.56940376,"Royal Grammar School Guildford<br>3-18 Boys Independent school <br>GCSE: A8S 30.6, #3,676<br>A-level: APS 50.44, #38",South East
102875,42.3,50.38,IG8 0RF,40,51.61967815,0.02668037,"Bancroft's School<br>11-18 Mixed Independent school <br>GCSE: A8S 42.3, #2,538<br>A-level: APS 50.38, #40",Greater London
102619,43.5,50.31,KT2 6PY,41,51.41026185,-0.29643349,"Kingston Grammar School<br>11-19 Mixed Independent school <br>GCSE: A8S 43.5, #2,327<br>A-level: APS 50.31, #41",Greater London
105591,42.9,49.98,M13 0XT,43,53.44911842,-2.21024741,"The Manchester Grammar School<br>7-18 Boys Independent school <br>GCSE: A8S 42.9, #2,417<br>A-level: APS 49.98, #43",North England
118959,7.8,49.94,TN9 1JP,44,51.20026149,0.27538781,"Tonbridge School<br>13-18 Boys Independent school <br>GCSE: A8S 7.8, #4,174<br>A-level: APS 49.94, #44",South East
122915,49.9,49.75,NG7 4ED,45,52.96267434,-1.15936741,"Nottingham High School<br>3-19 Mixed Independent school <br>GCSE: A8S 49.9, #1,160<br>A-level: APS 49.75, #45",Midlands
117617,48.5,49.71,AL1 3SJ,46,51.75708731,-0.33264621,"St Albans High School for Girls<br>4-18 Girls Independent school <br>GCSE: A8S 48.5, #1,376<br>A-level: APS 49.71, #46",South East
102611,42.1,49.53,KT1 2JT,48,51.39959758,-0.30457815,"Surbiton High School<br>4-18 Mixed Independent school <br>GCSE: A8S 42.1, #2,572<br>A-level: APS 49.53, #48",Greater London
101071,32.6,49.42,SW11 1HS,49,51.45643062,-0.17285297,"Emanuel School<br>10-19 Mixed Independent school <br>GCSE: A8S 32.6, #3,598<br>A-level: APS 49.42, #49",Greater London
125320,16.9,49.28,GU5 0DF,51,51.19615702,-0.55761365,"St Catherine's School<br>2-18 Girls Independent school <br>GCSE: A8S 16.9, #3,939<br>A-level: APS 49.28, #51",South East
102946,21.7,49.27,TW12 3HD,52,51.42873326,-0.37111051,"Hampton School<br>2-19 Boys Independent school <br>GCSE: A8S 21.7, #3,851<br>A-level: APS 49.27, #52",Greater London
109371,28.8,49.23,BS9 3AW,53,51.49005702,-2.61398629,"Redmaids' High School<br>6-19 Girls Independent school <br>GCSE: A8S 28.8, #3,733<br>A-level: APS 49.23, #53",South West
116534,45.2,49.13,SO21 1HA,54,51.06361998,-1.28875847,"St Swithuns<br>3-18 Girls Independent school <br>GCSE: A8S 45.2, #1,979<br>A-level: APS 49.13, #54",South East
101693,17.1,49.08,SE9 4QF,55,51.43796971,0.0386701,"Eltham College<br>7-19 Mixed Independent school <br>GCSE: A8S 17.1, #3,931<br>A-level: APS 49.08, #55",Greater London
125349,27.3,49.06,KT21 1ET,56,51.30778816,-0.28766017,"City of London Freemen's School<br>7-18 Mixed Independent school <br>GCSE: A8S 27.3, #3,764<br>A-level: APS 49.06, #56",Greater London
123312,16.4,49.02,OX14 1DE,58,51.67299383,-1.28837935,"Abingdon School<br>4-19 Mixed Independent school <br>GCSE: A8S 16.4, #3,954<br>A-level: APS 49.02, #58",South East
149027,,48.93,CB1 2AW,60,52.20007009,0.12688451,"Cardiff Sixth Form College, Cambridge<br>14-19 Mixed Independent school <br>A-level: APS 48.93, #60",Midlands
100065,15.9,48.87,NW3 6XH,62,51.55350822,-0.18108218,"University College School<br>4-18 Mixed Independent school <br>GCSE: A8S 15.9, #3,967<br>A-level: APS 48.87, #62",Greater London
101161,12.5,48.81,SW1W 8JF,63,51.49157321,-0.15386003,"Francis Holland School<br>11-19 Girls Independent school <br>GCSE: A8S 12.5, #4,039<br>A-level: APS 48.81, #63",Greater London
102162,16.0,48.68,N6 5HF,64,51.57022268,-0.14415195,"Channing School<br>4-18 Girls Independent school <br>GCSE: A8S 16.0, #3,965<br>A-level: APS 48.68, #64",Greater London
117616,21.7,48.58,HA6 2HT,66,51.63415604,-0.42313673,"Merchant Taylors' School<br>11-18 Boys Independent school <br>GCSE: A8S 21.7, #3,849<br>A-level: APS 48.58, #66",Greater London
100202,42.4,48.56,SE12 8AW,67,51.45032411,0.02163242,"Colfe's School<br>3-19 Mixed Independent school <br>GCSE: A8S 42.4, #2,518<br>A-level: APS 48.56, #67",Greater London
107166,20.7,48.47,S10 2PE,69,53.37490637,-1.49840708,"Sheffield High School GDST<br>3-19 Girls Independent school <br>GCSE: A8S 20.7, #3,866<br>A-level: APS 48.47, #69",Midlands
100861,17.0,48.23,SE21 7LD,70,51.44028027,-0.08501829,"Dulwich College<br>0-19 Mixed Independent school <br>GCSE: A8S 17.0, #3,937<br>A-level: APS 48.23, #70",Greater London
125427,17.6,48.16,CR3 6YA,71,51.27262472,-0.08659184,"Caterham School<br>10-19 Mixed Independent school <br>GCSE: A8S 17.6, #3,926<br>A-level: APS 48.16, #71",Greater London
102245,24.9,48.13,HA1 3HP,72,51.57228203,-0.33738321,"Harrow School<br>12-19 Boys Independent school <br>GCSE: A8S 24.9, #3,800<br>A-level: APS 48.13, #72",Greater London
146516,1.7,47.96,OX4 1BD,77,51.75124157,-1.23875053,"Oxford International College<br>14-19 Mixed Independent school <br>GCSE: A8S 1.7, #4,553<br>A-level: APS 47.96, #77",South East
101954,17.5,47.89,W13 8AX,79,51.52151245,-0.31603957,"Notting Hill & Ealing High School GDST<br>4-18 Girls Independent school <br>GCSE: A8S 17.5, #3,927<br>A-level: APS 47.89, #79",Greater London
118939,20.0,47.84,TN17 4AA,80,51.07524095,0.57164171,"Benenden School<br>10-19 Girls Independent school <br>GCSE: A8S 20.0, #3,880<br>A-level: APS 47.84, #80",South East
138403,,47.82,E15 1AJ,82,51.53915933,-0.00113837,"London Academy of Excellence<br>16-19 Mixed College <br>A-level: APS 47.82, #82",Greater London
125422,48.0,47.82,RH2 0QS,81,51.23660954,-0.19303472,"Reigate Grammar School<br>2-18 Mixed Independent school <br>GCSE: A8S 48.0, #1,450<br>A-level: APS 47.82, #81",South East
120333,17.7,47.8,LE11 2DU,83,52.76538488,-1.20330078,"Loughborough High School<br>11-18 Girls Independent school <br>GCSE: A8S 17.7, #3,923<br>A-level: APS 47.8, #83",Midlands
123310,19.4,47.76,OX2 6XA,85,51.77344599,-1.25919006,"Oxford High School GDST<br>4-19 Girls Independent school <br>GCSE: A8S 19.4, #3,890<br>A-level: APS 47.76, #85",South East
117038,53.6,47.67,WR1 1HP,86,52.20070539,-2.22482427,"Royal Grammar School Worcester<br>2-19 Mixed Independent school <br>GCSE: A8S 53.6, #735<br>A-level: APS 47.67, #86",Midlands
109374,23.0,47.61,BA2 6HU,89,51.38649728,-2.34364868,"King Edward's School<br>3-19 Mixed Independent school <br>GCSE: A8S 23.0, #3,831<br>A-level: APS 47.61, #89",South West
116579,41.2,47.33,GU31 4AS,95,51.00927525,-0.92759143,"Churcher's College<br>2-18 Mixed Independent school <br>GCSE: A8S 41.2, #2,709<br>A-level: APS 47.33, #95",South East
149755,,47.24,LS1 5AS,97,53.79931593,-1.54536413,"Leeds Mathematics School<br>16-19 Mixed College <br>A-level: APS 47.24, #97",North England
110120,33.9,47.2,SL5 9JF,100,51.39367373,-0.67047205,"St Mary's School Ascot<br>11-18 Girls Independent school <br>GCSE: A8S 33.9, #3,530<br>A-level: APS 47.2, #100",South East
125425,21.4,47.13,KT16 9BN,101,51.38678801,-0.51146285,"Sir William Perkins's School<br>11-19 Girls Independent school <br>GCSE: A8S 21.4, #3,862<br>A-level: APS 47.13, #101",Greater London
117657,18.9,47.1,WD23 4EB,103,51.64107639,-0.33434635,"Immanuel College<br>4-19 Mixed Independent school <br>GCSE: A8S 18.9, #3,899<br>A-level: APS 47.1, #103",Greater London
108549,10.6,47.1,NE2 4DX,102,54.98281656,-1.60742207,"Royal Grammar School<br>7-19 Mixed Independent school <br>GCSE: A8S 10.6, #4,092<br>A-level: APS 47.1, #102",North England
125332,19.7,47.08,KT17 4JQ,105,51.32736237,-0.24490356,"Epsom College<br>11-19 Mixed Independent school <br>GCSE: A8S 19.7, #3,887<br>A-level: APS 47.08, #105",Greater London
108113,44.8,47.08,LS17 8GS,104,53.86418909,-1.51940526,"The Grammar School At Leeds<br>2-19 Mixed Independent school <br>GCSE: A8S 44.8, #2,067<br>A-level: APS 47.08, #104",North England
140971,,47.06,EX4 3PU,106,50.72564607,-3.52973625,"Exeter Mathematics School<br>16-19 Mixed College <br>A-level: APS 47.06, #106",South West
101837,13.2,47.01,CR2 6YT,108,51.35984616,-0.1014317,"Whitgift School<br>10-18 Boys Independent school <br>GCSE: A8S 13.2, #4,023<br>A-level: APS 47.01, #108",Greater London
100754,16.5,46.87,SE6 4TY,110,51.44381599,-0.02871945,"St Dunstan's College<br>3-18 Mixed Independent school <br>GCSE: A8S 16.5, #3,950<br>A-level: APS 46.87, #110",Greater London
123300,36.0,46.84,OX14 2HR,111,51.69319337,-1.25002637,"Radley College<br>13-18 Boys Independent school <br>GCSE: A8S 36.0, #3,377<br>A-level: APS 46.84, #111",South East
120334,21.4,46.8,LE8 9FL,112,52.57589123,-1.0414766,"Leicester Grammar School Trust<br>3-19 Mixed Independent school <br>GCSE: A8S 21.4, #3,860<br>A-level: APS 46.8, #112",Midlands
116583,41.5,46.71,PO1 2LN,113,50.79195246,-1.09997711,"The Portsmouth Grammar School<br>2-18 Mixed Independent school <br>GCSE: A8S 41.5, #2,651<br>A-level: APS 46.71, #113",South East
126136,11.8,46.7,BN6 9JS,115,50.94314711,-0.16487529,"Hurstpierpoint College<br>4-19 Mixed Independent school <br>GCSE: A8S 11.8, #4,060<br>A-level: APS 46.7, #115",South East
126513,37.9,46.66,SN11 0DF,117,51.44017929,-2.00873492,"St Marys Calne and St Margarets Prep<br>2-18 Mixed Independent school <br>GCSE: A8S 37.9, #3,186<br>A-level: APS 46.66, #117",South West
110914,45.1,46.65,CB2 7AD,118,52.19702294,0.12182236,"The Leys School<br>11-19 Mixed Independent school <br>GCSE: A8S 45.1, #2,002<br>A-level: APS 46.65, #118",Midlands
147477,,46.49,L69 7SH,119,53.40190151,-2.9669076,"University of Liverpool Mathematics School<br>16-19 Mixed College <br>A-level: APS 46.49, #119",North England
111485,19.3,46.48,CH4 7QL,120,53.16786334,-2.89994762,"The King's School<br>4-19 Mixed Independent school <br>GCSE: A8S 19.3, #3,891<br>A-level: APS 46.48, #120",North England
125777,10.8,46.4,CV21 3AW,122,52.3704241,-1.26319214,"Rugby School<br>13-18 Mixed Independent school <br>GCSE: A8S 10.8, #4,080<br>A-level: APS 46.4, #122",Midlands
110125,15.1,46.38,RG45 7PU,123,51.36406936,-0.80555002,"Wellington College<br>12-19 Mixed Independent school <br>GCSE: A8S 15.1, #3,982<br>A-level: APS 46.38, #123",South East
103022,39.1,46.36,SM1 2AX,124,51.36087883,-0.19758616,"Sutton High School GDST<br>3-18 Girls Independent school <br>GCSE: A8S 39.1, #3,040<br>A-level: APS 46.36, #124",Greater London
104124,41.4,46.35,B91 3DJ,126,52.41459695,-1.77134258,"Solihull School<br>3-19 Mixed Independent school <br>GCSE: A8S 41.4, #2,691<br>A-level: APS 46.35, #126",Midlands
101158,51.2,46.24,NW1 6XR,128,51.52467743,-0.16029089,"Francis Holland School<br>11-19 Girls Independent school <br>GCSE: A8S 51.2, #982<br>A-level: APS 46.24, #128",Greater London
122129,16.1,46.08,PE8 4GH,132,52.48218936,-0.46923384,"Oundle School<br>10-19 Mixed Independent school <br>GCSE: A8S 16.1, #3,959<br>A-level: APS 46.08, #132",Midlands
144753,,45.99,N17 0BX,133,51.60455137,-0.06650473,"London Academy of Excellence Tottenham<br>16-19 Mixed College <br>A-level: APS 45.99, #133",Greater London
123290,32.6,45.89,OX3 7TD,134,51.75756691,-1.22156224,"Headington Rye Oxford<br>3-19 Girls Independent school <br>GCSE: A8S 32.6, #3,600<br>A-level: APS 45.89, #134",South East
110123,18.6,45.81,RG18 9JJ,136,51.4367204,-1.27394064,"Downe House<br>11-18 Girls Independent school <br>GCSE: A8S 18.6, #3,906<br>A-level: APS 45.81, #136",South East
113922,26.8,45.77,BH21 3AD,137,50.78980362,-1.95383402,"Canford School<br>13-18 Mixed Independent school <br>GCSE: A8S 26.8, #3,773<br>A-level: APS 45.77, #137",South West
101692,32.8,45.75,BR1 2TW,138,51.39529982,0.05712722,"Bromley High School GDST<br>4-18 Girls Independent school <br>GCSE: A8S 32.8, #3,587<br>A-level: APS 45.75, #138",Greater London
100511,15.1,45.74,SW7 5LE,139,51.49473471,-0.17833837,"Queen's Gate School<br>4-19 Girls Independent school <br>GCSE: A8S 15.1, #3,981<br>A-level: APS 45.74, #139",Greater London
143659,40.3,45.56,N19 3EU,143,51.56797438,-0.12940992,"City of London Academy, Highgate Hill<br>11-18 Mixed Academy <br>GCSE: A8S 40.3, #2,867<br>A-level: APS 45.56, #143",Greater London
125781,33.3,45.47,CV34 6PP,147,52.27924214,-1.57387906,"Warwick School<br>7-19 Boys Independent school <br>GCSE: A8S 33.3, #3,566<br>A-level: APS 45.47, #147",Midlands
136947,,45.45,BN3 3ER,148,50.8326996,-0.16323111,"The Montessori Place<br>Jan-19 Mixed Independent school <br>A-level: APS 45.45, #148",South East
101845,23.2,45.43,CR2 8YB,149,51.34124541,-0.06168148,"Croydon High School<br>3-19 Girls Independent school <br>GCSE: A8S 23.2, #3,829<br>A-level: APS 45.43, #149",Greater London
117647,10.1,45.4,AL3 4HB,150,51.75100967,-0.34543091,"St Albans School<br>11-19 Boys Independent school <br>GCSE: A8S 10.1, #4,109<br>A-level: APS 45.4, #150",South East
111471,29.2,45.39,CW8 1LU,151,53.24851194,-2.54428837,"The Grange School<br>4-18 Mixed Independent school <br>GCSE: A8S 29.2, #3,723<br>A-level: APS 45.39, #151",North England
117604,12.2,45.35,HP4 2DJ,152,51.75941494,-0.56258646,"Berkhamsted School<br>11-19 Mixed Independent school <br>GCSE: A8S 12.2, #4,049<br>A-level: APS 45.35, #152",South East
110924,49.9,45.28,CB2 1HF,155,52.19688926,0.12525468,"The Stephen Perse Foundation<br>2-21 Mixed Independent school <br>GCSE: A8S 49.9, #1,159<br>A-level: APS 45.28, #155",Midlands
117607,14.5,45.23,SG13 7NU,156,51.77926864,-0.03403473,"Haileybury College<br>11-18 Mixed Independent school <br>GCSE: A8S 14.5, #3,998<br>A-level: APS 45.23, #156",South East
116580,15.9,45.21,SO15 5UQ,157,50.92294852,-1.41686378,"King Edward VI School<br>10-19 Mixed Independent school <br>GCSE: A8S 15.9, #3,968<br>A-level: APS 45.21, #157",South East
101064,19.9,45.21,SW15 5PY,158,51.45454041,-0.25241031,"Ibstock Place School<br>4-18 Mixed Independent school <br>GCSE: A8S 19.9, #3,881<br>A-level: APS 45.21, #158",Greater London
121242,12.1,45.16,NR1 4DD,159,52.6308482,1.29967058,"Norwich School<br>3-18 Mixed Independent school <br>GCSE: A8S 12.1, #4,052<br>A-level: APS 45.16, #159",Midlands
101157,28.2,45.13,W1G 8BT,160,51.51846055,-0.14696365,"Queen's College, London<br>3-19 Girls Independent school <br>GCSE: A8S 28.2, #3,749<br>A-level: APS 45.13, #160",Greater London
111473,28.9,45.05,SK10 4SP,162,53.27687614,-2.16674906,"The King's School In Macclesfield<br>3-19 Mixed Independent school <br>GCSE: A8S 28.9, #3,728<br>A-level: APS 45.05, #162",North England
126516,23.3,45.01,SN8 1PA,163,51.4163609,-1.73596946,"Marlborough College<br>13-19 Mixed Independent school <br>GCSE: A8S 23.3, #3,824<br>A-level: APS 45.01, #163",South West
120320,23.3,45.01,LE15 9QE,164,52.58806522,-0.72505669,"Uppingham School<br>11-18 Mixed Independent school <br>GCSE: A8S 23.3, #3,827<br>A-level: APS 45.01, #164",Midlands
118996,17.6,44.99,CT1 2ES,166,51.28098618,1.08432092,"The King's School Canterbury<br>13-18 Mixed Independent school <br>GCSE: A8S 17.6, #3,924<br>A-level: APS 44.99, #166",South East
145748,,44.95,CW9 8AF,167,53.25082572,-2.51519681,"Sir John Deane's Sixth Form College<br>16-19 Mixed Academy <br>A-level: APS 44.95, #167",North England
148421,,44.89,N12 9EY,169,51.61147998,-0.16877112,"Woodhouse College<br>16-19 Mixed Academy <br>A-level: APS 44.89, #169",Greater London
125323,14.7,44.85,GU6 8QQ,170,51.15038534,-0.49348287,"Cranleigh School<br>5-19 Mixed Independent school <br>GCSE: A8S 14.7, #3,987<br>A-level: APS 44.85, #170",South East
121241,36.7,44.81,NR2 2HU,171,52.61856167,1.27607695,"Norwich High School for Girls GDST<br>3-19 Girls Independent school <br>GCSE: A8S 36.7, #3,312<br>A-level: APS 44.81, #171",Midlands
109718,14.6,44.76,MK40 2TU,172,52.14146704,-0.46348818,"Bedford School<br>7-19 Boys Independent school <br>GCSE: A8S 14.6, #3,994<br>A-level: APS 44.76, #172",South East
117605,23.4,44.7,CM23 2PQ,174,51.87192438,0.14712835,"Bishop's Stortford College<br>3-18 Mixed Independent school <br>GCSE: A8S 23.4, #3,823<br>A-level: APS 44.7, #174",South East
101947,30.3,44.68,W5 2ES,175,51.5209841,-0.30743933,"St Benedict's School<br>3-18 Mixed Independent school <br>GCSE: A8S 30.3, #3,687<br>A-level: APS 44.68, #175",Greater London
125340,23.3,44.62,GU7 2DX,176,51.19667533,-0.62151768,"Charterhouse<br>12-19 Mixed Independent school <br>GCSE: A8S 23.3, #3,828<br>A-level: APS 44.62, #176",South East
114616,16.5,44.6,BN2 5RQ,177,50.81255793,-0.08569223,"Roedean School<br>11-18 Girls Independent school <br>GCSE: A8S 16.5, #3,949<br>A-level: APS 44.6, #177",South East
136083,3.3,44.59,CB2 8EB,178,52.18642649,0.13300649,"Abbey College Cambridge<br>12-21 Mixed Independent school <br>GCSE: A8S 3.3, #4,429<br>A-level: APS 44.59, #178",Midlands
125353,17.6,44.56,KT22 8SP,180,51.29732546,-0.32277715,"St John's School<br>11-18 Mixed Independent school <br>GCSE: A8S 17.6, #3,925<br>A-level: APS 44.56, #180",Greater London
125345,14.9,44.56,GU1 2JD,181,51.24286638,-0.55562331,"Tormead School<br>4-18 Girls Independent school <br>GCSE: A8S 14.9, #3,984<br>A-level: APS 44.56, #181",South East
125361,21.5,44.55,KT15 2QS,182,51.37770078,-0.4788811,"St George's College Weybridge<br>11-19 Mixed Independent school <br>GCSE: A8S 21.5, #3,856<br>A-level: APS 44.55, #182",Greater London
140939,,44.54,SW1H 9LH,183,51.49954998,-0.13116204,"Harris Westminster Sixth Form<br>16-19 Mixed College <br>A-level: APS 44.54, #183",Greater London
110151,17.7,44.5,RG4 6SU,186,51.4708899,-0.917999,"Reading Blue Coat School<br>11-18 Mixed Independent school <br>GCSE: A8S 17.7, #3,922<br>A-level: APS 44.5, #186",South East
125442,8.5,44.49,RH5 6NU,187,51.17282042,-0.42707628,"Hurtwood House School<br>15-19 Mixed Independent school <br>GCSE: A8S 8.5, #4,152<br>A-level: APS 44.49, #187",South East
113607,22.8,44.44,EX2 4NS,190,50.71954587,-3.51201331,"Exeter School<br>6-19 Mixed Independent school <br>GCSE: A8S 22.8, #3,833<br>A-level: APS 44.44, #190",South West
126134,39.0,44.42,RH15 0EG,191,50.95131828,-0.12503088,"Burgess Hill Girls<br>2-19 Girls Independent school <br>GCSE: A8S 39.0, #3,056<br>A-level: APS 44.42, #191",South East
149099,,44.42,PR1 4BA,192,53.75931824,-2.68494375,"Lancaster University School of Mathematics<br>16-19 Mixed College <br>A-level: APS 44.42, #192",North England
109370,40.8,44.38,BS8 1JX,193,51.45487107,-2.60906617,"Queen Elizabeth's Hospital<br>7-18 Mixed Independent school <br>GCSE: A8S 40.8, #2,788<br>A-level: APS 44.38, #193",South West
112076,34.1,44.37,TR1 1TH,194,50.26080108,-5.04278809,"Truro School<br>11-20 Mixed Independent school <br>GCSE: A8S 34.1, #3,517<br>A-level: APS 44.37, #194",South West
115795,21.4,44.23,GL53 7LD,197,51.89217897,-2.07600248,"Cheltenham College<br>2-19 Mixed Independent school <br>GCSE: A8S 21.4, #3,859<br>A-level: APS 44.23, #197",South West
109369,14.8,44.18,BS8 1SR,198,51.45826635,-2.60457744,"Bristol Grammar School<br>4-18 Mixed Independent school <br>GCSE: A8S 14.8, #3,985<br>A-level: APS 44.18, #198",South West
107163,43.7,44.09,S10 3DH,201,53.37452847,-1.50478463,"Birkdale School<br>4-18 Mixed Independent school <br>GCSE: A8S 43.7, #2,288<br>A-level: APS 44.09, #201",Midlands
107455,22.3,44.07,BD9 4JP,203,53.8145604,-1.76981145,"Bradford Grammar School<br>4-19 Mixed Independent school <br>GCSE: A8S 22.3, #3,835<br>A-level: APS 44.07, #203",North England
110165,27.6,44.06,RG1 5DZ,204,51.44862142,-0.96228548,"The Abbey School Reading<br>3-19 Girls Independent school <br>GCSE: A8S 27.6, #3,759<br>A-level: APS 44.06, #204",South East
125321,16.9,44.0,KT11 2ES,206,51.33796668,-0.3759647,"Reeds School<br>10-19 Mixed Independent school <br>GCSE: A8S 16.9, #3,938<br>A-level: APS 44.0, #206",Greater London
101367,43.1,43.94,NW7 1QS,207,51.61897236,-0.23042629,"Mill Hill School Foundation<br>3-19 Mixed Independent school <br>GCSE: A8S 43.1, #2,387<br>A-level: APS 43.94, #207",Greater London
125369,31.6,43.91,CR3 7YA,209,51.27632106,-0.05171189,"Woldingham School<br>10-19 Girls Independent school <br>GCSE: A8S 31.6, #3,648<br>A-level: APS 43.91, #209",Greater London
103110,14.7,43.89,E17 3PY,211,51.58557971,0.00934209,"Forest School<br>4-18 Mixed Independent school <br>GCSE: A8S 14.7, #3,990<br>A-level: APS 43.89, #211",Greater London
119002,24.4,43.87,TN13 3UL,212,51.27897905,0.19787038,"Walthamstow Hall<br>2-19 Mixed Independent school <br>GCSE: A8S 24.4, #3,811<br>A-level: APS 43.87, #212",South East
109337,22.2,43.83,BS9 3BA,214,51.48532155,-2.61853154,"Badminton School<br>3-19 Girls Independent school <br>GCSE: A8S 22.2, #3,838<br>A-level: APS 43.83, #214",South West
137018,56.2,43.82,TW1 4QG,215,51.44134359,-0.33297692,"Radnor House<br>11-18 Mixed Independent school <br>GCSE: A8S 56.2, #520<br>A-level: APS 43.82, #215",Greater London
108547,31.8,43.78,NE4 9YJ,216,54.98218956,-1.65244479,"Dame Allan's Schools<br>3-19 Mixed Independent school <br>GCSE: A8S 31.8, #3,637<br>A-level: APS 43.78, #216",North England
116574,,43.75,SO24 0LQ,217,51.03385885,-1.10941776,"Brockwood Park School<br>Apr-20 Mixed Independent school <br>A-level: APS 43.75, #217",South East
109346,26.3,43.7,BA1 5RG,219,51.39888847,-2.37000388,"Kingswood School<br>11-19 Mixed Independent school <br>GCSE: A8S 26.3, #3,782<br>A-level: APS 43.7, #219",South West
126133,7.0,43.68,RH17 6SQ,223,51.04102939,-0.09295296,"Ardingly College<br>2-20 Mixed Independent school <br>GCSE: A8S 7.0, #4,212<br>A-level: APS 43.68, #223",South East
100756,40.8,43.68,SE3 7AG,220,51.47783929,0.01553268,"Blackheath High School GDST<br>3-18 Girls Independent school <br>GCSE: A8S 40.8, #2,782<br>A-level: APS 43.68, #220",Greater London
145869,,43.59,WF1 2QN,226,53.68173349,-1.50231335,"CAPA College<br>16-19 Mixed College <br>A-level: APS 43.59, #226",North England
110121,32.6,43.58,RG7 6AU,227,51.4490459,-1.13184038,"Bradfield College<br>13-18 Mixed Independent school <br>GCSE: A8S 32.6, #3,597<br>A-level: APS 43.58, #227",South East
124887,40.4,43.57,IP12 4JH,230,52.0972383,1.30961519,"Woodbridge School<br>4-19 Mixed Independent school <br>GCSE: A8S 40.4, #2,840<br>A-level: APS 43.57, #230",Midlands
121724,25.7,43.57,YO30 6AB,228,53.96613814,-1.09251117,"St Peter's School 2-18<br>2-18 Mixed Independent school <br>GCSE: A8S 25.7, #3,792<br>A-level: APS 43.57, #228",North England
118131,41.9,43.57,HU3 1LW,229,53.74967759,-0.36517053,"Hymers College<br>3-18 Mixed Independent school <br>GCSE: A8S 41.9, #2,604<br>A-level: APS 43.57, #229",North England
100757,49.0,43.55,SE26 6BL,231,51.42635049,-0.06423924,"Sydenham High School, GDST<br>4-19 Girls Independent school <br>GCSE: A8S 49.0, #1,306<br>A-level: APS 43.55, #231",Greater London
145609,39.9,43.38,N16 5RP,236,51.57223586,-0.0732728,"Lubavitch House School (Senior Girls)<br>11-18 Girls Academy <br>GCSE: A8S 39.9, #2,921<br>A-level: APS 43.38, #236",Greater London
117012,30.3,43.38,B61 7DU,237,52.33056956,-2.06475191,"Bromsgrove School<br>2-18 Mixed Independent school <br>GCSE: A8S 30.3, #3,686<br>A-level: APS 43.38, #237",Midlands
123604,50.4,43.36,SY11 3EW,238,52.91402238,-3.04863648,"Moreton Hall School<br>1-18 Mixed Independent school <br>GCSE: A8S 50.4, #1,097<br>A-level: APS 43.36, #238",Wales
137923,48.6,43.33,SK7 5JX,240,53.37065903,-2.13499942,"Hazel Grove High School<br>11-18 Mixed Academy <br>GCSE: A8S 48.6, #1,356<br>A-level: APS 43.33, #240",North England
116521,32.7,43.31,RG29 1TB,241,51.21442164,-0.92942092,"Lord Wandsworth College<br>11-19 Mixed Independent school <br>GCSE: A8S 32.7, #3,595<br>A-level: APS 43.31, #241",South East
125387,47.7,43.13,RH7 6PH,245,51.17263107,0.01304043,"Lingfield College<br>0-19 Mixed Independent school <br>GCSE: A8S 47.7, #1,512<br>A-level: APS 43.13, #245",South East
110912,51.8,43.11,CB2 1LY,247,52.19492409,0.12552672,"St Mary's School<br>3-19 Girls Independent school <br>GCSE: A8S 51.8, #916<br>A-level: APS 43.11, #247",Midlands
123608,23.6,43.07,SY3 7BA,248,52.70392225,-2.7624679,"Shrewsbury School<br>12-18 Mixed Independent school <br>GCSE: A8S 23.6, #3,821<br>A-level: APS 43.07, #248",Wales
125428,16.5,42.94,KT11 3QQ,253,51.30641202,-0.37666277,"The Yehudi Menuhin School<br>8-19 Mixed Independent school <br>GCSE: A8S 16.5, #3,948<br>A-level: APS 42.94, #253",Greater London
113009,36.1,42.93,DE65 6FH,255,52.84047455,-1.55164169,"Repton School<br>12-19 Mixed Independent school <br>GCSE: A8S 36.1, #3,364<br>A-level: APS 42.93, #255",Midlands
115429,30.8,42.91,CM15 8EE,256,51.62276465,0.3113309,"Brentwood School<br>3-19 Mixed Independent school <br>GCSE: A8S 30.8, #3,668<br>A-level: APS 42.91, #256",South East
108306,43.8,42.88,WF1 3QX,257,53.68846169,-1.50135593,"Queen Elizabeth Grammar School<br>7-18 Boys Independent school <br>GCSE: A8S 43.8, #2,271<br>A-level: APS 42.88, #257",North England
121222,41.6,42.86,NR25 6EA,258,52.91028157,1.10387063,"Gresham's School<br>2-18 Mixed Independent school <br>GCSE: A8S 41.6, #2,644<br>A-level: APS 42.86, #258",Midlands
121722,36.5,42.83,YO30 7BU,261,53.96454473,-1.08742411,"Bootham School<br>2-19 Mixed Independent school <br>GCSE: A8S 36.5, #3,335<br>A-level: APS 42.83, #261",North England
111769,32.9,42.78,TS15 9EJ,263,54.50670903,-1.35203436,"Yarm School<br>11-18 Mixed Independent school <br>GCSE: A8S 32.9, #3,581<br>A-level: APS 42.78, #263",North England
110916,47.4,42.75,CB7 4DB,265,52.39710623,0.26172751,"King's Ely<br>2-19 Mixed Independent school <br>GCSE: A8S 47.4, #1,556<br>A-level: APS 42.75, #265",Midlands
126108,36.8,42.66,BN15 0RW,268,50.84552032,-0.30506293,"Lancing College<br>13-18 Mixed Independent school <br>GCSE: A8S 36.8, #3,294<br>A-level: APS 42.66, #268",South East
117037,16.1,42.65,WR1 2LL,269,52.18755095,-2.22058917,"The King's School<br>2-19 Mixed Independent school <br>GCSE: A8S 16.1, #3,961<br>A-level: APS 42.65, #269",Midlands
109728,31.3,42.55,MK41 7NT,271,52.14804398,-0.48116625,"Bedford Modern School<br>7-18 Mixed Independent school <br>GCSE: A8S 31.3, #3,656<br>A-level: APS 42.55, #271",South East
123277,34.7,42.51,OX7 6TH,272,51.9333562,-1.61196512,"Kingham Hill School<br>11-18 Mixed Independent school <br>GCSE: A8S 34.7, #3,481<br>A-level: APS 42.51, #272",South East
110109,36.0,42.47,RG4 6DX,273,51.47060756,-0.96845298,"Queen Anne's School<br>11-19 Girls Independent school <br>GCSE: A8S 36.0, #3,375<br>A-level: APS 42.47, #273",South East
130615,,42.4,CB2 8PE,275,52.18804125,0.13570254,"Hills Road Sixth Form College<br>16-19 Mixed College <br>A-level: APS 42.4, #275",Midlands
123602,51.7,42.39,SY4 2JY,276,52.76899124,-2.86335522,"Adcote School for Girls<br>4-18 Girls Independent school <br>GCSE: A8S 51.7, #929<br>A-level: APS 42.39, #276",Wales
120332,50.4,42.38,LE11 2DU,277,52.76516648,-1.20157078,"Loughborough Grammar School<br>10-19 Boys Independent school <br>GCSE: A8S 50.4, #1,087<br>A-level: APS 42.38, #277",Midlands
126532,29.4,42.34,SN10 4HE,278,51.28187849,-2.00197913,"Dauntsey's School<br>11-18 Mixed Independent school <br>GCSE: A8S 29.4, #3,716<br>A-level: APS 42.34, #278",South West
124487,40.5,42.31,ST5 1DB,281,53.01061292,-2.21784062,"Newcastle-under-Lyme School<br>2-19 Mixed Independent school <br>GCSE: A8S 40.5, #2,838<br>A-level: APS 42.31, #281",Midlands
120316,50.3,42.29,LE7 4SG,282,52.72962863,-1.07630342,"Ratcliffe College<br>3-18 Mixed Independent school <br>GCSE: A8S 50.3, #1,111<br>A-level: APS 42.29, #282",Midlands
109336,51.4,42.25,BS16 1BJ,287,51.48030338,-2.5558642,"Collegiate School<br>2-18 Mixed Independent school <br>GCSE: A8S 51.4, #962<br>A-level: APS 42.25, #287",South West
119817,29.5,42.25,BB7 9PZ,286,53.84669051,-2.47251356,"Stonyhurst College<br>3-19 Mixed Independent school <br>GCSE: A8S 29.5, #3,710<br>A-level: APS 42.25, #286",North England
123274,26.6,42.14,OX16 9UR,292,52.03878405,-1.35877919,"Tudor Hall School<br>9-18 Girls Independent school <br>GCSE: A8S 26.6, #3,776<br>A-level: APS 42.14, #292",South East
109334,25.2,42.11,BS8 3EZ,294,51.46154761,-2.62189486,"Clifton College<br>3-19 Mixed Independent school <br>GCSE: A8S 25.2, #3,796<br>A-level: APS 42.11, #294",South West
125402,50.4,42.1,RH5 6ST,296,51.24786855,-0.39748104,"St Teresa's School<br>4-18 Girls Independent school <br>GCSE: A8S 50.4, #1,082<br>A-level: APS 42.1, #296",South East
101369,28.0,42.02,NW11 7HY,299,51.56952568,-0.18526274,"The King Alfred School<br>4-19 Mixed Independent school <br>GCSE: A8S 28.0, #3,752<br>A-level: APS 42.02, #299",Greater London
103567,39.7,41.96,B15 3TS,300,52.46662327,-1.92836927,"Edgbaston High School for Girls<br>2-19 Girls Independent school <br>GCSE: A8S 39.7, #2,953<br>A-level: APS 41.96, #300",Midlands
106156,18.3,41.91,SK2 7AF,304,53.38949113,-2.14171966,"Stockport Grammar School<br>3-18 Mixed Independent school <br>GCSE: A8S 18.3, #3,911<br>A-level: APS 41.91, #304",North England
103750,17.9,41.9,CV3 6AQ,305,52.39996332,-1.51735477,"King Henry VIII School<br>3-19 Mixed Independent school <br>GCSE: A8S 17.9, #3,918<br>A-level: APS 41.9, #305",Midlands
114650,40.2,41.86,BN21 4JX,306,50.76256554,0.27975334,"Eastbourne College<br>12-19 Mixed Independent school <br>GCSE: A8S 40.2, #2,881<br>A-level: APS 41.86, #306",South East
144711,55.2,41.84,YO10 4FY,308,53.93635386,-1.06692569,"Fulford School<br>11-18 Mixed Academy <br>GCSE: A8S 55.2, #591<br>A-level: APS 41.84, #308",North England
106157,16.9,41.82,SK8 6EF,312,53.36859132,-2.19378484,"Cheadle Hulme School<br>3-18 Mixed Independent school <br>GCSE: A8S 16.9, #3,940<br>A-level: APS 41.82, #312",North England
101393,6.7,41.82,NW4 4DQ,311,51.58863329,-0.22214919,"Brampton College<br>15-19 Mixed Independent school <br>GCSE: A8S 6.7, #4,228<br>A-level: APS 41.82, #311",Greater London
114657,26.4,41.79,BN27 3QH,313,50.86660614,0.20256404,"Bede's Senior School<br>13-19 Mixed Independent school <br>GCSE: A8S 26.4, #3,778<br>A-level: APS 41.79, #313",South East
116581,12.4,41.79,PO5 3EQ,314,50.78808128,-1.09362475,"Portsmouth High School GDST<br>2-19 Girls Independent school <br>GCSE: A8S 12.4, #4,041<br>A-level: APS 41.79, #314",South East
104411,27.4,41.73,WV3 9RB,317,52.58574784,-2.14928763,"Wolverhampton Grammar School<br>4-18 Mixed Independent school <br>GCSE: A8S 27.4, #3,763<br>A-level: APS 41.73, #317",Midlands
136643,56.3,41.69,GU30 7NY,318,51.07880545,-0.8068827,"Bohunt School<br>11-18 Mixed Academy <br>GCSE: A8S 56.3, #510<br>A-level: APS 41.69, #318",South East
105373,36.9,41.61,BL9 0HN,323,53.59104182,-2.30359089,"Bury Grammar Schools<br>3-18 Mixed Independent school <br>GCSE: A8S 36.9, #3,286<br>A-level: APS 41.61, #323",North England
115392,21.9,41.6,IG7 6QF,324,51.62529078,0.0811106,"Chigwell School<br>4-18 Mixed Independent school <br>GCSE: A8S 21.9, #3,845<br>A-level: APS 41.6, #324",Greater London
110137,33.5,41.59,RG41 5BG,327,51.41584289,-0.88372269,"Reddam House Berkshire<br>0-19 Mixed Independent school <br>GCSE: A8S 33.5, #3,553<br>A-level: APS 41.59, #327",South East
125788,16.6,41.59,CV34 6YE,325,52.27770755,-1.57464127,"King's High School<br>10-18 Girls Independent school <br>GCSE: A8S 16.6, #3,945<br>A-level: APS 41.59, #325",Midlands
142306,51.9,41.39,CA13 9HF,332,54.66719443,-3.35105836,"Cockermouth School<br>11-18 Mixed Academy <br>GCSE: A8S 51.9, #904<br>A-level: APS 41.39, #332",North England
122144,38.5,41.35,NN4 6UU,333,52.20981782,-0.8860385,"Northampton High School GDST<br>2-18 Girls Independent school <br>GCSE: A8S 38.5, #3,128<br>A-level: APS 41.35, #333",Midlands
143756,54.3,41.3,N1 5JU,334,51.53340714,-0.06626044,"City of London Academy, Shoreditch Park<br>11-19 Mixed Academy <br>GCSE: A8S 54.3, #674<br>A-level: APS 41.3, #334",Greater London
139155,48.0,41.29,PL15 9JR,336,50.6294814,-4.35666489,"Launceston College<br>11-18 Mixed Academy <br>GCSE: A8S 48.0, #1,459<br>A-level: APS 41.29, #336",South West
110119,35.8,41.26,SL5 7DZ,339,51.40821985,-0.6662403,"St George's School<br>11-19 Girls Independent school <br>GCSE: A8S 35.8, #3,396<br>A-level: APS 41.26, #339",South East
142336,18.9,41.25,W1U 2QU,341,51.51759708,-0.15037151,"Wetherby Senior School<br>11-18 Boys Independent school <br>GCSE: A8S 18.9, #3,900<br>A-level: APS 41.25, #341",Greater London
100547,11.4,41.23,SW7 2DG,344,51.49531269,-0.17675941,"Lycee Francais Charles de Gaulle<br>2-19 Mixed Independent school <br>GCSE: A8S 11.4, #4,066<br>A-level: APS 41.23, #344",Greater London
100537,4.3,41.18,W8 4PL,347,51.50271213,-0.18943191,"Ashbourne College<br>13-21 Mixed Independent school <br>GCSE: A8S 4.3, #4,370<br>A-level: APS 41.18, #347",Greater London
123292,10.8,41.09,OX2 7NN,348,51.77699826,-1.26791574,"St Edward's School<br>13-18 Mixed Independent school <br>GCSE: A8S 10.8, #4,081<br>A-level: APS 41.09, #348",South East
137309,55.4,41.04,M8 5DY,349,53.51604223,-2.24530897,"The King David High School<br>11-18 Mixed Academy <br>GCSE: A8S 55.4, #578<br>A-level: APS 41.04, #349",North England
136292,53.0,40.97,GL54 2BD,354,51.88876489,-1.75811801,"The Cotswold Academy<br>11-18 Mixed Academy <br>GCSE: A8S 53.0, #778<br>A-level: APS 40.97, #354",South West
136524,49.7,40.95,TR14 7PP,355,50.21407991,-5.31220855,"Camborne Science and International Academy<br>11-18 Mixed Academy <br>GCSE: A8S 49.7, #1,187<br>A-level: APS 40.95, #355",South West
121758,49.6,40.94,HG2 9JP,356,53.97390537,-1.55258459,"Ashville College<br>2-19 Mixed Independent school <br>GCSE: A8S 49.6, #1,202<br>A-level: APS 40.94, #356",North England
126519,24.6,40.92,SP1 2RA,358,51.06876879,-1.78534778,"Godolphin School<br>3-19 Girls Independent school <br>GCSE: A8S 24.6, #3,807<br>A-level: APS 40.92, #358",South West
100527,39.2,40.91,W14 8SH,359,51.4948973,-0.20933441,"St James Senior Girls' School<br>11-18 Girls Independent school <br>GCSE: A8S 39.2, #3,028<br>A-level: APS 40.91, #359",Greater London
143291,50.7,40.91,NE46 3JB,360,54.97015485,-2.11782055,"Queen Elizabeth High School<br>13-18 Mixed Academy <br>GCSE: A8S 50.7, #1,045<br>A-level: APS 40.91, #360",North England
110111,52.4,40.84,RG1 5JT,363,51.44612352,-0.94837044,"St Joseph's College<br>3-18 Mixed Independent school <br>GCSE: A8S 52.4, #842<br>A-level: APS 40.84, #363",South East
120322,24.4,40.79,LE15 6DT,367,52.67049893,-0.72844313,"Oakham School<br>9-18 Mixed Independent school <br>GCSE: A8S 24.4, #3,810<br>A-level: APS 40.79, #367",Midlands
145057,,40.76,GU14 8JX,369,51.30490641,-0.75601447,"The Sixth Form College Farnborough<br>16-19 Mixed Academy <br>A-level: APS 40.76, #369",South East
117638,32.9,40.7,AL3 4AW,372,51.74340142,-0.35048913,"St Columba's College<br>4-18 Mixed Independent school <br>GCSE: A8S 32.9, #3,584<br>A-level: APS 40.7, #372",South East
106653,53.6,40.67,S36 7BX,373,53.53335959,-1.6358835,"Penistone Grammar School<br>11-18 Mixed Maintained school <br>GCSE: A8S 53.6, #730<br>A-level: APS 40.67, #373",Midlands
140212,54.0,40.59,W10 6EX,376,51.5142181,-0.21553763,"Kensington Aldridge Academy<br>11-18 Mixed Academy <br>GCSE: A8S 54.0, #699<br>A-level: APS 40.59, #376",Greater London
130669,,40.59,BN3 6EG,377,50.83406609,-0.1512339,"Brighton Hove and Sussex Sixth Form College<br>16-19 Mixed College <br>A-level: APS 40.59, #377",South East
110925,33.2,40.56,PE28 0EA,380,52.29522755,-0.38931231,"Kimbolton School<br>4-18 Mixed Independent school <br>GCSE: A8S 33.2, #3,571<br>A-level: APS 40.56, #380",Midlands
105594,30.3,40.54,M16 8HX,382,53.45139172,-2.25257208,"St Bede's College<br>3-19 Mixed Independent school <br>GCSE: A8S 30.3, #3,685<br>A-level: APS 40.54, #382",North England
149337,10.4,40.48,BN2 7BA,388,50.81764738,-0.07524815,"Oxford International College, Brighton<br>13-19 Mixed Independent school <br>GCSE: A8S 10.4, #4,096<br>A-level: APS 40.48, #388",South East
139896,,40.39,NR2 1NR,391,52.62833243,1.29021364,"Sir Isaac Newton Sixth Form Free School<br>16-19 Mixed College <br>A-level: APS 40.39, #391",Midlands
120735,39.4,40.38,PE9 2BE,392,52.65385794,-0.47405614,"Stamford Endowed Schools<br>11-19 Mixed Independent school <br>GCSE: A8S 39.4, #3,009<br>A-level: APS 40.38, #392",Midlands
105271,34.3,40.36,BL1 4PA,394,53.58031427,-2.45044347,"Bolton School Boys' Division<br>7-18 Boys Independent school <br>GCSE: A8S 34.3, #3,511<br>A-level: APS 40.36, #394",North England
109348,17.1,40.32,BA1 5SZ,396,51.39719441,-2.36541935,"Royal High School GDST<br>3-19 Girls Independent school <br>GCSE: A8S 17.1, #3,933<br>A-level: APS 40.32, #396",South West
134814,52.1,40.28,NN3 8NH,402,52.25827585,-0.83364735,"Northampton Academy<br>11-18 Mixed Academy <br>GCSE: A8S 52.1, #876<br>A-level: APS 40.28, #402",Midlands
100648,39.5,40.22,SW16 1AW,404,51.43528175,-0.13811591,"Streatham & Clapham High School GDST<br>3-19 Girls Independent school <br>GCSE: A8S 39.5, #2,987<br>A-level: APS 40.22, #404",Greater London
119818,19.1,40.21,FY7 8JW,405,53.89614196,-3.04526778,"Rossall School<br>0-19 Mixed Independent school <br>GCSE: A8S 19.1, #3,896<br>A-level: APS 40.21, #405",North England
130443,,40.19,HA1 3HX,406,51.56637035,-0.34156692,"St Dominic's Sixth Form College<br>16-18 Mixed College <br>A-level: APS 40.19, #406",Greater London
103751,31.7,40.17,CV1 4AU,408,52.41396768,-1.52121618,"Bablake School<br>3-19 Mixed Independent school <br>GCSE: A8S 31.7, #3,641<br>A-level: APS 40.17, #408",Midlands
108057,54.3,40.16,LS17 7AG,410,53.8503645,-1.5516677,"Allerton High School<br>11-18 Mixed Maintained school <br>GCSE: A8S 54.3, #666<br>A-level: APS 40.16, #410",North England
117633,35.5,40.16,SG11 1DS,409,51.88036511,-0.00863101,"St Edmund's College<br>3-19 Mixed Independent school <br>GCSE: A8S 35.5, #3,424<br>A-level: APS 40.16, #409",South East
105272,55.2,40.08,BL1 4PB,411,53.57988413,-2.45486426,"Bolton School Girls' Division<br>7-18 Girls Independent school <br>GCSE: A8S 55.2, #594<br>A-level: APS 40.08, #411",North England
136994,54.2,40.07,B91 1SN,412,52.40619363,-1.79730135,"Alderbrook School<br>11-18 Mixed Academy <br>GCSE: A8S 54.2, #678<br>A-level: APS 40.07, #412",Midlands
140815,53.7,40.03,NR3 1DD,416,52.63278155,1.29322324,"Jane Austen College<br>11-19 Mixed Academy <br>GCSE: A8S 53.7, #726<br>A-level: APS 40.03, #416",Midlands
138522,54.6,40.03,BA2 7AD,415,51.36348412,-2.32911282,"Ralph Allen School<br>11-18 Mixed Academy <br>GCSE: A8S 54.6, #654<br>A-level: APS 40.03, #415",South West
102247,13.7,40.0,HA2 0HN,420,51.57114753,-0.34364404,"The John Lyon School<br>2-18 Mixed Independent school <br>GCSE: A8S 13.7, #4,011<br>A-level: APS 40.0, #420",Greater London
110110,15.0,39.95,RG2 7ED,424,51.43057321,-0.94698733,"Leighton Park School<br>11-18 Mixed Independent school <br>GCSE: A8S 15.0, #3,983<br>A-level: APS 39.95, #424",South East
115780,32.3,39.94,GL1 2BG,426,51.86796171,-2.24436461,"The King's School, Gloucester<br>3-18 Mixed Independent school <br>GCSE: A8S 32.3, #3,614<br>A-level: APS 39.94, #426",South West
113004,45.2,39.9,NG10 4AD,428,52.90121425,-1.28619393,"Trent College<br>3-19 Mixed Independent school <br>GCSE: A8S 45.2, #1,975<br>A-level: APS 39.9, #428",Midlands
119836,35.0,39.89,FY8 1DT,429,53.74085652,-3.01011953,"AKS Lytham<br>0-19 Mixed Independent school <br>GCSE: A8S 35.0, #3,466<br>A-level: APS 39.89, #429",North England
139193,54.8,39.84,GU2 4LU,430,51.2341659,-0.58544665,"Guildford County School<br>11-18 Mixed Academy <br>GCSE: A8S 54.8, #639<br>A-level: APS 39.84, #430",South East
150012,,39.84,DH1 1SG,431,54.78018587,-1.57314104,"Durham Sixth Form Centre<br>16-19 Mixed Academy <br>A-level: APS 39.84, #431",North England
118223,22.2,39.8,PO33 3BE,433,50.72822833,-1.16773613,"Ryde School with Upper Chine<br>2-19 Mixed Independent school <br>GCSE: A8S 22.2, #3,839<br>A-level: APS 39.8, #433",South East
123914,18.4,39.8,TA2 6AD,434,51.02644159,-3.11523076,"Taunton School<br>8-19 Mixed Independent school <br>GCSE: A8S 18.4, #3,907<br>A-level: APS 39.8, #434",South West
125787,33.1,39.8,CV23 9PX,432,52.3360288,-1.42200673,"Princethorpe College<br>11-19 Mixed Independent school <br>GCSE: A8S 33.1, #3,579<br>A-level: APS 39.8, #432",Midlands
108640,44.2,39.78,NE28 7LQ,436,54.99479702,-1.52000931,"Burnside College<br>11-18 Mixed Maintained school <br>GCSE: A8S 44.2, #2,194<br>A-level: APS 39.78, #436",North England
132237,29.9,39.78,SW11 2FR,435,51.46490609,-0.17370959,"Thames Christian School<br>11-18 Mixed Independent school <br>GCSE: A8S 29.9, #3,696<br>A-level: APS 39.78, #435",Greater London
113575,29.3,39.74,EX16 4DN,440,50.90637685,-3.46738252,"Blundell's School<br>11-18 Mixed Independent school <br>GCSE: A8S 29.3, #3,717<br>A-level: APS 39.74, #440",South West
115794,38.5,39.71,GL53 8EY,441,51.88574156,-2.06038705,"St Edward's School<br>11-18 Mixed Independent school <br>GCSE: A8S 38.5, #3,134<br>A-level: APS 39.71, #441",South West
100624,50.2,39.7,SE19 3NY,443,51.42318015,-0.0996422,"The Norwood School<br>11-19 Mixed Maintained school <br>GCSE: A8S 50.2, #1,114<br>A-level: APS 39.7, #443",Greater London
142178,56.3,39.68,SE22 8RB,444,51.45923544,-0.08051115,"The Charter School East Dulwich<br>11-19 Mixed Academy <br>GCSE: A8S 56.3, #508<br>A-level: APS 39.68, #444",Greater London
114312,55.2,39.67,DH1 4SU,445,54.77949249,-1.59640723,"Durham Johnston Comprehensive School<br>11-18 Mixed Maintained school <br>GCSE: A8S 55.2, #592<br>A-level: APS 39.67, #445",North England
113606,54.1,39.64,EX32 0SX,446,51.06754024,-3.90330462,"West Buckland School<br>3-18 Mixed Independent school <br>GCSE: A8S 54.1, #695<br>A-level: APS 39.64, #446",South West
136711,55.5,39.63,HA4 0LS,449,51.55759192,-0.38921779,"Queensmead School<br>11-18 Mixed Academy <br>GCSE: A8S 55.5, #568<br>A-level: APS 39.63, #449",Greater London
100084,11.3,39.62,NW3 4YD,450,51.54569573,-0.16216868,"Fine Arts College<br>13-19 Mixed Independent school <br>GCSE: A8S 11.3, #4,070<br>A-level: APS 39.62, #450",Greater London
108538,44.3,39.59,NE2 3BA,452,54.98763122,-1.60959455,"Newcastle High School for Girls GDST<br>3-18 Girls Independent school <br>GCSE: A8S 44.3, #2,154<br>A-level: APS 39.59, #452",North England
137704,54.6,39.58,LS21 2BB,454,53.91270074,-1.69385662,"Otley Prince Henry's Grammar School Specialist Language College<br>11-18 Mixed Academy <br>GCSE: A8S 54.6, #653<br>A-level: APS 39.58, #454",North England
114330,51.7,39.52,DH1 3TB,458,54.75634826,-1.5871893,"Durham High School<br>3-18 Mixed Independent school <br>GCSE: A8S 51.7, #922<br>A-level: APS 39.52, #458",North England
116527,6.2,39.48,GU32 2DG,462,51.02076615,-0.94219739,"Bedales School<br>3-19 Mixed Independent school <br>GCSE: A8S 6.2, #4,258<br>A-level: APS 39.48, #462",South East
146303,35.6,39.47,M50 2UW,465,53.47538959,-2.29640774,"AldridgeUTC@MediaCityUK<br>13-19 Mixed Academy <br>GCSE: A8S 35.6, #3,413<br>A-level: APS 39.47, #465",North England
136822,56.3,39.46,BS10 6NJ,466,51.50128304,-2.61311391,"Bristol Free School<br>11-19 Mixed Academy <br>GCSE: A8S 56.3, #514<br>A-level: APS 39.46, #466",South West
112453,15.6,39.44,CA3 9PB,467,54.90703269,-2.95029409,"Austin Friars<br>3-18 Mixed Independent school <br>GCSE: A8S 15.6, #3,974<br>A-level: APS 39.44, #467",North England
130745,,39.42,PR1 4HD,470,53.75712064,-2.6888666,"Cardinal Newman College<br>16-99 Mixed College <br>A-level: APS 39.42, #470",North England
114622,42.3,39.4,TN33 0AD,472,50.91429288,0.4868242,"Battle Abbey School<br>0-18 Mixed Independent school <br>GCSE: A8S 42.3, #2,527<br>A-level: APS 39.4, #472",South East
109360,29.7,39.36,BA2 7HG,473,51.35730553,-2.3263398,"Monkton Combe School<br>2-19 Mixed Independent school <br>GCSE: A8S 29.7, #3,704<br>A-level: APS 39.36, #473",South West
110132,33.7,39.35,RG8 8LA,475,51.47550682,-1.10995577,"Pangbourne College<br>11-19 Mixed Independent school <br>GCSE: A8S 33.7, #3,548<br>A-level: APS 39.35, #475",South East
110548,21.6,39.34,MK18 5EH,476,52.03099448,-1.01858474,"Stowe School<br>12-19 Mixed Independent school <br>GCSE: A8S 21.6, #3,852<br>A-level: APS 39.34, #476",South East
100741,50.8,39.29,SE26 4RD,478,51.43423436,-0.05917266,"Sydenham School<br>11-18 Girls Maintained school <br>GCSE: A8S 50.8, #1,034<br>A-level: APS 39.29, #478",Greater London
149517,53.7,39.28,YO24 1BJ,480,53.95140531,-1.09468944,"All Saints Catholic School York<br>11-18 Mixed Academy <br>GCSE: A8S 53.7, #724<br>A-level: APS 39.28, #480",North England
137782,43.6,39.27,PO21 5LH,481,50.79376322,-0.69079573,"The Regis School<br>11-19 Mixed Academy <br>GCSE: A8S 43.6, #2,314<br>A-level: APS 39.27, #481",South East
118937,47.9,39.26,TN24 8PB,483,51.14968398,0.87847353,"Ashford School<br>0-20 Mixed Independent school <br>GCSE: A8S 47.9, #1,473<br>A-level: APS 39.26, #483",South East
137884,51.4,39.25,BS21 6AH,484,51.44662623,-2.84273274,"Clevedon School<br>11-18 Mixed Academy <br>GCSE: A8S 51.4, #966<br>A-level: APS 39.25, #484",South West
109727,14.2,39.24,MK42 0BX,485,52.1325632,-0.4612374,"Bedford Girls' School<br>7-18 Girls Independent school <br>GCSE: A8S 14.2, #4,004<br>A-level: APS 39.24, #485",South East
101835,20.3,39.18,CR9 5BX,487,51.35760644,-0.06568727,"Royal Russell School<br>3-19 Mixed Independent school <br>GCSE: A8S 20.3, #3,873<br>A-level: APS 39.18, #487",Greater London
117606,56.3,39.17,WD23 1DT,491,51.63839869,-0.36196025,"St Margaret's School<br>2-18 Mixed Independent school <br>GCSE: A8S 56.3, #507<br>A-level: APS 39.17, #491",Greater London
131355,49.3,39.17,LA1 5AJ,489,54.03389158,-2.80063078,"Jamea Al Kauthar<br>11-25 Girls Independent school <br>GCSE: A8S 49.3, #1,251<br>A-level: APS 39.17, #489",North England
138610,49.6,39.17,HA0 4JE,490,51.54337738,-0.29267704,"Alperton Community School<br>11-18 Mixed Academy <br>GCSE: A8S 49.6, #1,206<br>A-level: APS 39.17, #490",Greater London
109347,40.9,39.17,BA2 5AH,492,51.36452305,-2.34308182,"Prior Park College<br>11-19 Mixed Independent school <br>GCSE: A8S 40.9, #2,777<br>A-level: APS 39.17, #492",South West
124886,31.3,39.15,IP28 6TX,493,52.30111138,0.68526284,"Culford School<br>1-19 Mixed Independent school <br>GCSE: A8S 31.3, #3,658<br>A-level: APS 39.15, #493",Midlands
146972,55.0,39.12,BA2 4RE,497,51.37225816,-2.36032166,"Beechen Cliff School<br>11-18 Boys Academy <br>GCSE: A8S 55.0, #616<br>A-level: APS 39.12, #497",South West
112956,52.7,39.12,DE23 4BZ,498,52.89974918,-1.52562438,"Littleover Community School<br>11-18 Mixed Maintained school <br>GCSE: A8S 52.7, #803<br>A-level: APS 39.12, #498",Midlands
137221,56.0,39.11,W7 1EU,499,51.51591216,-0.33571784,"Drayton Manor High School<br>11-19 Mixed Academy <br>GCSE: A8S 56.0, #534<br>A-level: APS 39.11, #499",Greater London
100965,43.2,39.11,E3 3QW,500,51.52339288,-0.00946913,"Bow School<br>11-18 Mixed Maintained school <br>GCSE: A8S 43.2, #2,370<br>A-level: APS 39.11, #500",Greater London
