Year,Sector,Price,Volume,Region,text
2024,AL1 1,611000,121,South East,AL1 1<br>Avg. Price: 611K<br>Sales Volume: 121
2024,AL1 2,669000,72,South East,AL1 2<br>Avg. Price: 669K<br>Sales Volume: 72
2024,AL1 3,545000,148,South East,AL1 3<br>Avg. Price: 545K<br>Sales Volume: 148
2024,AL1 4,962000,141,South East,AL1 4<br>Avg. Price: 962K<br>Sales Volume: 141
2024,AL1 5,558000,175,South East,AL1 5<br>Avg. Price: 558K<br>Sales Volume: 175
2024,AL10 0,325000,103,South East,AL10 0<br>Avg. Price: 325K<br>Sales Volume: 103
2024,AL10 8,371000,132,South East,AL10 8<br>Avg. Price: 371K<br>Sales Volume: 132
2024,AL10 9,435000,112,South East,AL10 9<br>Avg. Price: 435K<br>Sales Volume: 112
2024,AL2 1,443000,134,South East,AL2 1<br>Avg. Price: 443K<br>Sales Volume: 134
2024,AL2 2,637000,73,South East,AL2 2<br>Avg. Price: 637K<br>Sales Volume: 73
2024,AL2 3,675000,106,South East,AL2 3<br>Avg. Price: 675K<br>Sales Volume: 106
2024,AL3 4,787000,92,South East,AL3 4<br>Avg. Price: 787K<br>Sales Volume: 92
2024,AL3 5,702000,124,South East,AL3 5<br>Avg. Price: 702K<br>Sales Volume: 124
2024,AL3 6,648000,33,South East,AL3 6<br>Avg. Price: 648K<br>Sales Volume: 33
2024,AL3 7,620000,77,South East,AL3 7<br>Avg. Price: 620K<br>Sales Volume: 77
2024,AL3 8,497000,46,South East,AL3 8<br>Avg. Price: 497K<br>Sales Volume: 46
2024,AL4 0,726000,104,South East,AL4 0<br>Avg. Price: 726K<br>Sales Volume: 104
2024,AL4 8,708000,78,South East,AL4 8<br>Avg. Price: 708K<br>Sales Volume: 78
2024,AL4 9,637000,169,South East,AL4 9<br>Avg. Price: 637K<br>Sales Volume: 169
2024,AL5 1,804000,99,South East,AL5 1<br>Avg. Price: 804K<br>Sales Volume: 99
2024,AL5 2,1518000,87,South East,"AL5 2<br>Avg. Price: 1,518K<br>Sales Volume: 87"
2024,AL5 3,964000,59,South East,AL5 3<br>Avg. Price: 964K<br>Sales Volume: 59
2024,AL5 4,720000,124,South East,AL5 4<br>Avg. Price: 720K<br>Sales Volume: 124
2024,AL5 5,795000,104,South East,AL5 5<br>Avg. Price: 795K<br>Sales Volume: 104
2024,AL6 0,861000,83,South East,AL6 0<br>Avg. Price: 861K<br>Sales Volume: 83
2024,AL6 9,678000,86,South East,AL6 9<br>Avg. Price: 678K<br>Sales Volume: 86
2024,AL7 1,345000,95,South East,AL7 1<br>Avg. Price: 345K<br>Sales Volume: 95
2024,AL7 2,391000,84,South East,AL7 2<br>Avg. Price: 391K<br>Sales Volume: 84
2024,AL7 3,371000,92,South East,AL7 3<br>Avg. Price: 371K<br>Sales Volume: 92
2024,AL7 4,417000,123,South East,AL7 4<br>Avg. Price: 417K<br>Sales Volume: 123
2024,AL8 6,530000,79,South East,AL8 6<br>Avg. Price: 530K<br>Sales Volume: 79
2024,AL8 7,574000,79,South East,AL8 7<br>Avg. Price: 574K<br>Sales Volume: 79
2024,AL9 5,452000,35,South East,AL9 5<br>Avg. Price: 452K<br>Sales Volume: 35
2024,AL9 6,610000,11,South East,AL9 6<br>Avg. Price: 610K<br>Sales Volume: 11
2024,AL9 7,891000,74,South East,AL9 7<br>Avg. Price: 891K<br>Sales Volume: 74
2024,B1 1,186000,63,Midlands,B1 1<br>Avg. Price: 186K<br>Sales Volume: 63
2024,B1 2,248000,148,Midlands,B1 2<br>Avg. Price: 248K<br>Sales Volume: 148
2024,B1 3,262000,136,Midlands,B1 3<br>Avg. Price: 262K<br>Sales Volume: 136
2024,B10 0,168000,32,Midlands,B10 0<br>Avg. Price: 168K<br>Sales Volume: 32
2024,B10 9,197000,55,Midlands,B10 9<br>Avg. Price: 197K<br>Sales Volume: 55
2024,B11 1,172000,50,Midlands,B11 1<br>Avg. Price: 172K<br>Sales Volume: 50
2024,B11 2,160000,32,Midlands,B11 2<br>Avg. Price: 160K<br>Sales Volume: 32
2024,B11 3,182000,116,Midlands,B11 3<br>Avg. Price: 182K<br>Sales Volume: 116
2024,B11 4,229000,47,Midlands,B11 4<br>Avg. Price: 229K<br>Sales Volume: 47
2024,B12 0,236000,156,Midlands,B12 0<br>Avg. Price: 236K<br>Sales Volume: 156
2024,B12 8,155000,31,Midlands,B12 8<br>Avg. Price: 155K<br>Sales Volume: 31
2024,B12 9,224000,181,Midlands,B12 9<br>Avg. Price: 224K<br>Sales Volume: 181
2024,B13 0,262000,166,Midlands,B13 0<br>Avg. Price: 262K<br>Sales Volume: 166
2024,B13 8,358000,84,Midlands,B13 8<br>Avg. Price: 358K<br>Sales Volume: 84
2024,B13 9,328000,172,Midlands,B13 9<br>Avg. Price: 328K<br>Sales Volume: 172
2024,B14 4,219000,149,Midlands,B14 4<br>Avg. Price: 219K<br>Sales Volume: 149
2024,B14 5,206000,105,Midlands,B14 5<br>Avg. Price: 206K<br>Sales Volume: 105
2024,B14 6,270000,139,Midlands,B14 6<br>Avg. Price: 270K<br>Sales Volume: 139
2024,B14 7,331000,116,Midlands,B14 7<br>Avg. Price: 331K<br>Sales Volume: 116
2024,B15 1,426000,16,Midlands,B15 1<br>Avg. Price: 426K<br>Sales Volume: 16
2024,B15 2,464000,82,Midlands,B15 2<br>Avg. Price: 464K<br>Sales Volume: 82
2024,B15 3,361000,82,Midlands,B15 3<br>Avg. Price: 361K<br>Sales Volume: 82
2024,B16 0,250000,76,Midlands,B16 0<br>Avg. Price: 250K<br>Sales Volume: 76
2024,B16 8,204000,71,Midlands,B16 8<br>Avg. Price: 204K<br>Sales Volume: 71
2024,B16 9,315000,69,Midlands,B16 9<br>Avg. Price: 315K<br>Sales Volume: 69
2024,B17 0,315000,135,Midlands,B17 0<br>Avg. Price: 315K<br>Sales Volume: 135
2024,B17 8,316000,115,Midlands,B17 8<br>Avg. Price: 316K<br>Sales Volume: 115
2024,B17 9,376000,150,Midlands,B17 9<br>Avg. Price: 376K<br>Sales Volume: 150
2024,B18 4,144000,43,Midlands,B18 4<br>Avg. Price: 144K<br>Sales Volume: 43
2024,B18 5,184000,28,Midlands,B18 5<br>Avg. Price: 184K<br>Sales Volume: 28
2024,B18 6,220000,31,Midlands,B18 6<br>Avg. Price: 220K<br>Sales Volume: 31
2024,B18 7,197000,21,Midlands,B18 7<br>Avg. Price: 197K<br>Sales Volume: 21
2024,B19 1,199000,36,Midlands,B19 1<br>Avg. Price: 199K<br>Sales Volume: 36
2024,B19 2,190000,15,Midlands,B19 2<br>Avg. Price: 190K<br>Sales Volume: 15
2024,B19 3,222000,9,Midlands,B19 3<br>Avg. Price: 222K<br>Sales Volume: 9
2024,B2 4,165000,6,Midlands,B2 4<br>Avg. Price: 165K<br>Sales Volume: 6
2024,B2 5,134000,3,Midlands,B2 5<br>Avg. Price: 134K<br>Sales Volume: 3
2024,B20 1,297000,43,Midlands,B20 1<br>Avg. Price: 297K<br>Sales Volume: 43
2024,B20 2,243000,82,Midlands,B20 2<br>Avg. Price: 243K<br>Sales Volume: 82
2024,B20 3,213000,63,Midlands,B20 3<br>Avg. Price: 213K<br>Sales Volume: 63
2024,B21 0,178000,57,Midlands,B21 0<br>Avg. Price: 178K<br>Sales Volume: 57
2024,B21 8,191000,61,Midlands,B21 8<br>Avg. Price: 191K<br>Sales Volume: 61
2024,B21 9,207000,54,Midlands,B21 9<br>Avg. Price: 207K<br>Sales Volume: 54
2024,B23 5,203000,175,Midlands,B23 5<br>Avg. Price: 203K<br>Sales Volume: 175
2024,B23 6,174000,169,Midlands,B23 6<br>Avg. Price: 174K<br>Sales Volume: 169
2024,B23 7,180000,218,Midlands,B23 7<br>Avg. Price: 180K<br>Sales Volume: 218
2024,B24 0,261000,146,Midlands,B24 0<br>Avg. Price: 261K<br>Sales Volume: 146
2024,B24 8,181000,60,Midlands,B24 8<br>Avg. Price: 181K<br>Sales Volume: 60
2024,B24 9,234000,194,Midlands,B24 9<br>Avg. Price: 234K<br>Sales Volume: 194
2024,B25 8,199000,155,Midlands,B25 8<br>Avg. Price: 199K<br>Sales Volume: 155
2024,B26 1,238000,160,Midlands,B26 1<br>Avg. Price: 238K<br>Sales Volume: 160
2024,B26 2,228000,144,Midlands,B26 2<br>Avg. Price: 228K<br>Sales Volume: 144
2024,B26 3,218000,181,Midlands,B26 3<br>Avg. Price: 218K<br>Sales Volume: 181
2024,B27 6,239000,109,Midlands,B27 6<br>Avg. Price: 239K<br>Sales Volume: 109
2024,B27 7,212000,150,Midlands,B27 7<br>Avg. Price: 212K<br>Sales Volume: 150
2024,B28 0,300000,203,Midlands,B28 0<br>Avg. Price: 300K<br>Sales Volume: 203
2024,B28 8,264000,100,Midlands,B28 8<br>Avg. Price: 264K<br>Sales Volume: 100
2024,B28 9,268000,73,Midlands,B28 9<br>Avg. Price: 268K<br>Sales Volume: 73
2024,B29 4,327000,60,Midlands,B29 4<br>Avg. Price: 327K<br>Sales Volume: 60
2024,B29 5,200000,84,Midlands,B29 5<br>Avg. Price: 200K<br>Sales Volume: 84
2024,B29 6,274000,186,Midlands,B29 6<br>Avg. Price: 274K<br>Sales Volume: 186
2024,B29 7,315000,144,Midlands,B29 7<br>Avg. Price: 315K<br>Sales Volume: 144
2024,B3 1,277000,142,Midlands,B3 1<br>Avg. Price: 277K<br>Sales Volume: 142
2024,B30 1,360000,105,Midlands,B30 1<br>Avg. Price: 360K<br>Sales Volume: 105
2024,B30 2,265000,169,Midlands,B30 2<br>Avg. Price: 265K<br>Sales Volume: 169
2024,B30 3,220000,116,Midlands,B30 3<br>Avg. Price: 220K<br>Sales Volume: 116
2024,B31 1,214000,125,Midlands,B31 1<br>Avg. Price: 214K<br>Sales Volume: 125
2024,B31 2,264000,226,Midlands,B31 2<br>Avg. Price: 264K<br>Sales Volume: 226
2024,B31 3,218000,144,Midlands,B31 3<br>Avg. Price: 218K<br>Sales Volume: 144
2024,B31 4,217000,133,Midlands,B31 4<br>Avg. Price: 217K<br>Sales Volume: 133
2024,B31 5,259000,197,Midlands,B31 5<br>Avg. Price: 259K<br>Sales Volume: 197
2024,B32 1,248000,95,Midlands,B32 1<br>Avg. Price: 248K<br>Sales Volume: 95
2024,B32 2,242000,137,Midlands,B32 2<br>Avg. Price: 242K<br>Sales Volume: 137
2024,B32 3,192000,105,Midlands,B32 3<br>Avg. Price: 192K<br>Sales Volume: 105
2024,B32 4,204000,40,Midlands,B32 4<br>Avg. Price: 204K<br>Sales Volume: 40
2024,B33 0,194000,121,Midlands,B33 0<br>Avg. Price: 194K<br>Sales Volume: 121
2024,B33 8,218000,100,Midlands,B33 8<br>Avg. Price: 218K<br>Sales Volume: 100
2024,B33 9,184000,105,Midlands,B33 9<br>Avg. Price: 184K<br>Sales Volume: 105
2024,B34 6,216000,105,Midlands,B34 6<br>Avg. Price: 216K<br>Sales Volume: 105
2024,B34 7,198000,75,Midlands,B34 7<br>Avg. Price: 198K<br>Sales Volume: 75
2024,B35 6,159000,33,Midlands,B35 6<br>Avg. Price: 159K<br>Sales Volume: 33
2024,B35 7,184000,20,Midlands,B35 7<br>Avg. Price: 184K<br>Sales Volume: 20
2024,B36 0,235000,191,Midlands,B36 0<br>Avg. Price: 235K<br>Sales Volume: 191
2024,B36 8,218000,95,Midlands,B36 8<br>Avg. Price: 218K<br>Sales Volume: 95
2024,B36 9,252000,130,Midlands,B36 9<br>Avg. Price: 252K<br>Sales Volume: 130
2024,B37 5,172000,92,Midlands,B37 5<br>Avg. Price: 172K<br>Sales Volume: 92
2024,B37 6,209000,127,Midlands,B37 6<br>Avg. Price: 209K<br>Sales Volume: 127
2024,B37 7,249000,176,Midlands,B37 7<br>Avg. Price: 249K<br>Sales Volume: 176
2024,B38 0,264000,26,Midlands,B38 0<br>Avg. Price: 264K<br>Sales Volume: 26
2024,B38 8,260000,147,Midlands,B38 8<br>Avg. Price: 260K<br>Sales Volume: 147
2024,B38 9,205000,115,Midlands,B38 9<br>Avg. Price: 205K<br>Sales Volume: 115
2024,B4 6,283000,78,Midlands,B4 6<br>Avg. Price: 283K<br>Sales Volume: 78
2024,B42 1,230000,149,Midlands,B42 1<br>Avg. Price: 230K<br>Sales Volume: 149
2024,B42 2,212000,174,Midlands,B42 2<br>Avg. Price: 212K<br>Sales Volume: 174
2024,B43 5,222000,126,Midlands,B43 5<br>Avg. Price: 222K<br>Sales Volume: 126
2024,B43 6,290000,90,Midlands,B43 6<br>Avg. Price: 290K<br>Sales Volume: 90
2024,B43 7,250000,195,Midlands,B43 7<br>Avg. Price: 250K<br>Sales Volume: 195
2024,B44 0,176000,158,Midlands,B44 0<br>Avg. Price: 176K<br>Sales Volume: 158
2024,B44 8,204000,144,Midlands,B44 8<br>Avg. Price: 204K<br>Sales Volume: 144
2024,B44 9,208000,188,Midlands,B44 9<br>Avg. Price: 208K<br>Sales Volume: 188
2024,B45 0,166000,63,Midlands,B45 0<br>Avg. Price: 166K<br>Sales Volume: 63
2024,B45 8,414000,200,Midlands,B45 8<br>Avg. Price: 414K<br>Sales Volume: 200
2024,B45 9,252000,219,Midlands,B45 9<br>Avg. Price: 252K<br>Sales Volume: 219
2024,B46 1,262000,109,Midlands,B46 1<br>Avg. Price: 262K<br>Sales Volume: 109
2024,B46 2,406000,19,Midlands,B46 2<br>Avg. Price: 406K<br>Sales Volume: 19
2024,B46 3,317000,47,Midlands,B46 3<br>Avg. Price: 317K<br>Sales Volume: 47
2024,B47 5,368000,93,Midlands,B47 5<br>Avg. Price: 368K<br>Sales Volume: 93
2024,B47 6,447000,39,Midlands,B47 6<br>Avg. Price: 447K<br>Sales Volume: 39
2024,B48 7,430000,79,Midlands,B48 7<br>Avg. Price: 430K<br>Sales Volume: 79
2024,B49 5,378000,106,Midlands,B49 5<br>Avg. Price: 378K<br>Sales Volume: 106
2024,B49 6,388000,112,Midlands,B49 6<br>Avg. Price: 388K<br>Sales Volume: 112
2024,B5 4,246000,62,Midlands,B5 4<br>Avg. Price: 246K<br>Sales Volume: 62
2024,B5 5,150000,10,Midlands,B5 5<br>Avg. Price: 150K<br>Sales Volume: 10
2024,B5 6,241000,8,Midlands,B5 6<br>Avg. Price: 241K<br>Sales Volume: 8
2024,B5 7,207000,38,Midlands,B5 7<br>Avg. Price: 207K<br>Sales Volume: 38
2024,B50 4,334000,101,Midlands,B50 4<br>Avg. Price: 334K<br>Sales Volume: 101
2024,B6 4,158000,3,Midlands,B6 4<br>Avg. Price: 158K<br>Sales Volume: 3
2024,B6 5,149000,14,Midlands,B6 5<br>Avg. Price: 149K<br>Sales Volume: 14
2024,B6 6,171000,37,Midlands,B6 6<br>Avg. Price: 171K<br>Sales Volume: 37
2024,B6 7,185000,23,Midlands,B6 7<br>Avg. Price: 185K<br>Sales Volume: 23
2024,B60 1,353000,108,Midlands,B60 1<br>Avg. Price: 353K<br>Sales Volume: 108
2024,B60 2,350000,130,Midlands,B60 2<br>Avg. Price: 350K<br>Sales Volume: 130
2024,B60 3,293000,128,Midlands,B60 3<br>Avg. Price: 293K<br>Sales Volume: 128
2024,B60 4,397000,54,Midlands,B60 4<br>Avg. Price: 397K<br>Sales Volume: 54
2024,B61 0,302000,180,Midlands,B61 0<br>Avg. Price: 302K<br>Sales Volume: 180
2024,B61 7,308000,62,Midlands,B61 7<br>Avg. Price: 308K<br>Sales Volume: 62
2024,B61 8,257000,81,Midlands,B61 8<br>Avg. Price: 257K<br>Sales Volume: 81
2024,B61 9,513000,23,Midlands,B61 9<br>Avg. Price: 513K<br>Sales Volume: 23
2024,B62 0,390000,81,Midlands,B62 0<br>Avg. Price: 390K<br>Sales Volume: 81
2024,B62 8,243000,91,Midlands,B62 8<br>Avg. Price: 243K<br>Sales Volume: 91
2024,B62 9,252000,146,Midlands,B62 9<br>Avg. Price: 252K<br>Sales Volume: 146
2024,B63 1,323000,101,Midlands,B63 1<br>Avg. Price: 323K<br>Sales Volume: 101
2024,B63 2,202000,181,Midlands,B63 2<br>Avg. Price: 202K<br>Sales Volume: 181
2024,B63 3,224000,112,Midlands,B63 3<br>Avg. Price: 224K<br>Sales Volume: 112
2024,B63 4,223000,139,Midlands,B63 4<br>Avg. Price: 223K<br>Sales Volume: 139
2024,B64 5,187000,59,Midlands,B64 5<br>Avg. Price: 187K<br>Sales Volume: 59
2024,B64 6,175000,83,Midlands,B64 6<br>Avg. Price: 175K<br>Sales Volume: 83
2024,B64 7,260000,72,Midlands,B64 7<br>Avg. Price: 260K<br>Sales Volume: 72
2024,B65 0,186000,75,Midlands,B65 0<br>Avg. Price: 186K<br>Sales Volume: 75
2024,B65 8,217000,80,Midlands,B65 8<br>Avg. Price: 217K<br>Sales Volume: 80
2024,B65 9,210000,90,Midlands,B65 9<br>Avg. Price: 210K<br>Sales Volume: 90
2024,B66 1,169000,22,Midlands,B66 1<br>Avg. Price: 169K<br>Sales Volume: 22
2024,B66 2,203000,10,Midlands,B66 2<br>Avg. Price: 203K<br>Sales Volume: 10
2024,B66 3,194000,47,Midlands,B66 3<br>Avg. Price: 194K<br>Sales Volume: 47
2024,B66 4,192000,59,Midlands,B66 4<br>Avg. Price: 192K<br>Sales Volume: 59
2024,B67 5,233000,136,Midlands,B67 5<br>Avg. Price: 233K<br>Sales Volume: 136
2024,B67 6,197000,93,Midlands,B67 6<br>Avg. Price: 197K<br>Sales Volume: 93
2024,B67 7,195000,55,Midlands,B67 7<br>Avg. Price: 195K<br>Sales Volume: 55
2024,B68 0,233000,113,Midlands,B68 0<br>Avg. Price: 233K<br>Sales Volume: 113
2024,B68 8,214000,104,Midlands,B68 8<br>Avg. Price: 214K<br>Sales Volume: 104
2024,B68 9,243000,126,Midlands,B68 9<br>Avg. Price: 243K<br>Sales Volume: 126
2024,B69 1,201000,145,Midlands,B69 1<br>Avg. Price: 201K<br>Sales Volume: 145
2024,B69 2,177000,65,Midlands,B69 2<br>Avg. Price: 177K<br>Sales Volume: 65
2024,B69 3,229000,65,Midlands,B69 3<br>Avg. Price: 229K<br>Sales Volume: 65
2024,B69 4,167000,80,Midlands,B69 4<br>Avg. Price: 167K<br>Sales Volume: 80
2024,B7 4,158000,7,Midlands,B7 4<br>Avg. Price: 158K<br>Sales Volume: 7
2024,B7 5,164000,15,Midlands,B7 5<br>Avg. Price: 164K<br>Sales Volume: 15
2024,B70 0,207000,52,Midlands,B70 0<br>Avg. Price: 207K<br>Sales Volume: 52
2024,B70 6,189000,44,Midlands,B70 6<br>Avg. Price: 189K<br>Sales Volume: 44
2024,B70 7,200000,32,Midlands,B70 7<br>Avg. Price: 200K<br>Sales Volume: 32
2024,B70 8,180000,48,Midlands,B70 8<br>Avg. Price: 180K<br>Sales Volume: 48
2024,B70 9,188000,42,Midlands,B70 9<br>Avg. Price: 188K<br>Sales Volume: 42
2024,B71 1,179000,59,Midlands,B71 1<br>Avg. Price: 179K<br>Sales Volume: 59
2024,B71 2,192000,91,Midlands,B71 2<br>Avg. Price: 192K<br>Sales Volume: 91
2024,B71 3,253000,163,Midlands,B71 3<br>Avg. Price: 253K<br>Sales Volume: 163
2024,B71 4,236000,42,Midlands,B71 4<br>Avg. Price: 236K<br>Sales Volume: 42
2024,B72 1,388000,142,Midlands,B72 1<br>Avg. Price: 388K<br>Sales Volume: 142
2024,B73 5,337000,174,Midlands,B73 5<br>Avg. Price: 337K<br>Sales Volume: 174
2024,B73 6,417000,140,Midlands,B73 6<br>Avg. Price: 417K<br>Sales Volume: 140
2024,B74 2,503000,127,Midlands,B74 2<br>Avg. Price: 503K<br>Sales Volume: 127
2024,B74 3,440000,167,Midlands,B74 3<br>Avg. Price: 440K<br>Sales Volume: 167
2024,B74 4,459000,192,Midlands,B74 4<br>Avg. Price: 459K<br>Sales Volume: 192
2024,B75 5,435000,148,Midlands,B75 5<br>Avg. Price: 435K<br>Sales Volume: 148
2024,B75 6,486000,125,Midlands,B75 6<br>Avg. Price: 486K<br>Sales Volume: 125
2024,B75 7,313000,168,Midlands,B75 7<br>Avg. Price: 313K<br>Sales Volume: 168
2024,B76 0,412000,4,Midlands,B76 0<br>Avg. Price: 412K<br>Sales Volume: 4
2024,B76 1,344000,150,Midlands,B76 1<br>Avg. Price: 344K<br>Sales Volume: 150
2024,B76 2,323000,92,Midlands,B76 2<br>Avg. Price: 323K<br>Sales Volume: 92
2024,B76 9,335000,56,Midlands,B76 9<br>Avg. Price: 335K<br>Sales Volume: 56
2024,B77 1,259000,161,Midlands,B77 1<br>Avg. Price: 259K<br>Sales Volume: 161
2024,B77 2,209000,198,Midlands,B77 2<br>Avg. Price: 209K<br>Sales Volume: 198
2024,B77 3,238000,114,Midlands,B77 3<br>Avg. Price: 238K<br>Sales Volume: 114
2024,B77 4,291000,232,Midlands,B77 4<br>Avg. Price: 291K<br>Sales Volume: 232
2024,B77 5,245000,138,Midlands,B77 5<br>Avg. Price: 245K<br>Sales Volume: 138
2024,B78 1,261000,118,Midlands,B78 1<br>Avg. Price: 261K<br>Sales Volume: 118
2024,B78 2,266000,61,Midlands,B78 2<br>Avg. Price: 266K<br>Sales Volume: 61
2024,B78 3,301000,195,Midlands,B78 3<br>Avg. Price: 301K<br>Sales Volume: 195
2024,B79 0,363000,140,Midlands,B79 0<br>Avg. Price: 363K<br>Sales Volume: 140
2024,B79 7,191000,114,Midlands,B79 7<br>Avg. Price: 191K<br>Sales Volume: 114
2024,B79 8,246000,150,Midlands,B79 8<br>Avg. Price: 246K<br>Sales Volume: 150
2024,B79 9,496000,27,Midlands,B79 9<br>Avg. Price: 496K<br>Sales Volume: 27
2024,B8 1,160000,32,Midlands,B8 1<br>Avg. Price: 160K<br>Sales Volume: 32
2024,B8 2,189000,93,Midlands,B8 2<br>Avg. Price: 189K<br>Sales Volume: 93
2024,B8 3,184000,66,Midlands,B8 3<br>Avg. Price: 184K<br>Sales Volume: 66
2024,B80 7,330000,105,Midlands,B80 7<br>Avg. Price: 330K<br>Sales Volume: 105
2024,B9 4,151000,32,Midlands,B9 4<br>Avg. Price: 151K<br>Sales Volume: 32
2024,B9 5,182000,79,Midlands,B9 5<br>Avg. Price: 182K<br>Sales Volume: 79
2024,B90 1,315000,266,Midlands,B90 1<br>Avg. Price: 315K<br>Sales Volume: 266
2024,B90 2,357000,204,Midlands,B90 2<br>Avg. Price: 357K<br>Sales Volume: 204
2024,B90 3,352000,187,Midlands,B90 3<br>Avg. Price: 352K<br>Sales Volume: 187
2024,B90 4,349000,296,Midlands,B90 4<br>Avg. Price: 349K<br>Sales Volume: 296
2024,B90 8,462000,59,Midlands,B90 8<br>Avg. Price: 462K<br>Sales Volume: 59
2024,B91 1,574000,153,Midlands,B91 1<br>Avg. Price: 574K<br>Sales Volume: 153
2024,B91 2,380000,190,Midlands,B91 2<br>Avg. Price: 380K<br>Sales Volume: 190
2024,B91 3,471000,172,Midlands,B91 3<br>Avg. Price: 471K<br>Sales Volume: 172
2024,B92 0,499000,65,Midlands,B92 0<br>Avg. Price: 499K<br>Sales Volume: 65
2024,B92 7,332000,184,Midlands,B92 7<br>Avg. Price: 332K<br>Sales Volume: 184
2024,B92 8,293000,199,Midlands,B92 8<br>Avg. Price: 293K<br>Sales Volume: 199
2024,B92 9,285000,124,Midlands,B92 9<br>Avg. Price: 285K<br>Sales Volume: 124
2024,B93 0,735000,62,Midlands,B93 0<br>Avg. Price: 735K<br>Sales Volume: 62
2024,B93 8,666000,132,Midlands,B93 8<br>Avg. Price: 666K<br>Sales Volume: 132
2024,B93 9,594000,97,Midlands,B93 9<br>Avg. Price: 594K<br>Sales Volume: 97
2024,B94 5,764000,37,Midlands,B94 5<br>Avg. Price: 764K<br>Sales Volume: 37
2024,B94 6,821000,38,Midlands,B94 6<br>Avg. Price: 821K<br>Sales Volume: 38
2024,B95 5,492000,82,Midlands,B95 5<br>Avg. Price: 492K<br>Sales Volume: 82
2024,B95 6,618000,20,Midlands,B95 6<br>Avg. Price: 618K<br>Sales Volume: 20
2024,B96 6,458000,83,Midlands,B96 6<br>Avg. Price: 458K<br>Sales Volume: 83
2024,B97 4,205000,128,Midlands,B97 4<br>Avg. Price: 205K<br>Sales Volume: 128
2024,B97 5,312000,295,Midlands,B97 5<br>Avg. Price: 312K<br>Sales Volume: 295
2024,B97 6,265000,182,Midlands,B97 6<br>Avg. Price: 265K<br>Sales Volume: 182
2024,B98 0,249000,164,Midlands,B98 0<br>Avg. Price: 249K<br>Sales Volume: 164
2024,B98 7,233000,261,Midlands,B98 7<br>Avg. Price: 233K<br>Sales Volume: 261
2024,B98 8,230000,103,Midlands,B98 8<br>Avg. Price: 230K<br>Sales Volume: 103
2024,B98 9,308000,82,Midlands,B98 9<br>Avg. Price: 308K<br>Sales Volume: 82
2024,BA1 1,315000,14,South West,BA1 1<br>Avg. Price: 315K<br>Sales Volume: 14
2024,BA1 2,640000,137,South West,BA1 2<br>Avg. Price: 640K<br>Sales Volume: 137
2024,BA1 3,562000,150,South West,BA1 3<br>Avg. Price: 562K<br>Sales Volume: 150
2024,BA1 4,469000,71,South West,BA1 4<br>Avg. Price: 469K<br>Sales Volume: 71
2024,BA1 5,786000,109,South West,BA1 5<br>Avg. Price: 786K<br>Sales Volume: 109
2024,BA1 6,450000,148,South West,BA1 6<br>Avg. Price: 450K<br>Sales Volume: 148
2024,BA1 7,712000,96,South West,BA1 7<br>Avg. Price: 712K<br>Sales Volume: 96
2024,BA1 8,693000,21,South West,BA1 8<br>Avg. Price: 693K<br>Sales Volume: 21
2024,BA1 9,887000,17,South West,BA1 9<br>Avg. Price: 887K<br>Sales Volume: 17
2024,BA10 0,440000,47,South West,BA10 0<br>Avg. Price: 440K<br>Sales Volume: 47
2024,BA11 1,335000,170,South West,BA11 1<br>Avg. Price: 335K<br>Sales Volume: 170
2024,BA11 2,350000,118,South West,BA11 2<br>Avg. Price: 350K<br>Sales Volume: 118
2024,BA11 3,330000,78,South West,BA11 3<br>Avg. Price: 330K<br>Sales Volume: 78
2024,BA11 4,371000,96,South West,BA11 4<br>Avg. Price: 371K<br>Sales Volume: 96
2024,BA11 5,464000,63,South West,BA11 5<br>Avg. Price: 464K<br>Sales Volume: 63
2024,BA11 6,655000,32,South West,BA11 6<br>Avg. Price: 655K<br>Sales Volume: 32
2024,BA12 0,438000,69,South West,BA12 0<br>Avg. Price: 438K<br>Sales Volume: 69
2024,BA12 6,402000,80,South West,BA12 6<br>Avg. Price: 402K<br>Sales Volume: 80
2024,BA12 7,496000,47,South West,BA12 7<br>Avg. Price: 496K<br>Sales Volume: 47
2024,BA12 8,308000,274,South West,BA12 8<br>Avg. Price: 308K<br>Sales Volume: 274
2024,BA12 9,279000,128,South West,BA12 9<br>Avg. Price: 279K<br>Sales Volume: 128
2024,BA13 2,324000,16,South West,BA13 2<br>Avg. Price: 324K<br>Sales Volume: 16
2024,BA13 3,248000,266,South West,BA13 3<br>Avg. Price: 248K<br>Sales Volume: 266
2024,BA13 4,321000,170,South West,BA13 4<br>Avg. Price: 321K<br>Sales Volume: 170
2024,BA14 0,263000,206,South West,BA14 0<br>Avg. Price: 263K<br>Sales Volume: 206
2024,BA14 6,403000,88,South West,BA14 6<br>Avg. Price: 403K<br>Sales Volume: 88
2024,BA14 7,316000,258,South West,BA14 7<br>Avg. Price: 316K<br>Sales Volume: 258
2024,BA14 8,211000,122,South West,BA14 8<br>Avg. Price: 211K<br>Sales Volume: 122
2024,BA14 9,317000,109,South West,BA14 9<br>Avg. Price: 317K<br>Sales Volume: 109
2024,BA15 1,449000,166,South West,BA15 1<br>Avg. Price: 449K<br>Sales Volume: 166
2024,BA15 2,546000,61,South West,BA15 2<br>Avg. Price: 546K<br>Sales Volume: 61
2024,BA16 0,278000,140,South West,BA16 0<br>Avg. Price: 278K<br>Sales Volume: 140
2024,BA16 9,278000,30,South West,BA16 9<br>Avg. Price: 278K<br>Sales Volume: 30
2024,BA2 0,412000,61,South West,BA2 0<br>Avg. Price: 412K<br>Sales Volume: 61
2024,BA2 1,333000,141,South West,BA2 1<br>Avg. Price: 333K<br>Sales Volume: 141
2024,BA2 2,476000,163,South West,BA2 2<br>Avg. Price: 476K<br>Sales Volume: 163
2024,BA2 3,433000,145,South West,BA2 3<br>Avg. Price: 433K<br>Sales Volume: 145
2024,BA2 4,725000,103,South West,BA2 4<br>Avg. Price: 725K<br>Sales Volume: 103
2024,BA2 5,572000,167,South West,BA2 5<br>Avg. Price: 572K<br>Sales Volume: 167
2024,BA2 6,842000,146,South West,BA2 6<br>Avg. Price: 842K<br>Sales Volume: 146
2024,BA2 7,762000,70,South West,BA2 7<br>Avg. Price: 762K<br>Sales Volume: 70
2024,BA2 8,355000,111,South West,BA2 8<br>Avg. Price: 355K<br>Sales Volume: 111
2024,BA2 9,638000,16,South West,BA2 9<br>Avg. Price: 638K<br>Sales Volume: 16
2024,BA20 1,178000,52,South West,BA20 1<br>Avg. Price: 178K<br>Sales Volume: 52
2024,BA20 2,264000,114,South West,BA20 2<br>Avg. Price: 264K<br>Sales Volume: 114
2024,BA21 3,276000,260,South West,BA21 3<br>Avg. Price: 276K<br>Sales Volume: 260
2024,BA21 4,225000,105,South West,BA21 4<br>Avg. Price: 225K<br>Sales Volume: 105
2024,BA21 5,215000,181,South West,BA21 5<br>Avg. Price: 215K<br>Sales Volume: 181
2024,BA22 7,509000,46,South West,BA22 7<br>Avg. Price: 509K<br>Sales Volume: 46
2024,BA22 8,299000,211,South West,BA22 8<br>Avg. Price: 299K<br>Sales Volume: 211
2024,BA22 9,451000,48,South West,BA22 9<br>Avg. Price: 451K<br>Sales Volume: 48
2024,BA3 2,296000,147,South West,BA3 2<br>Avg. Price: 296K<br>Sales Volume: 147
2024,BA3 3,263000,126,South West,BA3 3<br>Avg. Price: 263K<br>Sales Volume: 126
2024,BA3 4,366000,100,South West,BA3 4<br>Avg. Price: 366K<br>Sales Volume: 100
2024,BA3 5,378000,104,South West,BA3 5<br>Avg. Price: 378K<br>Sales Volume: 104
2024,BA4 4,405000,61,South West,BA4 4<br>Avg. Price: 405K<br>Sales Volume: 61
2024,BA4 5,255000,125,South West,BA4 5<br>Avg. Price: 255K<br>Sales Volume: 125
2024,BA4 6,458000,59,South West,BA4 6<br>Avg. Price: 458K<br>Sales Volume: 59
2024,BA5 1,363000,108,South West,BA5 1<br>Avg. Price: 363K<br>Sales Volume: 108
2024,BA5 2,334000,155,South West,BA5 2<br>Avg. Price: 334K<br>Sales Volume: 155
2024,BA5 3,412000,63,South West,BA5 3<br>Avg. Price: 412K<br>Sales Volume: 63
2024,BA6 8,420000,101,South West,BA6 8<br>Avg. Price: 420K<br>Sales Volume: 101
2024,BA6 9,258000,130,South West,BA6 9<br>Avg. Price: 258K<br>Sales Volume: 130
2024,BA7 7,388000,62,South West,BA7 7<br>Avg. Price: 388K<br>Sales Volume: 62
2024,BA8 0,327000,62,South West,BA8 0<br>Avg. Price: 327K<br>Sales Volume: 62
2024,BA9 8,586000,22,South West,BA9 8<br>Avg. Price: 586K<br>Sales Volume: 22
2024,BA9 9,287000,140,South West,BA9 9<br>Avg. Price: 287K<br>Sales Volume: 140
2024,BB1 1,119000,52,North England,BB1 1<br>Avg. Price: 119K<br>Sales Volume: 52
2024,BB1 2,209000,111,North England,BB1 2<br>Avg. Price: 209K<br>Sales Volume: 111
2024,BB1 3,134000,43,North England,BB1 3<br>Avg. Price: 134K<br>Sales Volume: 43
2024,BB1 4,139000,124,North England,BB1 4<br>Avg. Price: 139K<br>Sales Volume: 124
2024,BB1 5,148000,56,North England,BB1 5<br>Avg. Price: 148K<br>Sales Volume: 56
2024,BB1 6,179000,13,North England,BB1 6<br>Avg. Price: 179K<br>Sales Volume: 13
2024,BB1 7,145000,13,North England,BB1 7<br>Avg. Price: 145K<br>Sales Volume: 13
2024,BB1 8,218000,171,North England,BB1 8<br>Avg. Price: 218K<br>Sales Volume: 171
2024,BB1 9,226000,163,North England,BB1 9<br>Avg. Price: 226K<br>Sales Volume: 163
2024,BB10 1,95000,147,North England,BB10 1<br>Avg. Price: 95K<br>Sales Volume: 147
2024,BB10 2,178000,186,North England,BB10 2<br>Avg. Price: 178K<br>Sales Volume: 186
2024,BB10 3,177000,127,North England,BB10 3<br>Avg. Price: 177K<br>Sales Volume: 127
2024,BB10 4,170000,213,North England,BB10 4<br>Avg. Price: 170K<br>Sales Volume: 213
2024,BB11 1,102000,63,North England,BB11 1<br>Avg. Price: 102K<br>Sales Volume: 63
2024,BB11 2,118000,103,North England,BB11 2<br>Avg. Price: 118K<br>Sales Volume: 103
2024,BB11 3,93000,115,North England,BB11 3<br>Avg. Price: 93K<br>Sales Volume: 115
2024,BB11 4,101000,178,North England,BB11 4<br>Avg. Price: 101K<br>Sales Volume: 178
2024,BB11 5,173000,116,North England,BB11 5<br>Avg. Price: 173K<br>Sales Volume: 116
2024,BB12 0,177000,136,North England,BB12 0<br>Avg. Price: 177K<br>Sales Volume: 136
2024,BB12 6,139000,196,North England,BB12 6<br>Avg. Price: 139K<br>Sales Volume: 196
2024,BB12 7,153000,148,North England,BB12 7<br>Avg. Price: 153K<br>Sales Volume: 148
2024,BB12 8,144000,167,North England,BB12 8<br>Avg. Price: 144K<br>Sales Volume: 167
2024,BB12 9,288000,43,North England,BB12 9<br>Avg. Price: 288K<br>Sales Volume: 43
2024,BB18 5,177000,175,North England,BB18 5<br>Avg. Price: 177K<br>Sales Volume: 175
2024,BB18 6,174000,183,North England,BB18 6<br>Avg. Price: 174K<br>Sales Volume: 183
2024,BB2 1,104000,29,North England,BB2 1<br>Avg. Price: 104K<br>Sales Volume: 29
2024,BB2 2,127000,84,North England,BB2 2<br>Avg. Price: 127K<br>Sales Volume: 84
2024,BB2 3,146000,159,North England,BB2 3<br>Avg. Price: 146K<br>Sales Volume: 159
2024,BB2 4,134000,261,North England,BB2 4<br>Avg. Price: 134K<br>Sales Volume: 261
2024,BB2 5,282000,267,North England,BB2 5<br>Avg. Price: 282K<br>Sales Volume: 267
2024,BB2 6,157000,117,North England,BB2 6<br>Avg. Price: 157K<br>Sales Volume: 117
2024,BB2 7,286000,156,North England,BB2 7<br>Avg. Price: 286K<br>Sales Volume: 156
2024,BB3 0,171000,158,North England,BB3 0<br>Avg. Price: 171K<br>Sales Volume: 158
2024,BB3 1,134000,141,North England,BB3 1<br>Avg. Price: 134K<br>Sales Volume: 141
2024,BB3 2,157000,201,North England,BB3 2<br>Avg. Price: 157K<br>Sales Volume: 201
2024,BB3 3,182000,304,North England,BB3 3<br>Avg. Price: 182K<br>Sales Volume: 304
2024,BB4 4,260000,102,North England,BB4 4<br>Avg. Price: 260K<br>Sales Volume: 102
2024,BB4 5,134000,86,North England,BB4 5<br>Avg. Price: 134K<br>Sales Volume: 86
2024,BB4 6,246000,128,North England,BB4 6<br>Avg. Price: 246K<br>Sales Volume: 128
2024,BB4 7,211000,99,North England,BB4 7<br>Avg. Price: 211K<br>Sales Volume: 99
2024,BB4 8,239000,165,North England,BB4 8<br>Avg. Price: 239K<br>Sales Volume: 165
2024,BB4 9,178000,87,North England,BB4 9<br>Avg. Price: 178K<br>Sales Volume: 87
2024,BB5 0,103000,113,North England,BB5 0<br>Avg. Price: 103K<br>Sales Volume: 113
2024,BB5 1,78000,44,North England,BB5 1<br>Avg. Price: 78K<br>Sales Volume: 44
2024,BB5 2,187000,140,North England,BB5 2<br>Avg. Price: 187K<br>Sales Volume: 140
2024,BB5 3,139000,122,North England,BB5 3<br>Avg. Price: 139K<br>Sales Volume: 122
2024,BB5 4,142000,134,North England,BB5 4<br>Avg. Price: 142K<br>Sales Volume: 134
2024,BB5 5,152000,193,North England,BB5 5<br>Avg. Price: 152K<br>Sales Volume: 193
2024,BB5 6,133000,179,North England,BB5 6<br>Avg. Price: 133K<br>Sales Volume: 179
2024,BB6 7,164000,237,North England,BB6 7<br>Avg. Price: 164K<br>Sales Volume: 237
2024,BB6 8,400000,65,North England,BB6 8<br>Avg. Price: 400K<br>Sales Volume: 65
2024,BB7 1,237000,173,North England,BB7 1<br>Avg. Price: 237K<br>Sales Volume: 173
2024,BB7 2,280000,208,North England,BB7 2<br>Avg. Price: 280K<br>Sales Volume: 208
2024,BB7 3,596000,35,North England,BB7 3<br>Avg. Price: 596K<br>Sales Volume: 35
2024,BB7 4,422000,61,North England,BB7 4<br>Avg. Price: 422K<br>Sales Volume: 61
2024,BB7 9,371000,228,North England,BB7 9<br>Avg. Price: 371K<br>Sales Volume: 228
2024,BB8 0,120000,105,North England,BB8 0<br>Avg. Price: 120K<br>Sales Volume: 105
2024,BB8 7,265000,78,North England,BB8 7<br>Avg. Price: 265K<br>Sales Volume: 78
2024,BB8 8,174000,92,North England,BB8 8<br>Avg. Price: 174K<br>Sales Volume: 92
2024,BB8 9,126000,101,North England,BB8 9<br>Avg. Price: 126K<br>Sales Volume: 101
2024,BB9 0,121000,197,North England,BB9 0<br>Avg. Price: 121K<br>Sales Volume: 197
2024,BB9 5,129000,91,North England,BB9 5<br>Avg. Price: 129K<br>Sales Volume: 91
2024,BB9 6,267000,96,North England,BB9 6<br>Avg. Price: 267K<br>Sales Volume: 96
2024,BB9 7,113000,64,North England,BB9 7<br>Avg. Price: 113K<br>Sales Volume: 64
2024,BB9 8,124000,141,North England,BB9 8<br>Avg. Price: 124K<br>Sales Volume: 141
2024,BB9 9,90000,97,North England,BB9 9<br>Avg. Price: 90K<br>Sales Volume: 97
2024,BD1 1,87000,7,North England,BD1 1<br>Avg. Price: 87K<br>Sales Volume: 7
2024,BD1 2,82000,46,North England,BD1 2<br>Avg. Price: 82K<br>Sales Volume: 46
2024,BD1 3,99000,34,North England,BD1 3<br>Avg. Price: 99K<br>Sales Volume: 34
2024,BD1 4,110000,44,North England,BD1 4<br>Avg. Price: 110K<br>Sales Volume: 44
2024,BD1 5,94000,212,North England,BD1 5<br>Avg. Price: 94K<br>Sales Volume: 212
2024,BD10 0,229000,165,North England,BD10 0<br>Avg. Price: 229K<br>Sales Volume: 165
2024,BD10 8,237000,184,North England,BD10 8<br>Avg. Price: 237K<br>Sales Volume: 184
2024,BD10 9,177000,111,North England,BD10 9<br>Avg. Price: 177K<br>Sales Volume: 111
2024,BD11 1,280000,125,North England,BD11 1<br>Avg. Price: 280K<br>Sales Volume: 125
2024,BD11 2,232000,114,North England,BD11 2<br>Avg. Price: 232K<br>Sales Volume: 114
2024,BD12 0,174000,61,North England,BD12 0<br>Avg. Price: 174K<br>Sales Volume: 61
2024,BD12 7,194000,51,North England,BD12 7<br>Avg. Price: 194K<br>Sales Volume: 51
2024,BD12 8,152000,70,North England,BD12 8<br>Avg. Price: 152K<br>Sales Volume: 70
2024,BD12 9,193000,110,North England,BD12 9<br>Avg. Price: 193K<br>Sales Volume: 110
2024,BD13 1,217000,79,North England,BD13 1<br>Avg. Price: 217K<br>Sales Volume: 79
2024,BD13 2,192000,140,North England,BD13 2<br>Avg. Price: 192K<br>Sales Volume: 140
2024,BD13 3,167000,148,North England,BD13 3<br>Avg. Price: 167K<br>Sales Volume: 148
2024,BD13 4,209000,82,North England,BD13 4<br>Avg. Price: 209K<br>Sales Volume: 82
2024,BD13 5,291000,74,North England,BD13 5<br>Avg. Price: 291K<br>Sales Volume: 74
2024,BD14 6,180000,155,North England,BD14 6<br>Avg. Price: 180K<br>Sales Volume: 155
2024,BD15 0,231000,68,North England,BD15 0<br>Avg. Price: 231K<br>Sales Volume: 68
2024,BD15 7,136000,83,North England,BD15 7<br>Avg. Price: 136K<br>Sales Volume: 83
2024,BD15 8,239000,44,North England,BD15 8<br>Avg. Price: 239K<br>Sales Volume: 44
2024,BD15 9,181000,81,North England,BD15 9<br>Avg. Price: 181K<br>Sales Volume: 81
2024,BD16 1,213000,150,North England,BD16 1<br>Avg. Price: 213K<br>Sales Volume: 150
2024,BD16 2,199000,77,North England,BD16 2<br>Avg. Price: 199K<br>Sales Volume: 77
2024,BD16 3,308000,79,North England,BD16 3<br>Avg. Price: 308K<br>Sales Volume: 79
2024,BD16 4,236000,115,North England,BD16 4<br>Avg. Price: 236K<br>Sales Volume: 115
2024,BD17 5,276000,105,North England,BD17 5<br>Avg. Price: 276K<br>Sales Volume: 105
2024,BD17 6,271000,97,North England,BD17 6<br>Avg. Price: 271K<br>Sales Volume: 97
2024,BD17 7,190000,78,North England,BD17 7<br>Avg. Price: 190K<br>Sales Volume: 78
2024,BD18 1,180000,99,North England,BD18 1<br>Avg. Price: 180K<br>Sales Volume: 99
2024,BD18 2,143000,86,North England,BD18 2<br>Avg. Price: 143K<br>Sales Volume: 86
2024,BD18 3,199000,83,North England,BD18 3<br>Avg. Price: 199K<br>Sales Volume: 83
2024,BD18 4,279000,127,North England,BD18 4<br>Avg. Price: 279K<br>Sales Volume: 127
2024,BD19 3,159000,94,North England,BD19 3<br>Avg. Price: 159K<br>Sales Volume: 94
2024,BD19 4,258000,156,North England,BD19 4<br>Avg. Price: 258K<br>Sales Volume: 156
2024,BD19 5,201000,53,North England,BD19 5<br>Avg. Price: 201K<br>Sales Volume: 53
2024,BD19 6,258000,109,North England,BD19 6<br>Avg. Price: 258K<br>Sales Volume: 109
2024,BD2 1,171000,103,North England,BD2 1<br>Avg. Price: 171K<br>Sales Volume: 103
2024,BD2 2,152000,94,North England,BD2 2<br>Avg. Price: 152K<br>Sales Volume: 94
2024,BD2 3,193000,284,North England,BD2 3<br>Avg. Price: 193K<br>Sales Volume: 284
2024,BD2 4,145000,108,North England,BD2 4<br>Avg. Price: 145K<br>Sales Volume: 108
2024,BD20 0,245000,157,North England,BD20 0<br>Avg. Price: 245K<br>Sales Volume: 157
2024,BD20 5,235000,123,North England,BD20 5<br>Avg. Price: 235K<br>Sales Volume: 123
2024,BD20 6,220000,178,North England,BD20 6<br>Avg. Price: 220K<br>Sales Volume: 178
2024,BD20 7,251000,65,North England,BD20 7<br>Avg. Price: 251K<br>Sales Volume: 65
2024,BD20 8,292000,109,North England,BD20 8<br>Avg. Price: 292K<br>Sales Volume: 109
2024,BD20 9,292000,71,North England,BD20 9<br>Avg. Price: 292K<br>Sales Volume: 71
2024,BD21 1,116000,48,North England,BD21 1<br>Avg. Price: 116K<br>Sales Volume: 48
2024,BD21 2,112000,60,North England,BD21 2<br>Avg. Price: 112K<br>Sales Volume: 60
2024,BD21 3,81000,18,North England,BD21 3<br>Avg. Price: 81K<br>Sales Volume: 18
2024,BD21 4,139000,87,North England,BD21 4<br>Avg. Price: 139K<br>Sales Volume: 87
2024,BD21 5,106000,49,North England,BD21 5<br>Avg. Price: 106K<br>Sales Volume: 49
2024,BD22 0,252000,76,North England,BD22 0<br>Avg. Price: 252K<br>Sales Volume: 76
2024,BD22 6,151000,127,North England,BD22 6<br>Avg. Price: 151K<br>Sales Volume: 127
2024,BD22 7,184000,136,North England,BD22 7<br>Avg. Price: 184K<br>Sales Volume: 136
2024,BD22 8,190000,89,North England,BD22 8<br>Avg. Price: 190K<br>Sales Volume: 89
2024,BD22 9,228000,66,North England,BD22 9<br>Avg. Price: 228K<br>Sales Volume: 66
2024,BD23 1,294000,146,North England,BD23 1<br>Avg. Price: 294K<br>Sales Volume: 146
2024,BD23 2,233000,218,North England,BD23 2<br>Avg. Price: 233K<br>Sales Volume: 218
2024,BD23 3,333000,109,North England,BD23 3<br>Avg. Price: 333K<br>Sales Volume: 109
2024,BD23 4,324000,50,North England,BD23 4<br>Avg. Price: 324K<br>Sales Volume: 50
2024,BD23 5,404000,68,North England,BD23 5<br>Avg. Price: 404K<br>Sales Volume: 68
2024,BD23 6,416000,82,North England,BD23 6<br>Avg. Price: 416K<br>Sales Volume: 82
2024,BD24 0,341000,24,North England,BD24 0<br>Avg. Price: 341K<br>Sales Volume: 24
2024,BD24 9,294000,81,North England,BD24 9<br>Avg. Price: 294K<br>Sales Volume: 81
2024,BD3 0,102000,73,North England,BD3 0<br>Avg. Price: 102K<br>Sales Volume: 73
2024,BD3 7,134000,53,North England,BD3 7<br>Avg. Price: 134K<br>Sales Volume: 53
2024,BD3 8,99000,59,North England,BD3 8<br>Avg. Price: 99K<br>Sales Volume: 59
2024,BD3 9,96000,22,North England,BD3 9<br>Avg. Price: 96K<br>Sales Volume: 22
2024,BD4 0,170000,121,North England,BD4 0<br>Avg. Price: 170K<br>Sales Volume: 121
2024,BD4 6,168000,106,North England,BD4 6<br>Avg. Price: 168K<br>Sales Volume: 106
2024,BD4 7,107000,79,North England,BD4 7<br>Avg. Price: 107K<br>Sales Volume: 79
2024,BD4 8,133000,73,North England,BD4 8<br>Avg. Price: 133K<br>Sales Volume: 73
2024,BD4 9,98000,72,North England,BD4 9<br>Avg. Price: 98K<br>Sales Volume: 72
2024,BD5 0,107000,33,North England,BD5 0<br>Avg. Price: 107K<br>Sales Volume: 33
2024,BD5 7,96000,49,North England,BD5 7<br>Avg. Price: 96K<br>Sales Volume: 49
2024,BD5 8,141000,57,North England,BD5 8<br>Avg. Price: 141K<br>Sales Volume: 57
2024,BD5 9,118000,86,North England,BD5 9<br>Avg. Price: 118K<br>Sales Volume: 86
2024,BD6 1,151000,152,North England,BD6 1<br>Avg. Price: 151K<br>Sales Volume: 152
2024,BD6 2,157000,122,North England,BD6 2<br>Avg. Price: 157K<br>Sales Volume: 122
2024,BD6 3,166000,205,North England,BD6 3<br>Avg. Price: 166K<br>Sales Volume: 205
2024,BD7 1,141000,19,North England,BD7 1<br>Avg. Price: 141K<br>Sales Volume: 19
2024,BD7 2,141000,133,North England,BD7 2<br>Avg. Price: 141K<br>Sales Volume: 133
2024,BD7 3,98000,61,North England,BD7 3<br>Avg. Price: 98K<br>Sales Volume: 61
2024,BD7 4,156000,127,North England,BD7 4<br>Avg. Price: 156K<br>Sales Volume: 127
2024,BD8 0,149000,75,North England,BD8 0<br>Avg. Price: 149K<br>Sales Volume: 75
2024,BD8 7,143000,18,North England,BD8 7<br>Avg. Price: 143K<br>Sales Volume: 18
2024,BD8 8,99000,19,North England,BD8 8<br>Avg. Price: 99K<br>Sales Volume: 19
2024,BD8 9,101000,59,North England,BD8 9<br>Avg. Price: 101K<br>Sales Volume: 59
2024,BD9 4,150000,73,North England,BD9 4<br>Avg. Price: 150K<br>Sales Volume: 73
2024,BD9 5,173000,57,North England,BD9 5<br>Avg. Price: 173K<br>Sales Volume: 57
2024,BD9 6,164000,165,North England,BD9 6<br>Avg. Price: 164K<br>Sales Volume: 165
2024,BH1 1,215000,55,South West,BH1 1<br>Avg. Price: 215K<br>Sales Volume: 55
2024,BH1 2,282000,18,South West,BH1 2<br>Avg. Price: 282K<br>Sales Volume: 18
2024,BH1 3,280000,150,South West,BH1 3<br>Avg. Price: 280K<br>Sales Volume: 150
2024,BH1 4,216000,137,South West,BH1 4<br>Avg. Price: 216K<br>Sales Volume: 137
2024,BH10 4,311000,73,South West,BH10 4<br>Avg. Price: 311K<br>Sales Volume: 73
2024,BH10 5,344000,95,South West,BH10 5<br>Avg. Price: 344K<br>Sales Volume: 95
2024,BH10 6,371000,74,South West,BH10 6<br>Avg. Price: 371K<br>Sales Volume: 74
2024,BH10 7,320000,54,South West,BH10 7<br>Avg. Price: 320K<br>Sales Volume: 54
2024,BH11 8,289000,110,South West,BH11 8<br>Avg. Price: 289K<br>Sales Volume: 110
2024,BH11 9,347000,202,South West,BH11 9<br>Avg. Price: 347K<br>Sales Volume: 202
2024,BH12 1,293000,143,South West,BH12 1<br>Avg. Price: 293K<br>Sales Volume: 143
2024,BH12 2,306000,137,South West,BH12 2<br>Avg. Price: 306K<br>Sales Volume: 137
2024,BH12 3,302000,119,South West,BH12 3<br>Avg. Price: 302K<br>Sales Volume: 119
2024,BH12 4,298000,117,South West,BH12 4<br>Avg. Price: 298K<br>Sales Volume: 117
2024,BH12 5,378000,49,South West,BH12 5<br>Avg. Price: 378K<br>Sales Volume: 49
2024,BH13 6,539000,159,South West,BH13 6<br>Avg. Price: 539K<br>Sales Volume: 159
2024,BH13 7,1426000,107,South West,"BH13 7<br>Avg. Price: 1,426K<br>Sales Volume: 107"
2024,BH14 0,315000,211,South West,BH14 0<br>Avg. Price: 315K<br>Sales Volume: 211
2024,BH14 8,731000,187,South West,BH14 8<br>Avg. Price: 731K<br>Sales Volume: 187
2024,BH14 9,496000,115,South West,BH14 9<br>Avg. Price: 496K<br>Sales Volume: 115
2024,BH15 1,247000,131,South West,BH15 1<br>Avg. Price: 247K<br>Sales Volume: 131
2024,BH15 2,318000,117,South West,BH15 2<br>Avg. Price: 318K<br>Sales Volume: 117
2024,BH15 3,366000,158,South West,BH15 3<br>Avg. Price: 366K<br>Sales Volume: 158
2024,BH15 4,345000,173,South West,BH15 4<br>Avg. Price: 345K<br>Sales Volume: 173
2024,BH16 5,317000,170,South West,BH16 5<br>Avg. Price: 317K<br>Sales Volume: 170
2024,BH16 6,417000,68,South West,BH16 6<br>Avg. Price: 417K<br>Sales Volume: 68
2024,BH17 0,125000,1,South West,BH17 0<br>Avg. Price: 125K<br>Sales Volume: 1
2024,BH17 7,316000,145,South West,BH17 7<br>Avg. Price: 316K<br>Sales Volume: 145
2024,BH17 8,303000,108,South West,BH17 8<br>Avg. Price: 303K<br>Sales Volume: 108
2024,BH17 9,320000,80,South West,BH17 9<br>Avg. Price: 320K<br>Sales Volume: 80
2024,BH18 8,499000,93,South West,BH18 8<br>Avg. Price: 499K<br>Sales Volume: 93
2024,BH18 9,521000,101,South West,BH18 9<br>Avg. Price: 521K<br>Sales Volume: 101
2024,BH19 1,441000,97,South West,BH19 1<br>Avg. Price: 441K<br>Sales Volume: 97
2024,BH19 2,464000,82,South West,BH19 2<br>Avg. Price: 464K<br>Sales Volume: 82
2024,BH19 3,763000,24,South West,BH19 3<br>Avg. Price: 763K<br>Sales Volume: 24
2024,BH2 5,226000,117,South West,BH2 5<br>Avg. Price: 226K<br>Sales Volume: 117
2024,BH2 6,253000,80,South West,BH2 6<br>Avg. Price: 253K<br>Sales Volume: 80
2024,BH20 4,348000,77,South West,BH20 4<br>Avg. Price: 348K<br>Sales Volume: 77
2024,BH20 5,648000,50,South West,BH20 5<br>Avg. Price: 648K<br>Sales Volume: 50
2024,BH20 6,314000,58,South West,BH20 6<br>Avg. Price: 314K<br>Sales Volume: 58
2024,BH20 7,406000,47,South West,BH20 7<br>Avg. Price: 406K<br>Sales Volume: 47
2024,BH21 1,428000,206,South West,BH21 1<br>Avg. Price: 428K<br>Sales Volume: 206
2024,BH21 2,455000,163,South West,BH21 2<br>Avg. Price: 455K<br>Sales Volume: 163
2024,BH21 3,412000,114,South West,BH21 3<br>Avg. Price: 412K<br>Sales Volume: 114
2024,BH21 4,462000,91,South West,BH21 4<br>Avg. Price: 462K<br>Sales Volume: 91
2024,BH21 5,538000,11,South West,BH21 5<br>Avg. Price: 538K<br>Sales Volume: 11
2024,BH21 6,483000,23,South West,BH21 6<br>Avg. Price: 483K<br>Sales Volume: 23
2024,BH21 7,578000,26,South West,BH21 7<br>Avg. Price: 578K<br>Sales Volume: 26
2024,BH21 8,478000,4,South West,BH21 8<br>Avg. Price: 478K<br>Sales Volume: 4
2024,BH22 0,404000,137,South West,BH22 0<br>Avg. Price: 404K<br>Sales Volume: 137
2024,BH22 8,464000,188,South West,BH22 8<br>Avg. Price: 464K<br>Sales Volume: 188
2024,BH22 9,399000,209,South West,BH22 9<br>Avg. Price: 399K<br>Sales Volume: 209
2024,BH23 1,420000,108,South West,BH23 1<br>Avg. Price: 420K<br>Sales Volume: 108
2024,BH23 2,421000,178,South West,BH23 2<br>Avg. Price: 421K<br>Sales Volume: 178
2024,BH23 3,416000,121,South West,BH23 3<br>Avg. Price: 416K<br>Sales Volume: 121
2024,BH23 4,565000,195,South West,BH23 4<br>Avg. Price: 565K<br>Sales Volume: 195
2024,BH23 5,440000,212,South West,BH23 5<br>Avg. Price: 440K<br>Sales Volume: 212
2024,BH23 6,475000,3,South West,BH23 6<br>Avg. Price: 475K<br>Sales Volume: 3
2024,BH23 7,400000,55,South West,BH23 7<br>Avg. Price: 400K<br>Sales Volume: 55
2024,BH23 8,595000,57,South West,BH23 8<br>Avg. Price: 595K<br>Sales Volume: 57
2024,BH24 1,363000,149,South West,BH24 1<br>Avg. Price: 363K<br>Sales Volume: 149
2024,BH24 2,696000,94,South West,BH24 2<br>Avg. Price: 696K<br>Sales Volume: 94
2024,BH24 3,599000,53,South West,BH24 3<br>Avg. Price: 599K<br>Sales Volume: 53
2024,BH24 4,1076000,18,South West,"BH24 4<br>Avg. Price: 1,076K<br>Sales Volume: 18"
2024,BH25 5,406000,169,South West,BH25 5<br>Avg. Price: 406K<br>Sales Volume: 169
2024,BH25 6,349000,133,South West,BH25 6<br>Avg. Price: 349K<br>Sales Volume: 133
2024,BH25 7,546000,131,South West,BH25 7<br>Avg. Price: 546K<br>Sales Volume: 131
2024,BH3 7,527000,80,South West,BH3 7<br>Avg. Price: 527K<br>Sales Volume: 80
2024,BH31 6,418000,150,South West,BH31 6<br>Avg. Price: 418K<br>Sales Volume: 150
2024,BH31 7,423000,69,South West,BH31 7<br>Avg. Price: 423K<br>Sales Volume: 69
2024,BH4 8,393000,140,South West,BH4 8<br>Avg. Price: 393K<br>Sales Volume: 140
2024,BH4 9,377000,78,South West,BH4 9<br>Avg. Price: 377K<br>Sales Volume: 78
2024,BH5 1,230000,151,South West,BH5 1<br>Avg. Price: 230K<br>Sales Volume: 151
2024,BH5 2,403000,72,South West,BH5 2<br>Avg. Price: 403K<br>Sales Volume: 72
2024,BH6 3,422000,139,South West,BH6 3<br>Avg. Price: 422K<br>Sales Volume: 139
2024,BH6 4,624000,77,South West,BH6 4<br>Avg. Price: 624K<br>Sales Volume: 77
2024,BH6 5,387000,155,South West,BH6 5<br>Avg. Price: 387K<br>Sales Volume: 155
2024,BH7 6,347000,119,South West,BH7 6<br>Avg. Price: 347K<br>Sales Volume: 119
2024,BH7 7,515000,44,South West,BH7 7<br>Avg. Price: 515K<br>Sales Volume: 44
2024,BH8 0,369000,101,South West,BH8 0<br>Avg. Price: 369K<br>Sales Volume: 101
2024,BH8 8,265000,187,South West,BH8 8<br>Avg. Price: 265K<br>Sales Volume: 187
2024,BH8 9,440000,136,South West,BH8 9<br>Avg. Price: 440K<br>Sales Volume: 136
2024,BH9 1,313000,158,South West,BH9 1<br>Avg. Price: 313K<br>Sales Volume: 158
2024,BH9 2,327000,119,South West,BH9 2<br>Avg. Price: 327K<br>Sales Volume: 119
2024,BH9 3,359000,132,South West,BH9 3<br>Avg. Price: 359K<br>Sales Volume: 132
2024,BL0 0,278000,96,North England,BL0 0<br>Avg. Price: 278K<br>Sales Volume: 96
2024,BL0 9,278000,198,North England,BL0 9<br>Avg. Price: 278K<br>Sales Volume: 198
2024,BL1 1,132000,8,North England,BL1 1<br>Avg. Price: 132K<br>Sales Volume: 8
2024,BL1 2,147000,46,North England,BL1 2<br>Avg. Price: 147K<br>Sales Volume: 46
2024,BL1 3,124000,111,North England,BL1 3<br>Avg. Price: 124K<br>Sales Volume: 111
2024,BL1 4,151000,160,North England,BL1 4<br>Avg. Price: 151K<br>Sales Volume: 160
2024,BL1 5,315000,165,North England,BL1 5<br>Avg. Price: 315K<br>Sales Volume: 165
2024,BL1 6,220000,134,North England,BL1 6<br>Avg. Price: 220K<br>Sales Volume: 134
2024,BL1 7,232000,144,North England,BL1 7<br>Avg. Price: 232K<br>Sales Volume: 144
2024,BL1 8,164000,156,North England,BL1 8<br>Avg. Price: 164K<br>Sales Volume: 156
2024,BL2 1,179000,41,North England,BL2 1<br>Avg. Price: 179K<br>Sales Volume: 41
2024,BL2 2,139000,123,North England,BL2 2<br>Avg. Price: 139K<br>Sales Volume: 123
2024,BL2 3,251000,140,North England,BL2 3<br>Avg. Price: 251K<br>Sales Volume: 140
2024,BL2 4,300000,73,North England,BL2 4<br>Avg. Price: 300K<br>Sales Volume: 73
2024,BL2 5,202000,110,North England,BL2 5<br>Avg. Price: 202K<br>Sales Volume: 110
2024,BL2 6,185000,142,North England,BL2 6<br>Avg. Price: 185K<br>Sales Volume: 142
2024,BL3 1,189000,154,North England,BL3 1<br>Avg. Price: 189K<br>Sales Volume: 154
2024,BL3 2,147000,95,North England,BL3 2<br>Avg. Price: 147K<br>Sales Volume: 95
2024,BL3 3,188000,198,North England,BL3 3<br>Avg. Price: 188K<br>Sales Volume: 198
2024,BL3 4,193000,139,North England,BL3 4<br>Avg. Price: 193K<br>Sales Volume: 139
2024,BL3 5,136000,37,North England,BL3 5<br>Avg. Price: 136K<br>Sales Volume: 37
2024,BL3 6,121000,33,North England,BL3 6<br>Avg. Price: 121K<br>Sales Volume: 33
2024,BL4 0,175000,121,North England,BL4 0<br>Avg. Price: 175K<br>Sales Volume: 121
2024,BL4 7,150000,98,North England,BL4 7<br>Avg. Price: 150K<br>Sales Volume: 98
2024,BL4 8,181000,106,North England,BL4 8<br>Avg. Price: 181K<br>Sales Volume: 106
2024,BL4 9,150000,106,North England,BL4 9<br>Avg. Price: 150K<br>Sales Volume: 106
2024,BL5 1,310000,43,North England,BL5 1<br>Avg. Price: 310K<br>Sales Volume: 43
2024,BL5 2,230000,157,North England,BL5 2<br>Avg. Price: 230K<br>Sales Volume: 157
2024,BL5 3,232000,322,North England,BL5 3<br>Avg. Price: 232K<br>Sales Volume: 322
2024,BL6 4,379000,148,North England,BL6 4<br>Avg. Price: 379K<br>Sales Volume: 148
2024,BL6 5,220000,212,North England,BL6 5<br>Avg. Price: 220K<br>Sales Volume: 212
2024,BL6 6,244000,126,North England,BL6 6<br>Avg. Price: 244K<br>Sales Volume: 126
2024,BL6 7,233000,111,North England,BL6 7<br>Avg. Price: 233K<br>Sales Volume: 111
2024,BL7 0,347000,61,North England,BL7 0<br>Avg. Price: 347K<br>Sales Volume: 61
2024,BL7 8,238000,9,North England,BL7 8<br>Avg. Price: 238K<br>Sales Volume: 9
2024,BL7 9,300000,236,North England,BL7 9<br>Avg. Price: 300K<br>Sales Volume: 236
2024,BL8 1,238000,238,North England,BL8 1<br>Avg. Price: 238K<br>Sales Volume: 238
2024,BL8 2,231000,151,North England,BL8 2<br>Avg. Price: 231K<br>Sales Volume: 151
2024,BL8 3,291000,118,North England,BL8 3<br>Avg. Price: 291K<br>Sales Volume: 118
2024,BL8 4,374000,76,North England,BL8 4<br>Avg. Price: 374K<br>Sales Volume: 76
2024,BL9 0,174000,31,North England,BL9 0<br>Avg. Price: 174K<br>Sales Volume: 31
2024,BL9 5,256000,84,North England,BL9 5<br>Avg. Price: 256K<br>Sales Volume: 84
2024,BL9 6,203000,179,North England,BL9 6<br>Avg. Price: 203K<br>Sales Volume: 179
2024,BL9 7,167000,133,North England,BL9 7<br>Avg. Price: 167K<br>Sales Volume: 133
2024,BL9 8,295000,135,North England,BL9 8<br>Avg. Price: 295K<br>Sales Volume: 135
2024,BL9 9,210000,136,North England,BL9 9<br>Avg. Price: 210K<br>Sales Volume: 136
2024,BN1 1,381000,21,South East,BN1 1<br>Avg. Price: 381K<br>Sales Volume: 21
2024,BN1 2,373000,74,South East,BN1 2<br>Avg. Price: 373K<br>Sales Volume: 74
2024,BN1 3,468000,184,South East,BN1 3<br>Avg. Price: 468K<br>Sales Volume: 184
2024,BN1 4,378000,131,South East,BN1 4<br>Avg. Price: 378K<br>Sales Volume: 131
2024,BN1 5,603000,170,South East,BN1 5<br>Avg. Price: 603K<br>Sales Volume: 170
2024,BN1 6,554000,293,South East,BN1 6<br>Avg. Price: 554K<br>Sales Volume: 293
2024,BN1 7,443000,86,South East,BN1 7<br>Avg. Price: 443K<br>Sales Volume: 86
2024,BN1 8,498000,190,South East,BN1 8<br>Avg. Price: 498K<br>Sales Volume: 190
2024,BN1 9,403000,30,South East,BN1 9<br>Avg. Price: 403K<br>Sales Volume: 30
2024,BN10 7,332000,147,South East,BN10 7<br>Avg. Price: 332K<br>Sales Volume: 147
2024,BN10 8,353000,203,South East,BN10 8<br>Avg. Price: 353K<br>Sales Volume: 203
2024,BN11 1,291000,79,South East,BN11 1<br>Avg. Price: 291K<br>Sales Volume: 79
2024,BN11 2,363000,166,South East,BN11 2<br>Avg. Price: 363K<br>Sales Volume: 166
2024,BN11 3,278000,107,South East,BN11 3<br>Avg. Price: 278K<br>Sales Volume: 107
2024,BN11 4,264000,165,South East,BN11 4<br>Avg. Price: 264K<br>Sales Volume: 165
2024,BN11 5,399000,143,South East,BN11 5<br>Avg. Price: 399K<br>Sales Volume: 143
2024,BN12 4,505000,145,South East,BN12 4<br>Avg. Price: 505K<br>Sales Volume: 145
2024,BN12 5,530000,116,South East,BN12 5<br>Avg. Price: 530K<br>Sales Volume: 116
2024,BN12 6,381000,178,South East,BN12 6<br>Avg. Price: 381K<br>Sales Volume: 178
2024,BN13 1,366000,125,South East,BN13 1<br>Avg. Price: 366K<br>Sales Volume: 125
2024,BN13 2,346000,162,South East,BN13 2<br>Avg. Price: 346K<br>Sales Volume: 162
2024,BN13 3,427000,165,South East,BN13 3<br>Avg. Price: 427K<br>Sales Volume: 165
2024,BN14 0,531000,109,South East,BN14 0<br>Avg. Price: 531K<br>Sales Volume: 109
2024,BN14 7,384000,166,South East,BN14 7<br>Avg. Price: 384K<br>Sales Volume: 166
2024,BN14 8,340000,79,South East,BN14 8<br>Avg. Price: 340K<br>Sales Volume: 79
2024,BN14 9,441000,127,South East,BN14 9<br>Avg. Price: 441K<br>Sales Volume: 127
2024,BN15 0,361000,105,South East,BN15 0<br>Avg. Price: 361K<br>Sales Volume: 105
2024,BN15 8,321000,128,South East,BN15 8<br>Avg. Price: 321K<br>Sales Volume: 128
2024,BN15 9,364000,171,South East,BN15 9<br>Avg. Price: 364K<br>Sales Volume: 171
2024,BN16 1,554000,119,South East,BN16 1<br>Avg. Price: 554K<br>Sales Volume: 119
2024,BN16 2,523000,161,South East,BN16 2<br>Avg. Price: 523K<br>Sales Volume: 161
2024,BN16 3,328000,179,South East,BN16 3<br>Avg. Price: 328K<br>Sales Volume: 179
2024,BN16 4,436000,204,South East,BN16 4<br>Avg. Price: 436K<br>Sales Volume: 204
2024,BN17 5,258000,134,South East,BN17 5<br>Avg. Price: 258K<br>Sales Volume: 134
2024,BN17 6,317000,192,South East,BN17 6<br>Avg. Price: 317K<br>Sales Volume: 192
2024,BN17 7,268000,140,South East,BN17 7<br>Avg. Price: 268K<br>Sales Volume: 140
2024,BN18 0,417000,290,South East,BN18 0<br>Avg. Price: 417K<br>Sales Volume: 290
2024,BN18 9,516000,86,South East,BN18 9<br>Avg. Price: 516K<br>Sales Volume: 86
2024,BN2 0,453000,81,South East,BN2 0<br>Avg. Price: 453K<br>Sales Volume: 81
2024,BN2 1,421000,162,South East,BN2 1<br>Avg. Price: 421K<br>Sales Volume: 162
2024,BN2 2,179000,1,South East,BN2 2<br>Avg. Price: 179K<br>Sales Volume: 1
2024,BN2 3,383000,188,South East,BN2 3<br>Avg. Price: 383K<br>Sales Volume: 188
2024,BN2 4,360000,172,South East,BN2 4<br>Avg. Price: 360K<br>Sales Volume: 172
2024,BN2 5,417000,117,South East,BN2 5<br>Avg. Price: 417K<br>Sales Volume: 117
2024,BN2 6,421000,117,South East,BN2 6<br>Avg. Price: 421K<br>Sales Volume: 117
2024,BN2 7,587000,111,South East,BN2 7<br>Avg. Price: 587K<br>Sales Volume: 111
2024,BN2 8,493000,146,South East,BN2 8<br>Avg. Price: 493K<br>Sales Volume: 146
2024,BN2 9,444000,147,South East,BN2 9<br>Avg. Price: 444K<br>Sales Volume: 147
2024,BN20 0,690000,19,South East,BN20 0<br>Avg. Price: 690K<br>Sales Volume: 19
2024,BN20 7,382000,145,South East,BN20 7<br>Avg. Price: 382K<br>Sales Volume: 145
2024,BN20 8,410000,90,South East,BN20 8<br>Avg. Price: 410K<br>Sales Volume: 90
2024,BN20 9,477000,96,South East,BN20 9<br>Avg. Price: 477K<br>Sales Volume: 96
2024,BN21 1,329000,159,South East,BN21 1<br>Avg. Price: 329K<br>Sales Volume: 159
2024,BN21 2,310000,164,South East,BN21 2<br>Avg. Price: 310K<br>Sales Volume: 164
2024,BN21 3,205000,106,South East,BN21 3<br>Avg. Price: 205K<br>Sales Volume: 106
2024,BN21 4,235000,117,South East,BN21 4<br>Avg. Price: 235K<br>Sales Volume: 117
2024,BN22 0,367000,194,South East,BN22 0<br>Avg. Price: 367K<br>Sales Volume: 194
2024,BN22 7,269000,131,South East,BN22 7<br>Avg. Price: 269K<br>Sales Volume: 131
2024,BN22 8,267000,162,South East,BN22 8<br>Avg. Price: 267K<br>Sales Volume: 162
2024,BN22 9,291000,90,South East,BN22 9<br>Avg. Price: 291K<br>Sales Volume: 90
2024,BN23 5,323000,140,South East,BN23 5<br>Avg. Price: 323K<br>Sales Volume: 140
2024,BN23 6,311000,96,South East,BN23 6<br>Avg. Price: 311K<br>Sales Volume: 96
2024,BN23 7,267000,133,South East,BN23 7<br>Avg. Price: 267K<br>Sales Volume: 133
2024,BN23 8,294000,77,South East,BN23 8<br>Avg. Price: 294K<br>Sales Volume: 77
2024,BN24 5,380000,119,South East,BN24 5<br>Avg. Price: 380K<br>Sales Volume: 119
2024,BN24 6,372000,62,South East,BN24 6<br>Avg. Price: 372K<br>Sales Volume: 62
2024,BN25 1,325000,86,South East,BN25 1<br>Avg. Price: 325K<br>Sales Volume: 86
2024,BN25 2,368000,121,South East,BN25 2<br>Avg. Price: 368K<br>Sales Volume: 121
2024,BN25 3,391000,116,South East,BN25 3<br>Avg. Price: 391K<br>Sales Volume: 116
2024,BN25 4,529000,58,South East,BN25 4<br>Avg. Price: 529K<br>Sales Volume: 58
2024,BN26 5,422000,100,South East,BN26 5<br>Avg. Price: 422K<br>Sales Volume: 100
2024,BN26 6,330000,136,South East,BN26 6<br>Avg. Price: 330K<br>Sales Volume: 136
2024,BN27 1,352000,160,South East,BN27 1<br>Avg. Price: 352K<br>Sales Volume: 160
2024,BN27 2,289000,94,South East,BN27 2<br>Avg. Price: 289K<br>Sales Volume: 94
2024,BN27 3,365000,198,South East,BN27 3<br>Avg. Price: 365K<br>Sales Volume: 198
2024,BN27 4,431000,129,South East,BN27 4<br>Avg. Price: 431K<br>Sales Volume: 129
2024,BN3 1,418000,271,South East,BN3 1<br>Avg. Price: 418K<br>Sales Volume: 271
2024,BN3 2,491000,177,South East,BN3 2<br>Avg. Price: 491K<br>Sales Volume: 177
2024,BN3 3,399000,303,South East,BN3 3<br>Avg. Price: 399K<br>Sales Volume: 303
2024,BN3 4,674000,151,South East,BN3 4<br>Avg. Price: 674K<br>Sales Volume: 151
2024,BN3 5,547000,205,South East,BN3 5<br>Avg. Price: 547K<br>Sales Volume: 205
2024,BN3 6,830000,199,South East,BN3 6<br>Avg. Price: 830K<br>Sales Volume: 199
2024,BN3 7,500000,120,South East,BN3 7<br>Avg. Price: 500K<br>Sales Volume: 120
2024,BN3 8,441000,102,South East,BN3 8<br>Avg. Price: 441K<br>Sales Volume: 102
2024,BN41 1,369000,109,South East,BN41 1<br>Avg. Price: 369K<br>Sales Volume: 109
2024,BN41 2,363000,176,South East,BN41 2<br>Avg. Price: 363K<br>Sales Volume: 176
2024,BN42 4,427000,112,South East,BN42 4<br>Avg. Price: 427K<br>Sales Volume: 112
2024,BN43 5,470000,214,South East,BN43 5<br>Avg. Price: 470K<br>Sales Volume: 214
2024,BN43 6,397000,176,South East,BN43 6<br>Avg. Price: 397K<br>Sales Volume: 176
2024,BN44 3,493000,138,South East,BN44 3<br>Avg. Price: 493K<br>Sales Volume: 138
2024,BN45 7,590000,7,South East,BN45 7<br>Avg. Price: 590K<br>Sales Volume: 7
2024,BN5 9,614000,118,South East,BN5 9<br>Avg. Price: 614K<br>Sales Volume: 118
2024,BN6 8,556000,186,South East,BN6 8<br>Avg. Price: 556K<br>Sales Volume: 186
2024,BN6 9,629000,140,South East,BN6 9<br>Avg. Price: 629K<br>Sales Volume: 140
2024,BN7 1,626000,118,South East,BN7 1<br>Avg. Price: 626K<br>Sales Volume: 118
2024,BN7 2,452000,152,South East,BN7 2<br>Avg. Price: 452K<br>Sales Volume: 152
2024,BN7 3,826000,33,South East,BN7 3<br>Avg. Price: 826K<br>Sales Volume: 33
2024,BN8 4,634000,122,South East,BN8 4<br>Avg. Price: 634K<br>Sales Volume: 122
2024,BN8 5,483000,79,South East,BN8 5<br>Avg. Price: 483K<br>Sales Volume: 79
2024,BN8 6,710000,49,South East,BN8 6<br>Avg. Price: 710K<br>Sales Volume: 49
2024,BN9 0,322000,56,South East,BN9 0<br>Avg. Price: 322K<br>Sales Volume: 56
2024,BN9 9,296000,131,South East,BN9 9<br>Avg. Price: 296K<br>Sales Volume: 131
2024,BR1 1,321000,39,Greater London,BR1 1<br>Avg. Price: 321K<br>Sales Volume: 39
2024,BR1 2,767000,181,Greater London,BR1 2<br>Avg. Price: 767K<br>Sales Volume: 181
2024,BR1 3,512000,219,Greater London,BR1 3<br>Avg. Price: 512K<br>Sales Volume: 219
2024,BR1 4,483000,151,Greater London,BR1 4<br>Avg. Price: 483K<br>Sales Volume: 151
2024,BR1 5,438000,132,Greater London,BR1 5<br>Avg. Price: 438K<br>Sales Volume: 132
2024,BR2 0,550000,204,Greater London,BR2 0<br>Avg. Price: 550K<br>Sales Volume: 204
2024,BR2 6,1376000,39,Greater London,"BR2 6<br>Avg. Price: 1,376K<br>Sales Volume: 39"
2024,BR2 7,708000,99,Greater London,BR2 7<br>Avg. Price: 708K<br>Sales Volume: 99
2024,BR2 8,565000,125,Greater London,BR2 8<br>Avg. Price: 565K<br>Sales Volume: 125
2024,BR2 9,508000,205,Greater London,BR2 9<br>Avg. Price: 508K<br>Sales Volume: 205
2024,BR3 1,517000,169,Greater London,BR3 1<br>Avg. Price: 517K<br>Sales Volume: 169
2024,BR3 3,707000,211,Greater London,BR3 3<br>Avg. Price: 707K<br>Sales Volume: 211
2024,BR3 4,522000,212,Greater London,BR3 4<br>Avg. Price: 522K<br>Sales Volume: 212
2024,BR3 5,517000,151,Greater London,BR3 5<br>Avg. Price: 517K<br>Sales Volume: 151
2024,BR3 6,719000,106,Greater London,BR3 6<br>Avg. Price: 719K<br>Sales Volume: 106
2024,BR4 0,628000,118,Greater London,BR4 0<br>Avg. Price: 628K<br>Sales Volume: 118
2024,BR4 9,591000,129,Greater London,BR4 9<br>Avg. Price: 591K<br>Sales Volume: 129
2024,BR5 1,683000,128,Greater London,BR5 1<br>Avg. Price: 683K<br>Sales Volume: 128
2024,BR5 2,423000,157,Greater London,BR5 2<br>Avg. Price: 423K<br>Sales Volume: 157
2024,BR5 3,358000,112,Greater London,BR5 3<br>Avg. Price: 358K<br>Sales Volume: 112
2024,BR5 4,369000,138,Greater London,BR5 4<br>Avg. Price: 369K<br>Sales Volume: 138
2024,BR6 0,495000,146,Greater London,BR6 0<br>Avg. Price: 495K<br>Sales Volume: 146
2024,BR6 6,722000,79,Greater London,BR6 6<br>Avg. Price: 722K<br>Sales Volume: 79
2024,BR6 7,615000,115,Greater London,BR6 7<br>Avg. Price: 615K<br>Sales Volume: 115
2024,BR6 8,769000,131,Greater London,BR6 8<br>Avg. Price: 769K<br>Sales Volume: 131
2024,BR6 9,588000,208,Greater London,BR6 9<br>Avg. Price: 588K<br>Sales Volume: 208
2024,BR7 5,813000,128,Greater London,BR7 5<br>Avg. Price: 813K<br>Sales Volume: 128
2024,BR7 6,666000,131,Greater London,BR7 6<br>Avg. Price: 666K<br>Sales Volume: 131
2024,BR8 7,398000,184,Greater London,BR8 7<br>Avg. Price: 398K<br>Sales Volume: 184
2024,BR8 8,399000,106,Greater London,BR8 8<br>Avg. Price: 399K<br>Sales Volume: 106
2024,BS1 1,211000,6,South West,BS1 1<br>Avg. Price: 211K<br>Sales Volume: 6
2024,BS1 2,415000,12,South West,BS1 2<br>Avg. Price: 415K<br>Sales Volume: 12
2024,BS1 3,298000,15,South West,BS1 3<br>Avg. Price: 298K<br>Sales Volume: 15
2024,BS1 4,512000,11,South West,BS1 4<br>Avg. Price: 512K<br>Sales Volume: 11
2024,BS1 5,357000,60,South West,BS1 5<br>Avg. Price: 357K<br>Sales Volume: 60
2024,BS1 6,344000,116,South West,BS1 6<br>Avg. Price: 344K<br>Sales Volume: 116
2024,BS10 5,364000,104,South West,BS10 5<br>Avg. Price: 364K<br>Sales Volume: 104
2024,BS10 6,318000,160,South West,BS10 6<br>Avg. Price: 318K<br>Sales Volume: 160
2024,BS10 7,391000,230,South West,BS10 7<br>Avg. Price: 391K<br>Sales Volume: 230
2024,BS11 0,302000,99,South West,BS11 0<br>Avg. Price: 302K<br>Sales Volume: 99
2024,BS11 9,285000,118,South West,BS11 9<br>Avg. Price: 285K<br>Sales Volume: 118
2024,BS13 0,255000,100,South West,BS13 0<br>Avg. Price: 255K<br>Sales Volume: 100
2024,BS13 7,323000,145,South West,BS13 7<br>Avg. Price: 323K<br>Sales Volume: 145
2024,BS13 8,295000,68,South West,BS13 8<br>Avg. Price: 295K<br>Sales Volume: 68
2024,BS13 9,249000,39,South West,BS13 9<br>Avg. Price: 249K<br>Sales Volume: 39
2024,BS14 0,305000,168,South West,BS14 0<br>Avg. Price: 305K<br>Sales Volume: 168
2024,BS14 8,278000,100,South West,BS14 8<br>Avg. Price: 278K<br>Sales Volume: 100
2024,BS14 9,311000,161,South West,BS14 9<br>Avg. Price: 311K<br>Sales Volume: 161
2024,BS15 1,276000,186,South West,BS15 1<br>Avg. Price: 276K<br>Sales Volume: 186
2024,BS15 3,365000,132,South West,BS15 3<br>Avg. Price: 365K<br>Sales Volume: 132
2024,BS15 4,299000,180,South West,BS15 4<br>Avg. Price: 299K<br>Sales Volume: 180
2024,BS15 8,293000,109,South West,BS15 8<br>Avg. Price: 293K<br>Sales Volume: 109
2024,BS15 9,302000,121,South West,BS15 9<br>Avg. Price: 302K<br>Sales Volume: 121
2024,BS16 1,425000,227,South West,BS16 1<br>Avg. Price: 425K<br>Sales Volume: 227
2024,BS16 2,337000,187,South West,BS16 2<br>Avg. Price: 337K<br>Sales Volume: 187
2024,BS16 3,286000,134,South West,BS16 3<br>Avg. Price: 286K<br>Sales Volume: 134
2024,BS16 4,293000,115,South West,BS16 4<br>Avg. Price: 293K<br>Sales Volume: 115
2024,BS16 5,328000,160,South West,BS16 5<br>Avg. Price: 328K<br>Sales Volume: 160
2024,BS16 6,419000,129,South West,BS16 6<br>Avg. Price: 419K<br>Sales Volume: 129
2024,BS16 7,368000,277,South West,BS16 7<br>Avg. Price: 368K<br>Sales Volume: 277
2024,BS16 9,345000,123,South West,BS16 9<br>Avg. Price: 345K<br>Sales Volume: 123
2024,BS2 0,243000,79,South West,BS2 0<br>Avg. Price: 243K<br>Sales Volume: 79
2024,BS2 8,333000,78,South West,BS2 8<br>Avg. Price: 333K<br>Sales Volume: 78
2024,BS2 9,363000,63,South West,BS2 9<br>Avg. Price: 363K<br>Sales Volume: 63
2024,BS20 0,392000,61,South West,BS20 0<br>Avg. Price: 392K<br>Sales Volume: 61
2024,BS20 6,349000,166,South West,BS20 6<br>Avg. Price: 349K<br>Sales Volume: 166
2024,BS20 7,403000,237,South West,BS20 7<br>Avg. Price: 403K<br>Sales Volume: 237
2024,BS20 8,515000,78,South West,BS20 8<br>Avg. Price: 515K<br>Sales Volume: 78
2024,BS21 5,282000,76,South West,BS21 5<br>Avg. Price: 282K<br>Sales Volume: 76
2024,BS21 6,365000,137,South West,BS21 6<br>Avg. Price: 365K<br>Sales Volume: 137
2024,BS21 7,481000,181,South West,BS21 7<br>Avg. Price: 481K<br>Sales Volume: 181
2024,BS22 6,249000,132,South West,BS22 6<br>Avg. Price: 249K<br>Sales Volume: 132
2024,BS22 7,277000,161,South West,BS22 7<br>Avg. Price: 277K<br>Sales Volume: 161
2024,BS22 8,269000,192,South West,BS22 8<br>Avg. Price: 269K<br>Sales Volume: 192
2024,BS22 9,351000,133,South West,BS22 9<br>Avg. Price: 351K<br>Sales Volume: 133
2024,BS23 1,179000,105,South West,BS23 1<br>Avg. Price: 179K<br>Sales Volume: 105
2024,BS23 2,234000,236,South West,BS23 2<br>Avg. Price: 234K<br>Sales Volume: 236
2024,BS23 3,206000,132,South West,BS23 3<br>Avg. Price: 206K<br>Sales Volume: 132
2024,BS23 4,317000,147,South West,BS23 4<br>Avg. Price: 317K<br>Sales Volume: 147
2024,BS24 0,484000,26,South West,BS24 0<br>Avg. Price: 484K<br>Sales Volume: 26
2024,BS24 6,495000,4,South West,BS24 6<br>Avg. Price: 495K<br>Sales Volume: 4
2024,BS24 7,281000,303,South West,BS24 7<br>Avg. Price: 281K<br>Sales Volume: 303
2024,BS24 8,289000,126,South West,BS24 8<br>Avg. Price: 289K<br>Sales Volume: 126
2024,BS24 9,313000,107,South West,BS24 9<br>Avg. Price: 313K<br>Sales Volume: 107
2024,BS25 1,438000,83,South West,BS25 1<br>Avg. Price: 438K<br>Sales Volume: 83
2024,BS25 5,449000,32,South West,BS25 5<br>Avg. Price: 449K<br>Sales Volume: 32
2024,BS26 2,440000,58,South West,BS26 2<br>Avg. Price: 440K<br>Sales Volume: 58
2024,BS27 3,359000,170,South West,BS27 3<br>Avg. Price: 359K<br>Sales Volume: 170
2024,BS28 4,577000,45,South West,BS28 4<br>Avg. Price: 577K<br>Sales Volume: 45
2024,BS29 6,344000,169,South West,BS29 6<br>Avg. Price: 344K<br>Sales Volume: 169
2024,BS3 1,399000,210,South West,BS3 1<br>Avg. Price: 399K<br>Sales Volume: 210
2024,BS3 2,389000,120,South West,BS3 2<br>Avg. Price: 389K<br>Sales Volume: 120
2024,BS3 3,384000,163,South West,BS3 3<br>Avg. Price: 384K<br>Sales Volume: 163
2024,BS3 4,351000,214,South West,BS3 4<br>Avg. Price: 351K<br>Sales Volume: 214
2024,BS3 5,361000,138,South West,BS3 5<br>Avg. Price: 361K<br>Sales Volume: 138
2024,BS30 5,404000,56,South West,BS30 5<br>Avg. Price: 404K<br>Sales Volume: 56
2024,BS30 6,472000,46,South West,BS30 6<br>Avg. Price: 472K<br>Sales Volume: 46
2024,BS30 7,339000,53,South West,BS30 7<br>Avg. Price: 339K<br>Sales Volume: 53
2024,BS30 8,301000,109,South West,BS30 8<br>Avg. Price: 301K<br>Sales Volume: 109
2024,BS30 9,355000,122,South West,BS30 9<br>Avg. Price: 355K<br>Sales Volume: 122
2024,BS31 1,420000,164,South West,BS31 1<br>Avg. Price: 420K<br>Sales Volume: 164
2024,BS31 2,388000,133,South West,BS31 2<br>Avg. Price: 388K<br>Sales Volume: 133
2024,BS31 3,565000,31,South West,BS31 3<br>Avg. Price: 565K<br>Sales Volume: 31
2024,BS32 0,320000,110,South West,BS32 0<br>Avg. Price: 320K<br>Sales Volume: 110
2024,BS32 4,599000,50,South West,BS32 4<br>Avg. Price: 599K<br>Sales Volume: 50
2024,BS32 8,358000,108,South West,BS32 8<br>Avg. Price: 358K<br>Sales Volume: 108
2024,BS32 9,326000,74,South West,BS32 9<br>Avg. Price: 326K<br>Sales Volume: 74
2024,BS34 4,350000,107,South West,BS34 4<br>Avg. Price: 350K<br>Sales Volume: 107
2024,BS34 5,277000,200,South West,BS34 5<br>Avg. Price: 277K<br>Sales Volume: 200
2024,BS34 6,323000,79,South West,BS34 6<br>Avg. Price: 323K<br>Sales Volume: 79
2024,BS34 7,303000,109,South West,BS34 7<br>Avg. Price: 303K<br>Sales Volume: 109
2024,BS34 8,414000,240,South West,BS34 8<br>Avg. Price: 414K<br>Sales Volume: 240
2024,BS35 1,418000,140,South West,BS35 1<br>Avg. Price: 418K<br>Sales Volume: 140
2024,BS35 2,338000,104,South West,BS35 2<br>Avg. Price: 338K<br>Sales Volume: 104
2024,BS35 3,471000,72,South West,BS35 3<br>Avg. Price: 471K<br>Sales Volume: 72
2024,BS35 4,394000,69,South West,BS35 4<br>Avg. Price: 394K<br>Sales Volume: 69
2024,BS35 5,516000,14,South West,BS35 5<br>Avg. Price: 516K<br>Sales Volume: 14
2024,BS36 1,424000,89,South West,BS36 1<br>Avg. Price: 424K<br>Sales Volume: 89
2024,BS36 2,447000,152,South West,BS36 2<br>Avg. Price: 447K<br>Sales Volume: 152
2024,BS37 4,272000,140,South West,BS37 4<br>Avg. Price: 272K<br>Sales Volume: 140
2024,BS37 5,297000,115,South West,BS37 5<br>Avg. Price: 297K<br>Sales Volume: 115
2024,BS37 6,417000,150,South West,BS37 6<br>Avg. Price: 417K<br>Sales Volume: 150
2024,BS37 7,388000,182,South West,BS37 7<br>Avg. Price: 388K<br>Sales Volume: 182
2024,BS37 8,292000,84,South West,BS37 8<br>Avg. Price: 292K<br>Sales Volume: 84
2024,BS37 9,635000,8,South West,BS37 9<br>Avg. Price: 635K<br>Sales Volume: 8
2024,BS39 4,586000,21,South West,BS39 4<br>Avg. Price: 586K<br>Sales Volume: 21
2024,BS39 5,437000,44,South West,BS39 5<br>Avg. Price: 437K<br>Sales Volume: 44
2024,BS39 6,448000,50,South West,BS39 6<br>Avg. Price: 448K<br>Sales Volume: 50
2024,BS39 7,276000,118,South West,BS39 7<br>Avg. Price: 276K<br>Sales Volume: 118
2024,BS4 1,255000,113,South West,BS4 1<br>Avg. Price: 255K<br>Sales Volume: 113
2024,BS4 2,413000,151,South West,BS4 2<br>Avg. Price: 413K<br>Sales Volume: 151
2024,BS4 3,334000,159,South West,BS4 3<br>Avg. Price: 334K<br>Sales Volume: 159
2024,BS4 4,325000,195,South West,BS4 4<br>Avg. Price: 325K<br>Sales Volume: 195
2024,BS4 5,348000,35,South West,BS4 5<br>Avg. Price: 348K<br>Sales Volume: 35
2024,BS40 5,452000,67,South West,BS40 5<br>Avg. Price: 452K<br>Sales Volume: 67
2024,BS40 6,582000,20,South West,BS40 6<br>Avg. Price: 582K<br>Sales Volume: 20
2024,BS40 7,575000,26,South West,BS40 7<br>Avg. Price: 575K<br>Sales Volume: 26
2024,BS40 8,596000,55,South West,BS40 8<br>Avg. Price: 596K<br>Sales Volume: 55
2024,BS40 9,501000,6,South West,BS40 9<br>Avg. Price: 501K<br>Sales Volume: 6
2024,BS41 8,595000,12,South West,BS41 8<br>Avg. Price: 595K<br>Sales Volume: 12
2024,BS41 9,592000,84,South West,BS41 9<br>Avg. Price: 592K<br>Sales Volume: 84
2024,BS48 1,450000,67,South West,BS48 1<br>Avg. Price: 450K<br>Sales Volume: 67
2024,BS48 2,349000,150,South West,BS48 2<br>Avg. Price: 349K<br>Sales Volume: 150
2024,BS48 3,703000,103,South West,BS48 3<br>Avg. Price: 703K<br>Sales Volume: 103
2024,BS48 4,418000,116,South West,BS48 4<br>Avg. Price: 418K<br>Sales Volume: 116
2024,BS49 4,370000,154,South West,BS49 4<br>Avg. Price: 370K<br>Sales Volume: 154
2024,BS49 5,470000,64,South West,BS49 5<br>Avg. Price: 470K<br>Sales Volume: 64
2024,BS5 0,277000,95,South West,BS5 0<br>Avg. Price: 277K<br>Sales Volume: 95
2024,BS5 6,333000,208,South West,BS5 6<br>Avg. Price: 333K<br>Sales Volume: 208
2024,BS5 7,309000,221,South West,BS5 7<br>Avg. Price: 309K<br>Sales Volume: 221
2024,BS5 8,300000,179,South West,BS5 8<br>Avg. Price: 300K<br>Sales Volume: 179
2024,BS5 9,329000,146,South West,BS5 9<br>Avg. Price: 329K<br>Sales Volume: 146
2024,BS6 5,457000,202,South West,BS6 5<br>Avg. Price: 457K<br>Sales Volume: 202
2024,BS6 6,549000,211,South West,BS6 6<br>Avg. Price: 549K<br>Sales Volume: 211
2024,BS6 7,667000,141,South West,BS6 7<br>Avg. Price: 667K<br>Sales Volume: 141
2024,BS7 0,353000,193,South West,BS7 0<br>Avg. Price: 353K<br>Sales Volume: 193
2024,BS7 8,606000,143,South West,BS7 8<br>Avg. Price: 606K<br>Sales Volume: 143
2024,BS7 9,434000,244,South West,BS7 9<br>Avg. Price: 434K<br>Sales Volume: 244
2024,BS8 1,418000,56,South West,BS8 1<br>Avg. Price: 418K<br>Sales Volume: 56
2024,BS8 2,476000,113,South West,BS8 2<br>Avg. Price: 476K<br>Sales Volume: 113
2024,BS8 3,755000,104,South West,BS8 3<br>Avg. Price: 755K<br>Sales Volume: 104
2024,BS8 4,563000,161,South West,BS8 4<br>Avg. Price: 563K<br>Sales Volume: 161
2024,BS9 1,780000,121,South West,BS9 1<br>Avg. Price: 780K<br>Sales Volume: 121
2024,BS9 2,487000,60,South West,BS9 2<br>Avg. Price: 487K<br>Sales Volume: 60
2024,BS9 3,559000,139,South West,BS9 3<br>Avg. Price: 559K<br>Sales Volume: 139
2024,BS9 4,630000,111,South West,BS9 4<br>Avg. Price: 630K<br>Sales Volume: 111
2024,CA1 1,248000,36,North England,CA1 1<br>Avg. Price: 248K<br>Sales Volume: 36
2024,CA1 2,130000,237,North England,CA1 2<br>Avg. Price: 130K<br>Sales Volume: 237
2024,CA1 3,158000,209,North England,CA1 3<br>Avg. Price: 158K<br>Sales Volume: 209
2024,CA10 1,303000,100,North England,CA10 1<br>Avg. Price: 303K<br>Sales Volume: 100
2024,CA10 2,344000,58,North England,CA10 2<br>Avg. Price: 344K<br>Sales Volume: 58
2024,CA10 3,270000,62,North England,CA10 3<br>Avg. Price: 270K<br>Sales Volume: 62
2024,CA11 0,385000,74,North England,CA11 0<br>Avg. Price: 385K<br>Sales Volume: 74
2024,CA11 7,185000,62,North England,CA11 7<br>Avg. Price: 185K<br>Sales Volume: 62
2024,CA11 8,277000,244,North England,CA11 8<br>Avg. Price: 277K<br>Sales Volume: 244
2024,CA11 9,196000,89,North England,CA11 9<br>Avg. Price: 196K<br>Sales Volume: 89
2024,CA12 4,462000,75,North England,CA12 4<br>Avg. Price: 462K<br>Sales Volume: 75
2024,CA12 5,534000,65,North England,CA12 5<br>Avg. Price: 534K<br>Sales Volume: 65
2024,CA13 0,270000,159,North England,CA13 0<br>Avg. Price: 270K<br>Sales Volume: 159
2024,CA13 9,297000,133,North England,CA13 9<br>Avg. Price: 297K<br>Sales Volume: 133
2024,CA14 1,206000,125,North England,CA14 1<br>Avg. Price: 206K<br>Sales Volume: 125
2024,CA14 2,95000,147,North England,CA14 2<br>Avg. Price: 95K<br>Sales Volume: 147
2024,CA14 3,136000,123,North England,CA14 3<br>Avg. Price: 136K<br>Sales Volume: 123
2024,CA14 4,243000,169,North England,CA14 4<br>Avg. Price: 243K<br>Sales Volume: 169
2024,CA14 5,143000,95,North England,CA14 5<br>Avg. Price: 143K<br>Sales Volume: 95
2024,CA15 6,169000,81,North England,CA15 6<br>Avg. Price: 169K<br>Sales Volume: 81
2024,CA15 7,165000,138,North England,CA15 7<br>Avg. Price: 165K<br>Sales Volume: 138
2024,CA15 8,99000,54,North England,CA15 8<br>Avg. Price: 99K<br>Sales Volume: 54
2024,CA16 6,242000,89,North England,CA16 6<br>Avg. Price: 242K<br>Sales Volume: 89
2024,CA17 4,278000,81,North England,CA17 4<br>Avg. Price: 278K<br>Sales Volume: 81
2024,CA18 1,259000,4,North England,CA18 1<br>Avg. Price: 259K<br>Sales Volume: 4
2024,CA19 1,396000,10,North England,CA19 1<br>Avg. Price: 396K<br>Sales Volume: 10
2024,CA2 4,158000,166,North England,CA2 4<br>Avg. Price: 158K<br>Sales Volume: 166
2024,CA2 5,122000,162,North England,CA2 5<br>Avg. Price: 122K<br>Sales Volume: 162
2024,CA2 6,185000,214,North England,CA2 6<br>Avg. Price: 185K<br>Sales Volume: 214
2024,CA2 7,151000,223,North England,CA2 7<br>Avg. Price: 151K<br>Sales Volume: 223
2024,CA20 1,211000,63,North England,CA20 1<br>Avg. Price: 211K<br>Sales Volume: 63
2024,CA21 2,222000,10,North England,CA21 2<br>Avg. Price: 222K<br>Sales Volume: 10
2024,CA22 2,153000,128,North England,CA22 2<br>Avg. Price: 153K<br>Sales Volume: 128
2024,CA23 3,142000,35,North England,CA23 3<br>Avg. Price: 142K<br>Sales Volume: 35
2024,CA24 3,133000,17,North England,CA24 3<br>Avg. Price: 133K<br>Sales Volume: 17
2024,CA25 5,162000,76,North England,CA25 5<br>Avg. Price: 162K<br>Sales Volume: 76
2024,CA26 3,183000,71,North England,CA26 3<br>Avg. Price: 183K<br>Sales Volume: 71
2024,CA27 0,274000,32,North England,CA27 0<br>Avg. Price: 274K<br>Sales Volume: 32
2024,CA28 6,183000,162,North England,CA28 6<br>Avg. Price: 183K<br>Sales Volume: 162
2024,CA28 7,129000,59,North England,CA28 7<br>Avg. Price: 129K<br>Sales Volume: 59
2024,CA28 8,161000,122,North England,CA28 8<br>Avg. Price: 161K<br>Sales Volume: 122
2024,CA28 9,175000,172,North England,CA28 9<br>Avg. Price: 175K<br>Sales Volume: 172
2024,CA3 0,209000,180,North England,CA3 0<br>Avg. Price: 209K<br>Sales Volume: 180
2024,CA3 8,158000,3,North England,CA3 8<br>Avg. Price: 158K<br>Sales Volume: 3
2024,CA3 9,203000,136,North England,CA3 9<br>Avg. Price: 203K<br>Sales Volume: 136
2024,CA4 0,320000,29,North England,CA4 0<br>Avg. Price: 320K<br>Sales Volume: 29
2024,CA4 8,299000,103,North England,CA4 8<br>Avg. Price: 299K<br>Sales Volume: 103
2024,CA4 9,369000,12,North England,CA4 9<br>Avg. Price: 369K<br>Sales Volume: 12
2024,CA5 6,302000,94,North England,CA5 6<br>Avg. Price: 302K<br>Sales Volume: 94
2024,CA5 7,334000,45,North England,CA5 7<br>Avg. Price: 334K<br>Sales Volume: 45
2024,CA6 4,307000,53,North England,CA6 4<br>Avg. Price: 307K<br>Sales Volume: 53
2024,CA6 5,188000,66,North England,CA6 5<br>Avg. Price: 188K<br>Sales Volume: 66
2024,CA6 6,315000,16,North England,CA6 6<br>Avg. Price: 315K<br>Sales Volume: 16
2024,CA7 0,251000,16,North England,CA7 0<br>Avg. Price: 251K<br>Sales Volume: 16
2024,CA7 1,240000,19,North England,CA7 1<br>Avg. Price: 240K<br>Sales Volume: 19
2024,CA7 2,263000,45,North England,CA7 2<br>Avg. Price: 263K<br>Sales Volume: 45
2024,CA7 3,176000,76,North England,CA7 3<br>Avg. Price: 176K<br>Sales Volume: 76
2024,CA7 4,194000,100,North England,CA7 4<br>Avg. Price: 194K<br>Sales Volume: 100
2024,CA7 5,245000,25,North England,CA7 5<br>Avg. Price: 245K<br>Sales Volume: 25
2024,CA7 8,282000,17,North England,CA7 8<br>Avg. Price: 282K<br>Sales Volume: 17
2024,CA7 9,179000,123,North England,CA7 9<br>Avg. Price: 179K<br>Sales Volume: 123
2024,CA8 1,208000,68,North England,CA8 1<br>Avg. Price: 208K<br>Sales Volume: 68
2024,CA8 2,280000,24,North England,CA8 2<br>Avg. Price: 280K<br>Sales Volume: 24
2024,CA8 7,229000,19,North England,CA8 7<br>Avg. Price: 229K<br>Sales Volume: 19
2024,CA8 9,420000,34,North England,CA8 9<br>Avg. Price: 420K<br>Sales Volume: 34
2024,CA9 3,238000,28,North England,CA9 3<br>Avg. Price: 238K<br>Sales Volume: 28
2024,CB1 1,497000,35,Midlands,CB1 1<br>Avg. Price: 497K<br>Sales Volume: 35
2024,CB1 2,663000,97,Midlands,CB1 2<br>Avg. Price: 663K<br>Sales Volume: 97
2024,CB1 3,508000,251,Midlands,CB1 3<br>Avg. Price: 508K<br>Sales Volume: 251
2024,CB1 7,930000,58,Midlands,CB1 7<br>Avg. Price: 930K<br>Sales Volume: 58
2024,CB1 8,582000,47,Midlands,CB1 8<br>Avg. Price: 582K<br>Sales Volume: 47
2024,CB1 9,442000,115,Midlands,CB1 9<br>Avg. Price: 442K<br>Sales Volume: 115
2024,CB10 1,572000,89,Midlands,CB10 1<br>Avg. Price: 572K<br>Sales Volume: 89
2024,CB10 2,536000,122,Midlands,CB10 2<br>Avg. Price: 536K<br>Sales Volume: 122
2024,CB11 3,503000,182,Midlands,CB11 3<br>Avg. Price: 503K<br>Sales Volume: 182
2024,CB11 4,541000,113,Midlands,CB11 4<br>Avg. Price: 541K<br>Sales Volume: 113
2024,CB2 0,572000,19,Midlands,CB2 0<br>Avg. Price: 572K<br>Sales Volume: 19
2024,CB2 1,596000,27,Midlands,CB2 1<br>Avg. Price: 596K<br>Sales Volume: 27
2024,CB2 7,2631000,4,Midlands,"CB2 7<br>Avg. Price: 2,631K<br>Sales Volume: 4"
2024,CB2 8,760000,53,Midlands,CB2 8<br>Avg. Price: 760K<br>Sales Volume: 53
2024,CB2 9,582000,139,Midlands,CB2 9<br>Avg. Price: 582K<br>Sales Volume: 139
2024,CB21 4,464000,108,Midlands,CB21 4<br>Avg. Price: 464K<br>Sales Volume: 108
2024,CB21 5,598000,93,Midlands,CB21 5<br>Avg. Price: 598K<br>Sales Volume: 93
2024,CB21 6,606000,21,Midlands,CB21 6<br>Avg. Price: 606K<br>Sales Volume: 21
2024,CB22 3,479000,139,Midlands,CB22 3<br>Avg. Price: 479K<br>Sales Volume: 139
2024,CB22 4,460000,54,Midlands,CB22 4<br>Avg. Price: 460K<br>Sales Volume: 54
2024,CB22 5,664000,112,Midlands,CB22 5<br>Avg. Price: 664K<br>Sales Volume: 112
2024,CB22 6,737000,12,Midlands,CB22 6<br>Avg. Price: 737K<br>Sales Volume: 12
2024,CB22 7,626000,52,Midlands,CB22 7<br>Avg. Price: 626K<br>Sales Volume: 52
2024,CB23 1,517000,32,Midlands,CB23 1<br>Avg. Price: 517K<br>Sales Volume: 32
2024,CB23 2,530000,24,Midlands,CB23 2<br>Avg. Price: 530K<br>Sales Volume: 24
2024,CB23 3,365000,60,Midlands,CB23 3<br>Avg. Price: 365K<br>Sales Volume: 60
2024,CB23 4,603000,16,Midlands,CB23 4<br>Avg. Price: 603K<br>Sales Volume: 16
2024,CB23 5,415000,46,Midlands,CB23 5<br>Avg. Price: 415K<br>Sales Volume: 46
2024,CB23 6,402000,221,Midlands,CB23 6<br>Avg. Price: 402K<br>Sales Volume: 221
2024,CB23 7,543000,150,Midlands,CB23 7<br>Avg. Price: 543K<br>Sales Volume: 150
2024,CB23 8,363000,80,Midlands,CB23 8<br>Avg. Price: 363K<br>Sales Volume: 80
2024,CB24 1,358000,143,Midlands,CB24 1<br>Avg. Price: 358K<br>Sales Volume: 143
2024,CB24 3,409000,60,Midlands,CB24 3<br>Avg. Price: 409K<br>Sales Volume: 60
2024,CB24 4,464000,36,Midlands,CB24 4<br>Avg. Price: 464K<br>Sales Volume: 36
2024,CB24 5,401000,108,Midlands,CB24 5<br>Avg. Price: 401K<br>Sales Volume: 108
2024,CB24 6,419000,45,Midlands,CB24 6<br>Avg. Price: 419K<br>Sales Volume: 45
2024,CB24 8,427000,110,Midlands,CB24 8<br>Avg. Price: 427K<br>Sales Volume: 110
2024,CB24 9,509000,101,Midlands,CB24 9<br>Avg. Price: 509K<br>Sales Volume: 101
2024,CB25 0,396000,110,Midlands,CB25 0<br>Avg. Price: 396K<br>Sales Volume: 110
2024,CB25 9,455000,173,Midlands,CB25 9<br>Avg. Price: 455K<br>Sales Volume: 173
2024,CB3 0,671000,86,Midlands,CB3 0<br>Avg. Price: 671K<br>Sales Volume: 86
2024,CB3 1,1033000,40,Midlands,"CB3 1<br>Avg. Price: 1,033K<br>Sales Volume: 40"
2024,CB3 8,1370000,1,Midlands,"CB3 8<br>Avg. Price: 1,370K<br>Sales Volume: 1"
2024,CB3 9,1122000,42,Midlands,"CB3 9<br>Avg. Price: 1,122K<br>Sales Volume: 42"
2024,CB4 0,350000,1,Midlands,CB4 0<br>Avg. Price: 350K<br>Sales Volume: 1
2024,CB4 1,533000,189,Midlands,CB4 1<br>Avg. Price: 533K<br>Sales Volume: 189
2024,CB4 2,428000,164,Midlands,CB4 2<br>Avg. Price: 428K<br>Sales Volume: 164
2024,CB4 3,527000,116,Midlands,CB4 3<br>Avg. Price: 527K<br>Sales Volume: 116
2024,CB5 8,539000,195,Midlands,CB5 8<br>Avg. Price: 539K<br>Sales Volume: 195
2024,CB6 1,328000,240,Midlands,CB6 1<br>Avg. Price: 328K<br>Sales Volume: 240
2024,CB6 2,393000,238,Midlands,CB6 2<br>Avg. Price: 393K<br>Sales Volume: 238
2024,CB6 3,390000,180,Midlands,CB6 3<br>Avg. Price: 390K<br>Sales Volume: 180
2024,CB7 4,361000,171,Midlands,CB7 4<br>Avg. Price: 361K<br>Sales Volume: 171
2024,CB7 5,338000,236,Midlands,CB7 5<br>Avg. Price: 338K<br>Sales Volume: 236
2024,CB7 6,369000,49,Midlands,CB7 6<br>Avg. Price: 369K<br>Sales Volume: 49
2024,CB7 7,538000,3,Midlands,CB7 7<br>Avg. Price: 538K<br>Sales Volume: 3
2024,CB8 0,298000,141,Midlands,CB8 0<br>Avg. Price: 298K<br>Sales Volume: 141
2024,CB8 7,381000,158,Midlands,CB8 7<br>Avg. Price: 381K<br>Sales Volume: 158
2024,CB8 8,379000,165,Midlands,CB8 8<br>Avg. Price: 379K<br>Sales Volume: 165
2024,CB8 9,521000,81,Midlands,CB8 9<br>Avg. Price: 521K<br>Sales Volume: 81
2024,CB9 0,273000,82,Midlands,CB9 0<br>Avg. Price: 273K<br>Sales Volume: 82
2024,CB9 7,345000,234,Midlands,CB9 7<br>Avg. Price: 345K<br>Sales Volume: 234
2024,CB9 8,247000,64,Midlands,CB9 8<br>Avg. Price: 247K<br>Sales Volume: 64
2024,CB9 9,257000,110,Midlands,CB9 9<br>Avg. Price: 257K<br>Sales Volume: 110
2024,CF10 1,178000,34,Wales,CF10 1<br>Avg. Price: 178K<br>Sales Volume: 34
2024,CF10 2,158000,30,Wales,CF10 2<br>Avg. Price: 158K<br>Sales Volume: 30
2024,CF10 3,309000,21,Wales,CF10 3<br>Avg. Price: 309K<br>Sales Volume: 21
2024,CF10 4,194000,94,Wales,CF10 4<br>Avg. Price: 194K<br>Sales Volume: 94
2024,CF10 5,199000,126,Wales,CF10 5<br>Avg. Price: 199K<br>Sales Volume: 126
2024,CF11 0,194000,80,Wales,CF11 0<br>Avg. Price: 194K<br>Sales Volume: 80
2024,CF11 6,219000,131,Wales,CF11 6<br>Avg. Price: 219K<br>Sales Volume: 131
2024,CF11 7,206000,94,Wales,CF11 7<br>Avg. Price: 206K<br>Sales Volume: 94
2024,CF11 8,259000,88,Wales,CF11 8<br>Avg. Price: 259K<br>Sales Volume: 88
2024,CF11 9,391000,177,Wales,CF11 9<br>Avg. Price: 391K<br>Sales Volume: 177
2024,CF14 0,513000,174,Wales,CF14 0<br>Avg. Price: 513K<br>Sales Volume: 174
2024,CF14 1,351000,131,Wales,CF14 1<br>Avg. Price: 351K<br>Sales Volume: 131
2024,CF14 2,319000,150,Wales,CF14 2<br>Avg. Price: 319K<br>Sales Volume: 150
2024,CF14 3,281000,111,Wales,CF14 3<br>Avg. Price: 281K<br>Sales Volume: 111
2024,CF14 4,368000,126,Wales,CF14 4<br>Avg. Price: 368K<br>Sales Volume: 126
2024,CF14 5,251000,136,Wales,CF14 5<br>Avg. Price: 251K<br>Sales Volume: 136
2024,CF14 6,381000,146,Wales,CF14 6<br>Avg. Price: 381K<br>Sales Volume: 146
2024,CF14 7,350000,55,Wales,CF14 7<br>Avg. Price: 350K<br>Sales Volume: 55
2024,CF14 9,307000,114,Wales,CF14 9<br>Avg. Price: 307K<br>Sales Volume: 114
2024,CF15 7,228000,73,Wales,CF15 7<br>Avg. Price: 228K<br>Sales Volume: 73
2024,CF15 8,379000,148,Wales,CF15 8<br>Avg. Price: 379K<br>Sales Volume: 148
2024,CF15 9,337000,59,Wales,CF15 9<br>Avg. Price: 337K<br>Sales Volume: 59
2024,CF23 5,458000,116,Wales,CF23 5<br>Avg. Price: 458K<br>Sales Volume: 116
2024,CF23 6,448000,117,Wales,CF23 6<br>Avg. Price: 448K<br>Sales Volume: 117
2024,CF23 7,226000,109,Wales,CF23 7<br>Avg. Price: 226K<br>Sales Volume: 109
2024,CF23 8,308000,104,Wales,CF23 8<br>Avg. Price: 308K<br>Sales Volume: 104
2024,CF23 9,281000,135,Wales,CF23 9<br>Avg. Price: 281K<br>Sales Volume: 135
2024,CF24 0,202000,42,Wales,CF24 0<br>Avg. Price: 202K<br>Sales Volume: 42
2024,CF24 1,201000,82,Wales,CF24 1<br>Avg. Price: 201K<br>Sales Volume: 82
2024,CF24 2,208000,168,Wales,CF24 2<br>Avg. Price: 208K<br>Sales Volume: 168
2024,CF24 3,245000,156,Wales,CF24 3<br>Avg. Price: 245K<br>Sales Volume: 156
2024,CF24 4,286000,210,Wales,CF24 4<br>Avg. Price: 286K<br>Sales Volume: 210
2024,CF24 5,105000,3,Wales,CF24 5<br>Avg. Price: 105K<br>Sales Volume: 3
2024,CF3 0,233000,162,Wales,CF3 0<br>Avg. Price: 233K<br>Sales Volume: 162
2024,CF3 1,203000,39,Wales,CF3 1<br>Avg. Price: 203K<br>Sales Volume: 39
2024,CF3 2,404000,40,Wales,CF3 2<br>Avg. Price: 404K<br>Sales Volume: 40
2024,CF3 3,254000,128,Wales,CF3 3<br>Avg. Price: 254K<br>Sales Volume: 128
2024,CF3 4,237000,100,Wales,CF3 4<br>Avg. Price: 237K<br>Sales Volume: 100
2024,CF3 5,232000,95,Wales,CF3 5<br>Avg. Price: 232K<br>Sales Volume: 95
2024,CF3 6,330000,135,Wales,CF3 6<br>Avg. Price: 330K<br>Sales Volume: 135
2024,CF31 1,202000,132,Wales,CF31 1<br>Avg. Price: 202K<br>Sales Volume: 132
2024,CF31 2,214000,185,Wales,CF31 2<br>Avg. Price: 214K<br>Sales Volume: 185
2024,CF31 3,274000,80,Wales,CF31 3<br>Avg. Price: 274K<br>Sales Volume: 80
2024,CF31 4,235000,202,Wales,CF31 4<br>Avg. Price: 235K<br>Sales Volume: 202
2024,CF31 5,304000,78,Wales,CF31 5<br>Avg. Price: 304K<br>Sales Volume: 78
2024,CF32 0,340000,57,Wales,CF32 0<br>Avg. Price: 340K<br>Sales Volume: 57
2024,CF32 7,130000,97,Wales,CF32 7<br>Avg. Price: 130K<br>Sales Volume: 97
2024,CF32 8,147000,109,Wales,CF32 8<br>Avg. Price: 147K<br>Sales Volume: 109
2024,CF32 9,215000,204,Wales,CF32 9<br>Avg. Price: 215K<br>Sales Volume: 204
2024,CF33 4,204000,103,Wales,CF33 4<br>Avg. Price: 204K<br>Sales Volume: 103
2024,CF33 6,195000,99,Wales,CF33 6<br>Avg. Price: 195K<br>Sales Volume: 99
2024,CF34 0,120000,134,Wales,CF34 0<br>Avg. Price: 120K<br>Sales Volume: 134
2024,CF34 9,154000,104,Wales,CF34 9<br>Avg. Price: 154K<br>Sales Volume: 104
2024,CF35 5,300000,73,Wales,CF35 5<br>Avg. Price: 300K<br>Sales Volume: 73
2024,CF35 6,269000,226,Wales,CF35 6<br>Avg. Price: 269K<br>Sales Volume: 226
2024,CF36 3,334000,176,Wales,CF36 3<br>Avg. Price: 334K<br>Sales Volume: 176
2024,CF36 5,318000,111,Wales,CF36 5<br>Avg. Price: 318K<br>Sales Volume: 111
2024,CF37 1,145000,176,Wales,CF37 1<br>Avg. Price: 145K<br>Sales Volume: 176
2024,CF37 2,166000,91,Wales,CF37 2<br>Avg. Price: 166K<br>Sales Volume: 91
2024,CF37 3,144000,86,Wales,CF37 3<br>Avg. Price: 144K<br>Sales Volume: 86
2024,CF37 4,153000,100,Wales,CF37 4<br>Avg. Price: 153K<br>Sales Volume: 100
2024,CF37 5,179000,93,Wales,CF37 5<br>Avg. Price: 179K<br>Sales Volume: 93
2024,CF38 1,273000,109,Wales,CF38 1<br>Avg. Price: 273K<br>Sales Volume: 109
2024,CF38 2,239000,212,Wales,CF38 2<br>Avg. Price: 239K<br>Sales Volume: 212
2024,CF39 0,120000,90,Wales,CF39 0<br>Avg. Price: 120K<br>Sales Volume: 90
2024,CF39 8,175000,179,Wales,CF39 8<br>Avg. Price: 175K<br>Sales Volume: 179
2024,CF39 9,122000,108,Wales,CF39 9<br>Avg. Price: 122K<br>Sales Volume: 108
2024,CF40 1,126000,135,Wales,CF40 1<br>Avg. Price: 126K<br>Sales Volume: 135
2024,CF40 2,103000,179,Wales,CF40 2<br>Avg. Price: 103K<br>Sales Volume: 179
2024,CF41 7,113000,167,Wales,CF41 7<br>Avg. Price: 113K<br>Sales Volume: 167
2024,CF42 5,100000,110,Wales,CF42 5<br>Avg. Price: 100K<br>Sales Volume: 110
2024,CF42 6,130000,125,Wales,CF42 6<br>Avg. Price: 130K<br>Sales Volume: 125
2024,CF43 3,83000,88,Wales,CF43 3<br>Avg. Price: 83K<br>Sales Volume: 88
2024,CF43 4,95000,92,Wales,CF43 4<br>Avg. Price: 95K<br>Sales Volume: 92
2024,CF44 0,202000,125,Wales,CF44 0<br>Avg. Price: 202K<br>Sales Volume: 125
2024,CF44 6,135000,168,Wales,CF44 6<br>Avg. Price: 135K<br>Sales Volume: 168
2024,CF44 7,134000,68,Wales,CF44 7<br>Avg. Price: 134K<br>Sales Volume: 68
2024,CF44 8,154000,143,Wales,CF44 8<br>Avg. Price: 154K<br>Sales Volume: 143
2024,CF44 9,179000,93,Wales,CF44 9<br>Avg. Price: 179K<br>Sales Volume: 93
2024,CF45 3,105000,145,Wales,CF45 3<br>Avg. Price: 105K<br>Sales Volume: 145
2024,CF45 4,143000,132,Wales,CF45 4<br>Avg. Price: 143K<br>Sales Volume: 132
2024,CF46 5,163000,78,Wales,CF46 5<br>Avg. Price: 163K<br>Sales Volume: 78
2024,CF46 6,181000,119,Wales,CF46 6<br>Avg. Price: 181K<br>Sales Volume: 119
2024,CF47 0,157000,104,Wales,CF47 0<br>Avg. Price: 157K<br>Sales Volume: 104
2024,CF47 8,208000,56,Wales,CF47 8<br>Avg. Price: 208K<br>Sales Volume: 56
2024,CF47 9,137000,88,Wales,CF47 9<br>Avg. Price: 137K<br>Sales Volume: 88
2024,CF48 1,208000,78,Wales,CF48 1<br>Avg. Price: 208K<br>Sales Volume: 78
2024,CF48 2,233000,76,Wales,CF48 2<br>Avg. Price: 233K<br>Sales Volume: 76
2024,CF48 3,109000,46,Wales,CF48 3<br>Avg. Price: 109K<br>Sales Volume: 46
2024,CF48 4,127000,108,Wales,CF48 4<br>Avg. Price: 127K<br>Sales Volume: 108
2024,CF5 1,346000,187,Wales,CF5 1<br>Avg. Price: 346K<br>Sales Volume: 187
2024,CF5 2,369000,234,Wales,CF5 2<br>Avg. Price: 369K<br>Sales Volume: 234
2024,CF5 3,230000,178,Wales,CF5 3<br>Avg. Price: 230K<br>Sales Volume: 178
2024,CF5 4,217000,140,Wales,CF5 4<br>Avg. Price: 217K<br>Sales Volume: 140
2024,CF5 5,193000,111,Wales,CF5 5<br>Avg. Price: 193K<br>Sales Volume: 111
2024,CF5 6,389000,130,Wales,CF5 6<br>Avg. Price: 389K<br>Sales Volume: 130
2024,CF61 1,326000,47,Wales,CF61 1<br>Avg. Price: 326K<br>Sales Volume: 47
2024,CF61 2,286000,54,Wales,CF61 2<br>Avg. Price: 286K<br>Sales Volume: 54
2024,CF62 3,329000,79,Wales,CF62 3<br>Avg. Price: 329K<br>Sales Volume: 79
2024,CF62 4,239000,97,Wales,CF62 4<br>Avg. Price: 239K<br>Sales Volume: 97
2024,CF62 5,253000,103,Wales,CF62 5<br>Avg. Price: 253K<br>Sales Volume: 103
2024,CF62 6,307000,97,Wales,CF62 6<br>Avg. Price: 307K<br>Sales Volume: 97
2024,CF62 7,246000,93,Wales,CF62 7<br>Avg. Price: 246K<br>Sales Volume: 93
2024,CF62 8,249000,86,Wales,CF62 8<br>Avg. Price: 249K<br>Sales Volume: 86
2024,CF62 9,230000,67,Wales,CF62 9<br>Avg. Price: 230K<br>Sales Volume: 67
2024,CF63 1,225000,126,Wales,CF63 1<br>Avg. Price: 225K<br>Sales Volume: 126
2024,CF63 2,179000,76,Wales,CF63 2<br>Avg. Price: 179K<br>Sales Volume: 76
2024,CF63 3,198000,12,Wales,CF63 3<br>Avg. Price: 198K<br>Sales Volume: 12
2024,CF63 4,178000,101,Wales,CF63 4<br>Avg. Price: 178K<br>Sales Volume: 101
2024,CF64 1,306000,135,Wales,CF64 1<br>Avg. Price: 306K<br>Sales Volume: 135
2024,CF64 2,365000,119,Wales,CF64 2<br>Avg. Price: 365K<br>Sales Volume: 119
2024,CF64 3,457000,108,Wales,CF64 3<br>Avg. Price: 457K<br>Sales Volume: 108
2024,CF64 4,383000,112,Wales,CF64 4<br>Avg. Price: 383K<br>Sales Volume: 112
2024,CF64 5,406000,113,Wales,CF64 5<br>Avg. Price: 406K<br>Sales Volume: 113
2024,CF71 7,463000,154,Wales,CF71 7<br>Avg. Price: 463K<br>Sales Volume: 154
2024,CF72 4,280000,176,Wales,CF72 4<br>Avg. Price: 280K<br>Sales Volume: 176
2024,CF72 8,298000,129,Wales,CF72 8<br>Avg. Price: 298K<br>Sales Volume: 129
2024,CF72 9,254000,232,Wales,CF72 9<br>Avg. Price: 254K<br>Sales Volume: 232
2024,CF81 8,149000,84,Wales,CF81 8<br>Avg. Price: 149K<br>Sales Volume: 84
2024,CF81 9,156000,76,Wales,CF81 9<br>Avg. Price: 156K<br>Sales Volume: 76
2024,CF82 6,208000,33,Wales,CF82 6<br>Avg. Price: 208K<br>Sales Volume: 33
2024,CF82 7,181000,133,Wales,CF82 7<br>Avg. Price: 181K<br>Sales Volume: 133
2024,CF82 8,203000,64,Wales,CF82 8<br>Avg. Price: 203K<br>Sales Volume: 64
2024,CF83 1,262000,190,Wales,CF83 1<br>Avg. Price: 262K<br>Sales Volume: 190
2024,CF83 2,248000,188,Wales,CF83 2<br>Avg. Price: 248K<br>Sales Volume: 188
2024,CF83 3,220000,175,Wales,CF83 3<br>Avg. Price: 220K<br>Sales Volume: 175
2024,CF83 4,149000,97,Wales,CF83 4<br>Avg. Price: 149K<br>Sales Volume: 97
2024,CF83 8,237000,170,Wales,CF83 8<br>Avg. Price: 237K<br>Sales Volume: 170
2024,CH1 1,267000,23,North England,CH1 1<br>Avg. Price: 267K<br>Sales Volume: 23
2024,CH1 2,404000,31,North England,CH1 2<br>Avg. Price: 404K<br>Sales Volume: 31
2024,CH1 3,167000,105,North England,CH1 3<br>Avg. Price: 167K<br>Sales Volume: 105
2024,CH1 4,220000,137,North England,CH1 4<br>Avg. Price: 220K<br>Sales Volume: 137
2024,CH1 5,230000,142,North England,CH1 5<br>Avg. Price: 230K<br>Sales Volume: 142
2024,CH1 6,375000,67,North England,CH1 6<br>Avg. Price: 375K<br>Sales Volume: 67
2024,CH2 1,333000,149,North England,CH2 1<br>Avg. Price: 333K<br>Sales Volume: 149
2024,CH2 2,291000,130,North England,CH2 2<br>Avg. Price: 291K<br>Sales Volume: 130
2024,CH2 3,311000,188,North England,CH2 3<br>Avg. Price: 311K<br>Sales Volume: 188
2024,CH2 4,274000,77,North England,CH2 4<br>Avg. Price: 274K<br>Sales Volume: 77
2024,CH3 5,318000,219,North England,CH3 5<br>Avg. Price: 318K<br>Sales Volume: 219
2024,CH3 6,360000,121,North England,CH3 6<br>Avg. Price: 360K<br>Sales Volume: 121
2024,CH3 7,471000,114,North England,CH3 7<br>Avg. Price: 471K<br>Sales Volume: 114
2024,CH3 8,419000,63,North England,CH3 8<br>Avg. Price: 419K<br>Sales Volume: 63
2024,CH3 9,487000,69,North England,CH3 9<br>Avg. Price: 487K<br>Sales Volume: 69
2024,CH4 0,257000,187,North England,CH4 0<br>Avg. Price: 257K<br>Sales Volume: 187
2024,CH4 7,385000,233,North England,CH4 7<br>Avg. Price: 385K<br>Sales Volume: 233
2024,CH4 8,281000,146,North England,CH4 8<br>Avg. Price: 281K<br>Sales Volume: 146
2024,CH4 9,421000,43,North England,CH4 9<br>Avg. Price: 421K<br>Sales Volume: 43
2024,CH41 0,137000,57,North England,CH41 0<br>Avg. Price: 137K<br>Sales Volume: 57
2024,CH41 1,152000,11,North England,CH41 1<br>Avg. Price: 152K<br>Sales Volume: 11
2024,CH41 2,97000,32,North England,CH41 2<br>Avg. Price: 97K<br>Sales Volume: 32
2024,CH41 3,95000,5,North England,CH41 3<br>Avg. Price: 95K<br>Sales Volume: 5
2024,CH41 4,91000,43,North England,CH41 4<br>Avg. Price: 91K<br>Sales Volume: 43
2024,CH41 5,121000,18,North England,CH41 5<br>Avg. Price: 121K<br>Sales Volume: 18
2024,CH41 6,135000,26,North England,CH41 6<br>Avg. Price: 135K<br>Sales Volume: 26
2024,CH41 7,107000,27,North England,CH41 7<br>Avg. Price: 107K<br>Sales Volume: 27
2024,CH41 8,127000,42,North England,CH41 8<br>Avg. Price: 127K<br>Sales Volume: 42
2024,CH41 9,97000,31,North England,CH41 9<br>Avg. Price: 97K<br>Sales Volume: 31
2024,CH42 0,111000,49,North England,CH42 0<br>Avg. Price: 111K<br>Sales Volume: 49
2024,CH42 1,121000,26,North England,CH42 1<br>Avg. Price: 121K<br>Sales Volume: 26
2024,CH42 2,129000,43,North England,CH42 2<br>Avg. Price: 129K<br>Sales Volume: 43
2024,CH42 3,109000,14,North England,CH42 3<br>Avg. Price: 109K<br>Sales Volume: 14
2024,CH42 4,180000,48,North England,CH42 4<br>Avg. Price: 180K<br>Sales Volume: 48
2024,CH42 5,100000,43,North England,CH42 5<br>Avg. Price: 100K<br>Sales Volume: 43
2024,CH42 6,181000,62,North England,CH42 6<br>Avg. Price: 181K<br>Sales Volume: 62
2024,CH42 7,147000,47,North England,CH42 7<br>Avg. Price: 147K<br>Sales Volume: 47
2024,CH42 8,393000,29,North England,CH42 8<br>Avg. Price: 393K<br>Sales Volume: 29
2024,CH42 9,161000,80,North England,CH42 9<br>Avg. Price: 161K<br>Sales Volume: 80
2024,CH43 0,253000,63,North England,CH43 0<br>Avg. Price: 253K<br>Sales Volume: 63
2024,CH43 1,203000,44,North England,CH43 1<br>Avg. Price: 203K<br>Sales Volume: 44
2024,CH43 2,217000,85,North England,CH43 2<br>Avg. Price: 217K<br>Sales Volume: 85
2024,CH43 3,200000,44,North England,CH43 3<br>Avg. Price: 200K<br>Sales Volume: 44
2024,CH43 4,170000,42,North England,CH43 4<br>Avg. Price: 170K<br>Sales Volume: 42
2024,CH43 5,208000,63,North England,CH43 5<br>Avg. Price: 208K<br>Sales Volume: 63
2024,CH43 6,291000,43,North England,CH43 6<br>Avg. Price: 291K<br>Sales Volume: 43
2024,CH43 7,216000,80,North England,CH43 7<br>Avg. Price: 216K<br>Sales Volume: 80
2024,CH43 8,196000,19,North England,CH43 8<br>Avg. Price: 196K<br>Sales Volume: 19
2024,CH43 9,244000,79,North England,CH43 9<br>Avg. Price: 244K<br>Sales Volume: 79
2024,CH44 0,135000,41,North England,CH44 0<br>Avg. Price: 135K<br>Sales Volume: 41
2024,CH44 1,153000,33,North England,CH44 1<br>Avg. Price: 153K<br>Sales Volume: 33
2024,CH44 2,210000,51,North England,CH44 2<br>Avg. Price: 210K<br>Sales Volume: 51
2024,CH44 3,200000,44,North England,CH44 3<br>Avg. Price: 200K<br>Sales Volume: 44
2024,CH44 4,115000,82,North England,CH44 4<br>Avg. Price: 115K<br>Sales Volume: 82
2024,CH44 5,139000,43,North England,CH44 5<br>Avg. Price: 139K<br>Sales Volume: 43
2024,CH44 6,105000,31,North England,CH44 6<br>Avg. Price: 105K<br>Sales Volume: 31
2024,CH44 7,87000,48,North England,CH44 7<br>Avg. Price: 87K<br>Sales Volume: 48
2024,CH44 8,124000,33,North England,CH44 8<br>Avg. Price: 124K<br>Sales Volume: 33
2024,CH44 9,113000,68,North England,CH44 9<br>Avg. Price: 113K<br>Sales Volume: 68
2024,CH45 0,315000,34,North England,CH45 0<br>Avg. Price: 315K<br>Sales Volume: 34
2024,CH45 1,204000,55,North England,CH45 1<br>Avg. Price: 204K<br>Sales Volume: 55
2024,CH45 2,173000,45,North England,CH45 2<br>Avg. Price: 173K<br>Sales Volume: 45
2024,CH45 3,235000,42,North England,CH45 3<br>Avg. Price: 235K<br>Sales Volume: 42
2024,CH45 4,169000,81,North England,CH45 4<br>Avg. Price: 169K<br>Sales Volume: 81
2024,CH45 5,195000,71,North England,CH45 5<br>Avg. Price: 195K<br>Sales Volume: 71
2024,CH45 6,265000,38,North England,CH45 6<br>Avg. Price: 265K<br>Sales Volume: 38
2024,CH45 7,220000,57,North England,CH45 7<br>Avg. Price: 220K<br>Sales Volume: 57
2024,CH45 8,234000,61,North England,CH45 8<br>Avg. Price: 234K<br>Sales Volume: 61
2024,CH45 9,207000,39,North England,CH45 9<br>Avg. Price: 207K<br>Sales Volume: 39
2024,CH46 0,230000,63,North England,CH46 0<br>Avg. Price: 230K<br>Sales Volume: 63
2024,CH46 1,171000,40,North England,CH46 1<br>Avg. Price: 171K<br>Sales Volume: 40
2024,CH46 2,165000,27,North England,CH46 2<br>Avg. Price: 165K<br>Sales Volume: 27
2024,CH46 3,177000,51,North England,CH46 3<br>Avg. Price: 177K<br>Sales Volume: 51
2024,CH46 5,298000,5,North England,CH46 5<br>Avg. Price: 298K<br>Sales Volume: 5
2024,CH46 6,213000,67,North England,CH46 6<br>Avg. Price: 213K<br>Sales Volume: 67
2024,CH46 7,165000,29,North England,CH46 7<br>Avg. Price: 165K<br>Sales Volume: 29
2024,CH46 8,246000,86,North England,CH46 8<br>Avg. Price: 246K<br>Sales Volume: 86
2024,CH46 9,190000,41,North England,CH46 9<br>Avg. Price: 190K<br>Sales Volume: 41
2024,CH47 0,452000,22,North England,CH47 0<br>Avg. Price: 452K<br>Sales Volume: 22
2024,CH47 1,528000,11,North England,CH47 1<br>Avg. Price: 528K<br>Sales Volume: 11
2024,CH47 2,257000,42,North England,CH47 2<br>Avg. Price: 257K<br>Sales Volume: 42
2024,CH47 3,313000,38,North England,CH47 3<br>Avg. Price: 313K<br>Sales Volume: 38
2024,CH47 4,603000,12,North England,CH47 4<br>Avg. Price: 603K<br>Sales Volume: 12
2024,CH47 5,349000,10,North England,CH47 5<br>Avg. Price: 349K<br>Sales Volume: 10
2024,CH47 6,466000,2,North England,CH47 6<br>Avg. Price: 466K<br>Sales Volume: 2
2024,CH47 7,388000,15,North England,CH47 7<br>Avg. Price: 388K<br>Sales Volume: 15
2024,CH47 8,311000,6,North England,CH47 8<br>Avg. Price: 311K<br>Sales Volume: 6
2024,CH47 9,319000,14,North England,CH47 9<br>Avg. Price: 319K<br>Sales Volume: 14
2024,CH48 0,343000,29,North England,CH48 0<br>Avg. Price: 343K<br>Sales Volume: 29
2024,CH48 1,1067000,15,North England,"CH48 1<br>Avg. Price: 1,067K<br>Sales Volume: 15"
2024,CH48 2,1003000,16,North England,"CH48 2<br>Avg. Price: 1,003K<br>Sales Volume: 16"
2024,CH48 3,452000,30,North England,CH48 3<br>Avg. Price: 452K<br>Sales Volume: 30
2024,CH48 4,357000,36,North England,CH48 4<br>Avg. Price: 357K<br>Sales Volume: 36
2024,CH48 5,348000,48,North England,CH48 5<br>Avg. Price: 348K<br>Sales Volume: 48
2024,CH48 6,298000,31,North England,CH48 6<br>Avg. Price: 298K<br>Sales Volume: 31
2024,CH48 7,556000,17,North England,CH48 7<br>Avg. Price: 556K<br>Sales Volume: 17
2024,CH48 8,540000,19,North England,CH48 8<br>Avg. Price: 540K<br>Sales Volume: 19
2024,CH48 9,301000,35,North England,CH48 9<br>Avg. Price: 301K<br>Sales Volume: 35
2024,CH49 0,278000,36,North England,CH49 0<br>Avg. Price: 278K<br>Sales Volume: 36
2024,CH49 1,354000,70,North England,CH49 1<br>Avg. Price: 354K<br>Sales Volume: 70
2024,CH49 2,266000,41,North England,CH49 2<br>Avg. Price: 266K<br>Sales Volume: 41
2024,CH49 3,256000,59,North England,CH49 3<br>Avg. Price: 256K<br>Sales Volume: 59
2024,CH49 4,203000,83,North England,CH49 4<br>Avg. Price: 203K<br>Sales Volume: 83
2024,CH49 5,178000,23,North England,CH49 5<br>Avg. Price: 178K<br>Sales Volume: 23
2024,CH49 6,262000,63,North England,CH49 6<br>Avg. Price: 262K<br>Sales Volume: 63
2024,CH49 7,135000,31,North England,CH49 7<br>Avg. Price: 135K<br>Sales Volume: 31
2024,CH49 8,143000,17,North England,CH49 8<br>Avg. Price: 143K<br>Sales Volume: 17
2024,CH49 9,144000,24,North England,CH49 9<br>Avg. Price: 144K<br>Sales Volume: 24
2024,CH5 1,160000,115,North England,CH5 1<br>Avg. Price: 160K<br>Sales Volume: 115
2024,CH5 2,201000,122,North England,CH5 2<br>Avg. Price: 201K<br>Sales Volume: 122
2024,CH5 3,309000,148,North England,CH5 3<br>Avg. Price: 309K<br>Sales Volume: 148
2024,CH5 4,189000,203,North England,CH5 4<br>Avg. Price: 189K<br>Sales Volume: 203
2024,CH6 5,195000,179,North England,CH6 5<br>Avg. Price: 195K<br>Sales Volume: 179
2024,CH6 6,177000,45,North England,CH6 6<br>Avg. Price: 177K<br>Sales Volume: 45
2024,CH60 0,317000,24,North England,CH60 0<br>Avg. Price: 317K<br>Sales Volume: 24
2024,CH60 1,394000,30,North England,CH60 1<br>Avg. Price: 394K<br>Sales Volume: 30
2024,CH60 2,555000,19,North England,CH60 2<br>Avg. Price: 555K<br>Sales Volume: 19
2024,CH60 3,630000,15,North England,CH60 3<br>Avg. Price: 630K<br>Sales Volume: 15
2024,CH60 4,637000,25,North England,CH60 4<br>Avg. Price: 637K<br>Sales Volume: 25
2024,CH60 5,302000,27,North England,CH60 5<br>Avg. Price: 302K<br>Sales Volume: 27
2024,CH60 6,542000,18,North England,CH60 6<br>Avg. Price: 542K<br>Sales Volume: 18
2024,CH60 7,296000,32,North England,CH60 7<br>Avg. Price: 296K<br>Sales Volume: 32
2024,CH60 8,709000,16,North England,CH60 8<br>Avg. Price: 709K<br>Sales Volume: 16
2024,CH60 9,571000,15,North England,CH60 9<br>Avg. Price: 571K<br>Sales Volume: 15
2024,CH61 0,626000,10,North England,CH61 0<br>Avg. Price: 626K<br>Sales Volume: 10
2024,CH61 1,313000,20,North England,CH61 1<br>Avg. Price: 313K<br>Sales Volume: 20
2024,CH61 2,399000,8,North England,CH61 2<br>Avg. Price: 399K<br>Sales Volume: 8
2024,CH61 3,279000,39,North England,CH61 3<br>Avg. Price: 279K<br>Sales Volume: 39
2024,CH61 4,326000,35,North England,CH61 4<br>Avg. Price: 326K<br>Sales Volume: 35
2024,CH61 5,239000,28,North England,CH61 5<br>Avg. Price: 239K<br>Sales Volume: 28
2024,CH61 6,316000,38,North England,CH61 6<br>Avg. Price: 316K<br>Sales Volume: 38
2024,CH61 7,262000,24,North England,CH61 7<br>Avg. Price: 262K<br>Sales Volume: 24
2024,CH61 8,230000,45,North England,CH61 8<br>Avg. Price: 230K<br>Sales Volume: 45
2024,CH61 9,232000,36,North England,CH61 9<br>Avg. Price: 232K<br>Sales Volume: 36
2024,CH62 0,262000,24,North England,CH62 0<br>Avg. Price: 262K<br>Sales Volume: 24
2024,CH62 1,123000,43,North England,CH62 1<br>Avg. Price: 123K<br>Sales Volume: 43
2024,CH62 2,318000,35,North England,CH62 2<br>Avg. Price: 318K<br>Sales Volume: 35
2024,CH62 3,166000,30,North England,CH62 3<br>Avg. Price: 166K<br>Sales Volume: 30
2024,CH62 4,190000,41,North England,CH62 4<br>Avg. Price: 190K<br>Sales Volume: 41
2024,CH62 5,184000,34,North England,CH62 5<br>Avg. Price: 184K<br>Sales Volume: 34
2024,CH62 6,283000,37,North England,CH62 6<br>Avg. Price: 283K<br>Sales Volume: 37
2024,CH62 7,242000,80,North England,CH62 7<br>Avg. Price: 242K<br>Sales Volume: 80
2024,CH62 8,221000,70,North England,CH62 8<br>Avg. Price: 221K<br>Sales Volume: 70
2024,CH62 9,187000,30,North England,CH62 9<br>Avg. Price: 187K<br>Sales Volume: 30
2024,CH63 0,310000,48,North England,CH63 0<br>Avg. Price: 310K<br>Sales Volume: 48
2024,CH63 1,287000,2,North England,CH63 1<br>Avg. Price: 287K<br>Sales Volume: 2
2024,CH63 2,253000,48,North England,CH63 2<br>Avg. Price: 253K<br>Sales Volume: 48
2024,CH63 3,256000,61,North England,CH63 3<br>Avg. Price: 256K<br>Sales Volume: 61
2024,CH63 4,810000,2,North England,CH63 4<br>Avg. Price: 810K<br>Sales Volume: 2
2024,CH63 5,296000,51,North England,CH63 5<br>Avg. Price: 296K<br>Sales Volume: 51
2024,CH63 6,463000,5,North England,CH63 6<br>Avg. Price: 463K<br>Sales Volume: 5
2024,CH63 7,207000,71,North England,CH63 7<br>Avg. Price: 207K<br>Sales Volume: 71
2024,CH63 8,227000,45,North England,CH63 8<br>Avg. Price: 227K<br>Sales Volume: 45
2024,CH63 9,286000,76,North England,CH63 9<br>Avg. Price: 286K<br>Sales Volume: 76
2024,CH64 0,291000,33,North England,CH64 0<br>Avg. Price: 291K<br>Sales Volume: 33
2024,CH64 1,489000,26,North England,CH64 1<br>Avg. Price: 489K<br>Sales Volume: 26
2024,CH64 2,369000,27,North England,CH64 2<br>Avg. Price: 369K<br>Sales Volume: 27
2024,CH64 3,315000,37,North England,CH64 3<br>Avg. Price: 315K<br>Sales Volume: 37
2024,CH64 4,417000,38,North England,CH64 4<br>Avg. Price: 417K<br>Sales Volume: 38
2024,CH64 5,735000,12,North England,CH64 5<br>Avg. Price: 735K<br>Sales Volume: 12
2024,CH64 6,460000,51,North England,CH64 6<br>Avg. Price: 460K<br>Sales Volume: 51
2024,CH64 7,844000,1,North England,CH64 7<br>Avg. Price: 844K<br>Sales Volume: 1
2024,CH64 8,508000,2,North England,CH64 8<br>Avg. Price: 508K<br>Sales Volume: 2
2024,CH64 9,246000,70,North England,CH64 9<br>Avg. Price: 246K<br>Sales Volume: 70
2024,CH65 0,110000,4,North England,CH65 0<br>Avg. Price: 110K<br>Sales Volume: 4
2024,CH65 2,121000,43,North England,CH65 2<br>Avg. Price: 121K<br>Sales Volume: 43
2024,CH65 3,217000,52,North England,CH65 3<br>Avg. Price: 217K<br>Sales Volume: 52
2024,CH65 4,135000,35,North England,CH65 4<br>Avg. Price: 135K<br>Sales Volume: 35
2024,CH65 5,146000,52,North England,CH65 5<br>Avg. Price: 146K<br>Sales Volume: 52
2024,CH65 6,273000,63,North England,CH65 6<br>Avg. Price: 273K<br>Sales Volume: 63
2024,CH65 7,171000,44,North England,CH65 7<br>Avg. Price: 171K<br>Sales Volume: 44
2024,CH65 8,128000,79,North England,CH65 8<br>Avg. Price: 128K<br>Sales Volume: 79
2024,CH65 9,200000,71,North England,CH65 9<br>Avg. Price: 200K<br>Sales Volume: 71
2024,CH66 0,840000,1,North England,CH66 0<br>Avg. Price: 840K<br>Sales Volume: 1
2024,CH66 1,199000,113,North England,CH66 1<br>Avg. Price: 199K<br>Sales Volume: 113
2024,CH66 2,257000,148,North England,CH66 2<br>Avg. Price: 257K<br>Sales Volume: 148
2024,CH66 3,159000,59,North England,CH66 3<br>Avg. Price: 159K<br>Sales Volume: 59
2024,CH66 4,283000,170,North England,CH66 4<br>Avg. Price: 283K<br>Sales Volume: 170
2024,CH66 5,325000,8,North England,CH66 5<br>Avg. Price: 325K<br>Sales Volume: 8
2024,CH66 6,378000,2,North England,CH66 6<br>Avg. Price: 378K<br>Sales Volume: 2
2024,CH66 7,237000,11,North England,CH66 7<br>Avg. Price: 237K<br>Sales Volume: 11
2024,CH66 8,590000,1,North England,CH66 8<br>Avg. Price: 590K<br>Sales Volume: 1
2024,CH66 9,485000,1,North England,CH66 9<br>Avg. Price: 485K<br>Sales Volume: 1
2024,CH7 1,206000,145,North England,CH7 1<br>Avg. Price: 206K<br>Sales Volume: 145
2024,CH7 2,193000,110,North England,CH7 2<br>Avg. Price: 193K<br>Sales Volume: 110
2024,CH7 3,252000,133,North England,CH7 3<br>Avg. Price: 252K<br>Sales Volume: 133
2024,CH7 4,240000,63,North England,CH7 4<br>Avg. Price: 240K<br>Sales Volume: 63
2024,CH7 5,316000,73,North England,CH7 5<br>Avg. Price: 316K<br>Sales Volume: 73
2024,CH7 6,251000,167,North England,CH7 6<br>Avg. Price: 251K<br>Sales Volume: 167
2024,CH8 7,176000,115,North England,CH8 7<br>Avg. Price: 176K<br>Sales Volume: 115
2024,CH8 8,268000,82,North England,CH8 8<br>Avg. Price: 268K<br>Sales Volume: 82
2024,CH8 9,199000,70,North England,CH8 9<br>Avg. Price: 199K<br>Sales Volume: 70
2024,CM0 7,392000,119,South East,CM0 7<br>Avg. Price: 392K<br>Sales Volume: 119
2024,CM0 8,400000,172,South East,CM0 8<br>Avg. Price: 400K<br>Sales Volume: 172
2024,CM1 1,251000,180,South East,CM1 1<br>Avg. Price: 251K<br>Sales Volume: 180
2024,CM1 2,396000,179,South East,CM1 2<br>Avg. Price: 396K<br>Sales Volume: 179
2024,CM1 3,400000,115,South East,CM1 3<br>Avg. Price: 400K<br>Sales Volume: 115
2024,CM1 4,459000,138,South East,CM1 4<br>Avg. Price: 459K<br>Sales Volume: 138
2024,CM1 6,438000,349,South East,CM1 6<br>Avg. Price: 438K<br>Sales Volume: 349
2024,CM1 7,410000,145,South East,CM1 7<br>Avg. Price: 410K<br>Sales Volume: 145
2024,CM11 1,834000,94,South East,CM11 1<br>Avg. Price: 834K<br>Sales Volume: 94
2024,CM11 2,449000,188,South East,CM11 2<br>Avg. Price: 449K<br>Sales Volume: 188
2024,CM12 0,475000,186,South East,CM12 0<br>Avg. Price: 475K<br>Sales Volume: 186
2024,CM12 9,588000,127,South East,CM12 9<br>Avg. Price: 588K<br>Sales Volume: 127
2024,CM13 1,502000,136,South East,CM13 1<br>Avg. Price: 502K<br>Sales Volume: 136
2024,CM13 2,846000,139,South East,CM13 2<br>Avg. Price: 846K<br>Sales Volume: 139
2024,CM13 3,570000,112,South East,CM13 3<br>Avg. Price: 570K<br>Sales Volume: 112
2024,CM14 4,393000,227,South East,CM14 4<br>Avg. Price: 393K<br>Sales Volume: 227
2024,CM14 5,500000,157,South East,CM14 5<br>Avg. Price: 500K<br>Sales Volume: 157
2024,CM15 0,611000,114,South East,CM15 0<br>Avg. Price: 611K<br>Sales Volume: 114
2024,CM15 8,806000,93,South East,CM15 8<br>Avg. Price: 806K<br>Sales Volume: 93
2024,CM15 9,468000,142,South East,CM15 9<br>Avg. Price: 468K<br>Sales Volume: 142
2024,CM16 4,663000,69,South East,CM16 4<br>Avg. Price: 663K<br>Sales Volume: 69
2024,CM16 5,669000,57,South East,CM16 5<br>Avg. Price: 669K<br>Sales Volume: 57
2024,CM16 6,552000,110,South East,CM16 6<br>Avg. Price: 552K<br>Sales Volume: 110
2024,CM16 7,814000,95,South East,CM16 7<br>Avg. Price: 814K<br>Sales Volume: 95
2024,CM17 0,413000,113,South East,CM17 0<br>Avg. Price: 413K<br>Sales Volume: 113
2024,CM17 9,399000,296,South East,CM17 9<br>Avg. Price: 399K<br>Sales Volume: 296
2024,CM18 6,312000,117,South East,CM18 6<br>Avg. Price: 312K<br>Sales Volume: 117
2024,CM18 7,301000,146,South East,CM18 7<br>Avg. Price: 301K<br>Sales Volume: 146
2024,CM19 4,321000,114,South East,CM19 4<br>Avg. Price: 321K<br>Sales Volume: 114
2024,CM19 5,365000,113,South East,CM19 5<br>Avg. Price: 365K<br>Sales Volume: 113
2024,CM2 0,346000,131,South East,CM2 0<br>Avg. Price: 346K<br>Sales Volume: 131
2024,CM2 5,330000,1,South East,CM2 5<br>Avg. Price: 330K<br>Sales Volume: 1
2024,CM2 6,359000,255,South East,CM2 6<br>Avg. Price: 359K<br>Sales Volume: 255
2024,CM2 7,434000,153,South East,CM2 7<br>Avg. Price: 434K<br>Sales Volume: 153
2024,CM2 8,434000,177,South East,CM2 8<br>Avg. Price: 434K<br>Sales Volume: 177
2024,CM2 9,414000,186,South East,CM2 9<br>Avg. Price: 414K<br>Sales Volume: 186
2024,CM20 1,279000,92,South East,CM20 1<br>Avg. Price: 279K<br>Sales Volume: 92
2024,CM20 2,296000,152,South East,CM20 2<br>Avg. Price: 296K<br>Sales Volume: 152
2024,CM20 3,307000,126,South East,CM20 3<br>Avg. Price: 307K<br>Sales Volume: 126
2024,CM21 0,597000,100,South East,CM21 0<br>Avg. Price: 597K<br>Sales Volume: 100
2024,CM21 9,413000,117,South East,CM21 9<br>Avg. Price: 413K<br>Sales Volume: 117
2024,CM22 6,505000,238,South East,CM22 6<br>Avg. Price: 505K<br>Sales Volume: 238
2024,CM22 7,630000,78,South East,CM22 7<br>Avg. Price: 630K<br>Sales Volume: 78
2024,CM23 0,506000,15,South East,CM23 0<br>Avg. Price: 506K<br>Sales Volume: 15
2024,CM23 1,607000,49,South East,CM23 1<br>Avg. Price: 607K<br>Sales Volume: 49
2024,CM23 2,534000,178,South East,CM23 2<br>Avg. Price: 534K<br>Sales Volume: 178
2024,CM23 3,353000,163,South East,CM23 3<br>Avg. Price: 353K<br>Sales Volume: 163
2024,CM23 4,507000,208,South East,CM23 4<br>Avg. Price: 507K<br>Sales Volume: 208
2024,CM23 5,501000,114,South East,CM23 5<br>Avg. Price: 501K<br>Sales Volume: 114
2024,CM24 8,426000,126,South East,CM24 8<br>Avg. Price: 426K<br>Sales Volume: 126
2024,CM3 1,566000,54,South East,CM3 1<br>Avg. Price: 566K<br>Sales Volume: 54
2024,CM3 2,490000,102,South East,CM3 2<br>Avg. Price: 490K<br>Sales Volume: 102
2024,CM3 3,553000,120,South East,CM3 3<br>Avg. Price: 553K<br>Sales Volume: 120
2024,CM3 4,569000,109,South East,CM3 4<br>Avg. Price: 569K<br>Sales Volume: 109
2024,CM3 5,376000,188,South East,CM3 5<br>Avg. Price: 376K<br>Sales Volume: 188
2024,CM3 6,505000,135,South East,CM3 6<br>Avg. Price: 505K<br>Sales Volume: 135
2024,CM3 7,482000,22,South East,CM3 7<br>Avg. Price: 482K<br>Sales Volume: 22
2024,CM3 8,633000,51,South East,CM3 8<br>Avg. Price: 633K<br>Sales Volume: 51
2024,CM4 0,914000,98,South East,CM4 0<br>Avg. Price: 914K<br>Sales Volume: 98
2024,CM4 9,781000,117,South East,CM4 9<br>Avg. Price: 781K<br>Sales Volume: 117
2024,CM5 0,636000,55,South East,CM5 0<br>Avg. Price: 636K<br>Sales Volume: 55
2024,CM5 9,627000,79,South East,CM5 9<br>Avg. Price: 627K<br>Sales Volume: 79
2024,CM6 1,433000,223,South East,CM6 1<br>Avg. Price: 433K<br>Sales Volume: 223
2024,CM6 2,506000,87,South East,CM6 2<br>Avg. Price: 506K<br>Sales Volume: 87
2024,CM6 3,692000,143,South East,CM6 3<br>Avg. Price: 692K<br>Sales Volume: 143
2024,CM6 4,473000,129,South East,CM6 4<br>Avg. Price: 473K<br>Sales Volume: 129
2024,CM7 1,287000,138,South East,CM7 1<br>Avg. Price: 287K<br>Sales Volume: 138
2024,CM7 2,305000,146,South East,CM7 2<br>Avg. Price: 305K<br>Sales Volume: 146
2024,CM7 3,267000,176,South East,CM7 3<br>Avg. Price: 267K<br>Sales Volume: 176
2024,CM7 4,550000,73,South East,CM7 4<br>Avg. Price: 550K<br>Sales Volume: 73
2024,CM7 5,387000,174,South East,CM7 5<br>Avg. Price: 387K<br>Sales Volume: 174
2024,CM7 9,339000,142,South East,CM7 9<br>Avg. Price: 339K<br>Sales Volume: 142
2024,CM77 6,355000,46,South East,CM77 6<br>Avg. Price: 355K<br>Sales Volume: 46
2024,CM77 7,741000,80,South East,CM77 7<br>Avg. Price: 741K<br>Sales Volume: 80
2024,CM77 8,463000,98,South East,CM77 8<br>Avg. Price: 463K<br>Sales Volume: 98
2024,CM8 1,358000,304,South East,CM8 1<br>Avg. Price: 358K<br>Sales Volume: 304
2024,CM8 2,315000,187,South East,CM8 2<br>Avg. Price: 315K<br>Sales Volume: 187
2024,CM8 3,447000,100,South East,CM8 3<br>Avg. Price: 447K<br>Sales Volume: 100
2024,CM9 4,380000,138,South East,CM9 4<br>Avg. Price: 380K<br>Sales Volume: 138
2024,CM9 5,262000,64,South East,CM9 5<br>Avg. Price: 262K<br>Sales Volume: 64
2024,CM9 6,452000,261,South East,CM9 6<br>Avg. Price: 452K<br>Sales Volume: 261
2024,CM9 8,454000,106,South East,CM9 8<br>Avg. Price: 454K<br>Sales Volume: 106
2024,CO1 1,234000,128,Midlands,CO1 1<br>Avg. Price: 234K<br>Sales Volume: 128
2024,CO1 2,234000,204,Midlands,CO1 2<br>Avg. Price: 234K<br>Sales Volume: 204
2024,CO10 0,338000,200,Midlands,CO10 0<br>Avg. Price: 338K<br>Sales Volume: 200
2024,CO10 1,284000,116,Midlands,CO10 1<br>Avg. Price: 284K<br>Sales Volume: 116
2024,CO10 2,291000,99,Midlands,CO10 2<br>Avg. Price: 291K<br>Sales Volume: 99
2024,CO10 5,504000,24,Midlands,CO10 5<br>Avg. Price: 504K<br>Sales Volume: 24
2024,CO10 7,334000,94,Midlands,CO10 7<br>Avg. Price: 334K<br>Sales Volume: 94
2024,CO10 8,392000,92,Midlands,CO10 8<br>Avg. Price: 392K<br>Sales Volume: 92
2024,CO10 9,399000,126,Midlands,CO10 9<br>Avg. Price: 399K<br>Sales Volume: 126
2024,CO11 1,332000,162,Midlands,CO11 1<br>Avg. Price: 332K<br>Sales Volume: 162
2024,CO11 2,420000,233,Midlands,CO11 2<br>Avg. Price: 420K<br>Sales Volume: 233
2024,CO12 3,233000,129,Midlands,CO12 3<br>Avg. Price: 233K<br>Sales Volume: 129
2024,CO12 4,251000,246,Midlands,CO12 4<br>Avg. Price: 251K<br>Sales Volume: 246
2024,CO12 5,345000,62,Midlands,CO12 5<br>Avg. Price: 345K<br>Sales Volume: 62
2024,CO13 0,366000,204,Midlands,CO13 0<br>Avg. Price: 366K<br>Sales Volume: 204
2024,CO13 9,400000,118,Midlands,CO13 9<br>Avg. Price: 400K<br>Sales Volume: 118
2024,CO14 8,262000,133,Midlands,CO14 8<br>Avg. Price: 262K<br>Sales Volume: 133
2024,CO15 1,211000,147,Midlands,CO15 1<br>Avg. Price: 211K<br>Sales Volume: 147
2024,CO15 2,173000,153,Midlands,CO15 2<br>Avg. Price: 173K<br>Sales Volume: 153
2024,CO15 3,194000,138,Midlands,CO15 3<br>Avg. Price: 194K<br>Sales Volume: 138
2024,CO15 4,227000,210,Midlands,CO15 4<br>Avg. Price: 227K<br>Sales Volume: 210
2024,CO15 5,318000,141,Midlands,CO15 5<br>Avg. Price: 318K<br>Sales Volume: 141
2024,CO15 6,268000,115,Midlands,CO15 6<br>Avg. Price: 268K<br>Sales Volume: 115
2024,CO16 0,452000,59,Midlands,CO16 0<br>Avg. Price: 452K<br>Sales Volume: 59
2024,CO16 7,218000,52,Midlands,CO16 7<br>Avg. Price: 218K<br>Sales Volume: 52
2024,CO16 8,268000,206,Midlands,CO16 8<br>Avg. Price: 268K<br>Sales Volume: 206
2024,CO16 9,331000,121,Midlands,CO16 9<br>Avg. Price: 331K<br>Sales Volume: 121
2024,CO2 0,463000,39,Midlands,CO2 0<br>Avg. Price: 463K<br>Sales Volume: 39
2024,CO2 7,275000,174,Midlands,CO2 7<br>Avg. Price: 275K<br>Sales Volume: 174
2024,CO2 8,246000,165,Midlands,CO2 8<br>Avg. Price: 246K<br>Sales Volume: 165
2024,CO2 9,322000,141,Midlands,CO2 9<br>Avg. Price: 322K<br>Sales Volume: 141
2024,CO3 0,346000,109,Midlands,CO3 0<br>Avg. Price: 346K<br>Sales Volume: 109
2024,CO3 3,380000,143,Midlands,CO3 3<br>Avg. Price: 380K<br>Sales Volume: 143
2024,CO3 4,381000,114,Midlands,CO3 4<br>Avg. Price: 381K<br>Sales Volume: 114
2024,CO3 8,360000,102,Midlands,CO3 8<br>Avg. Price: 360K<br>Sales Volume: 102
2024,CO3 9,386000,121,Midlands,CO3 9<br>Avg. Price: 386K<br>Sales Volume: 121
2024,CO4 0,300000,92,Midlands,CO4 0<br>Avg. Price: 300K<br>Sales Volume: 92
2024,CO4 3,310000,132,Midlands,CO4 3<br>Avg. Price: 310K<br>Sales Volume: 132
2024,CO4 5,352000,234,Midlands,CO4 5<br>Avg. Price: 352K<br>Sales Volume: 234
2024,CO4 6,391000,134,Midlands,CO4 6<br>Avg. Price: 391K<br>Sales Volume: 134
2024,CO4 7,438000,13,Midlands,CO4 7<br>Avg. Price: 438K<br>Sales Volume: 13
2024,CO4 9,296000,164,Midlands,CO4 9<br>Avg. Price: 296K<br>Sales Volume: 164
2024,CO5 0,388000,215,Midlands,CO5 0<br>Avg. Price: 388K<br>Sales Volume: 215
2024,CO5 7,403000,69,Midlands,CO5 7<br>Avg. Price: 403K<br>Sales Volume: 69
2024,CO5 8,476000,133,Midlands,CO5 8<br>Avg. Price: 476K<br>Sales Volume: 133
2024,CO5 9,438000,134,Midlands,CO5 9<br>Avg. Price: 438K<br>Sales Volume: 134
2024,CO6 1,407000,136,Midlands,CO6 1<br>Avg. Price: 407K<br>Sales Volume: 136
2024,CO6 2,425000,96,Midlands,CO6 2<br>Avg. Price: 425K<br>Sales Volume: 96
2024,CO6 3,460000,75,Midlands,CO6 3<br>Avg. Price: 460K<br>Sales Volume: 75
2024,CO6 4,476000,91,Midlands,CO6 4<br>Avg. Price: 476K<br>Sales Volume: 91
2024,CO6 5,448000,5,Midlands,CO6 5<br>Avg. Price: 448K<br>Sales Volume: 5
2024,CO7 0,280000,161,Midlands,CO7 0<br>Avg. Price: 280K<br>Sales Volume: 161
2024,CO7 6,525000,117,Midlands,CO7 6<br>Avg. Price: 525K<br>Sales Volume: 117
2024,CO7 7,418000,149,Midlands,CO7 7<br>Avg. Price: 418K<br>Sales Volume: 149
2024,CO7 8,401000,146,Midlands,CO7 8<br>Avg. Price: 401K<br>Sales Volume: 146
2024,CO7 9,357000,102,Midlands,CO7 9<br>Avg. Price: 357K<br>Sales Volume: 102
2024,CO8 5,418000,29,Midlands,CO8 5<br>Avg. Price: 418K<br>Sales Volume: 29
2024,CO9 1,347000,173,Midlands,CO9 1<br>Avg. Price: 347K<br>Sales Volume: 173
2024,CO9 2,377000,102,Midlands,CO9 2<br>Avg. Price: 377K<br>Sales Volume: 102
2024,CO9 3,414000,84,Midlands,CO9 3<br>Avg. Price: 414K<br>Sales Volume: 84
2024,CO9 4,387000,45,Midlands,CO9 4<br>Avg. Price: 387K<br>Sales Volume: 45
2024,CR0 0,363000,86,Greater London,CR0 0<br>Avg. Price: 363K<br>Sales Volume: 86
2024,CR0 1,322000,132,Greater London,CR0 1<br>Avg. Price: 322K<br>Sales Volume: 132
2024,CR0 2,319000,315,Greater London,CR0 2<br>Avg. Price: 319K<br>Sales Volume: 315
2024,CR0 3,357000,145,Greater London,CR0 3<br>Avg. Price: 357K<br>Sales Volume: 145
2024,CR0 4,363000,215,Greater London,CR0 4<br>Avg. Price: 363K<br>Sales Volume: 215
2024,CR0 5,415000,201,Greater London,CR0 5<br>Avg. Price: 415K<br>Sales Volume: 201
2024,CR0 6,376000,288,Greater London,CR0 6<br>Avg. Price: 376K<br>Sales Volume: 288
2024,CR0 7,474000,156,Greater London,CR0 7<br>Avg. Price: 474K<br>Sales Volume: 156
2024,CR0 8,501000,120,Greater London,CR0 8<br>Avg. Price: 501K<br>Sales Volume: 120
2024,CR0 9,327000,171,Greater London,CR0 9<br>Avg. Price: 327K<br>Sales Volume: 171
2024,CR2 0,566000,147,Greater London,CR2 0<br>Avg. Price: 566K<br>Sales Volume: 147
2024,CR2 6,347000,177,Greater London,CR2 6<br>Avg. Price: 347K<br>Sales Volume: 177
2024,CR2 7,484000,149,Greater London,CR2 7<br>Avg. Price: 484K<br>Sales Volume: 149
2024,CR2 8,474000,146,Greater London,CR2 8<br>Avg. Price: 474K<br>Sales Volume: 146
2024,CR2 9,591000,100,Greater London,CR2 9<br>Avg. Price: 591K<br>Sales Volume: 100
2024,CR3 0,353000,97,Greater London,CR3 0<br>Avg. Price: 353K<br>Sales Volume: 97
2024,CR3 5,497000,197,Greater London,CR3 5<br>Avg. Price: 497K<br>Sales Volume: 197
2024,CR3 6,456000,155,Greater London,CR3 6<br>Avg. Price: 456K<br>Sales Volume: 155
2024,CR3 7,1120000,29,Greater London,"CR3 7<br>Avg. Price: 1,120K<br>Sales Volume: 29"
2024,CR4 1,391000,160,Greater London,CR4 1<br>Avg. Price: 391K<br>Sales Volume: 160
2024,CR4 2,457000,144,Greater London,CR4 2<br>Avg. Price: 457K<br>Sales Volume: 144
2024,CR4 3,386000,133,Greater London,CR4 3<br>Avg. Price: 386K<br>Sales Volume: 133
2024,CR4 4,346000,94,Greater London,CR4 4<br>Avg. Price: 346K<br>Sales Volume: 94
2024,CR5 1,550000,141,Greater London,CR5 1<br>Avg. Price: 550K<br>Sales Volume: 141
2024,CR5 2,571000,148,Greater London,CR5 2<br>Avg. Price: 571K<br>Sales Volume: 148
2024,CR5 3,647000,146,Greater London,CR5 3<br>Avg. Price: 647K<br>Sales Volume: 146
2024,CR6 9,566000,153,Greater London,CR6 9<br>Avg. Price: 566K<br>Sales Volume: 153
2024,CR7 6,412000,59,Greater London,CR7 6<br>Avg. Price: 412K<br>Sales Volume: 59
2024,CR7 7,359000,169,Greater London,CR7 7<br>Avg. Price: 359K<br>Sales Volume: 169
2024,CR7 8,370000,183,Greater London,CR7 8<br>Avg. Price: 370K<br>Sales Volume: 183
2024,CR8 1,647000,68,Greater London,CR8 1<br>Avg. Price: 647K<br>Sales Volume: 68
2024,CR8 2,475000,128,Greater London,CR8 2<br>Avg. Price: 475K<br>Sales Volume: 128
2024,CR8 3,806000,106,Greater London,CR8 3<br>Avg. Price: 806K<br>Sales Volume: 106
2024,CR8 4,526000,99,Greater London,CR8 4<br>Avg. Price: 526K<br>Sales Volume: 99
2024,CR8 5,564000,149,Greater London,CR8 5<br>Avg. Price: 564K<br>Sales Volume: 149
2024,CR9 1,400000,1,Greater London,CR9 1<br>Avg. Price: 400K<br>Sales Volume: 1
2024,CT1 1,281000,129,South East,CT1 1<br>Avg. Price: 281K<br>Sales Volume: 129
2024,CT1 2,280000,97,South East,CT1 2<br>Avg. Price: 280K<br>Sales Volume: 97
2024,CT1 3,362000,224,South East,CT1 3<br>Avg. Price: 362K<br>Sales Volume: 224
2024,CT10 1,420000,142,South East,CT10 1<br>Avg. Price: 420K<br>Sales Volume: 142
2024,CT10 2,338000,163,South East,CT10 2<br>Avg. Price: 338K<br>Sales Volume: 163
2024,CT10 3,386000,109,South East,CT10 3<br>Avg. Price: 386K<br>Sales Volume: 109
2024,CT11 0,313000,134,South East,CT11 0<br>Avg. Price: 313K<br>Sales Volume: 134
2024,CT11 7,243000,123,South East,CT11 7<br>Avg. Price: 243K<br>Sales Volume: 123
2024,CT11 8,250000,117,South East,CT11 8<br>Avg. Price: 250K<br>Sales Volume: 117
2024,CT11 9,272000,130,South East,CT11 9<br>Avg. Price: 272K<br>Sales Volume: 130
2024,CT12 4,334000,74,South East,CT12 4<br>Avg. Price: 334K<br>Sales Volume: 74
2024,CT12 5,328000,101,South East,CT12 5<br>Avg. Price: 328K<br>Sales Volume: 101
2024,CT12 6,253000,132,South East,CT12 6<br>Avg. Price: 253K<br>Sales Volume: 132
2024,CT13 0,340000,121,South East,CT13 0<br>Avg. Price: 340K<br>Sales Volume: 121
2024,CT13 9,389000,61,South East,CT13 9<br>Avg. Price: 389K<br>Sales Volume: 61
2024,CT14 0,450000,56,South East,CT14 0<br>Avg. Price: 450K<br>Sales Volume: 56
2024,CT14 6,366000,102,South East,CT14 6<br>Avg. Price: 366K<br>Sales Volume: 102
2024,CT14 7,403000,204,South East,CT14 7<br>Avg. Price: 403K<br>Sales Volume: 204
2024,CT14 8,460000,32,South East,CT14 8<br>Avg. Price: 460K<br>Sales Volume: 32
2024,CT14 9,299000,300,South East,CT14 9<br>Avg. Price: 299K<br>Sales Volume: 300
2024,CT15 4,353000,34,South East,CT15 4<br>Avg. Price: 353K<br>Sales Volume: 34
2024,CT15 5,407000,35,South East,CT15 5<br>Avg. Price: 407K<br>Sales Volume: 35
2024,CT15 6,490000,27,South East,CT15 6<br>Avg. Price: 490K<br>Sales Volume: 27
2024,CT15 7,427000,54,South East,CT15 7<br>Avg. Price: 427K<br>Sales Volume: 54
2024,CT16 1,234000,80,South East,CT16 1<br>Avg. Price: 234K<br>Sales Volume: 80
2024,CT16 2,217000,139,South East,CT16 2<br>Avg. Price: 217K<br>Sales Volume: 139
2024,CT16 3,348000,202,South East,CT16 3<br>Avg. Price: 348K<br>Sales Volume: 202
2024,CT17 0,224000,170,South East,CT17 0<br>Avg. Price: 224K<br>Sales Volume: 170
2024,CT17 9,216000,147,South East,CT17 9<br>Avg. Price: 216K<br>Sales Volume: 147
2024,CT18 7,384000,212,South East,CT18 7<br>Avg. Price: 384K<br>Sales Volume: 212
2024,CT18 8,461000,48,South East,CT18 8<br>Avg. Price: 461K<br>Sales Volume: 48
2024,CT19 4,283000,115,South East,CT19 4<br>Avg. Price: 283K<br>Sales Volume: 115
2024,CT19 5,314000,165,South East,CT19 5<br>Avg. Price: 314K<br>Sales Volume: 165
2024,CT19 6,279000,104,South East,CT19 6<br>Avg. Price: 279K<br>Sales Volume: 104
2024,CT2 0,320000,109,South East,CT2 0<br>Avg. Price: 320K<br>Sales Volume: 109
2024,CT2 7,367000,113,South East,CT2 7<br>Avg. Price: 367K<br>Sales Volume: 113
2024,CT2 8,346000,114,South East,CT2 8<br>Avg. Price: 346K<br>Sales Volume: 114
2024,CT2 9,416000,40,South East,CT2 9<br>Avg. Price: 416K<br>Sales Volume: 40
2024,CT20 1,231000,123,South East,CT20 1<br>Avg. Price: 231K<br>Sales Volume: 123
2024,CT20 2,320000,174,South East,CT20 2<br>Avg. Price: 320K<br>Sales Volume: 174
2024,CT20 3,336000,228,South East,CT20 3<br>Avg. Price: 336K<br>Sales Volume: 228
2024,CT21 4,418000,89,South East,CT21 4<br>Avg. Price: 418K<br>Sales Volume: 89
2024,CT21 5,450000,115,South East,CT21 5<br>Avg. Price: 450K<br>Sales Volume: 115
2024,CT21 6,366000,88,South East,CT21 6<br>Avg. Price: 366K<br>Sales Volume: 88
2024,CT3 1,481000,79,South East,CT3 1<br>Avg. Price: 481K<br>Sales Volume: 79
2024,CT3 2,385000,44,South East,CT3 2<br>Avg. Price: 385K<br>Sales Volume: 44
2024,CT3 3,232000,155,South East,CT3 3<br>Avg. Price: 232K<br>Sales Volume: 155
2024,CT3 4,453000,62,South East,CT3 4<br>Avg. Price: 453K<br>Sales Volume: 62
2024,CT4 5,505000,52,South East,CT4 5<br>Avg. Price: 505K<br>Sales Volume: 52
2024,CT4 6,583000,53,South East,CT4 6<br>Avg. Price: 583K<br>Sales Volume: 53
2024,CT4 7,485000,88,South East,CT4 7<br>Avg. Price: 485K<br>Sales Volume: 88
2024,CT4 8,585000,18,South East,CT4 8<br>Avg. Price: 585K<br>Sales Volume: 18
2024,CT5 1,401000,119,South East,CT5 1<br>Avg. Price: 401K<br>Sales Volume: 119
2024,CT5 2,498000,160,South East,CT5 2<br>Avg. Price: 498K<br>Sales Volume: 160
2024,CT5 3,480000,130,South East,CT5 3<br>Avg. Price: 480K<br>Sales Volume: 130
2024,CT5 4,498000,138,South East,CT5 4<br>Avg. Price: 498K<br>Sales Volume: 138
2024,CT6 5,309000,176,South East,CT6 5<br>Avg. Price: 309K<br>Sales Volume: 176
2024,CT6 6,359000,185,South East,CT6 6<br>Avg. Price: 359K<br>Sales Volume: 185
2024,CT6 7,342000,172,South East,CT6 7<br>Avg. Price: 342K<br>Sales Volume: 172
2024,CT6 8,320000,162,South East,CT6 8<br>Avg. Price: 320K<br>Sales Volume: 162
2024,CT7 0,328000,46,South East,CT7 0<br>Avg. Price: 328K<br>Sales Volume: 46
2024,CT7 9,324000,147,South East,CT7 9<br>Avg. Price: 324K<br>Sales Volume: 147
2024,CT8 8,259000,171,South East,CT8 8<br>Avg. Price: 259K<br>Sales Volume: 171
2024,CT9 1,226000,128,South East,CT9 1<br>Avg. Price: 226K<br>Sales Volume: 128
2024,CT9 2,263000,223,South East,CT9 2<br>Avg. Price: 263K<br>Sales Volume: 223
2024,CT9 3,378000,123,South East,CT9 3<br>Avg. Price: 378K<br>Sales Volume: 123
2024,CT9 4,257000,95,South East,CT9 4<br>Avg. Price: 257K<br>Sales Volume: 95
2024,CT9 5,346000,126,South East,CT9 5<br>Avg. Price: 346K<br>Sales Volume: 126
2024,CV1 1,136000,6,Midlands,CV1 1<br>Avg. Price: 136K<br>Sales Volume: 6
2024,CV1 2,167000,75,Midlands,CV1 2<br>Avg. Price: 167K<br>Sales Volume: 75
2024,CV1 3,230000,62,Midlands,CV1 3<br>Avg. Price: 230K<br>Sales Volume: 62
2024,CV1 4,163000,75,Midlands,CV1 4<br>Avg. Price: 163K<br>Sales Volume: 75
2024,CV1 5,162000,50,Midlands,CV1 5<br>Avg. Price: 162K<br>Sales Volume: 50
2024,CV10 0,256000,243,Midlands,CV10 0<br>Avg. Price: 256K<br>Sales Volume: 243
2024,CV10 7,201000,172,Midlands,CV10 7<br>Avg. Price: 201K<br>Sales Volume: 172
2024,CV10 8,186000,162,Midlands,CV10 8<br>Avg. Price: 186K<br>Sales Volume: 162
2024,CV10 9,218000,276,Midlands,CV10 9<br>Avg. Price: 218K<br>Sales Volume: 276
2024,CV11 4,232000,197,Midlands,CV11 4<br>Avg. Price: 232K<br>Sales Volume: 197
2024,CV11 5,159000,151,Midlands,CV11 5<br>Avg. Price: 159K<br>Sales Volume: 151
2024,CV11 6,319000,355,Midlands,CV11 6<br>Avg. Price: 319K<br>Sales Volume: 355
2024,CV11 7,309000,122,Midlands,CV11 7<br>Avg. Price: 309K<br>Sales Volume: 122
2024,CV11 8,313000,42,Midlands,CV11 8<br>Avg. Price: 313K<br>Sales Volume: 42
2024,CV12 0,243000,166,Midlands,CV12 0<br>Avg. Price: 243K<br>Sales Volume: 166
2024,CV12 8,212000,121,Midlands,CV12 8<br>Avg. Price: 212K<br>Sales Volume: 121
2024,CV12 9,258000,202,Midlands,CV12 9<br>Avg. Price: 258K<br>Sales Volume: 202
2024,CV13 0,447000,107,Midlands,CV13 0<br>Avg. Price: 447K<br>Sales Volume: 107
2024,CV13 6,402000,115,Midlands,CV13 6<br>Avg. Price: 402K<br>Sales Volume: 115
2024,CV2 1,180000,123,Midlands,CV2 1<br>Avg. Price: 180K<br>Sales Volume: 123
2024,CV2 2,221000,194,Midlands,CV2 2<br>Avg. Price: 221K<br>Sales Volume: 194
2024,CV2 3,214000,199,Midlands,CV2 3<br>Avg. Price: 214K<br>Sales Volume: 199
2024,CV2 4,183000,165,Midlands,CV2 4<br>Avg. Price: 183K<br>Sales Volume: 165
2024,CV2 5,212000,145,Midlands,CV2 5<br>Avg. Price: 212K<br>Sales Volume: 145
2024,CV21 1,271000,206,Midlands,CV21 1<br>Avg. Price: 271K<br>Sales Volume: 206
2024,CV21 2,191000,132,Midlands,CV21 2<br>Avg. Price: 191K<br>Sales Volume: 132
2024,CV21 3,234000,183,Midlands,CV21 3<br>Avg. Price: 234K<br>Sales Volume: 183
2024,CV21 4,266000,121,Midlands,CV21 4<br>Avg. Price: 266K<br>Sales Volume: 121
2024,CV22 5,352000,296,Midlands,CV22 5<br>Avg. Price: 352K<br>Sales Volume: 296
2024,CV22 6,327000,133,Midlands,CV22 6<br>Avg. Price: 327K<br>Sales Volume: 133
2024,CV22 7,293000,287,Midlands,CV22 7<br>Avg. Price: 293K<br>Sales Volume: 287
2024,CV23 0,337000,217,Midlands,CV23 0<br>Avg. Price: 337K<br>Sales Volume: 217
2024,CV23 1,398000,208,Midlands,CV23 1<br>Avg. Price: 398K<br>Sales Volume: 208
2024,CV23 8,445000,63,Midlands,CV23 8<br>Avg. Price: 445K<br>Sales Volume: 63
2024,CV23 9,386000,135,Midlands,CV23 9<br>Avg. Price: 386K<br>Sales Volume: 135
2024,CV3 1,229000,132,Midlands,CV3 1<br>Avg. Price: 229K<br>Sales Volume: 132
2024,CV3 2,276000,247,Midlands,CV3 2<br>Avg. Price: 276K<br>Sales Volume: 247
2024,CV3 3,186000,80,Midlands,CV3 3<br>Avg. Price: 186K<br>Sales Volume: 80
2024,CV3 4,171000,81,Midlands,CV3 4<br>Avg. Price: 171K<br>Sales Volume: 81
2024,CV3 5,281000,166,Midlands,CV3 5<br>Avg. Price: 281K<br>Sales Volume: 166
2024,CV3 6,348000,193,Midlands,CV3 6<br>Avg. Price: 348K<br>Sales Volume: 193
2024,CV31 1,346000,182,Midlands,CV31 1<br>Avg. Price: 346K<br>Sales Volume: 182
2024,CV31 2,301000,166,Midlands,CV31 2<br>Avg. Price: 301K<br>Sales Volume: 166
2024,CV31 3,297000,93,Midlands,CV31 3<br>Avg. Price: 297K<br>Sales Volume: 93
2024,CV32 4,393000,78,Midlands,CV32 4<br>Avg. Price: 393K<br>Sales Volume: 78
2024,CV32 5,482000,154,Midlands,CV32 5<br>Avg. Price: 482K<br>Sales Volume: 154
2024,CV32 6,522000,176,Midlands,CV32 6<br>Avg. Price: 522K<br>Sales Volume: 176
2024,CV32 7,383000,179,Midlands,CV32 7<br>Avg. Price: 383K<br>Sales Volume: 179
2024,CV33 8,377000,92,Midlands,CV33 8<br>Avg. Price: 377K<br>Sales Volume: 92
2024,CV33 9,411000,134,Midlands,CV33 9<br>Avg. Price: 411K<br>Sales Volume: 134
2024,CV34 0,379000,80,Midlands,CV34 0<br>Avg. Price: 379K<br>Sales Volume: 80
2024,CV34 4,298000,142,Midlands,CV34 4<br>Avg. Price: 298K<br>Sales Volume: 142
2024,CV34 5,317000,270,Midlands,CV34 5<br>Avg. Price: 317K<br>Sales Volume: 270
2024,CV34 6,442000,199,Midlands,CV34 6<br>Avg. Price: 442K<br>Sales Volume: 199
2024,CV34 7,400000,42,Midlands,CV34 7<br>Avg. Price: 400K<br>Sales Volume: 42
2024,CV34 8,515000,87,Midlands,CV34 8<br>Avg. Price: 515K<br>Sales Volume: 87
2024,CV35 0,512000,111,Midlands,CV35 0<br>Avg. Price: 512K<br>Sales Volume: 111
2024,CV35 7,428000,121,Midlands,CV35 7<br>Avg. Price: 428K<br>Sales Volume: 121
2024,CV35 8,559000,99,Midlands,CV35 8<br>Avg. Price: 559K<br>Sales Volume: 99
2024,CV35 9,426000,134,Midlands,CV35 9<br>Avg. Price: 426K<br>Sales Volume: 134
2024,CV36 4,427000,131,Midlands,CV36 4<br>Avg. Price: 427K<br>Sales Volume: 131
2024,CV36 5,762000,45,Midlands,CV36 5<br>Avg. Price: 762K<br>Sales Volume: 45
2024,CV37 0,374000,122,Midlands,CV37 0<br>Avg. Price: 374K<br>Sales Volume: 122
2024,CV37 5,441000,73,Midlands,CV37 5<br>Avg. Price: 441K<br>Sales Volume: 73
2024,CV37 6,366000,149,Midlands,CV37 6<br>Avg. Price: 366K<br>Sales Volume: 149
2024,CV37 7,478000,194,Midlands,CV37 7<br>Avg. Price: 478K<br>Sales Volume: 194
2024,CV37 8,470000,246,Midlands,CV37 8<br>Avg. Price: 470K<br>Sales Volume: 246
2024,CV37 9,405000,324,Midlands,CV37 9<br>Avg. Price: 405K<br>Sales Volume: 324
2024,CV4 7,433000,44,Midlands,CV4 7<br>Avg. Price: 433K<br>Sales Volume: 44
2024,CV4 8,326000,106,Midlands,CV4 8<br>Avg. Price: 326K<br>Sales Volume: 106
2024,CV4 9,219000,251,Midlands,CV4 9<br>Avg. Price: 219K<br>Sales Volume: 251
2024,CV47 0,305000,54,Midlands,CV47 0<br>Avg. Price: 305K<br>Sales Volume: 54
2024,CV47 1,329000,78,Midlands,CV47 1<br>Avg. Price: 329K<br>Sales Volume: 78
2024,CV47 2,367000,126,Midlands,CV47 2<br>Avg. Price: 367K<br>Sales Volume: 126
2024,CV47 7,729000,14,Midlands,CV47 7<br>Avg. Price: 729K<br>Sales Volume: 14
2024,CV47 8,395000,27,Midlands,CV47 8<br>Avg. Price: 395K<br>Sales Volume: 27
2024,CV47 9,407000,31,Midlands,CV47 9<br>Avg. Price: 407K<br>Sales Volume: 31
2024,CV5 6,278000,270,Midlands,CV5 6<br>Avg. Price: 278K<br>Sales Volume: 270
2024,CV5 7,280000,173,Midlands,CV5 7<br>Avg. Price: 280K<br>Sales Volume: 173
2024,CV5 8,221000,174,Midlands,CV5 8<br>Avg. Price: 221K<br>Sales Volume: 174
2024,CV5 9,294000,208,Midlands,CV5 9<br>Avg. Price: 294K<br>Sales Volume: 208
2024,CV6 1,214000,169,Midlands,CV6 1<br>Avg. Price: 214K<br>Sales Volume: 169
2024,CV6 2,239000,194,Midlands,CV6 2<br>Avg. Price: 239K<br>Sales Volume: 194
2024,CV6 3,189000,127,Midlands,CV6 3<br>Avg. Price: 189K<br>Sales Volume: 127
2024,CV6 4,216000,386,Midlands,CV6 4<br>Avg. Price: 216K<br>Sales Volume: 386
2024,CV6 5,164000,102,Midlands,CV6 5<br>Avg. Price: 164K<br>Sales Volume: 102
2024,CV6 6,224000,191,Midlands,CV6 6<br>Avg. Price: 224K<br>Sales Volume: 191
2024,CV6 7,189000,153,Midlands,CV6 7<br>Avg. Price: 189K<br>Sales Volume: 153
2024,CV7 7,498000,152,Midlands,CV7 7<br>Avg. Price: 498K<br>Sales Volume: 152
2024,CV7 8,304000,224,Midlands,CV7 8<br>Avg. Price: 304K<br>Sales Volume: 224
2024,CV7 9,251000,144,Midlands,CV7 9<br>Avg. Price: 251K<br>Sales Volume: 144
2024,CV8 1,463000,177,Midlands,CV8 1<br>Avg. Price: 463K<br>Sales Volume: 177
2024,CV8 2,429000,283,Midlands,CV8 2<br>Avg. Price: 429K<br>Sales Volume: 283
2024,CV8 3,381000,118,Midlands,CV8 3<br>Avg. Price: 381K<br>Sales Volume: 118
2024,CV9 1,273000,69,Midlands,CV9 1<br>Avg. Price: 273K<br>Sales Volume: 69
2024,CV9 2,262000,135,Midlands,CV9 2<br>Avg. Price: 262K<br>Sales Volume: 135
2024,CV9 3,410000,80,Midlands,CV9 3<br>Avg. Price: 410K<br>Sales Volume: 80
2024,CW1 2,109000,34,North England,CW1 2<br>Avg. Price: 109K<br>Sales Volume: 34
2024,CW1 3,140000,262,North England,CW1 3<br>Avg. Price: 140K<br>Sales Volume: 262
2024,CW1 4,199000,237,North England,CW1 4<br>Avg. Price: 199K<br>Sales Volume: 237
2024,CW1 5,246000,206,North England,CW1 5<br>Avg. Price: 246K<br>Sales Volume: 206
2024,CW1 6,167000,29,North England,CW1 6<br>Avg. Price: 167K<br>Sales Volume: 29
2024,CW10 0,241000,140,North England,CW10 0<br>Avg. Price: 241K<br>Sales Volume: 140
2024,CW10 9,229000,131,North England,CW10 9<br>Avg. Price: 229K<br>Sales Volume: 131
2024,CW11 1,287000,130,North England,CW11 1<br>Avg. Price: 287K<br>Sales Volume: 130
2024,CW11 2,374000,37,North England,CW11 2<br>Avg. Price: 374K<br>Sales Volume: 37
2024,CW11 3,289000,190,North England,CW11 3<br>Avg. Price: 289K<br>Sales Volume: 190
2024,CW11 4,291000,91,North England,CW11 4<br>Avg. Price: 291K<br>Sales Volume: 91
2024,CW12 1,230000,122,North England,CW12 1<br>Avg. Price: 230K<br>Sales Volume: 122
2024,CW12 2,365000,211,North England,CW12 2<br>Avg. Price: 365K<br>Sales Volume: 211
2024,CW12 3,325000,154,North England,CW12 3<br>Avg. Price: 325K<br>Sales Volume: 154
2024,CW12 4,302000,258,North England,CW12 4<br>Avg. Price: 302K<br>Sales Volume: 258
2024,CW2 5,278000,209,North England,CW2 5<br>Avg. Price: 278K<br>Sales Volume: 209
2024,CW2 6,236000,139,North England,CW2 6<br>Avg. Price: 236K<br>Sales Volume: 139
2024,CW2 7,131000,134,North England,CW2 7<br>Avg. Price: 131K<br>Sales Volume: 134
2024,CW2 8,204000,213,North England,CW2 8<br>Avg. Price: 204K<br>Sales Volume: 213
2024,CW3 0,445000,40,North England,CW3 0<br>Avg. Price: 445K<br>Sales Volume: 40
2024,CW3 9,299000,93,North England,CW3 9<br>Avg. Price: 299K<br>Sales Volume: 93
2024,CW4 7,336000,148,North England,CW4 7<br>Avg. Price: 336K<br>Sales Volume: 148
2024,CW4 8,679000,64,North England,CW4 8<br>Avg. Price: 679K<br>Sales Volume: 64
2024,CW5 5,233000,173,North England,CW5 5<br>Avg. Price: 233K<br>Sales Volume: 173
2024,CW5 6,331000,281,North England,CW5 6<br>Avg. Price: 331K<br>Sales Volume: 281
2024,CW5 7,380000,161,North England,CW5 7<br>Avg. Price: 380K<br>Sales Volume: 161
2024,CW5 8,466000,63,North England,CW5 8<br>Avg. Price: 466K<br>Sales Volume: 63
2024,CW6 0,478000,123,North England,CW6 0<br>Avg. Price: 478K<br>Sales Volume: 123
2024,CW6 9,547000,121,North England,CW6 9<br>Avg. Price: 547K<br>Sales Volume: 121
2024,CW7 1,207000,118,North England,CW7 1<br>Avg. Price: 207K<br>Sales Volume: 118
2024,CW7 2,221000,183,North England,CW7 2<br>Avg. Price: 221K<br>Sales Volume: 183
2024,CW7 3,185000,118,North England,CW7 3<br>Avg. Price: 185K<br>Sales Volume: 118
2024,CW7 4,240000,48,North England,CW7 4<br>Avg. Price: 240K<br>Sales Volume: 48
2024,CW8 1,330000,188,North England,CW8 1<br>Avg. Price: 330K<br>Sales Volume: 188
2024,CW8 2,412000,154,North England,CW8 2<br>Avg. Price: 412K<br>Sales Volume: 154
2024,CW8 3,283000,101,North England,CW8 3<br>Avg. Price: 283K<br>Sales Volume: 101
2024,CW8 4,232000,292,North England,CW8 4<br>Avg. Price: 232K<br>Sales Volume: 292
2024,CW9 5,150000,62,North England,CW9 5<br>Avg. Price: 150K<br>Sales Volume: 62
2024,CW9 6,333000,93,North England,CW9 6<br>Avg. Price: 333K<br>Sales Volume: 93
2024,CW9 7,218000,194,North England,CW9 7<br>Avg. Price: 218K<br>Sales Volume: 194
2024,CW9 8,283000,261,North England,CW9 8<br>Avg. Price: 283K<br>Sales Volume: 261
2024,DA1 1,345000,196,Greater London,DA1 1<br>Avg. Price: 345K<br>Sales Volume: 196
2024,DA1 2,353000,136,Greater London,DA1 2<br>Avg. Price: 353K<br>Sales Volume: 136
2024,DA1 3,434000,150,Greater London,DA1 3<br>Avg. Price: 434K<br>Sales Volume: 150
2024,DA1 4,327000,161,Greater London,DA1 4<br>Avg. Price: 327K<br>Sales Volume: 161
2024,DA1 5,311000,256,Greater London,DA1 5<br>Avg. Price: 311K<br>Sales Volume: 256
2024,DA10 0,307000,100,Greater London,DA10 0<br>Avg. Price: 307K<br>Sales Volume: 100
2024,DA10 1,380000,243,Greater London,DA10 1<br>Avg. Price: 380K<br>Sales Volume: 243
2024,DA11 0,261000,97,Greater London,DA11 0<br>Avg. Price: 261K<br>Sales Volume: 97
2024,DA11 7,361000,99,Greater London,DA11 7<br>Avg. Price: 361K<br>Sales Volume: 99
2024,DA11 8,342000,147,Greater London,DA11 8<br>Avg. Price: 342K<br>Sales Volume: 147
2024,DA11 9,278000,196,Greater London,DA11 9<br>Avg. Price: 278K<br>Sales Volume: 196
2024,DA12 1,287000,74,Greater London,DA12 1<br>Avg. Price: 287K<br>Sales Volume: 74
2024,DA12 2,280000,101,Greater London,DA12 2<br>Avg. Price: 280K<br>Sales Volume: 101
2024,DA12 3,658000,20,Greater London,DA12 3<br>Avg. Price: 658K<br>Sales Volume: 20
2024,DA12 4,370000,141,Greater London,DA12 4<br>Avg. Price: 370K<br>Sales Volume: 141
2024,DA12 5,329000,180,Greater London,DA12 5<br>Avg. Price: 329K<br>Sales Volume: 180
2024,DA13 0,552000,103,Greater London,DA13 0<br>Avg. Price: 552K<br>Sales Volume: 103
2024,DA13 9,545000,51,Greater London,DA13 9<br>Avg. Price: 545K<br>Sales Volume: 51
2024,DA14 4,465000,182,Greater London,DA14 4<br>Avg. Price: 465K<br>Sales Volume: 182
2024,DA14 5,416000,45,Greater London,DA14 5<br>Avg. Price: 416K<br>Sales Volume: 45
2024,DA14 6,370000,160,Greater London,DA14 6<br>Avg. Price: 370K<br>Sales Volume: 160
2024,DA15 7,481000,112,Greater London,DA15 7<br>Avg. Price: 481K<br>Sales Volume: 112
2024,DA15 8,472000,193,Greater London,DA15 8<br>Avg. Price: 472K<br>Sales Volume: 193
2024,DA15 9,464000,114,Greater London,DA15 9<br>Avg. Price: 464K<br>Sales Volume: 114
2024,DA16 1,436000,154,Greater London,DA16 1<br>Avg. Price: 436K<br>Sales Volume: 154
2024,DA16 2,475000,160,Greater London,DA16 2<br>Avg. Price: 475K<br>Sales Volume: 160
2024,DA16 3,409000,131,Greater London,DA16 3<br>Avg. Price: 409K<br>Sales Volume: 131
2024,DA17 5,364000,131,Greater London,DA17 5<br>Avg. Price: 364K<br>Sales Volume: 131
2024,DA17 6,341000,107,Greater London,DA17 6<br>Avg. Price: 341K<br>Sales Volume: 107
2024,DA18 4,262000,13,Greater London,DA18 4<br>Avg. Price: 262K<br>Sales Volume: 13
2024,DA2 6,334000,188,Greater London,DA2 6<br>Avg. Price: 334K<br>Sales Volume: 188
2024,DA2 7,489000,117,Greater London,DA2 7<br>Avg. Price: 489K<br>Sales Volume: 117
2024,DA2 8,375000,16,Greater London,DA2 8<br>Avg. Price: 375K<br>Sales Volume: 16
2024,DA3 7,558000,104,Greater London,DA3 7<br>Avg. Price: 558K<br>Sales Volume: 104
2024,DA3 8,466000,137,Greater London,DA3 8<br>Avg. Price: 466K<br>Sales Volume: 137
2024,DA4 0,584000,48,Greater London,DA4 0<br>Avg. Price: 584K<br>Sales Volume: 48
2024,DA4 9,319000,96,Greater London,DA4 9<br>Avg. Price: 319K<br>Sales Volume: 96
2024,DA5 1,512000,101,Greater London,DA5 1<br>Avg. Price: 512K<br>Sales Volume: 101
2024,DA5 2,609000,74,Greater London,DA5 2<br>Avg. Price: 609K<br>Sales Volume: 74
2024,DA5 3,544000,129,Greater London,DA5 3<br>Avg. Price: 544K<br>Sales Volume: 129
2024,DA6 7,385000,102,Greater London,DA6 7<br>Avg. Price: 385K<br>Sales Volume: 102
2024,DA6 8,466000,68,Greater London,DA6 8<br>Avg. Price: 466K<br>Sales Volume: 68
2024,DA7 4,433000,148,Greater London,DA7 4<br>Avg. Price: 433K<br>Sales Volume: 148
2024,DA7 5,486000,156,Greater London,DA7 5<br>Avg. Price: 486K<br>Sales Volume: 156
2024,DA7 6,422000,171,Greater London,DA7 6<br>Avg. Price: 422K<br>Sales Volume: 171
2024,DA8 1,335000,152,Greater London,DA8 1<br>Avg. Price: 335K<br>Sales Volume: 152
2024,DA8 2,301000,83,Greater London,DA8 2<br>Avg. Price: 301K<br>Sales Volume: 83
2024,DA8 3,357000,108,Greater London,DA8 3<br>Avg. Price: 357K<br>Sales Volume: 108
2024,DA9 9,316000,279,Greater London,DA9 9<br>Avg. Price: 316K<br>Sales Volume: 279
2024,DE1 1,153000,93,Midlands,DE1 1<br>Avg. Price: 153K<br>Sales Volume: 93
2024,DE1 2,177000,298,Midlands,DE1 2<br>Avg. Price: 177K<br>Sales Volume: 298
2024,DE1 3,182000,164,Midlands,DE1 3<br>Avg. Price: 182K<br>Sales Volume: 164
2024,DE11 0,219000,257,Midlands,DE11 0<br>Avg. Price: 219K<br>Sales Volume: 257
2024,DE11 7,244000,204,Midlands,DE11 7<br>Avg. Price: 244K<br>Sales Volume: 204
2024,DE11 8,241000,133,Midlands,DE11 8<br>Avg. Price: 241K<br>Sales Volume: 133
2024,DE11 9,210000,271,Midlands,DE11 9<br>Avg. Price: 210K<br>Sales Volume: 271
2024,DE12 6,266000,99,Midlands,DE12 6<br>Avg. Price: 266K<br>Sales Volume: 99
2024,DE12 7,287000,137,Midlands,DE12 7<br>Avg. Price: 287K<br>Sales Volume: 137
2024,DE12 8,344000,49,Midlands,DE12 8<br>Avg. Price: 344K<br>Sales Volume: 49
2024,DE13 0,223000,296,Midlands,DE13 0<br>Avg. Price: 223K<br>Sales Volume: 296
2024,DE13 7,395000,94,Midlands,DE13 7<br>Avg. Price: 395K<br>Sales Volume: 94
2024,DE13 8,432000,126,Midlands,DE13 8<br>Avg. Price: 432K<br>Sales Volume: 126
2024,DE13 9,336000,307,Midlands,DE13 9<br>Avg. Price: 336K<br>Sales Volume: 307
2024,DE14 1,170000,80,Midlands,DE14 1<br>Avg. Price: 170K<br>Sales Volume: 80
2024,DE14 2,176000,219,Midlands,DE14 2<br>Avg. Price: 176K<br>Sales Volume: 219
2024,DE14 3,196000,299,Midlands,DE14 3<br>Avg. Price: 196K<br>Sales Volume: 299
2024,DE15 0,252000,119,Midlands,DE15 0<br>Avg. Price: 252K<br>Sales Volume: 119
2024,DE15 9,210000,238,Midlands,DE15 9<br>Avg. Price: 210K<br>Sales Volume: 238
2024,DE21 2,248000,160,Midlands,DE21 2<br>Avg. Price: 248K<br>Sales Volume: 160
2024,DE21 4,223000,171,Midlands,DE21 4<br>Avg. Price: 223K<br>Sales Volume: 171
2024,DE21 5,398000,32,Midlands,DE21 5<br>Avg. Price: 398K<br>Sales Volume: 32
2024,DE21 6,186000,178,Midlands,DE21 6<br>Avg. Price: 186K<br>Sales Volume: 178
2024,DE21 7,222000,178,Midlands,DE21 7<br>Avg. Price: 222K<br>Sales Volume: 178
2024,DE22 1,320000,101,Midlands,DE22 1<br>Avg. Price: 320K<br>Sales Volume: 101
2024,DE22 2,362000,251,Midlands,DE22 2<br>Avg. Price: 362K<br>Sales Volume: 251
2024,DE22 3,168000,310,Midlands,DE22 3<br>Avg. Price: 168K<br>Sales Volume: 310
2024,DE22 4,218000,133,Midlands,DE22 4<br>Avg. Price: 218K<br>Sales Volume: 133
2024,DE22 5,756000,6,Midlands,DE22 5<br>Avg. Price: 756K<br>Sales Volume: 6
2024,DE23 1,221000,104,Midlands,DE23 1<br>Avg. Price: 221K<br>Sales Volume: 104
2024,DE23 2,202000,43,Midlands,DE23 2<br>Avg. Price: 202K<br>Sales Volume: 43
2024,DE23 3,306000,93,Midlands,DE23 3<br>Avg. Price: 306K<br>Sales Volume: 93
2024,DE23 4,345000,26,Midlands,DE23 4<br>Avg. Price: 345K<br>Sales Volume: 26
2024,DE23 6,244000,159,Midlands,DE23 6<br>Avg. Price: 244K<br>Sales Volume: 159
2024,DE23 8,144000,146,Midlands,DE23 8<br>Avg. Price: 144K<br>Sales Volume: 146
2024,DE24 0,202000,257,Midlands,DE24 0<br>Avg. Price: 202K<br>Sales Volume: 257
2024,DE24 1,198000,27,Midlands,DE24 1<br>Avg. Price: 198K<br>Sales Volume: 27
2024,DE24 3,249000,146,Midlands,DE24 3<br>Avg. Price: 249K<br>Sales Volume: 146
2024,DE24 5,245000,96,Midlands,DE24 5<br>Avg. Price: 245K<br>Sales Volume: 96
2024,DE24 8,177000,258,Midlands,DE24 8<br>Avg. Price: 177K<br>Sales Volume: 258
2024,DE24 9,191000,127,Midlands,DE24 9<br>Avg. Price: 191K<br>Sales Volume: 127
2024,DE3 0,320000,256,Midlands,DE3 0<br>Avg. Price: 320K<br>Sales Volume: 256
2024,DE3 9,286000,209,Midlands,DE3 9<br>Avg. Price: 286K<br>Sales Volume: 209
2024,DE4 2,348000,169,Midlands,DE4 2<br>Avg. Price: 348K<br>Sales Volume: 169
2024,DE4 3,272000,169,Midlands,DE4 3<br>Avg. Price: 272K<br>Sales Volume: 169
2024,DE4 4,333000,99,Midlands,DE4 4<br>Avg. Price: 333K<br>Sales Volume: 99
2024,DE4 5,409000,134,Midlands,DE4 5<br>Avg. Price: 409K<br>Sales Volume: 134
2024,DE45 1,464000,134,Midlands,DE45 1<br>Avg. Price: 464K<br>Sales Volume: 134
2024,DE5 3,225000,290,Midlands,DE5 3<br>Avg. Price: 225K<br>Sales Volume: 290
2024,DE5 8,223000,73,Midlands,DE5 8<br>Avg. Price: 223K<br>Sales Volume: 73
2024,DE5 9,192000,86,Midlands,DE5 9<br>Avg. Price: 192K<br>Sales Volume: 86
2024,DE55 1,249000,142,Midlands,DE55 1<br>Avg. Price: 249K<br>Sales Volume: 142
2024,DE55 2,193000,147,Midlands,DE55 2<br>Avg. Price: 193K<br>Sales Volume: 147
2024,DE55 3,235000,53,Midlands,DE55 3<br>Avg. Price: 235K<br>Sales Volume: 53
2024,DE55 4,166000,139,Midlands,DE55 4<br>Avg. Price: 166K<br>Sales Volume: 139
2024,DE55 5,190000,155,Midlands,DE55 5<br>Avg. Price: 190K<br>Sales Volume: 155
2024,DE55 6,261000,152,Midlands,DE55 6<br>Avg. Price: 261K<br>Sales Volume: 152
2024,DE55 7,222000,189,Midlands,DE55 7<br>Avg. Price: 222K<br>Sales Volume: 189
2024,DE56 0,275000,158,Midlands,DE56 0<br>Avg. Price: 275K<br>Sales Volume: 158
2024,DE56 1,254000,249,Midlands,DE56 1<br>Avg. Price: 254K<br>Sales Volume: 249
2024,DE56 2,319000,190,Midlands,DE56 2<br>Avg. Price: 319K<br>Sales Volume: 190
2024,DE56 4,527000,84,Midlands,DE56 4<br>Avg. Price: 527K<br>Sales Volume: 84
2024,DE6 1,344000,150,Midlands,DE6 1<br>Avg. Price: 344K<br>Sales Volume: 150
2024,DE6 2,399000,52,Midlands,DE6 2<br>Avg. Price: 399K<br>Sales Volume: 52
2024,DE6 3,388000,66,Midlands,DE6 3<br>Avg. Price: 388K<br>Sales Volume: 66
2024,DE6 4,401000,61,Midlands,DE6 4<br>Avg. Price: 401K<br>Sales Volume: 61
2024,DE6 5,424000,53,Midlands,DE6 5<br>Avg. Price: 424K<br>Sales Volume: 53
2024,DE65 5,257000,294,Midlands,DE65 5<br>Avg. Price: 257K<br>Sales Volume: 294
2024,DE65 6,390000,191,Midlands,DE65 6<br>Avg. Price: 390K<br>Sales Volume: 191
2024,DE7 4,196000,198,Midlands,DE7 4<br>Avg. Price: 196K<br>Sales Volume: 198
2024,DE7 5,167000,167,Midlands,DE7 5<br>Avg. Price: 167K<br>Sales Volume: 167
2024,DE7 6,293000,172,Midlands,DE7 6<br>Avg. Price: 293K<br>Sales Volume: 172
2024,DE7 8,159000,197,Midlands,DE7 8<br>Avg. Price: 159K<br>Sales Volume: 197
2024,DE7 9,230000,41,Midlands,DE7 9<br>Avg. Price: 230K<br>Sales Volume: 41
2024,DE72 2,352000,67,Midlands,DE72 2<br>Avg. Price: 352K<br>Sales Volume: 67
2024,DE72 3,286000,254,Midlands,DE72 3<br>Avg. Price: 286K<br>Sales Volume: 254
2024,DE73 1,935000,1,Midlands,DE73 1<br>Avg. Price: 935K<br>Sales Volume: 1
2024,DE73 5,293000,79,Midlands,DE73 5<br>Avg. Price: 293K<br>Sales Volume: 79
2024,DE73 6,266000,157,Midlands,DE73 6<br>Avg. Price: 266K<br>Sales Volume: 157
2024,DE73 7,427000,21,Midlands,DE73 7<br>Avg. Price: 427K<br>Sales Volume: 21
2024,DE73 8,356000,123,Midlands,DE73 8<br>Avg. Price: 356K<br>Sales Volume: 123
2024,DE74 0,372000,27,Midlands,DE74 0<br>Avg. Price: 372K<br>Sales Volume: 27
2024,DE74 2,291000,270,Midlands,DE74 2<br>Avg. Price: 291K<br>Sales Volume: 270
2024,DE75 7,242000,292,Midlands,DE75 7<br>Avg. Price: 242K<br>Sales Volume: 292
2024,DH1 1,198000,165,North England,DH1 1<br>Avg. Price: 198K<br>Sales Volume: 165
2024,DH1 2,232000,131,North England,DH1 2<br>Avg. Price: 232K<br>Sales Volume: 131
2024,DH1 3,403000,65,North England,DH1 3<br>Avg. Price: 403K<br>Sales Volume: 65
2024,DH1 4,412000,85,North England,DH1 4<br>Avg. Price: 412K<br>Sales Volume: 85
2024,DH1 5,211000,278,North England,DH1 5<br>Avg. Price: 211K<br>Sales Volume: 278
2024,DH2 1,171000,194,North England,DH2 1<br>Avg. Price: 171K<br>Sales Volume: 194
2024,DH2 2,175000,168,North England,DH2 2<br>Avg. Price: 175K<br>Sales Volume: 168
2024,DH2 3,156000,148,North England,DH2 3<br>Avg. Price: 156K<br>Sales Volume: 148
2024,DH3 1,187000,151,North England,DH3 1<br>Avg. Price: 187K<br>Sales Volume: 151
2024,DH3 2,190000,103,North England,DH3 2<br>Avg. Price: 190K<br>Sales Volume: 103
2024,DH3 3,153000,136,North England,DH3 3<br>Avg. Price: 153K<br>Sales Volume: 136
2024,DH3 4,268000,109,North England,DH3 4<br>Avg. Price: 268K<br>Sales Volume: 109
2024,DH4 4,162000,156,North England,DH4 4<br>Avg. Price: 162K<br>Sales Volume: 156
2024,DH4 5,127000,97,North England,DH4 5<br>Avg. Price: 127K<br>Sales Volume: 97
2024,DH4 6,174000,216,North England,DH4 6<br>Avg. Price: 174K<br>Sales Volume: 216
2024,DH4 7,198000,160,North England,DH4 7<br>Avg. Price: 198K<br>Sales Volume: 160
2024,DH5 0,108000,124,North England,DH5 0<br>Avg. Price: 108K<br>Sales Volume: 124
2024,DH5 8,140000,113,North England,DH5 8<br>Avg. Price: 140K<br>Sales Volume: 113
2024,DH5 9,157000,168,North England,DH5 9<br>Avg. Price: 157K<br>Sales Volume: 168
2024,DH6 1,139000,131,North England,DH6 1<br>Avg. Price: 139K<br>Sales Volume: 131
2024,DH6 2,107000,169,North England,DH6 2<br>Avg. Price: 107K<br>Sales Volume: 169
2024,DH6 3,102000,98,North England,DH6 3<br>Avg. Price: 102K<br>Sales Volume: 98
2024,DH6 4,165000,152,North England,DH6 4<br>Avg. Price: 165K<br>Sales Volume: 152
2024,DH6 5,176000,176,North England,DH6 5<br>Avg. Price: 176K<br>Sales Volume: 176
2024,DH7 0,209000,95,North England,DH7 0<br>Avg. Price: 209K<br>Sales Volume: 95
2024,DH7 6,153000,157,North England,DH7 6<br>Avg. Price: 153K<br>Sales Volume: 157
2024,DH7 7,143000,143,North England,DH7 7<br>Avg. Price: 143K<br>Sales Volume: 143
2024,DH7 8,166000,139,North England,DH7 8<br>Avg. Price: 166K<br>Sales Volume: 139
2024,DH7 9,152000,173,North England,DH7 9<br>Avg. Price: 152K<br>Sales Volume: 173
2024,DH8 0,215000,111,North England,DH8 0<br>Avg. Price: 215K<br>Sales Volume: 111
2024,DH8 5,174000,179,North England,DH8 5<br>Avg. Price: 174K<br>Sales Volume: 179
2024,DH8 6,142000,116,North England,DH8 6<br>Avg. Price: 142K<br>Sales Volume: 116
2024,DH8 7,144000,190,North England,DH8 7<br>Avg. Price: 144K<br>Sales Volume: 190
2024,DH8 8,122000,88,North England,DH8 8<br>Avg. Price: 122K<br>Sales Volume: 88
2024,DH8 9,234000,30,North England,DH8 9<br>Avg. Price: 234K<br>Sales Volume: 30
2024,DH9 0,114000,79,North England,DH9 0<br>Avg. Price: 114K<br>Sales Volume: 79
2024,DH9 6,109000,150,North England,DH9 6<br>Avg. Price: 109K<br>Sales Volume: 150
2024,DH9 7,74000,206,North England,DH9 7<br>Avg. Price: 74K<br>Sales Volume: 206
2024,DH9 8,123000,127,North England,DH9 8<br>Avg. Price: 123K<br>Sales Volume: 127
2024,DH9 9,138000,98,North England,DH9 9<br>Avg. Price: 138K<br>Sales Volume: 98
2024,DL1 1,139000,113,North England,DL1 1<br>Avg. Price: 139K<br>Sales Volume: 113
2024,DL1 2,136000,146,North England,DL1 2<br>Avg. Price: 136K<br>Sales Volume: 146
2024,DL1 3,194000,245,North England,DL1 3<br>Avg. Price: 194K<br>Sales Volume: 245
2024,DL1 4,110000,244,North England,DL1 4<br>Avg. Price: 110K<br>Sales Volume: 244
2024,DL1 5,114000,87,North England,DL1 5<br>Avg. Price: 114K<br>Sales Volume: 87
2024,DL10 4,251000,94,North England,DL10 4<br>Avg. Price: 251K<br>Sales Volume: 94
2024,DL10 5,362000,52,North England,DL10 5<br>Avg. Price: 362K<br>Sales Volume: 52
2024,DL10 6,414000,28,North England,DL10 6<br>Avg. Price: 414K<br>Sales Volume: 28
2024,DL10 7,279000,92,North England,DL10 7<br>Avg. Price: 279K<br>Sales Volume: 92
2024,DL11 6,367000,32,North England,DL11 6<br>Avg. Price: 367K<br>Sales Volume: 32
2024,DL11 7,445000,25,North England,DL11 7<br>Avg. Price: 445K<br>Sales Volume: 25
2024,DL12 0,266000,37,North England,DL12 0<br>Avg. Price: 266K<br>Sales Volume: 37
2024,DL12 8,256000,152,North England,DL12 8<br>Avg. Price: 256K<br>Sales Volume: 152
2024,DL12 9,291000,61,North England,DL12 9<br>Avg. Price: 291K<br>Sales Volume: 61
2024,DL13 1,238000,36,North England,DL13 1<br>Avg. Price: 238K<br>Sales Volume: 36
2024,DL13 2,203000,52,North England,DL13 2<br>Avg. Price: 203K<br>Sales Volume: 52
2024,DL13 3,283000,39,North England,DL13 3<br>Avg. Price: 283K<br>Sales Volume: 39
2024,DL13 4,146000,46,North England,DL13 4<br>Avg. Price: 146K<br>Sales Volume: 46
2024,DL13 5,159000,48,North England,DL13 5<br>Avg. Price: 159K<br>Sales Volume: 48
2024,DL14 0,197000,106,North England,DL14 0<br>Avg. Price: 197K<br>Sales Volume: 106
2024,DL14 6,115000,164,North England,DL14 6<br>Avg. Price: 115K<br>Sales Volume: 164
2024,DL14 7,127000,118,North England,DL14 7<br>Avg. Price: 127K<br>Sales Volume: 118
2024,DL14 8,92000,320,North England,DL14 8<br>Avg. Price: 92K<br>Sales Volume: 320
2024,DL14 9,110000,188,North England,DL14 9<br>Avg. Price: 110K<br>Sales Volume: 188
2024,DL15 0,121000,171,North England,DL15 0<br>Avg. Price: 121K<br>Sales Volume: 171
2024,DL15 8,124000,94,North England,DL15 8<br>Avg. Price: 124K<br>Sales Volume: 94
2024,DL15 9,122000,141,North England,DL15 9<br>Avg. Price: 122K<br>Sales Volume: 141
2024,DL16 6,136000,187,North England,DL16 6<br>Avg. Price: 136K<br>Sales Volume: 187
2024,DL16 7,142000,256,North England,DL16 7<br>Avg. Price: 142K<br>Sales Volume: 256
2024,DL17 0,93000,170,North England,DL17 0<br>Avg. Price: 93K<br>Sales Volume: 170
2024,DL17 8,82000,220,North England,DL17 8<br>Avg. Price: 82K<br>Sales Volume: 220
2024,DL17 9,101000,111,North England,DL17 9<br>Avg. Price: 101K<br>Sales Volume: 111
2024,DL2 1,252000,212,North England,DL2 1<br>Avg. Price: 252K<br>Sales Volume: 212
2024,DL2 2,257000,270,North England,DL2 2<br>Avg. Price: 257K<br>Sales Volume: 270
2024,DL2 3,265000,62,North England,DL2 3<br>Avg. Price: 265K<br>Sales Volume: 62
2024,DL3 0,133000,258,North England,DL3 0<br>Avg. Price: 133K<br>Sales Volume: 258
2024,DL3 6,99000,189,North England,DL3 6<br>Avg. Price: 99K<br>Sales Volume: 189
2024,DL3 7,204000,84,North England,DL3 7<br>Avg. Price: 204K<br>Sales Volume: 84
2024,DL3 8,301000,102,North England,DL3 8<br>Avg. Price: 301K<br>Sales Volume: 102
2024,DL3 9,188000,152,North England,DL3 9<br>Avg. Price: 188K<br>Sales Volume: 152
2024,DL4 1,72000,111,North England,DL4 1<br>Avg. Price: 72K<br>Sales Volume: 111
2024,DL4 2,71000,159,North England,DL4 2<br>Avg. Price: 71K<br>Sales Volume: 159
2024,DL5 4,174000,155,North England,DL5 4<br>Avg. Price: 174K<br>Sales Volume: 155
2024,DL5 5,109000,72,North England,DL5 5<br>Avg. Price: 109K<br>Sales Volume: 72
2024,DL5 6,253000,54,North England,DL5 6<br>Avg. Price: 253K<br>Sales Volume: 54
2024,DL5 7,131000,166,North England,DL5 7<br>Avg. Price: 131K<br>Sales Volume: 166
2024,DL6 1,273000,116,North England,DL6 1<br>Avg. Price: 273K<br>Sales Volume: 116
2024,DL6 2,260000,196,North England,DL6 2<br>Avg. Price: 260K<br>Sales Volume: 196
2024,DL6 3,371000,45,North England,DL6 3<br>Avg. Price: 371K<br>Sales Volume: 45
2024,DL7 0,375000,36,North England,DL7 0<br>Avg. Price: 375K<br>Sales Volume: 36
2024,DL7 8,239000,148,North England,DL7 8<br>Avg. Price: 239K<br>Sales Volume: 148
2024,DL7 9,384000,51,North England,DL7 9<br>Avg. Price: 384K<br>Sales Volume: 51
2024,DL8 1,337000,110,North England,DL8 1<br>Avg. Price: 337K<br>Sales Volume: 110
2024,DL8 2,343000,79,North England,DL8 2<br>Avg. Price: 343K<br>Sales Volume: 79
2024,DL8 3,347000,48,North England,DL8 3<br>Avg. Price: 347K<br>Sales Volume: 48
2024,DL8 4,378000,58,North England,DL8 4<br>Avg. Price: 378K<br>Sales Volume: 58
2024,DL8 5,308000,48,North England,DL8 5<br>Avg. Price: 308K<br>Sales Volume: 48
2024,DL9 3,188000,32,North England,DL9 3<br>Avg. Price: 188K<br>Sales Volume: 32
2024,DL9 4,184000,115,North England,DL9 4<br>Avg. Price: 184K<br>Sales Volume: 115
2024,DN1 1,66000,6,Midlands,DN1 1<br>Avg. Price: 66K<br>Sales Volume: 6
2024,DN1 2,125000,140,Midlands,DN1 2<br>Avg. Price: 125K<br>Sales Volume: 140
2024,DN1 3,100000,26,Midlands,DN1 3<br>Avg. Price: 100K<br>Sales Volume: 26
2024,DN10 4,266000,77,Midlands,DN10 4<br>Avg. Price: 266K<br>Sales Volume: 77
2024,DN10 5,423000,37,Midlands,DN10 5<br>Avg. Price: 423K<br>Sales Volume: 37
2024,DN10 6,295000,87,Midlands,DN10 6<br>Avg. Price: 295K<br>Sales Volume: 87
2024,DN11 0,181000,278,Midlands,DN11 0<br>Avg. Price: 181K<br>Sales Volume: 278
2024,DN11 8,185000,362,Midlands,DN11 8<br>Avg. Price: 185K<br>Sales Volume: 362
2024,DN11 9,317000,107,Midlands,DN11 9<br>Avg. Price: 317K<br>Sales Volume: 107
2024,DN12 1,114000,120,Midlands,DN12 1<br>Avg. Price: 114K<br>Sales Volume: 120
2024,DN12 2,159000,80,Midlands,DN12 2<br>Avg. Price: 159K<br>Sales Volume: 80
2024,DN12 3,167000,78,Midlands,DN12 3<br>Avg. Price: 167K<br>Sales Volume: 78
2024,DN12 4,165000,42,Midlands,DN12 4<br>Avg. Price: 165K<br>Sales Volume: 42
2024,DN14 0,263000,114,Midlands,DN14 0<br>Avg. Price: 263K<br>Sales Volume: 114
2024,DN14 5,167000,123,Midlands,DN14 5<br>Avg. Price: 167K<br>Sales Volume: 123
2024,DN14 6,164000,233,Midlands,DN14 6<br>Avg. Price: 164K<br>Sales Volume: 233
2024,DN14 7,278000,196,Midlands,DN14 7<br>Avg. Price: 278K<br>Sales Volume: 196
2024,DN14 8,223000,57,Midlands,DN14 8<br>Avg. Price: 223K<br>Sales Volume: 57
2024,DN14 9,279000,123,Midlands,DN14 9<br>Avg. Price: 279K<br>Sales Volume: 123
2024,DN15 0,281000,16,Midlands,DN15 0<br>Avg. Price: 281K<br>Sales Volume: 16
2024,DN15 6,86000,58,Midlands,DN15 6<br>Avg. Price: 86K<br>Sales Volume: 58
2024,DN15 7,129000,113,Midlands,DN15 7<br>Avg. Price: 129K<br>Sales Volume: 113
2024,DN15 8,163000,171,Midlands,DN15 8<br>Avg. Price: 163K<br>Sales Volume: 171
2024,DN15 9,205000,172,Midlands,DN15 9<br>Avg. Price: 205K<br>Sales Volume: 172
2024,DN16 1,120000,91,Midlands,DN16 1<br>Avg. Price: 120K<br>Sales Volume: 91
2024,DN16 2,136000,113,Midlands,DN16 2<br>Avg. Price: 136K<br>Sales Volume: 113
2024,DN16 3,172000,271,Midlands,DN16 3<br>Avg. Price: 172K<br>Sales Volume: 271
2024,DN17 1,158000,129,Midlands,DN17 1<br>Avg. Price: 158K<br>Sales Volume: 129
2024,DN17 2,156000,162,Midlands,DN17 2<br>Avg. Price: 156K<br>Sales Volume: 162
2024,DN17 3,215000,96,Midlands,DN17 3<br>Avg. Price: 215K<br>Sales Volume: 96
2024,DN17 4,222000,89,Midlands,DN17 4<br>Avg. Price: 222K<br>Sales Volume: 89
2024,DN18 5,192000,207,Midlands,DN18 5<br>Avg. Price: 192K<br>Sales Volume: 207
2024,DN18 6,224000,36,Midlands,DN18 6<br>Avg. Price: 224K<br>Sales Volume: 36
2024,DN19 7,231000,110,Midlands,DN19 7<br>Avg. Price: 231K<br>Sales Volume: 110
2024,DN2 4,169000,135,Midlands,DN2 4<br>Avg. Price: 169K<br>Sales Volume: 135
2024,DN2 5,195000,139,Midlands,DN2 5<br>Avg. Price: 195K<br>Sales Volume: 139
2024,DN2 6,153000,94,Midlands,DN2 6<br>Avg. Price: 153K<br>Sales Volume: 94
2024,DN20 0,241000,89,Midlands,DN20 0<br>Avg. Price: 241K<br>Sales Volume: 89
2024,DN20 8,197000,141,Midlands,DN20 8<br>Avg. Price: 197K<br>Sales Volume: 141
2024,DN20 9,261000,129,Midlands,DN20 9<br>Avg. Price: 261K<br>Sales Volume: 129
2024,DN21 1,154000,296,Midlands,DN21 1<br>Avg. Price: 154K<br>Sales Volume: 296
2024,DN21 2,110000,123,Midlands,DN21 2<br>Avg. Price: 110K<br>Sales Volume: 123
2024,DN21 3,233000,112,Midlands,DN21 3<br>Avg. Price: 233K<br>Sales Volume: 112
2024,DN21 4,215000,99,Midlands,DN21 4<br>Avg. Price: 215K<br>Sales Volume: 99
2024,DN21 5,269000,80,Midlands,DN21 5<br>Avg. Price: 269K<br>Sales Volume: 80
2024,DN22 0,323000,50,Midlands,DN22 0<br>Avg. Price: 323K<br>Sales Volume: 50
2024,DN22 4,546000,9,Midlands,DN22 4<br>Avg. Price: 546K<br>Sales Volume: 9
2024,DN22 5,416000,14,Midlands,DN22 5<br>Avg. Price: 416K<br>Sales Volume: 14
2024,DN22 6,205000,141,Midlands,DN22 6<br>Avg. Price: 205K<br>Sales Volume: 141
2024,DN22 7,198000,256,Midlands,DN22 7<br>Avg. Price: 198K<br>Sales Volume: 256
2024,DN22 8,312000,114,Midlands,DN22 8<br>Avg. Price: 312K<br>Sales Volume: 114
2024,DN22 9,327000,41,Midlands,DN22 9<br>Avg. Price: 327K<br>Sales Volume: 41
2024,DN3 1,188000,150,Midlands,DN3 1<br>Avg. Price: 188K<br>Sales Volume: 150
2024,DN3 2,200000,240,Midlands,DN3 2<br>Avg. Price: 200K<br>Sales Volume: 240
2024,DN3 3,212000,242,Midlands,DN3 3<br>Avg. Price: 212K<br>Sales Volume: 242
2024,DN31 1,82000,38,Midlands,DN31 1<br>Avg. Price: 82K<br>Sales Volume: 38
2024,DN31 2,89000,231,Midlands,DN31 2<br>Avg. Price: 89K<br>Sales Volume: 231
2024,DN32 0,150000,107,Midlands,DN32 0<br>Avg. Price: 150K<br>Sales Volume: 107
2024,DN32 7,55000,94,Midlands,DN32 7<br>Avg. Price: 55K<br>Sales Volume: 94
2024,DN32 8,120000,140,Midlands,DN32 8<br>Avg. Price: 120K<br>Sales Volume: 140
2024,DN32 9,90000,163,Midlands,DN32 9<br>Avg. Price: 90K<br>Sales Volume: 163
2024,DN33 1,92000,55,Midlands,DN33 1<br>Avg. Price: 92K<br>Sales Volume: 55
2024,DN33 2,200000,102,Midlands,DN33 2<br>Avg. Price: 200K<br>Sales Volume: 102
2024,DN33 3,192000,245,Midlands,DN33 3<br>Avg. Price: 192K<br>Sales Volume: 245
2024,DN34 4,131000,141,Midlands,DN34 4<br>Avg. Price: 131K<br>Sales Volume: 141
2024,DN34 5,143000,149,Midlands,DN34 5<br>Avg. Price: 143K<br>Sales Volume: 149
2024,DN35 0,242000,138,Midlands,DN35 0<br>Avg. Price: 242K<br>Sales Volume: 138
2024,DN35 7,107000,214,Midlands,DN35 7<br>Avg. Price: 107K<br>Sales Volume: 214
2024,DN35 8,136000,160,Midlands,DN35 8<br>Avg. Price: 136K<br>Sales Volume: 160
2024,DN35 9,178000,82,Midlands,DN35 9<br>Avg. Price: 178K<br>Sales Volume: 82
2024,DN36 4,254000,260,Midlands,DN36 4<br>Avg. Price: 254K<br>Sales Volume: 260
2024,DN36 5,283000,135,Midlands,DN36 5<br>Avg. Price: 283K<br>Sales Volume: 135
2024,DN37 0,278000,194,Midlands,DN37 0<br>Avg. Price: 278K<br>Sales Volume: 194
2024,DN37 7,217000,53,Midlands,DN37 7<br>Avg. Price: 217K<br>Sales Volume: 53
2024,DN37 8,266000,4,Midlands,DN37 8<br>Avg. Price: 266K<br>Sales Volume: 4
2024,DN37 9,163000,106,Midlands,DN37 9<br>Avg. Price: 163K<br>Sales Volume: 106
2024,DN38 6,210000,44,Midlands,DN38 6<br>Avg. Price: 210K<br>Sales Volume: 44
2024,DN39 6,251000,43,Midlands,DN39 6<br>Avg. Price: 251K<br>Sales Volume: 43
2024,DN4 0,105000,187,Midlands,DN4 0<br>Avg. Price: 105K<br>Sales Volume: 187
2024,DN4 5,196000,163,Midlands,DN4 5<br>Avg. Price: 196K<br>Sales Volume: 163
2024,DN4 6,233000,161,Midlands,DN4 6<br>Avg. Price: 233K<br>Sales Volume: 161
2024,DN4 7,250000,159,Midlands,DN4 7<br>Avg. Price: 250K<br>Sales Volume: 159
2024,DN4 8,150000,179,Midlands,DN4 8<br>Avg. Price: 150K<br>Sales Volume: 179
2024,DN4 9,161000,126,Midlands,DN4 9<br>Avg. Price: 161K<br>Sales Volume: 126
2024,DN40 1,139000,60,Midlands,DN40 1<br>Avg. Price: 139K<br>Sales Volume: 60
2024,DN40 2,163000,85,Midlands,DN40 2<br>Avg. Price: 163K<br>Sales Volume: 85
2024,DN40 3,176000,47,Midlands,DN40 3<br>Avg. Price: 176K<br>Sales Volume: 47
2024,DN41 7,277000,69,Midlands,DN41 7<br>Avg. Price: 277K<br>Sales Volume: 69
2024,DN41 8,199000,50,Midlands,DN41 8<br>Avg. Price: 199K<br>Sales Volume: 50
2024,DN5 0,138000,114,Midlands,DN5 0<br>Avg. Price: 138K<br>Sales Volume: 114
2024,DN5 7,291000,162,Midlands,DN5 7<br>Avg. Price: 291K<br>Sales Volume: 162
2024,DN5 8,184000,149,Midlands,DN5 8<br>Avg. Price: 184K<br>Sales Volume: 149
2024,DN5 9,143000,179,Midlands,DN5 9<br>Avg. Price: 143K<br>Sales Volume: 179
2024,DN6 0,144000,81,Midlands,DN6 0<br>Avg. Price: 144K<br>Sales Volume: 81
2024,DN6 7,138000,155,Midlands,DN6 7<br>Avg. Price: 138K<br>Sales Volume: 155
2024,DN6 8,156000,105,Midlands,DN6 8<br>Avg. Price: 156K<br>Sales Volume: 105
2024,DN6 9,230000,73,Midlands,DN6 9<br>Avg. Price: 230K<br>Sales Volume: 73
2024,DN7 4,172000,121,Midlands,DN7 4<br>Avg. Price: 172K<br>Sales Volume: 121
2024,DN7 5,132000,83,Midlands,DN7 5<br>Avg. Price: 132K<br>Sales Volume: 83
2024,DN7 6,207000,178,Midlands,DN7 6<br>Avg. Price: 207K<br>Sales Volume: 178
2024,DN8 4,149000,115,Midlands,DN8 4<br>Avg. Price: 149K<br>Sales Volume: 115
2024,DN8 5,165000,139,Midlands,DN8 5<br>Avg. Price: 165K<br>Sales Volume: 139
2024,DN9 1,274000,126,Midlands,DN9 1<br>Avg. Price: 274K<br>Sales Volume: 126
2024,DN9 2,281000,55,Midlands,DN9 2<br>Avg. Price: 281K<br>Sales Volume: 55
2024,DN9 3,264000,126,Midlands,DN9 3<br>Avg. Price: 264K<br>Sales Volume: 126
2024,DT1 1,287000,133,South West,DT1 1<br>Avg. Price: 287K<br>Sales Volume: 133
2024,DT1 2,345000,167,South West,DT1 2<br>Avg. Price: 345K<br>Sales Volume: 167
2024,DT1 3,432000,130,South West,DT1 3<br>Avg. Price: 432K<br>Sales Volume: 130
2024,DT10 1,345000,115,South West,DT10 1<br>Avg. Price: 345K<br>Sales Volume: 115
2024,DT10 2,429000,99,South West,DT10 2<br>Avg. Price: 429K<br>Sales Volume: 99
2024,DT11 0,477000,69,South West,DT11 0<br>Avg. Price: 477K<br>Sales Volume: 69
2024,DT11 7,286000,150,South West,DT11 7<br>Avg. Price: 286K<br>Sales Volume: 150
2024,DT11 8,486000,79,South West,DT11 8<br>Avg. Price: 486K<br>Sales Volume: 79
2024,DT11 9,367000,139,South West,DT11 9<br>Avg. Price: 367K<br>Sales Volume: 139
2024,DT2 0,359000,49,South West,DT2 0<br>Avg. Price: 359K<br>Sales Volume: 49
2024,DT2 7,468000,62,South West,DT2 7<br>Avg. Price: 468K<br>Sales Volume: 62
2024,DT2 8,379000,147,South West,DT2 8<br>Avg. Price: 379K<br>Sales Volume: 147
2024,DT2 9,452000,130,South West,DT2 9<br>Avg. Price: 452K<br>Sales Volume: 130
2024,DT3 4,376000,119,South West,DT3 4<br>Avg. Price: 376K<br>Sales Volume: 119
2024,DT3 5,338000,184,South West,DT3 5<br>Avg. Price: 338K<br>Sales Volume: 184
2024,DT3 6,396000,144,South West,DT3 6<br>Avg. Price: 396K<br>Sales Volume: 144
2024,DT4 0,263000,241,South West,DT4 0<br>Avg. Price: 263K<br>Sales Volume: 241
2024,DT4 7,250000,158,South West,DT4 7<br>Avg. Price: 250K<br>Sales Volume: 158
2024,DT4 8,294000,108,South West,DT4 8<br>Avg. Price: 294K<br>Sales Volume: 108
2024,DT4 9,321000,180,South West,DT4 9<br>Avg. Price: 321K<br>Sales Volume: 180
2024,DT5 1,238000,88,South West,DT5 1<br>Avg. Price: 238K<br>Sales Volume: 88
2024,DT5 2,250000,117,South West,DT5 2<br>Avg. Price: 250K<br>Sales Volume: 117
2024,DT6 3,376000,94,South West,DT6 3<br>Avg. Price: 376K<br>Sales Volume: 94
2024,DT6 4,465000,125,South West,DT6 4<br>Avg. Price: 465K<br>Sales Volume: 125
2024,DT6 5,303000,70,South West,DT6 5<br>Avg. Price: 303K<br>Sales Volume: 70
2024,DT6 6,524000,59,South West,DT6 6<br>Avg. Price: 524K<br>Sales Volume: 59
2024,DT7 3,536000,118,South West,DT7 3<br>Avg. Price: 536K<br>Sales Volume: 118
2024,DT8 3,370000,89,South West,DT8 3<br>Avg. Price: 370K<br>Sales Volume: 89
2024,DT9 3,414000,78,South West,DT9 3<br>Avg. Price: 414K<br>Sales Volume: 78
2024,DT9 4,422000,109,South West,DT9 4<br>Avg. Price: 422K<br>Sales Volume: 109
2024,DT9 5,345000,79,South West,DT9 5<br>Avg. Price: 345K<br>Sales Volume: 79
2024,DT9 6,339000,107,South West,DT9 6<br>Avg. Price: 339K<br>Sales Volume: 107
2024,DY1 1,164000,7,Midlands,DY1 1<br>Avg. Price: 164K<br>Sales Volume: 7
2024,DY1 2,200000,127,Midlands,DY1 2<br>Avg. Price: 200K<br>Sales Volume: 127
2024,DY1 3,198000,113,Midlands,DY1 3<br>Avg. Price: 198K<br>Sales Volume: 113
2024,DY1 4,204000,91,Midlands,DY1 4<br>Avg. Price: 204K<br>Sales Volume: 91
2024,DY10 1,192000,126,Midlands,DY10 1<br>Avg. Price: 192K<br>Sales Volume: 126
2024,DY10 2,233000,167,Midlands,DY10 2<br>Avg. Price: 233K<br>Sales Volume: 167
2024,DY10 3,308000,223,Midlands,DY10 3<br>Avg. Price: 308K<br>Sales Volume: 223
2024,DY10 4,309000,77,Midlands,DY10 4<br>Avg. Price: 309K<br>Sales Volume: 77
2024,DY11 5,275000,141,Midlands,DY11 5<br>Avg. Price: 275K<br>Sales Volume: 141
2024,DY11 6,245000,194,Midlands,DY11 6<br>Avg. Price: 245K<br>Sales Volume: 194
2024,DY11 7,249000,97,Midlands,DY11 7<br>Avg. Price: 249K<br>Sales Volume: 97
2024,DY12 1,338000,49,Midlands,DY12 1<br>Avg. Price: 338K<br>Sales Volume: 49
2024,DY12 2,292000,88,Midlands,DY12 2<br>Avg. Price: 292K<br>Sales Volume: 88
2024,DY12 3,627000,8,Midlands,DY12 3<br>Avg. Price: 627K<br>Sales Volume: 8
2024,DY13 0,271000,77,Midlands,DY13 0<br>Avg. Price: 271K<br>Sales Volume: 77
2024,DY13 8,266000,171,Midlands,DY13 8<br>Avg. Price: 266K<br>Sales Volume: 171
2024,DY13 9,249000,163,Midlands,DY13 9<br>Avg. Price: 249K<br>Sales Volume: 163
2024,DY14 0,433000,9,Midlands,DY14 0<br>Avg. Price: 433K<br>Sales Volume: 9
2024,DY14 8,304000,42,Midlands,DY14 8<br>Avg. Price: 304K<br>Sales Volume: 42
2024,DY14 9,406000,27,Midlands,DY14 9<br>Avg. Price: 406K<br>Sales Volume: 27
2024,DY2 0,196000,109,Midlands,DY2 0<br>Avg. Price: 196K<br>Sales Volume: 109
2024,DY2 7,181000,63,Midlands,DY2 7<br>Avg. Price: 181K<br>Sales Volume: 63
2024,DY2 8,172000,64,Midlands,DY2 8<br>Avg. Price: 172K<br>Sales Volume: 64
2024,DY2 9,179000,122,Midlands,DY2 9<br>Avg. Price: 179K<br>Sales Volume: 122
2024,DY3 1,227000,112,Midlands,DY3 1<br>Avg. Price: 227K<br>Sales Volume: 112
2024,DY3 2,213000,130,Midlands,DY3 2<br>Avg. Price: 213K<br>Sales Volume: 130
2024,DY3 3,282000,120,Midlands,DY3 3<br>Avg. Price: 282K<br>Sales Volume: 120
2024,DY3 4,421000,28,Midlands,DY3 4<br>Avg. Price: 421K<br>Sales Volume: 28
2024,DY4 0,200000,102,Midlands,DY4 0<br>Avg. Price: 200K<br>Sales Volume: 102
2024,DY4 7,170000,104,Midlands,DY4 7<br>Avg. Price: 170K<br>Sales Volume: 104
2024,DY4 8,193000,235,Midlands,DY4 8<br>Avg. Price: 193K<br>Sales Volume: 235
2024,DY4 9,173000,91,Midlands,DY4 9<br>Avg. Price: 173K<br>Sales Volume: 91
2024,DY5 1,167000,80,Midlands,DY5 1<br>Avg. Price: 167K<br>Sales Volume: 80
2024,DY5 2,211000,160,Midlands,DY5 2<br>Avg. Price: 211K<br>Sales Volume: 160
2024,DY5 3,187000,164,Midlands,DY5 3<br>Avg. Price: 187K<br>Sales Volume: 164
2024,DY5 4,196000,105,Midlands,DY5 4<br>Avg. Price: 196K<br>Sales Volume: 105
2024,DY6 0,340000,27,Midlands,DY6 0<br>Avg. Price: 340K<br>Sales Volume: 27
2024,DY6 7,246000,147,Midlands,DY6 7<br>Avg. Price: 246K<br>Sales Volume: 147
2024,DY6 8,241000,129,Midlands,DY6 8<br>Avg. Price: 241K<br>Sales Volume: 129
2024,DY6 9,325000,118,Midlands,DY6 9<br>Avg. Price: 325K<br>Sales Volume: 118
2024,DY7 5,490000,10,Midlands,DY7 5<br>Avg. Price: 490K<br>Sales Volume: 10
2024,DY7 6,378000,102,Midlands,DY7 6<br>Avg. Price: 378K<br>Sales Volume: 102
2024,DY8 1,239000,116,Midlands,DY8 1<br>Avg. Price: 239K<br>Sales Volume: 116
2024,DY8 2,525000,58,Midlands,DY8 2<br>Avg. Price: 525K<br>Sales Volume: 58
2024,DY8 3,304000,184,Midlands,DY8 3<br>Avg. Price: 304K<br>Sales Volume: 184
2024,DY8 4,261000,284,Midlands,DY8 4<br>Avg. Price: 261K<br>Sales Volume: 284
2024,DY8 5,236000,193,Midlands,DY8 5<br>Avg. Price: 236K<br>Sales Volume: 193
2024,DY9 0,485000,200,Midlands,DY9 0<br>Avg. Price: 485K<br>Sales Volume: 200
2024,DY9 7,242000,57,Midlands,DY9 7<br>Avg. Price: 242K<br>Sales Volume: 57
2024,DY9 8,188000,25,Midlands,DY9 8<br>Avg. Price: 188K<br>Sales Volume: 25
2024,DY9 9,309000,80,Midlands,DY9 9<br>Avg. Price: 309K<br>Sales Volume: 80
2024,E1 0,485000,41,Greater London,E1 0<br>Avg. Price: 485K<br>Sales Volume: 41
2024,E1 1,467000,43,Greater London,E1 1<br>Avg. Price: 467K<br>Sales Volume: 43
2024,E1 2,686000,60,Greater London,E1 2<br>Avg. Price: 686K<br>Sales Volume: 60
2024,E1 3,469000,47,Greater London,E1 3<br>Avg. Price: 469K<br>Sales Volume: 47
2024,E1 4,457000,91,Greater London,E1 4<br>Avg. Price: 457K<br>Sales Volume: 91
2024,E1 5,474000,58,Greater London,E1 5<br>Avg. Price: 474K<br>Sales Volume: 58
2024,E1 6,832000,56,Greater London,E1 6<br>Avg. Price: 832K<br>Sales Volume: 56
2024,E1 7,611000,23,Greater London,E1 7<br>Avg. Price: 611K<br>Sales Volume: 23
2024,E1 8,621000,76,Greater London,E1 8<br>Avg. Price: 621K<br>Sales Volume: 76
2024,E10 5,471000,192,Greater London,E10 5<br>Avg. Price: 471K<br>Sales Volume: 192
2024,E10 6,528000,198,Greater London,E10 6<br>Avg. Price: 528K<br>Sales Volume: 198
2024,E10 7,450000,110,Greater London,E10 7<br>Avg. Price: 450K<br>Sales Volume: 110
2024,E11 1,571000,170,Greater London,E11 1<br>Avg. Price: 571K<br>Sales Volume: 170
2024,E11 2,732000,157,Greater London,E11 2<br>Avg. Price: 732K<br>Sales Volume: 157
2024,E11 3,610000,151,Greater London,E11 3<br>Avg. Price: 610K<br>Sales Volume: 151
2024,E11 4,557000,146,Greater London,E11 4<br>Avg. Price: 557K<br>Sales Volume: 146
2024,E12 5,564000,99,Greater London,E12 5<br>Avg. Price: 564K<br>Sales Volume: 99
2024,E12 6,410000,82,Greater London,E12 6<br>Avg. Price: 410K<br>Sales Volume: 82
2024,E13 0,388000,83,Greater London,E13 0<br>Avg. Price: 388K<br>Sales Volume: 83
2024,E13 8,373000,84,Greater London,E13 8<br>Avg. Price: 373K<br>Sales Volume: 84
2024,E13 9,381000,94,Greater London,E13 9<br>Avg. Price: 381K<br>Sales Volume: 94
2024,E14 0,502000,306,Greater London,E14 0<br>Avg. Price: 502K<br>Sales Volume: 306
2024,E14 2,518000,21,Greater London,E14 2<br>Avg. Price: 518K<br>Sales Volume: 21
2024,E14 3,500000,170,Greater London,E14 3<br>Avg. Price: 500K<br>Sales Volume: 170
2024,E14 4,564000,4,Greater London,E14 4<br>Avg. Price: 564K<br>Sales Volume: 4
2024,E14 5,626000,12,Greater London,E14 5<br>Avg. Price: 626K<br>Sales Volume: 12
2024,E14 6,388000,116,Greater London,E14 6<br>Avg. Price: 388K<br>Sales Volume: 116
2024,E14 7,428000,111,Greater London,E14 7<br>Avg. Price: 428K<br>Sales Volume: 111
2024,E14 8,614000,121,Greater London,E14 8<br>Avg. Price: 614K<br>Sales Volume: 121
2024,E14 9,702000,686,Greater London,E14 9<br>Avg. Price: 702K<br>Sales Volume: 686
2024,E15 1,488000,182,Greater London,E15 1<br>Avg. Price: 488K<br>Sales Volume: 182
2024,E15 2,407000,107,Greater London,E15 2<br>Avg. Price: 407K<br>Sales Volume: 107
2024,E15 3,455000,60,Greater London,E15 3<br>Avg. Price: 455K<br>Sales Volume: 60
2024,E15 4,441000,89,Greater London,E15 4<br>Avg. Price: 441K<br>Sales Volume: 89
2024,E16 1,427000,288,Greater London,E16 1<br>Avg. Price: 427K<br>Sales Volume: 288
2024,E16 2,532000,532,Greater London,E16 2<br>Avg. Price: 532K<br>Sales Volume: 532
2024,E16 3,385000,73,Greater London,E16 3<br>Avg. Price: 385K<br>Sales Volume: 73
2024,E16 4,416000,68,Greater London,E16 4<br>Avg. Price: 416K<br>Sales Volume: 68
2024,E17 3,537000,167,Greater London,E17 3<br>Avg. Price: 537K<br>Sales Volume: 167
2024,E17 4,529000,260,Greater London,E17 4<br>Avg. Price: 529K<br>Sales Volume: 260
2024,E17 5,477000,184,Greater London,E17 5<br>Avg. Price: 477K<br>Sales Volume: 184
2024,E17 6,548000,252,Greater London,E17 6<br>Avg. Price: 548K<br>Sales Volume: 252
2024,E17 7,547000,158,Greater London,E17 7<br>Avg. Price: 547K<br>Sales Volume: 158
2024,E17 8,531000,180,Greater London,E17 8<br>Avg. Price: 531K<br>Sales Volume: 180
2024,E17 9,646000,197,Greater London,E17 9<br>Avg. Price: 646K<br>Sales Volume: 197
2024,E18 1,587000,116,Greater London,E18 1<br>Avg. Price: 587K<br>Sales Volume: 116
2024,E18 2,627000,187,Greater London,E18 2<br>Avg. Price: 627K<br>Sales Volume: 187
2024,E1W 1,881000,27,Greater London,E1W 1<br>Avg. Price: 881K<br>Sales Volume: 27
2024,E1W 2,868000,151,Greater London,E1W 2<br>Avg. Price: 868K<br>Sales Volume: 151
2024,E1W 3,652000,59,Greater London,E1W 3<br>Avg. Price: 652K<br>Sales Volume: 59
2024,E2 0,484000,108,Greater London,E2 0<br>Avg. Price: 484K<br>Sales Volume: 108
2024,E2 6,578000,61,Greater London,E2 6<br>Avg. Price: 578K<br>Sales Volume: 61
2024,E2 7,709000,78,Greater London,E2 7<br>Avg. Price: 709K<br>Sales Volume: 78
2024,E2 8,569000,90,Greater London,E2 8<br>Avg. Price: 569K<br>Sales Volume: 90
2024,E2 9,541000,83,Greater London,E2 9<br>Avg. Price: 541K<br>Sales Volume: 83
2024,E20 1,617000,49,Greater London,E20 1<br>Avg. Price: 617K<br>Sales Volume: 49
2024,E20 3,592000,4,Greater London,E20 3<br>Avg. Price: 592K<br>Sales Volume: 4
2024,E3 2,464000,248,Greater London,E3 2<br>Avg. Price: 464K<br>Sales Volume: 248
2024,E3 3,362000,175,Greater London,E3 3<br>Avg. Price: 362K<br>Sales Volume: 175
2024,E3 4,445000,154,Greater London,E3 4<br>Avg. Price: 445K<br>Sales Volume: 154
2024,E3 5,666000,120,Greater London,E3 5<br>Avg. Price: 666K<br>Sales Volume: 120
2024,E4 6,522000,190,Greater London,E4 6<br>Avg. Price: 522K<br>Sales Volume: 190
2024,E4 7,579000,151,Greater London,E4 7<br>Avg. Price: 579K<br>Sales Volume: 151
2024,E4 8,434000,158,Greater London,E4 8<br>Avg. Price: 434K<br>Sales Volume: 158
2024,E4 9,555000,213,Greater London,E4 9<br>Avg. Price: 555K<br>Sales Volume: 213
2024,E5 0,774000,160,Greater London,E5 0<br>Avg. Price: 774K<br>Sales Volume: 160
2024,E5 8,575000,126,Greater London,E5 8<br>Avg. Price: 575K<br>Sales Volume: 126
2024,E5 9,494000,137,Greater London,E5 9<br>Avg. Price: 494K<br>Sales Volume: 137
2024,E6 1,413000,63,Greater London,E6 1<br>Avg. Price: 413K<br>Sales Volume: 63
2024,E6 2,404000,74,Greater London,E6 2<br>Avg. Price: 404K<br>Sales Volume: 74
2024,E6 3,426000,140,Greater London,E6 3<br>Avg. Price: 426K<br>Sales Volume: 140
2024,E6 5,373000,82,Greater London,E6 5<br>Avg. Price: 373K<br>Sales Volume: 82
2024,E6 6,370000,43,Greater London,E6 6<br>Avg. Price: 370K<br>Sales Volume: 43
2024,E6 7,505000,1,Greater London,E6 7<br>Avg. Price: 505K<br>Sales Volume: 1
2024,E7 0,628000,137,Greater London,E7 0<br>Avg. Price: 628K<br>Sales Volume: 137
2024,E7 8,416000,82,Greater London,E7 8<br>Avg. Price: 416K<br>Sales Volume: 82
2024,E7 9,463000,129,Greater London,E7 9<br>Avg. Price: 463K<br>Sales Volume: 129
2024,E8 1,680000,92,Greater London,E8 1<br>Avg. Price: 680K<br>Sales Volume: 92
2024,E8 2,669000,84,Greater London,E8 2<br>Avg. Price: 669K<br>Sales Volume: 84
2024,E8 3,819000,217,Greater London,E8 3<br>Avg. Price: 819K<br>Sales Volume: 217
2024,E8 4,754000,68,Greater London,E8 4<br>Avg. Price: 754K<br>Sales Volume: 68
2024,E9 5,546000,116,Greater London,E9 5<br>Avg. Price: 546K<br>Sales Volume: 116
2024,E9 6,533000,83,Greater London,E9 6<br>Avg. Price: 533K<br>Sales Volume: 83
2024,E9 7,793000,117,Greater London,E9 7<br>Avg. Price: 793K<br>Sales Volume: 117
2024,EC1A 4,668000,7,Greater London,EC1A 4<br>Avg. Price: 668K<br>Sales Volume: 7
2024,EC1A 7,1075000,15,Greater London,"EC1A 7<br>Avg. Price: 1,075K<br>Sales Volume: 15"
2024,EC1A 9,494000,6,Greater London,EC1A 9<br>Avg. Price: 494K<br>Sales Volume: 6
2024,EC1M 3,848000,3,Greater London,EC1M 3<br>Avg. Price: 848K<br>Sales Volume: 3
2024,EC1M 4,2264000,9,Greater London,"EC1M 4<br>Avg. Price: 2,264K<br>Sales Volume: 9"
2024,EC1M 5,1266000,28,Greater London,"EC1M 5<br>Avg. Price: 1,266K<br>Sales Volume: 28"
2024,EC1M 6,446000,10,Greater London,EC1M 6<br>Avg. Price: 446K<br>Sales Volume: 10
2024,EC1N 2,1300000,2,Greater London,"EC1N 2<br>Avg. Price: 1,300K<br>Sales Volume: 2"
2024,EC1N 7,664000,10,Greater London,EC1N 7<br>Avg. Price: 664K<br>Sales Volume: 10
2024,EC1N 8,771000,14,Greater London,EC1N 8<br>Avg. Price: 771K<br>Sales Volume: 14
2024,EC1R 0,1276000,23,Greater London,"EC1R 0<br>Avg. Price: 1,276K<br>Sales Volume: 23"
2024,EC1R 1,1042000,18,Greater London,"EC1R 1<br>Avg. Price: 1,042K<br>Sales Volume: 18"
2024,EC1R 4,784000,12,Greater London,EC1R 4<br>Avg. Price: 784K<br>Sales Volume: 12
2024,EC1R 5,1072000,14,Greater London,"EC1R 5<br>Avg. Price: 1,072K<br>Sales Volume: 14"
2024,EC1V 0,1016000,28,Greater London,"EC1V 0<br>Avg. Price: 1,016K<br>Sales Volume: 28"
2024,EC1V 1,920000,119,Greater London,EC1V 1<br>Avg. Price: 920K<br>Sales Volume: 119
2024,EC1V 2,899000,181,Greater London,EC1V 2<br>Avg. Price: 899K<br>Sales Volume: 181
2024,EC1V 3,851000,37,Greater London,EC1V 3<br>Avg. Price: 851K<br>Sales Volume: 37
2024,EC1V 4,916000,26,Greater London,EC1V 4<br>Avg. Price: 916K<br>Sales Volume: 26
2024,EC1V 7,780000,23,Greater London,EC1V 7<br>Avg. Price: 780K<br>Sales Volume: 23
2024,EC1V 8,745000,122,Greater London,EC1V 8<br>Avg. Price: 745K<br>Sales Volume: 122
2024,EC1V 9,497000,4,Greater London,EC1V 9<br>Avg. Price: 497K<br>Sales Volume: 4
2024,EC1Y 0,639000,8,Greater London,EC1Y 0<br>Avg. Price: 639K<br>Sales Volume: 8
2024,EC1Y 1,753000,3,Greater London,EC1Y 1<br>Avg. Price: 753K<br>Sales Volume: 3
2024,EC1Y 2,855000,6,Greater London,EC1Y 2<br>Avg. Price: 855K<br>Sales Volume: 6
2024,EC1Y 8,764000,21,Greater London,EC1Y 8<br>Avg. Price: 764K<br>Sales Volume: 21
2024,EC2A 1,940000,1,Greater London,EC2A 1<br>Avg. Price: 940K<br>Sales Volume: 1
2024,EC2A 2,1606000,25,Greater London,"EC2A 2<br>Avg. Price: 1,606K<br>Sales Volume: 25"
2024,EC2A 3,873000,15,Greater London,EC2A 3<br>Avg. Price: 873K<br>Sales Volume: 15
2024,EC2A 4,567000,9,Greater London,EC2A 4<br>Avg. Price: 567K<br>Sales Volume: 9
2024,EC2M 4,2200000,1,Greater London,"EC2M 4<br>Avg. Price: 2,200K<br>Sales Volume: 1"
2024,EC2R 7,1440000,2,Greater London,"EC2R 7<br>Avg. Price: 1,440K<br>Sales Volume: 2"
2024,EC2Y 8,972000,74,Greater London,EC2Y 8<br>Avg. Price: 972K<br>Sales Volume: 74
2024,EC2Y 9,906000,10,Greater London,EC2Y 9<br>Avg. Price: 906K<br>Sales Volume: 10
2024,EC3A 7,2127000,10,Greater London,"EC3A 7<br>Avg. Price: 2,127K<br>Sales Volume: 10"
2024,EC3N 1,1025000,81,Greater London,"EC3N 1<br>Avg. Price: 1,025K<br>Sales Volume: 81"
2024,EC3N 2,462000,3,Greater London,EC3N 2<br>Avg. Price: 462K<br>Sales Volume: 3
2024,EC3R 6,1258000,3,Greater London,"EC3R 6<br>Avg. Price: 1,258K<br>Sales Volume: 3"
2024,EC3R 8,589000,2,Greater London,EC3R 8<br>Avg. Price: 589K<br>Sales Volume: 2
2024,EC4A 1,590000,4,Greater London,EC4A 1<br>Avg. Price: 590K<br>Sales Volume: 4
2024,EC4A 3,541000,5,Greater London,EC4A 3<br>Avg. Price: 541K<br>Sales Volume: 5
2024,EC4M 7,697000,3,Greater London,EC4M 7<br>Avg. Price: 697K<br>Sales Volume: 3
2024,EC4V 2,1900000,1,Greater London,"EC4V 2<br>Avg. Price: 1,900K<br>Sales Volume: 1"
2024,EC4V 3,1898000,11,Greater London,"EC4V 3<br>Avg. Price: 1,898K<br>Sales Volume: 11"
2024,EC4V 5,591000,3,Greater London,EC4V 5<br>Avg. Price: 591K<br>Sales Volume: 3
2024,EC4V 6,1820000,1,Greater London,"EC4V 6<br>Avg. Price: 1,820K<br>Sales Volume: 1"
2024,EC4Y 0,910000,2,Greater London,EC4Y 0<br>Avg. Price: 910K<br>Sales Volume: 2
2024,EC4Y 1,685000,1,Greater London,EC4Y 1<br>Avg. Price: 685K<br>Sales Volume: 1
2024,EN1 1,432000,148,Greater London,EN1 1<br>Avg. Price: 432K<br>Sales Volume: 148
2024,EN1 2,539000,113,Greater London,EN1 2<br>Avg. Price: 539K<br>Sales Volume: 113
2024,EN1 3,487000,125,Greater London,EN1 3<br>Avg. Price: 487K<br>Sales Volume: 125
2024,EN1 4,374000,111,Greater London,EN1 4<br>Avg. Price: 374K<br>Sales Volume: 111
2024,EN10 6,376000,131,Greater London,EN10 6<br>Avg. Price: 376K<br>Sales Volume: 131
2024,EN10 7,647000,118,Greater London,EN10 7<br>Avg. Price: 647K<br>Sales Volume: 118
2024,EN11 0,380000,92,Greater London,EN11 0<br>Avg. Price: 380K<br>Sales Volume: 92
2024,EN11 8,365000,127,Greater London,EN11 8<br>Avg. Price: 365K<br>Sales Volume: 127
2024,EN11 9,465000,104,Greater London,EN11 9<br>Avg. Price: 465K<br>Sales Volume: 104
2024,EN2 0,467000,103,Greater London,EN2 0<br>Avg. Price: 467K<br>Sales Volume: 103
2024,EN2 6,584000,43,Greater London,EN2 6<br>Avg. Price: 584K<br>Sales Volume: 43
2024,EN2 7,647000,116,Greater London,EN2 7<br>Avg. Price: 647K<br>Sales Volume: 116
2024,EN2 8,597000,101,Greater London,EN2 8<br>Avg. Price: 597K<br>Sales Volume: 101
2024,EN2 9,720000,11,Greater London,EN2 9<br>Avg. Price: 720K<br>Sales Volume: 11
2024,EN3 3,480000,1,Greater London,EN3 3<br>Avg. Price: 480K<br>Sales Volume: 1
2024,EN3 4,351000,88,Greater London,EN3 4<br>Avg. Price: 351K<br>Sales Volume: 88
2024,EN3 5,374000,126,Greater London,EN3 5<br>Avg. Price: 374K<br>Sales Volume: 126
2024,EN3 6,393000,169,Greater London,EN3 6<br>Avg. Price: 393K<br>Sales Volume: 169
2024,EN3 7,374000,90,Greater London,EN3 7<br>Avg. Price: 374K<br>Sales Volume: 90
2024,EN4 0,1328000,94,Greater London,"EN4 0<br>Avg. Price: 1,328K<br>Sales Volume: 94"
2024,EN4 8,570000,153,Greater London,EN4 8<br>Avg. Price: 570K<br>Sales Volume: 153
2024,EN4 9,578000,124,Greater London,EN4 9<br>Avg. Price: 578K<br>Sales Volume: 124
2024,EN5 1,587000,84,Greater London,EN5 1<br>Avg. Price: 587K<br>Sales Volume: 84
2024,EN5 2,618000,121,Greater London,EN5 2<br>Avg. Price: 618K<br>Sales Volume: 121
2024,EN5 3,840000,28,Greater London,EN5 3<br>Avg. Price: 840K<br>Sales Volume: 28
2024,EN5 4,853000,84,Greater London,EN5 4<br>Avg. Price: 853K<br>Sales Volume: 84
2024,EN5 5,478000,157,Greater London,EN5 5<br>Avg. Price: 478K<br>Sales Volume: 157
2024,EN6 1,601000,79,Greater London,EN6 1<br>Avg. Price: 601K<br>Sales Volume: 79
2024,EN6 2,540000,100,Greater London,EN6 2<br>Avg. Price: 540K<br>Sales Volume: 100
2024,EN6 3,485000,60,Greater London,EN6 3<br>Avg. Price: 485K<br>Sales Volume: 60
2024,EN6 4,988000,92,Greater London,EN6 4<br>Avg. Price: 988K<br>Sales Volume: 92
2024,EN6 5,470000,45,Greater London,EN6 5<br>Avg. Price: 470K<br>Sales Volume: 45
2024,EN7 5,594000,155,Greater London,EN7 5<br>Avg. Price: 594K<br>Sales Volume: 155
2024,EN7 6,536000,210,Greater London,EN7 6<br>Avg. Price: 536K<br>Sales Volume: 210
2024,EN8 0,381000,128,Greater London,EN8 0<br>Avg. Price: 381K<br>Sales Volume: 128
2024,EN8 7,320000,102,Greater London,EN8 7<br>Avg. Price: 320K<br>Sales Volume: 102
2024,EN8 8,374000,130,Greater London,EN8 8<br>Avg. Price: 374K<br>Sales Volume: 130
2024,EN8 9,411000,106,Greater London,EN8 9<br>Avg. Price: 411K<br>Sales Volume: 106
2024,EN9 1,371000,138,Greater London,EN9 1<br>Avg. Price: 371K<br>Sales Volume: 138
2024,EN9 2,607000,63,Greater London,EN9 2<br>Avg. Price: 607K<br>Sales Volume: 63
2024,EN9 3,412000,126,Greater London,EN9 3<br>Avg. Price: 412K<br>Sales Volume: 126
2024,EX1 1,398000,23,South West,EX1 1<br>Avg. Price: 398K<br>Sales Volume: 23
2024,EX1 2,309000,131,South West,EX1 2<br>Avg. Price: 309K<br>Sales Volume: 131
2024,EX1 3,320000,298,South West,EX1 3<br>Avg. Price: 320K<br>Sales Volume: 298
2024,EX1 4,396000,116,South West,EX1 4<br>Avg. Price: 396K<br>Sales Volume: 116
2024,EX10 0,459000,50,South West,EX10 0<br>Avg. Price: 459K<br>Sales Volume: 50
2024,EX10 8,495000,117,South West,EX10 8<br>Avg. Price: 495K<br>Sales Volume: 117
2024,EX10 9,449000,171,South West,EX10 9<br>Avg. Price: 449K<br>Sales Volume: 171
2024,EX11 1,446000,138,South West,EX11 1<br>Avg. Price: 446K<br>Sales Volume: 138
2024,EX12 2,338000,165,South West,EX12 2<br>Avg. Price: 338K<br>Sales Volume: 165
2024,EX12 3,762000,17,South West,EX12 3<br>Avg. Price: 762K<br>Sales Volume: 17
2024,EX12 4,556000,6,South West,EX12 4<br>Avg. Price: 556K<br>Sales Volume: 6
2024,EX13 5,305000,135,South West,EX13 5<br>Avg. Price: 305K<br>Sales Volume: 135
2024,EX13 7,492000,31,South West,EX13 7<br>Avg. Price: 492K<br>Sales Volume: 31
2024,EX13 8,602000,7,South West,EX13 8<br>Avg. Price: 602K<br>Sales Volume: 7
2024,EX14 1,276000,137,South West,EX14 1<br>Avg. Price: 276K<br>Sales Volume: 137
2024,EX14 2,318000,95,South West,EX14 2<br>Avg. Price: 318K<br>Sales Volume: 95
2024,EX14 3,382000,84,South West,EX14 3<br>Avg. Price: 382K<br>Sales Volume: 84
2024,EX14 4,281000,39,South West,EX14 4<br>Avg. Price: 281K<br>Sales Volume: 39
2024,EX14 9,465000,25,South West,EX14 9<br>Avg. Price: 465K<br>Sales Volume: 25
2024,EX15 1,285000,318,South West,EX15 1<br>Avg. Price: 285K<br>Sales Volume: 318
2024,EX15 2,356000,76,South West,EX15 2<br>Avg. Price: 356K<br>Sales Volume: 76
2024,EX15 3,434000,87,South West,EX15 3<br>Avg. Price: 434K<br>Sales Volume: 87
2024,EX16 4,332000,107,South West,EX16 4<br>Avg. Price: 332K<br>Sales Volume: 107
2024,EX16 5,296000,65,South West,EX16 5<br>Avg. Price: 296K<br>Sales Volume: 65
2024,EX16 6,226000,132,South West,EX16 6<br>Avg. Price: 226K<br>Sales Volume: 132
2024,EX16 7,456000,66,South West,EX16 7<br>Avg. Price: 456K<br>Sales Volume: 66
2024,EX16 8,428000,45,South West,EX16 8<br>Avg. Price: 428K<br>Sales Volume: 45
2024,EX16 9,465000,45,South West,EX16 9<br>Avg. Price: 465K<br>Sales Volume: 45
2024,EX17 1,314000,32,South West,EX17 1<br>Avg. Price: 314K<br>Sales Volume: 32
2024,EX17 2,244000,51,South West,EX17 2<br>Avg. Price: 244K<br>Sales Volume: 51
2024,EX17 3,277000,68,South West,EX17 3<br>Avg. Price: 277K<br>Sales Volume: 68
2024,EX17 4,440000,36,South West,EX17 4<br>Avg. Price: 440K<br>Sales Volume: 36
2024,EX17 5,376000,47,South West,EX17 5<br>Avg. Price: 376K<br>Sales Volume: 47
2024,EX17 6,373000,41,South West,EX17 6<br>Avg. Price: 373K<br>Sales Volume: 41
2024,EX18 7,327000,37,South West,EX18 7<br>Avg. Price: 327K<br>Sales Volume: 37
2024,EX19 8,396000,69,South West,EX19 8<br>Avg. Price: 396K<br>Sales Volume: 69
2024,EX2 0,309000,67,South West,EX2 0<br>Avg. Price: 309K<br>Sales Volume: 67
2024,EX2 4,407000,113,South West,EX2 4<br>Avg. Price: 407K<br>Sales Volume: 113
2024,EX2 5,299000,116,South West,EX2 5<br>Avg. Price: 299K<br>Sales Volume: 116
2024,EX2 6,381000,79,South West,EX2 6<br>Avg. Price: 381K<br>Sales Volume: 79
2024,EX2 7,385000,139,South West,EX2 7<br>Avg. Price: 385K<br>Sales Volume: 139
2024,EX2 8,326000,170,South West,EX2 8<br>Avg. Price: 326K<br>Sales Volume: 170
2024,EX2 9,341000,125,South West,EX2 9<br>Avg. Price: 341K<br>Sales Volume: 125
2024,EX20 1,291000,216,South West,EX20 1<br>Avg. Price: 291K<br>Sales Volume: 216
2024,EX20 2,320000,85,South West,EX20 2<br>Avg. Price: 320K<br>Sales Volume: 85
2024,EX20 3,338000,75,South West,EX20 3<br>Avg. Price: 338K<br>Sales Volume: 75
2024,EX20 4,434000,46,South West,EX20 4<br>Avg. Price: 434K<br>Sales Volume: 46
2024,EX21 5,346000,60,South West,EX21 5<br>Avg. Price: 346K<br>Sales Volume: 60
2024,EX22 6,285000,99,South West,EX22 6<br>Avg. Price: 285K<br>Sales Volume: 99
2024,EX22 7,383000,57,South West,EX22 7<br>Avg. Price: 383K<br>Sales Volume: 57
2024,EX23 0,438000,58,South West,EX23 0<br>Avg. Price: 438K<br>Sales Volume: 58
2024,EX23 8,380000,126,South West,EX23 8<br>Avg. Price: 380K<br>Sales Volume: 126
2024,EX23 9,362000,77,South West,EX23 9<br>Avg. Price: 362K<br>Sales Volume: 77
2024,EX24 6,522000,57,South West,EX24 6<br>Avg. Price: 522K<br>Sales Volume: 57
2024,EX3 0,634000,153,South West,EX3 0<br>Avg. Price: 634K<br>Sales Volume: 153
2024,EX31 1,263000,79,South West,EX31 1<br>Avg. Price: 263K<br>Sales Volume: 79
2024,EX31 2,330000,146,South West,EX31 2<br>Avg. Price: 330K<br>Sales Volume: 146
2024,EX31 3,343000,211,South West,EX31 3<br>Avg. Price: 343K<br>Sales Volume: 211
2024,EX31 4,373000,83,South West,EX31 4<br>Avg. Price: 373K<br>Sales Volume: 83
2024,EX32 0,367000,54,South West,EX32 0<br>Avg. Price: 367K<br>Sales Volume: 54
2024,EX32 7,279000,81,South West,EX32 7<br>Avg. Price: 279K<br>Sales Volume: 81
2024,EX32 8,232000,114,South West,EX32 8<br>Avg. Price: 232K<br>Sales Volume: 114
2024,EX32 9,282000,84,South West,EX32 9<br>Avg. Price: 282K<br>Sales Volume: 84
2024,EX33 1,547000,83,South West,EX33 1<br>Avg. Price: 547K<br>Sales Volume: 83
2024,EX33 2,380000,70,South West,EX33 2<br>Avg. Price: 380K<br>Sales Volume: 70
2024,EX34 0,307000,25,South West,EX34 0<br>Avg. Price: 307K<br>Sales Volume: 25
2024,EX34 7,611000,35,South West,EX34 7<br>Avg. Price: 611K<br>Sales Volume: 35
2024,EX34 8,255000,107,South West,EX34 8<br>Avg. Price: 255K<br>Sales Volume: 107
2024,EX34 9,287000,107,South West,EX34 9<br>Avg. Price: 287K<br>Sales Volume: 107
2024,EX35 6,415000,26,South West,EX35 6<br>Avg. Price: 415K<br>Sales Volume: 26
2024,EX36 3,307000,62,South West,EX36 3<br>Avg. Price: 307K<br>Sales Volume: 62
2024,EX36 4,290000,133,South West,EX36 4<br>Avg. Price: 290K<br>Sales Volume: 133
2024,EX37 9,474000,35,South West,EX37 9<br>Avg. Price: 474K<br>Sales Volume: 35
2024,EX38 7,295000,60,South West,EX38 7<br>Avg. Price: 295K<br>Sales Volume: 60
2024,EX38 8,308000,57,South West,EX38 8<br>Avg. Price: 308K<br>Sales Volume: 57
2024,EX39 1,357000,298,South West,EX39 1<br>Avg. Price: 357K<br>Sales Volume: 298
2024,EX39 2,243000,74,South West,EX39 2<br>Avg. Price: 243K<br>Sales Volume: 74
2024,EX39 3,262000,176,South West,EX39 3<br>Avg. Price: 262K<br>Sales Volume: 176
2024,EX39 4,294000,121,South West,EX39 4<br>Avg. Price: 294K<br>Sales Volume: 121
2024,EX39 5,350000,124,South West,EX39 5<br>Avg. Price: 350K<br>Sales Volume: 124
2024,EX39 6,269000,14,South West,EX39 6<br>Avg. Price: 269K<br>Sales Volume: 14
2024,EX4 0,485000,3,South West,EX4 0<br>Avg. Price: 485K<br>Sales Volume: 3
2024,EX4 1,271000,127,South West,EX4 1<br>Avg. Price: 271K<br>Sales Volume: 127
2024,EX4 2,274000,94,South West,EX4 2<br>Avg. Price: 274K<br>Sales Volume: 94
2024,EX4 3,187000,28,South West,EX4 3<br>Avg. Price: 187K<br>Sales Volume: 28
2024,EX4 4,391000,81,South West,EX4 4<br>Avg. Price: 391K<br>Sales Volume: 81
2024,EX4 5,332000,45,South West,EX4 5<br>Avg. Price: 332K<br>Sales Volume: 45
2024,EX4 6,347000,75,South West,EX4 6<br>Avg. Price: 347K<br>Sales Volume: 75
2024,EX4 7,274000,51,South West,EX4 7<br>Avg. Price: 274K<br>Sales Volume: 51
2024,EX4 8,323000,141,South West,EX4 8<br>Avg. Price: 323K<br>Sales Volume: 141
2024,EX4 9,322000,47,South West,EX4 9<br>Avg. Price: 322K<br>Sales Volume: 47
2024,EX5 1,485000,44,South West,EX5 1<br>Avg. Price: 485K<br>Sales Volume: 44
2024,EX5 2,461000,64,South West,EX5 2<br>Avg. Price: 461K<br>Sales Volume: 64
2024,EX5 3,362000,19,South West,EX5 3<br>Avg. Price: 362K<br>Sales Volume: 19
2024,EX5 4,337000,71,South West,EX5 4<br>Avg. Price: 337K<br>Sales Volume: 71
2024,EX5 5,465000,33,South West,EX5 5<br>Avg. Price: 465K<br>Sales Volume: 33
2024,EX5 7,281000,241,South West,EX5 7<br>Avg. Price: 281K<br>Sales Volume: 241
2024,EX6 6,438000,31,South West,EX6 6<br>Avg. Price: 438K<br>Sales Volume: 31
2024,EX6 7,447000,30,South West,EX6 7<br>Avg. Price: 447K<br>Sales Volume: 30
2024,EX6 8,310000,100,South West,EX6 8<br>Avg. Price: 310K<br>Sales Volume: 100
2024,EX7 0,311000,143,South West,EX7 0<br>Avg. Price: 311K<br>Sales Volume: 143
2024,EX7 9,252000,144,South West,EX7 9<br>Avg. Price: 252K<br>Sales Volume: 144
2024,EX8 1,272000,133,South West,EX8 1<br>Avg. Price: 272K<br>Sales Volume: 133
2024,EX8 2,421000,192,South West,EX8 2<br>Avg. Price: 421K<br>Sales Volume: 192
2024,EX8 3,395000,74,South West,EX8 3<br>Avg. Price: 395K<br>Sales Volume: 74
2024,EX8 4,329000,125,South West,EX8 4<br>Avg. Price: 329K<br>Sales Volume: 125
2024,EX8 5,353000,151,South West,EX8 5<br>Avg. Price: 353K<br>Sales Volume: 151
2024,EX9 6,488000,112,South West,EX9 6<br>Avg. Price: 488K<br>Sales Volume: 112
2024,EX9 7,534000,21,South West,EX9 7<br>Avg. Price: 534K<br>Sales Volume: 21
2024,FY1 1,84000,6,North England,FY1 1<br>Avg. Price: 84K<br>Sales Volume: 6
2024,FY1 2,97000,141,North England,FY1 2<br>Avg. Price: 97K<br>Sales Volume: 141
2024,FY1 3,95000,74,North England,FY1 3<br>Avg. Price: 95K<br>Sales Volume: 74
2024,FY1 4,102000,143,North England,FY1 4<br>Avg. Price: 102K<br>Sales Volume: 143
2024,FY1 5,111000,126,North England,FY1 5<br>Avg. Price: 111K<br>Sales Volume: 126
2024,FY1 6,102000,160,North England,FY1 6<br>Avg. Price: 102K<br>Sales Volume: 160
2024,FY2 0,141000,238,North England,FY2 0<br>Avg. Price: 141K<br>Sales Volume: 238
2024,FY2 9,163000,201,North England,FY2 9<br>Avg. Price: 163K<br>Sales Volume: 201
2024,FY3 0,249000,27,North England,FY3 0<br>Avg. Price: 249K<br>Sales Volume: 27
2024,FY3 7,121000,160,North England,FY3 7<br>Avg. Price: 121K<br>Sales Volume: 160
2024,FY3 8,156000,166,North England,FY3 8<br>Avg. Price: 156K<br>Sales Volume: 166
2024,FY3 9,152000,202,North England,FY3 9<br>Avg. Price: 152K<br>Sales Volume: 202
2024,FY4 1,165000,124,North England,FY4 1<br>Avg. Price: 165K<br>Sales Volume: 124
2024,FY4 2,158000,140,North England,FY4 2<br>Avg. Price: 158K<br>Sales Volume: 140
2024,FY4 3,130000,154,North England,FY4 3<br>Avg. Price: 130K<br>Sales Volume: 154
2024,FY4 4,124000,228,North England,FY4 4<br>Avg. Price: 124K<br>Sales Volume: 228
2024,FY4 5,223000,126,North England,FY4 5<br>Avg. Price: 223K<br>Sales Volume: 126
2024,FY5 1,170000,174,North England,FY5 1<br>Avg. Price: 170K<br>Sales Volume: 174
2024,FY5 2,182000,223,North England,FY5 2<br>Avg. Price: 182K<br>Sales Volume: 223
2024,FY5 3,175000,303,North England,FY5 3<br>Avg. Price: 175K<br>Sales Volume: 303
2024,FY5 4,166000,181,North England,FY5 4<br>Avg. Price: 166K<br>Sales Volume: 181
2024,FY5 5,191000,118,North England,FY5 5<br>Avg. Price: 191K<br>Sales Volume: 118
2024,FY6 0,205000,157,North England,FY6 0<br>Avg. Price: 205K<br>Sales Volume: 157
2024,FY6 7,256000,314,North England,FY6 7<br>Avg. Price: 256K<br>Sales Volume: 314
2024,FY6 8,297000,87,North England,FY6 8<br>Avg. Price: 297K<br>Sales Volume: 87
2024,FY6 9,259000,80,North England,FY6 9<br>Avg. Price: 259K<br>Sales Volume: 80
2024,FY7 6,108000,141,North England,FY7 6<br>Avg. Price: 108K<br>Sales Volume: 141
2024,FY7 7,120000,117,North England,FY7 7<br>Avg. Price: 120K<br>Sales Volume: 117
2024,FY7 8,182000,146,North England,FY7 8<br>Avg. Price: 182K<br>Sales Volume: 146
2024,FY8 1,243000,218,North England,FY8 1<br>Avg. Price: 243K<br>Sales Volume: 218
2024,FY8 2,227000,207,North England,FY8 2<br>Avg. Price: 227K<br>Sales Volume: 207
2024,FY8 3,262000,278,North England,FY8 3<br>Avg. Price: 262K<br>Sales Volume: 278
2024,FY8 4,321000,180,North England,FY8 4<br>Avg. Price: 321K<br>Sales Volume: 180
2024,FY8 5,376000,108,North England,FY8 5<br>Avg. Price: 376K<br>Sales Volume: 108
2024,GL1 1,234000,66,South West,GL1 1<br>Avg. Price: 234K<br>Sales Volume: 66
2024,GL1 2,177000,71,South West,GL1 2<br>Avg. Price: 177K<br>Sales Volume: 71
2024,GL1 3,227000,127,South West,GL1 3<br>Avg. Price: 227K<br>Sales Volume: 127
2024,GL1 4,172000,149,South West,GL1 4<br>Avg. Price: 172K<br>Sales Volume: 149
2024,GL1 5,250000,192,South West,GL1 5<br>Avg. Price: 250K<br>Sales Volume: 192
2024,GL10 2,290000,94,South West,GL10 2<br>Avg. Price: 290K<br>Sales Volume: 94
2024,GL10 3,424000,203,South West,GL10 3<br>Avg. Price: 424K<br>Sales Volume: 203
2024,GL11 4,303000,116,South West,GL11 4<br>Avg. Price: 303K<br>Sales Volume: 116
2024,GL11 5,364000,152,South West,GL11 5<br>Avg. Price: 364K<br>Sales Volume: 152
2024,GL11 6,363000,36,South West,GL11 6<br>Avg. Price: 363K<br>Sales Volume: 36
2024,GL12 7,432000,73,South West,GL12 7<br>Avg. Price: 432K<br>Sales Volume: 73
2024,GL12 8,425000,113,South West,GL12 8<br>Avg. Price: 425K<br>Sales Volume: 113
2024,GL13 9,393000,116,South West,GL13 9<br>Avg. Price: 393K<br>Sales Volume: 116
2024,GL14 1,374000,45,South West,GL14 1<br>Avg. Price: 374K<br>Sales Volume: 45
2024,GL14 2,222000,79,South West,GL14 2<br>Avg. Price: 222K<br>Sales Volume: 79
2024,GL14 3,260000,66,South West,GL14 3<br>Avg. Price: 260K<br>Sales Volume: 66
2024,GL15 4,288000,69,South West,GL15 4<br>Avg. Price: 288K<br>Sales Volume: 69
2024,GL15 5,247000,235,South West,GL15 5<br>Avg. Price: 247K<br>Sales Volume: 235
2024,GL15 6,387000,66,South West,GL15 6<br>Avg. Price: 387K<br>Sales Volume: 66
2024,GL16 7,310000,98,South West,GL16 7<br>Avg. Price: 310K<br>Sales Volume: 98
2024,GL16 8,287000,111,South West,GL16 8<br>Avg. Price: 287K<br>Sales Volume: 111
2024,GL17 0,346000,63,South West,GL17 0<br>Avg. Price: 346K<br>Sales Volume: 63
2024,GL17 9,297000,98,South West,GL17 9<br>Avg. Price: 297K<br>Sales Volume: 98
2024,GL18 1,327000,126,South West,GL18 1<br>Avg. Price: 327K<br>Sales Volume: 126
2024,GL18 2,394000,13,South West,GL18 2<br>Avg. Price: 394K<br>Sales Volume: 13
2024,GL19 3,451000,63,South West,GL19 3<br>Avg. Price: 451K<br>Sales Volume: 63
2024,GL19 4,502000,51,South West,GL19 4<br>Avg. Price: 502K<br>Sales Volume: 51
2024,GL2 0,313000,201,South West,GL2 0<br>Avg. Price: 313K<br>Sales Volume: 201
2024,GL2 2,280000,176,South West,GL2 2<br>Avg. Price: 280K<br>Sales Volume: 176
2024,GL2 3,440000,2,South West,GL2 3<br>Avg. Price: 440K<br>Sales Volume: 2
2024,GL2 4,262000,350,South West,GL2 4<br>Avg. Price: 262K<br>Sales Volume: 350
2024,GL2 5,290000,79,South West,GL2 5<br>Avg. Price: 290K<br>Sales Volume: 79
2024,GL2 7,436000,56,South West,GL2 7<br>Avg. Price: 436K<br>Sales Volume: 56
2024,GL2 8,489000,54,South West,GL2 8<br>Avg. Price: 489K<br>Sales Volume: 54
2024,GL2 9,372000,204,South West,GL2 9<br>Avg. Price: 372K<br>Sales Volume: 204
2024,GL20 5,227000,95,South West,GL20 5<br>Avg. Price: 227K<br>Sales Volume: 95
2024,GL20 6,487000,29,South West,GL20 6<br>Avg. Price: 487K<br>Sales Volume: 29
2024,GL20 7,373000,105,South West,GL20 7<br>Avg. Price: 373K<br>Sales Volume: 105
2024,GL20 8,342000,166,South West,GL20 8<br>Avg. Price: 342K<br>Sales Volume: 166
2024,GL3 1,351000,299,South West,GL3 1<br>Avg. Price: 351K<br>Sales Volume: 299
2024,GL3 2,333000,116,South West,GL3 2<br>Avg. Price: 333K<br>Sales Volume: 116
2024,GL3 3,286000,150,South West,GL3 3<br>Avg. Price: 286K<br>Sales Volume: 150
2024,GL3 4,305000,299,South West,GL3 4<br>Avg. Price: 305K<br>Sales Volume: 299
2024,GL3 5,414000,8,South West,GL3 5<br>Avg. Price: 414K<br>Sales Volume: 8
2024,GL4 0,255000,181,South West,GL4 0<br>Avg. Price: 255K<br>Sales Volume: 181
2024,GL4 3,344000,61,South West,GL4 3<br>Avg. Price: 344K<br>Sales Volume: 61
2024,GL4 4,285000,157,South West,GL4 4<br>Avg. Price: 285K<br>Sales Volume: 157
2024,GL4 5,305000,116,South West,GL4 5<br>Avg. Price: 305K<br>Sales Volume: 116
2024,GL4 6,252000,164,South West,GL4 6<br>Avg. Price: 252K<br>Sales Volume: 164
2024,GL4 8,610000,37,South West,GL4 8<br>Avg. Price: 610K<br>Sales Volume: 37
2024,GL5 1,339000,115,South West,GL5 1<br>Avg. Price: 339K<br>Sales Volume: 115
2024,GL5 2,471000,64,South West,GL5 2<br>Avg. Price: 471K<br>Sales Volume: 64
2024,GL5 3,321000,72,South West,GL5 3<br>Avg. Price: 321K<br>Sales Volume: 72
2024,GL5 4,298000,151,South West,GL5 4<br>Avg. Price: 298K<br>Sales Volume: 151
2024,GL5 5,619000,64,South West,GL5 5<br>Avg. Price: 619K<br>Sales Volume: 64
2024,GL50 1,529000,33,South West,GL50 1<br>Avg. Price: 529K<br>Sales Volume: 33
2024,GL50 2,552000,193,South West,GL50 2<br>Avg. Price: 552K<br>Sales Volume: 193
2024,GL50 3,313000,156,South West,GL50 3<br>Avg. Price: 313K<br>Sales Volume: 156
2024,GL50 4,322000,137,South West,GL50 4<br>Avg. Price: 322K<br>Sales Volume: 137
2024,GL51 0,282000,162,South West,GL51 0<br>Avg. Price: 282K<br>Sales Volume: 162
2024,GL51 3,345000,156,South West,GL51 3<br>Avg. Price: 345K<br>Sales Volume: 156
2024,GL51 4,436000,29,South West,GL51 4<br>Avg. Price: 436K<br>Sales Volume: 29
2024,GL51 6,398000,171,South West,GL51 6<br>Avg. Price: 398K<br>Sales Volume: 171
2024,GL51 7,266000,72,South West,GL51 7<br>Avg. Price: 266K<br>Sales Volume: 72
2024,GL51 8,311000,106,South West,GL51 8<br>Avg. Price: 311K<br>Sales Volume: 106
2024,GL51 9,257000,101,South West,GL51 9<br>Avg. Price: 257K<br>Sales Volume: 101
2024,GL52 2,346000,143,South West,GL52 2<br>Avg. Price: 346K<br>Sales Volume: 143
2024,GL52 3,496000,128,South West,GL52 3<br>Avg. Price: 496K<br>Sales Volume: 128
2024,GL52 5,373000,129,South West,GL52 5<br>Avg. Price: 373K<br>Sales Volume: 129
2024,GL52 6,517000,187,South West,GL52 6<br>Avg. Price: 517K<br>Sales Volume: 187
2024,GL52 7,381000,108,South West,GL52 7<br>Avg. Price: 381K<br>Sales Volume: 108
2024,GL52 8,325000,197,South West,GL52 8<br>Avg. Price: 325K<br>Sales Volume: 197
2024,GL52 9,573000,62,South West,GL52 9<br>Avg. Price: 573K<br>Sales Volume: 62
2024,GL53 0,696000,101,South West,GL53 0<br>Avg. Price: 696K<br>Sales Volume: 101
2024,GL53 7,465000,107,South West,GL53 7<br>Avg. Price: 465K<br>Sales Volume: 107
2024,GL53 8,556000,83,South West,GL53 8<br>Avg. Price: 556K<br>Sales Volume: 83
2024,GL53 9,806000,74,South West,GL53 9<br>Avg. Price: 806K<br>Sales Volume: 74
2024,GL54 1,633000,67,South West,GL54 1<br>Avg. Price: 633K<br>Sales Volume: 67
2024,GL54 2,584000,110,South West,GL54 2<br>Avg. Price: 584K<br>Sales Volume: 110
2024,GL54 3,742000,32,South West,GL54 3<br>Avg. Price: 742K<br>Sales Volume: 32
2024,GL54 4,725000,34,South West,GL54 4<br>Avg. Price: 725K<br>Sales Volume: 34
2024,GL54 5,514000,109,South West,GL54 5<br>Avg. Price: 514K<br>Sales Volume: 109
2024,GL55 6,643000,120,South West,GL55 6<br>Avg. Price: 643K<br>Sales Volume: 120
2024,GL56 0,555000,153,South West,GL56 0<br>Avg. Price: 555K<br>Sales Volume: 153
2024,GL56 9,660000,64,South West,GL56 9<br>Avg. Price: 660K<br>Sales Volume: 64
2024,GL6 0,434000,101,South West,GL6 0<br>Avg. Price: 434K<br>Sales Volume: 101
2024,GL6 6,658000,79,South West,GL6 6<br>Avg. Price: 658K<br>Sales Volume: 79
2024,GL6 7,797000,36,South West,GL6 7<br>Avg. Price: 797K<br>Sales Volume: 36
2024,GL6 8,426000,97,South West,GL6 8<br>Avg. Price: 426K<br>Sales Volume: 97
2024,GL6 9,660000,58,South West,GL6 9<br>Avg. Price: 660K<br>Sales Volume: 58
2024,GL7 0,574000,17,South West,GL7 0<br>Avg. Price: 574K<br>Sales Volume: 17
2024,GL7 1,365000,196,South West,GL7 1<br>Avg. Price: 365K<br>Sales Volume: 196
2024,GL7 2,397000,92,South West,GL7 2<br>Avg. Price: 397K<br>Sales Volume: 92
2024,GL7 3,680000,68,South West,GL7 3<br>Avg. Price: 680K<br>Sales Volume: 68
2024,GL7 4,441000,46,South West,GL7 4<br>Avg. Price: 441K<br>Sales Volume: 46
2024,GL7 5,748000,110,South West,GL7 5<br>Avg. Price: 748K<br>Sales Volume: 110
2024,GL7 6,689000,109,South West,GL7 6<br>Avg. Price: 689K<br>Sales Volume: 109
2024,GL7 7,969000,10,South West,GL7 7<br>Avg. Price: 969K<br>Sales Volume: 10
2024,GL8 8,500000,141,South West,GL8 8<br>Avg. Price: 500K<br>Sales Volume: 141
2024,GL9 1,465000,15,South West,GL9 1<br>Avg. Price: 465K<br>Sales Volume: 15
2024,GU1 1,484000,162,South East,GU1 1<br>Avg. Price: 484K<br>Sales Volume: 162
2024,GU1 2,745000,146,South East,GU1 2<br>Avg. Price: 745K<br>Sales Volume: 146
2024,GU1 3,790000,81,South East,GU1 3<br>Avg. Price: 790K<br>Sales Volume: 81
2024,GU1 4,425000,131,South East,GU1 4<br>Avg. Price: 425K<br>Sales Volume: 131
2024,GU10 1,606000,138,South East,GU10 1<br>Avg. Price: 606K<br>Sales Volume: 138
2024,GU10 2,1178000,31,South East,"GU10 2<br>Avg. Price: 1,178K<br>Sales Volume: 31"
2024,GU10 3,1075000,46,South East,"GU10 3<br>Avg. Price: 1,075K<br>Sales Volume: 46"
2024,GU10 4,719000,117,South East,GU10 4<br>Avg. Price: 719K<br>Sales Volume: 117
2024,GU10 5,816000,56,South East,GU10 5<br>Avg. Price: 816K<br>Sales Volume: 56
2024,GU11 1,210000,101,South East,GU11 1<br>Avg. Price: 210K<br>Sales Volume: 101
2024,GU11 2,595000,30,South East,GU11 2<br>Avg. Price: 595K<br>Sales Volume: 30
2024,GU11 3,340000,163,South East,GU11 3<br>Avg. Price: 340K<br>Sales Volume: 163
2024,GU11 4,365000,199,South East,GU11 4<br>Avg. Price: 365K<br>Sales Volume: 199
2024,GU12 4,313000,192,South East,GU12 4<br>Avg. Price: 313K<br>Sales Volume: 192
2024,GU12 5,401000,124,South East,GU12 5<br>Avg. Price: 401K<br>Sales Volume: 124
2024,GU12 6,432000,162,South East,GU12 6<br>Avg. Price: 432K<br>Sales Volume: 162
2024,GU14 0,384000,108,South East,GU14 0<br>Avg. Price: 384K<br>Sales Volume: 108
2024,GU14 6,343000,150,South East,GU14 6<br>Avg. Price: 343K<br>Sales Volume: 150
2024,GU14 7,348000,176,South East,GU14 7<br>Avg. Price: 348K<br>Sales Volume: 176
2024,GU14 8,379000,153,South East,GU14 8<br>Avg. Price: 379K<br>Sales Volume: 153
2024,GU14 9,385000,213,South East,GU14 9<br>Avg. Price: 385K<br>Sales Volume: 213
2024,GU15 1,625000,131,South East,GU15 1<br>Avg. Price: 625K<br>Sales Volume: 131
2024,GU15 2,580000,162,South East,GU15 2<br>Avg. Price: 580K<br>Sales Volume: 162
2024,GU15 3,384000,126,South East,GU15 3<br>Avg. Price: 384K<br>Sales Volume: 126
2024,GU15 4,392000,54,South East,GU15 4<br>Avg. Price: 392K<br>Sales Volume: 54
2024,GU16 6,456000,194,South East,GU16 6<br>Avg. Price: 456K<br>Sales Volume: 194
2024,GU16 7,389000,27,South East,GU16 7<br>Avg. Price: 389K<br>Sales Volume: 27
2024,GU16 8,467000,78,South East,GU16 8<br>Avg. Price: 467K<br>Sales Volume: 78
2024,GU16 9,476000,60,South East,GU16 9<br>Avg. Price: 476K<br>Sales Volume: 60
2024,GU17 0,427000,86,South East,GU17 0<br>Avg. Price: 427K<br>Sales Volume: 86
2024,GU17 9,428000,93,South East,GU17 9<br>Avg. Price: 428K<br>Sales Volume: 93
2024,GU18 5,512000,138,South East,GU18 5<br>Avg. Price: 512K<br>Sales Volume: 138
2024,GU19 5,454000,110,South East,GU19 5<br>Avg. Price: 454K<br>Sales Volume: 110
2024,GU2 4,776000,69,South East,GU2 4<br>Avg. Price: 776K<br>Sales Volume: 69
2024,GU2 7,649000,85,South East,GU2 7<br>Avg. Price: 649K<br>Sales Volume: 85
2024,GU2 8,401000,67,South East,GU2 8<br>Avg. Price: 401K<br>Sales Volume: 67
2024,GU2 9,445000,161,South East,GU2 9<br>Avg. Price: 445K<br>Sales Volume: 161
2024,GU20 6,747000,57,South East,GU20 6<br>Avg. Price: 747K<br>Sales Volume: 57
2024,GU21 1,650000,1,South East,GU21 1<br>Avg. Price: 650K<br>Sales Volume: 1
2024,GU21 2,442000,188,South East,GU21 2<br>Avg. Price: 442K<br>Sales Volume: 188
2024,GU21 3,365000,164,South East,GU21 3<br>Avg. Price: 365K<br>Sales Volume: 164
2024,GU21 4,753000,126,South East,GU21 4<br>Avg. Price: 753K<br>Sales Volume: 126
2024,GU21 5,424000,86,South East,GU21 5<br>Avg. Price: 424K<br>Sales Volume: 86
2024,GU21 6,360000,55,South East,GU21 6<br>Avg. Price: 360K<br>Sales Volume: 55
2024,GU21 7,521000,27,South East,GU21 7<br>Avg. Price: 521K<br>Sales Volume: 27
2024,GU21 8,442000,43,South East,GU21 8<br>Avg. Price: 442K<br>Sales Volume: 43
2024,GU22 0,890000,91,South East,GU22 0<br>Avg. Price: 890K<br>Sales Volume: 91
2024,GU22 7,464000,175,South East,GU22 7<br>Avg. Price: 464K<br>Sales Volume: 175
2024,GU22 8,763000,102,South East,GU22 8<br>Avg. Price: 763K<br>Sales Volume: 102
2024,GU22 9,486000,129,South East,GU22 9<br>Avg. Price: 486K<br>Sales Volume: 129
2024,GU23 6,719000,69,South East,GU23 6<br>Avg. Price: 719K<br>Sales Volume: 69
2024,GU23 7,778000,50,South East,GU23 7<br>Avg. Price: 778K<br>Sales Volume: 50
2024,GU24 0,740000,46,South East,GU24 0<br>Avg. Price: 740K<br>Sales Volume: 46
2024,GU24 8,731000,65,South East,GU24 8<br>Avg. Price: 731K<br>Sales Volume: 65
2024,GU24 9,568000,123,South East,GU24 9<br>Avg. Price: 568K<br>Sales Volume: 123
2024,GU25 4,1657000,79,South East,"GU25 4<br>Avg. Price: 1,657K<br>Sales Volume: 79"
2024,GU26 6,699000,120,South East,GU26 6<br>Avg. Price: 699K<br>Sales Volume: 120
2024,GU27 1,667000,101,South East,GU27 1<br>Avg. Price: 667K<br>Sales Volume: 101
2024,GU27 2,570000,84,South East,GU27 2<br>Avg. Price: 570K<br>Sales Volume: 84
2024,GU27 3,780000,86,South East,GU27 3<br>Avg. Price: 780K<br>Sales Volume: 86
2024,GU28 0,635000,37,South East,GU28 0<br>Avg. Price: 635K<br>Sales Volume: 37
2024,GU28 9,926000,30,South East,GU28 9<br>Avg. Price: 926K<br>Sales Volume: 30
2024,GU29 0,692000,49,South East,GU29 0<br>Avg. Price: 692K<br>Sales Volume: 49
2024,GU29 9,471000,92,South East,GU29 9<br>Avg. Price: 471K<br>Sales Volume: 92
2024,GU3 1,675000,24,South East,GU3 1<br>Avg. Price: 675K<br>Sales Volume: 24
2024,GU3 2,661000,39,South East,GU3 2<br>Avg. Price: 661K<br>Sales Volume: 39
2024,GU3 3,628000,90,South East,GU3 3<br>Avg. Price: 628K<br>Sales Volume: 90
2024,GU30 7,575000,179,South East,GU30 7<br>Avg. Price: 575K<br>Sales Volume: 179
2024,GU31 4,588000,134,South East,GU31 4<br>Avg. Price: 588K<br>Sales Volume: 134
2024,GU31 5,599000,46,South East,GU31 5<br>Avg. Price: 599K<br>Sales Volume: 46
2024,GU32 1,864000,36,South East,GU32 1<br>Avg. Price: 864K<br>Sales Volume: 36
2024,GU32 2,670000,37,South East,GU32 2<br>Avg. Price: 670K<br>Sales Volume: 37
2024,GU32 3,386000,86,South East,GU32 3<br>Avg. Price: 386K<br>Sales Volume: 86
2024,GU33 6,714000,14,South East,GU33 6<br>Avg. Price: 714K<br>Sales Volume: 14
2024,GU33 7,527000,91,South East,GU33 7<br>Avg. Price: 527K<br>Sales Volume: 91
2024,GU34 1,415000,219,South East,GU34 1<br>Avg. Price: 415K<br>Sales Volume: 219
2024,GU34 2,375000,147,South East,GU34 2<br>Avg. Price: 375K<br>Sales Volume: 147
2024,GU34 3,1029000,30,South East,"GU34 3<br>Avg. Price: 1,029K<br>Sales Volume: 30"
2024,GU34 4,762000,52,South East,GU34 4<br>Avg. Price: 762K<br>Sales Volume: 52
2024,GU34 5,594000,100,South East,GU34 5<br>Avg. Price: 594K<br>Sales Volume: 100
2024,GU35 0,338000,176,South East,GU35 0<br>Avg. Price: 338K<br>Sales Volume: 176
2024,GU35 8,555000,67,South East,GU35 8<br>Avg. Price: 555K<br>Sales Volume: 67
2024,GU35 9,400000,115,South East,GU35 9<br>Avg. Price: 400K<br>Sales Volume: 115
2024,GU4 7,561000,147,South East,GU4 7<br>Avg. Price: 561K<br>Sales Volume: 147
2024,GU4 8,795000,71,South East,GU4 8<br>Avg. Price: 795K<br>Sales Volume: 71
2024,GU46 6,478000,131,South East,GU46 6<br>Avg. Price: 478K<br>Sales Volume: 131
2024,GU46 7,517000,53,South East,GU46 7<br>Avg. Price: 517K<br>Sales Volume: 53
2024,GU47 0,412000,134,South East,GU47 0<br>Avg. Price: 412K<br>Sales Volume: 134
2024,GU47 8,509000,67,South East,GU47 8<br>Avg. Price: 509K<br>Sales Volume: 67
2024,GU47 9,413000,44,South East,GU47 9<br>Avg. Price: 413K<br>Sales Volume: 44
2024,GU5 0,795000,79,South East,GU5 0<br>Avg. Price: 795K<br>Sales Volume: 79
2024,GU5 9,908000,28,South East,GU5 9<br>Avg. Price: 908K<br>Sales Volume: 28
2024,GU51 1,474000,65,South East,GU51 1<br>Avg. Price: 474K<br>Sales Volume: 65
2024,GU51 2,432000,54,South East,GU51 2<br>Avg. Price: 432K<br>Sales Volume: 54
2024,GU51 3,495000,190,South East,GU51 3<br>Avg. Price: 495K<br>Sales Volume: 190
2024,GU51 4,538000,81,South East,GU51 4<br>Avg. Price: 538K<br>Sales Volume: 81
2024,GU51 5,480000,66,South East,GU51 5<br>Avg. Price: 480K<br>Sales Volume: 66
2024,GU52 0,438000,47,South East,GU52 0<br>Avg. Price: 438K<br>Sales Volume: 47
2024,GU52 6,539000,83,South East,GU52 6<br>Avg. Price: 539K<br>Sales Volume: 83
2024,GU52 7,576000,42,South East,GU52 7<br>Avg. Price: 576K<br>Sales Volume: 42
2024,GU52 8,459000,73,South East,GU52 8<br>Avg. Price: 459K<br>Sales Volume: 73
2024,GU6 7,633000,129,South East,GU6 7<br>Avg. Price: 633K<br>Sales Volume: 129
2024,GU6 8,593000,179,South East,GU6 8<br>Avg. Price: 593K<br>Sales Volume: 179
2024,GU7 1,522000,179,South East,GU7 1<br>Avg. Price: 522K<br>Sales Volume: 179
2024,GU7 2,595000,134,South East,GU7 2<br>Avg. Price: 595K<br>Sales Volume: 134
2024,GU7 3,462000,135,South East,GU7 3<br>Avg. Price: 462K<br>Sales Volume: 135
2024,GU8 4,1020000,57,South East,"GU8 4<br>Avg. Price: 1,020K<br>Sales Volume: 57"
2024,GU8 5,682000,104,South East,GU8 5<br>Avg. Price: 682K<br>Sales Volume: 104
2024,GU8 6,796000,46,South East,GU8 6<br>Avg. Price: 796K<br>Sales Volume: 46
2024,GU9 0,530000,99,South East,GU9 0<br>Avg. Price: 530K<br>Sales Volume: 99
2024,GU9 7,504000,156,South East,GU9 7<br>Avg. Price: 504K<br>Sales Volume: 156
2024,GU9 8,691000,120,South East,GU9 8<br>Avg. Price: 691K<br>Sales Volume: 120
2024,GU9 9,453000,131,South East,GU9 9<br>Avg. Price: 453K<br>Sales Volume: 131
2024,HA0 1,435000,113,Greater London,HA0 1<br>Avg. Price: 435K<br>Sales Volume: 113
2024,HA0 2,426000,77,Greater London,HA0 2<br>Avg. Price: 426K<br>Sales Volume: 77
2024,HA0 3,506000,63,Greater London,HA0 3<br>Avg. Price: 506K<br>Sales Volume: 63
2024,HA0 4,503000,49,Greater London,HA0 4<br>Avg. Price: 503K<br>Sales Volume: 49
2024,HA1 1,425000,93,Greater London,HA1 1<br>Avg. Price: 425K<br>Sales Volume: 93
2024,HA1 2,449000,140,Greater London,HA1 2<br>Avg. Price: 449K<br>Sales Volume: 140
2024,HA1 3,698000,83,Greater London,HA1 3<br>Avg. Price: 698K<br>Sales Volume: 83
2024,HA1 4,460000,139,Greater London,HA1 4<br>Avg. Price: 460K<br>Sales Volume: 139
2024,HA2 0,413000,100,Greater London,HA2 0<br>Avg. Price: 413K<br>Sales Volume: 100
2024,HA2 6,603000,53,Greater London,HA2 6<br>Avg. Price: 603K<br>Sales Volume: 53
2024,HA2 7,594000,80,Greater London,HA2 7<br>Avg. Price: 594K<br>Sales Volume: 80
2024,HA2 8,456000,119,Greater London,HA2 8<br>Avg. Price: 456K<br>Sales Volume: 119
2024,HA2 9,479000,111,Greater London,HA2 9<br>Avg. Price: 479K<br>Sales Volume: 111
2024,HA3 0,590000,92,Greater London,HA3 0<br>Avg. Price: 590K<br>Sales Volume: 92
2024,HA3 5,369000,115,Greater London,HA3 5<br>Avg. Price: 369K<br>Sales Volume: 115
2024,HA3 6,509000,84,Greater London,HA3 6<br>Avg. Price: 509K<br>Sales Volume: 84
2024,HA3 7,466000,84,Greater London,HA3 7<br>Avg. Price: 466K<br>Sales Volume: 84
2024,HA3 8,566000,69,Greater London,HA3 8<br>Avg. Price: 566K<br>Sales Volume: 69
2024,HA3 9,528000,75,Greater London,HA3 9<br>Avg. Price: 528K<br>Sales Volume: 75
2024,HA4 0,532000,129,Greater London,HA4 0<br>Avg. Price: 532K<br>Sales Volume: 129
2024,HA4 6,505000,126,Greater London,HA4 6<br>Avg. Price: 505K<br>Sales Volume: 126
2024,HA4 7,660000,124,Greater London,HA4 7<br>Avg. Price: 660K<br>Sales Volume: 124
2024,HA4 8,667000,119,Greater London,HA4 8<br>Avg. Price: 667K<br>Sales Volume: 119
2024,HA4 9,562000,141,Greater London,HA4 9<br>Avg. Price: 562K<br>Sales Volume: 141
2024,HA5 1,776000,106,Greater London,HA5 1<br>Avg. Price: 776K<br>Sales Volume: 106
2024,HA5 2,652000,115,Greater London,HA5 2<br>Avg. Price: 652K<br>Sales Volume: 115
2024,HA5 3,728000,119,Greater London,HA5 3<br>Avg. Price: 728K<br>Sales Volume: 119
2024,HA5 4,793000,119,Greater London,HA5 4<br>Avg. Price: 793K<br>Sales Volume: 119
2024,HA5 5,659000,82,Greater London,HA5 5<br>Avg. Price: 659K<br>Sales Volume: 82
2024,HA6 1,571000,85,Greater London,HA6 1<br>Avg. Price: 571K<br>Sales Volume: 85
2024,HA6 2,1150000,93,Greater London,"HA6 2<br>Avg. Price: 1,150K<br>Sales Volume: 93"
2024,HA6 3,916000,63,Greater London,HA6 3<br>Avg. Price: 916K<br>Sales Volume: 63
2024,HA7 1,390000,66,Greater London,HA7 1<br>Avg. Price: 390K<br>Sales Volume: 66
2024,HA7 2,644000,59,Greater London,HA7 2<br>Avg. Price: 644K<br>Sales Volume: 59
2024,HA7 3,903000,88,Greater London,HA7 3<br>Avg. Price: 903K<br>Sales Volume: 88
2024,HA7 4,601000,162,Greater London,HA7 4<br>Avg. Price: 601K<br>Sales Volume: 162
2024,HA8 0,366000,56,Greater London,HA8 0<br>Avg. Price: 366K<br>Sales Volume: 56
2024,HA8 5,536000,71,Greater London,HA8 5<br>Avg. Price: 536K<br>Sales Volume: 71
2024,HA8 6,496000,80,Greater London,HA8 6<br>Avg. Price: 496K<br>Sales Volume: 80
2024,HA8 7,625000,44,Greater London,HA8 7<br>Avg. Price: 625K<br>Sales Volume: 44
2024,HA8 8,583000,128,Greater London,HA8 8<br>Avg. Price: 583K<br>Sales Volume: 128
2024,HA8 9,579000,76,Greater London,HA8 9<br>Avg. Price: 579K<br>Sales Volume: 76
2024,HA9 0,367000,59,Greater London,HA9 0<br>Avg. Price: 367K<br>Sales Volume: 59
2024,HA9 6,428000,86,Greater London,HA9 6<br>Avg. Price: 428K<br>Sales Volume: 86
2024,HA9 7,529000,32,Greater London,HA9 7<br>Avg. Price: 529K<br>Sales Volume: 32
2024,HA9 8,474000,94,Greater London,HA9 8<br>Avg. Price: 474K<br>Sales Volume: 94
2024,HA9 9,601000,45,Greater London,HA9 9<br>Avg. Price: 601K<br>Sales Volume: 45
2024,HD1 1,180000,1,North England,HD1 1<br>Avg. Price: 180K<br>Sales Volume: 1
2024,HD1 3,123000,58,North England,HD1 3<br>Avg. Price: 123K<br>Sales Volume: 58
2024,HD1 4,171000,82,North England,HD1 4<br>Avg. Price: 171K<br>Sales Volume: 82
2024,HD1 5,186000,38,North England,HD1 5<br>Avg. Price: 186K<br>Sales Volume: 38
2024,HD1 6,129000,12,North England,HD1 6<br>Avg. Price: 129K<br>Sales Volume: 12
2024,HD2 1,177000,199,North England,HD2 1<br>Avg. Price: 177K<br>Sales Volume: 199
2024,HD2 2,296000,193,North England,HD2 2<br>Avg. Price: 296K<br>Sales Volume: 193
2024,HD3 2,235000,8,North England,HD3 2<br>Avg. Price: 235K<br>Sales Volume: 8
2024,HD3 3,237000,277,North England,HD3 3<br>Avg. Price: 237K<br>Sales Volume: 277
2024,HD3 4,177000,239,North England,HD3 4<br>Avg. Price: 177K<br>Sales Volume: 239
2024,HD4 5,174000,213,North England,HD4 5<br>Avg. Price: 174K<br>Sales Volume: 213
2024,HD4 6,219000,108,North England,HD4 6<br>Avg. Price: 219K<br>Sales Volume: 108
2024,HD4 7,231000,142,North England,HD4 7<br>Avg. Price: 231K<br>Sales Volume: 142
2024,HD5 0,234000,91,North England,HD5 0<br>Avg. Price: 234K<br>Sales Volume: 91
2024,HD5 8,195000,197,North England,HD5 8<br>Avg. Price: 195K<br>Sales Volume: 197
2024,HD5 9,156000,138,North England,HD5 9<br>Avg. Price: 156K<br>Sales Volume: 138
2024,HD6 1,138000,71,North England,HD6 1<br>Avg. Price: 138K<br>Sales Volume: 71
2024,HD6 2,223000,127,North England,HD6 2<br>Avg. Price: 223K<br>Sales Volume: 127
2024,HD6 3,220000,173,North England,HD6 3<br>Avg. Price: 220K<br>Sales Volume: 173
2024,HD6 4,201000,58,North England,HD6 4<br>Avg. Price: 201K<br>Sales Volume: 58
2024,HD7 1,90000,1,North England,HD7 1<br>Avg. Price: 90K<br>Sales Volume: 1
2024,HD7 4,250000,109,North England,HD7 4<br>Avg. Price: 250K<br>Sales Volume: 109
2024,HD7 5,213000,169,North England,HD7 5<br>Avg. Price: 213K<br>Sales Volume: 169
2024,HD7 6,240000,82,North England,HD7 6<br>Avg. Price: 240K<br>Sales Volume: 82
2024,HD8 0,286000,166,North England,HD8 0<br>Avg. Price: 286K<br>Sales Volume: 166
2024,HD8 8,317000,197,North England,HD8 8<br>Avg. Price: 317K<br>Sales Volume: 197
2024,HD8 9,267000,279,North England,HD8 9<br>Avg. Price: 267K<br>Sales Volume: 279
2024,HD9 1,294000,117,North England,HD9 1<br>Avg. Price: 294K<br>Sales Volume: 117
2024,HD9 2,299000,93,North England,HD9 2<br>Avg. Price: 299K<br>Sales Volume: 93
2024,HD9 3,388000,57,North England,HD9 3<br>Avg. Price: 388K<br>Sales Volume: 57
2024,HD9 4,283000,53,North England,HD9 4<br>Avg. Price: 283K<br>Sales Volume: 53
2024,HD9 5,273000,102,North England,HD9 5<br>Avg. Price: 273K<br>Sales Volume: 102
2024,HD9 6,345000,138,North England,HD9 6<br>Avg. Price: 345K<br>Sales Volume: 138
2024,HD9 7,342000,85,North England,HD9 7<br>Avg. Price: 342K<br>Sales Volume: 85
2024,HG1 1,331000,39,North England,HG1 1<br>Avg. Price: 331K<br>Sales Volume: 39
2024,HG1 2,428000,161,North England,HG1 2<br>Avg. Price: 428K<br>Sales Volume: 161
2024,HG1 3,287000,124,North England,HG1 3<br>Avg. Price: 287K<br>Sales Volume: 124
2024,HG1 4,286000,305,North England,HG1 4<br>Avg. Price: 286K<br>Sales Volume: 305
2024,HG1 5,332000,169,North England,HG1 5<br>Avg. Price: 332K<br>Sales Volume: 169
2024,HG2 0,394000,180,North England,HG2 0<br>Avg. Price: 394K<br>Sales Volume: 180
2024,HG2 7,293000,180,North England,HG2 7<br>Avg. Price: 293K<br>Sales Volume: 180
2024,HG2 8,568000,148,North England,HG2 8<br>Avg. Price: 568K<br>Sales Volume: 148
2024,HG2 9,611000,111,North England,HG2 9<br>Avg. Price: 611K<br>Sales Volume: 111
2024,HG3 1,632000,79,North England,HG3 1<br>Avg. Price: 632K<br>Sales Volume: 79
2024,HG3 2,373000,290,North England,HG3 2<br>Avg. Price: 373K<br>Sales Volume: 290
2024,HG3 3,534000,74,North England,HG3 3<br>Avg. Price: 534K<br>Sales Volume: 74
2024,HG3 4,359000,24,North England,HG3 4<br>Avg. Price: 359K<br>Sales Volume: 24
2024,HG3 5,378000,55,North England,HG3 5<br>Avg. Price: 378K<br>Sales Volume: 55
2024,HG4 1,291000,127,North England,HG4 1<br>Avg. Price: 291K<br>Sales Volume: 127
2024,HG4 2,327000,152,North England,HG4 2<br>Avg. Price: 327K<br>Sales Volume: 152
2024,HG4 3,501000,51,North England,HG4 3<br>Avg. Price: 501K<br>Sales Volume: 51
2024,HG4 4,354000,48,North England,HG4 4<br>Avg. Price: 354K<br>Sales Volume: 48
2024,HG4 5,439000,29,North England,HG4 5<br>Avg. Price: 439K<br>Sales Volume: 29
2024,HG5 0,323000,245,North England,HG5 0<br>Avg. Price: 323K<br>Sales Volume: 245
2024,HG5 8,437000,85,North England,HG5 8<br>Avg. Price: 437K<br>Sales Volume: 85
2024,HG5 9,496000,63,North England,HG5 9<br>Avg. Price: 496K<br>Sales Volume: 63
2024,HP1 1,458000,121,South East,HP1 1<br>Avg. Price: 458K<br>Sales Volume: 121
2024,HP1 2,426000,109,South East,HP1 2<br>Avg. Price: 426K<br>Sales Volume: 109
2024,HP1 3,433000,90,South East,HP1 3<br>Avg. Price: 433K<br>Sales Volume: 90
2024,HP10 0,505000,86,South East,HP10 0<br>Avg. Price: 505K<br>Sales Volume: 86
2024,HP10 8,1003000,57,South East,"HP10 8<br>Avg. Price: 1,003K<br>Sales Volume: 57"
2024,HP10 9,569000,181,South East,HP10 9<br>Avg. Price: 569K<br>Sales Volume: 181
2024,HP11 1,430000,148,South East,HP11 1<br>Avg. Price: 430K<br>Sales Volume: 148
2024,HP11 2,312000,78,South East,HP11 2<br>Avg. Price: 312K<br>Sales Volume: 78
2024,HP12 3,309000,134,South East,HP12 3<br>Avg. Price: 309K<br>Sales Volume: 134
2024,HP12 4,395000,141,South East,HP12 4<br>Avg. Price: 395K<br>Sales Volume: 141
2024,HP13 5,424000,202,South East,HP13 5<br>Avg. Price: 424K<br>Sales Volume: 202
2024,HP13 6,363000,148,South East,HP13 6<br>Avg. Price: 363K<br>Sales Volume: 148
2024,HP13 7,353000,197,South East,HP13 7<br>Avg. Price: 353K<br>Sales Volume: 197
2024,HP14 3,483000,150,South East,HP14 3<br>Avg. Price: 483K<br>Sales Volume: 150
2024,HP14 4,647000,79,South East,HP14 4<br>Avg. Price: 647K<br>Sales Volume: 79
2024,HP15 6,632000,112,South East,HP15 6<br>Avg. Price: 632K<br>Sales Volume: 112
2024,HP15 7,466000,148,South East,HP15 7<br>Avg. Price: 466K<br>Sales Volume: 148
2024,HP16 0,626000,86,South East,HP16 0<br>Avg. Price: 626K<br>Sales Volume: 86
2024,HP16 9,779000,63,South East,HP16 9<br>Avg. Price: 779K<br>Sales Volume: 63
2024,HP17 0,732000,15,South East,HP17 0<br>Avg. Price: 732K<br>Sales Volume: 15
2024,HP17 8,549000,154,South East,HP17 8<br>Avg. Price: 549K<br>Sales Volume: 154
2024,HP17 9,603000,12,South East,HP17 9<br>Avg. Price: 603K<br>Sales Volume: 12
2024,HP18 0,409000,152,South East,HP18 0<br>Avg. Price: 409K<br>Sales Volume: 152
2024,HP18 1,328000,43,South East,HP18 1<br>Avg. Price: 328K<br>Sales Volume: 43
2024,HP18 9,633000,88,South East,HP18 9<br>Avg. Price: 633K<br>Sales Volume: 88
2024,HP19 0,398000,62,South East,HP19 0<br>Avg. Price: 398K<br>Sales Volume: 62
2024,HP19 7,308000,109,South East,HP19 7<br>Avg. Price: 308K<br>Sales Volume: 109
2024,HP19 8,277000,78,South East,HP19 8<br>Avg. Price: 277K<br>Sales Volume: 78
2024,HP19 9,286000,149,South East,HP19 9<br>Avg. Price: 286K<br>Sales Volume: 149
2024,HP2 4,413000,117,South East,HP2 4<br>Avg. Price: 413K<br>Sales Volume: 117
2024,HP2 5,365000,128,South East,HP2 5<br>Avg. Price: 365K<br>Sales Volume: 128
2024,HP2 6,343000,83,South East,HP2 6<br>Avg. Price: 343K<br>Sales Volume: 83
2024,HP2 7,402000,122,South East,HP2 7<br>Avg. Price: 402K<br>Sales Volume: 122
2024,HP20 1,310000,152,South East,HP20 1<br>Avg. Price: 310K<br>Sales Volume: 152
2024,HP20 2,287000,102,South East,HP20 2<br>Avg. Price: 287K<br>Sales Volume: 102
2024,HP21 7,348000,115,South East,HP21 7<br>Avg. Price: 348K<br>Sales Volume: 115
2024,HP21 8,290000,121,South East,HP21 8<br>Avg. Price: 290K<br>Sales Volume: 121
2024,HP21 9,355000,163,South East,HP21 9<br>Avg. Price: 355K<br>Sales Volume: 163
2024,HP22 0,508000,25,South East,HP22 0<br>Avg. Price: 508K<br>Sales Volume: 25
2024,HP22 3,482000,49,South East,HP22 3<br>Avg. Price: 482K<br>Sales Volume: 49
2024,HP22 4,583000,85,South East,HP22 4<br>Avg. Price: 583K<br>Sales Volume: 85
2024,HP22 5,538000,196,South East,HP22 5<br>Avg. Price: 538K<br>Sales Volume: 196
2024,HP22 6,619000,97,South East,HP22 6<br>Avg. Price: 619K<br>Sales Volume: 97
2024,HP22 7,404000,207,South East,HP22 7<br>Avg. Price: 404K<br>Sales Volume: 207
2024,HP23 4,619000,115,South East,HP23 4<br>Avg. Price: 619K<br>Sales Volume: 115
2024,HP23 5,559000,118,South East,HP23 5<br>Avg. Price: 559K<br>Sales Volume: 118
2024,HP23 6,738000,48,South East,HP23 6<br>Avg. Price: 738K<br>Sales Volume: 48
2024,HP27 0,523000,95,South East,HP27 0<br>Avg. Price: 523K<br>Sales Volume: 95
2024,HP27 9,532000,145,South East,HP27 9<br>Avg. Price: 532K<br>Sales Volume: 145
2024,HP3 0,684000,111,South East,HP3 0<br>Avg. Price: 684K<br>Sales Volume: 111
2024,HP3 8,532000,82,South East,HP3 8<br>Avg. Price: 532K<br>Sales Volume: 82
2024,HP3 9,391000,236,South East,HP3 9<br>Avg. Price: 391K<br>Sales Volume: 236
2024,HP4 1,707000,107,South East,HP4 1<br>Avg. Price: 707K<br>Sales Volume: 107
2024,HP4 2,748000,146,South East,HP4 2<br>Avg. Price: 748K<br>Sales Volume: 146
2024,HP4 3,742000,175,South East,HP4 3<br>Avg. Price: 742K<br>Sales Volume: 175
2024,HP5 1,452000,113,South East,HP5 1<br>Avg. Price: 452K<br>Sales Volume: 113
2024,HP5 2,563000,128,South East,HP5 2<br>Avg. Price: 563K<br>Sales Volume: 128
2024,HP5 3,538000,98,South East,HP5 3<br>Avg. Price: 538K<br>Sales Volume: 98
2024,HP6 5,790000,90,South East,HP6 5<br>Avg. Price: 790K<br>Sales Volume: 90
2024,HP6 6,773000,123,South East,HP6 6<br>Avg. Price: 773K<br>Sales Volume: 123
2024,HP7 0,865000,60,South East,HP7 0<br>Avg. Price: 865K<br>Sales Volume: 60
2024,HP7 9,742000,77,South East,HP7 9<br>Avg. Price: 742K<br>Sales Volume: 77
2024,HP8 4,930000,79,South East,HP8 4<br>Avg. Price: 930K<br>Sales Volume: 79
2024,HP9 1,1194000,137,South East,"HP9 1<br>Avg. Price: 1,194K<br>Sales Volume: 137"
2024,HP9 2,1138000,159,South East,"HP9 2<br>Avg. Price: 1,138K<br>Sales Volume: 159"
2024,HR1 1,331000,233,Midlands,HR1 1<br>Avg. Price: 331K<br>Sales Volume: 233
2024,HR1 2,247000,101,Midlands,HR1 2<br>Avg. Price: 247K<br>Sales Volume: 101
2024,HR1 3,433000,94,Midlands,HR1 3<br>Avg. Price: 433K<br>Sales Volume: 94
2024,HR1 4,485000,78,Midlands,HR1 4<br>Avg. Price: 485K<br>Sales Volume: 78
2024,HR2 0,351000,44,Midlands,HR2 0<br>Avg. Price: 351K<br>Sales Volume: 44
2024,HR2 6,247000,93,Midlands,HR2 6<br>Avg. Price: 247K<br>Sales Volume: 93
2024,HR2 7,226000,175,Midlands,HR2 7<br>Avg. Price: 226K<br>Sales Volume: 175
2024,HR2 8,469000,63,Midlands,HR2 8<br>Avg. Price: 469K<br>Sales Volume: 63
2024,HR2 9,378000,112,Midlands,HR2 9<br>Avg. Price: 378K<br>Sales Volume: 112
2024,HR3 5,394000,68,Midlands,HR3 5<br>Avg. Price: 394K<br>Sales Volume: 68
2024,HR3 6,465000,34,Midlands,HR3 6<br>Avg. Price: 465K<br>Sales Volume: 34
2024,HR4 0,271000,189,Midlands,HR4 0<br>Avg. Price: 271K<br>Sales Volume: 189
2024,HR4 7,399000,96,Midlands,HR4 7<br>Avg. Price: 399K<br>Sales Volume: 96
2024,HR4 8,407000,87,Midlands,HR4 8<br>Avg. Price: 407K<br>Sales Volume: 87
2024,HR4 9,270000,168,Midlands,HR4 9<br>Avg. Price: 270K<br>Sales Volume: 168
2024,HR5 3,296000,67,Midlands,HR5 3<br>Avg. Price: 296K<br>Sales Volume: 67
2024,HR6 0,445000,44,Midlands,HR6 0<br>Avg. Price: 445K<br>Sales Volume: 44
2024,HR6 8,234000,148,Midlands,HR6 8<br>Avg. Price: 234K<br>Sales Volume: 148
2024,HR6 9,427000,65,Midlands,HR6 9<br>Avg. Price: 427K<br>Sales Volume: 65
2024,HR7 4,316000,97,Midlands,HR7 4<br>Avg. Price: 316K<br>Sales Volume: 97
2024,HR8 1,392000,62,Midlands,HR8 1<br>Avg. Price: 392K<br>Sales Volume: 62
2024,HR8 2,328000,188,Midlands,HR8 2<br>Avg. Price: 328K<br>Sales Volume: 188
2024,HR9 5,306000,98,Midlands,HR9 5<br>Avg. Price: 306K<br>Sales Volume: 98
2024,HR9 6,507000,76,Midlands,HR9 6<br>Avg. Price: 507K<br>Sales Volume: 76
2024,HR9 7,360000,213,Midlands,HR9 7<br>Avg. Price: 360K<br>Sales Volume: 213
2024,HU1 1,123000,28,North England,HU1 1<br>Avg. Price: 123K<br>Sales Volume: 28
2024,HU1 2,126000,19,North England,HU1 2<br>Avg. Price: 126K<br>Sales Volume: 19
2024,HU1 3,170000,43,North England,HU1 3<br>Avg. Price: 170K<br>Sales Volume: 43
2024,HU10 6,214000,169,North England,HU10 6<br>Avg. Price: 214K<br>Sales Volume: 169
2024,HU10 7,305000,256,North England,HU10 7<br>Avg. Price: 305K<br>Sales Volume: 256
2024,HU11 4,202000,121,North England,HU11 4<br>Avg. Price: 202K<br>Sales Volume: 121
2024,HU11 5,229000,53,North England,HU11 5<br>Avg. Price: 229K<br>Sales Volume: 53
2024,HU12 0,205000,53,North England,HU12 0<br>Avg. Price: 205K<br>Sales Volume: 53
2024,HU12 8,200000,221,North England,HU12 8<br>Avg. Price: 200K<br>Sales Volume: 221
2024,HU12 9,203000,121,North England,HU12 9<br>Avg. Price: 203K<br>Sales Volume: 121
2024,HU13 0,263000,212,North England,HU13 0<br>Avg. Price: 263K<br>Sales Volume: 212
2024,HU13 9,166000,129,North England,HU13 9<br>Avg. Price: 166K<br>Sales Volume: 129
2024,HU14 3,342000,141,North England,HU14 3<br>Avg. Price: 342K<br>Sales Volume: 141
2024,HU15 1,282000,352,North England,HU15 1<br>Avg. Price: 282K<br>Sales Volume: 352
2024,HU15 2,280000,207,North England,HU15 2<br>Avg. Price: 280K<br>Sales Volume: 207
2024,HU16 4,249000,121,North England,HU16 4<br>Avg. Price: 249K<br>Sales Volume: 121
2024,HU16 5,264000,194,North England,HU16 5<br>Avg. Price: 264K<br>Sales Volume: 194
2024,HU17 0,230000,515,North England,HU17 0<br>Avg. Price: 230K<br>Sales Volume: 515
2024,HU17 5,243000,81,North England,HU17 5<br>Avg. Price: 243K<br>Sales Volume: 81
2024,HU17 7,334000,139,North England,HU17 7<br>Avg. Price: 334K<br>Sales Volume: 139
2024,HU17 8,325000,249,North England,HU17 8<br>Avg. Price: 325K<br>Sales Volume: 249
2024,HU17 9,222000,170,North England,HU17 9<br>Avg. Price: 222K<br>Sales Volume: 170
2024,HU18 1,240000,218,North England,HU18 1<br>Avg. Price: 240K<br>Sales Volume: 218
2024,HU19 2,144000,118,North England,HU19 2<br>Avg. Price: 144K<br>Sales Volume: 118
2024,HU2 0,52000,26,North England,HU2 0<br>Avg. Price: 52K<br>Sales Volume: 26
2024,HU2 8,97000,36,North England,HU2 8<br>Avg. Price: 97K<br>Sales Volume: 36
2024,HU2 9,97000,6,North England,HU2 9<br>Avg. Price: 97K<br>Sales Volume: 6
2024,HU20 3,306000,5,North England,HU20 3<br>Avg. Price: 306K<br>Sales Volume: 5
2024,HU3 1,119000,70,North England,HU3 1<br>Avg. Price: 119K<br>Sales Volume: 70
2024,HU3 2,85000,55,North England,HU3 2<br>Avg. Price: 85K<br>Sales Volume: 55
2024,HU3 3,77000,57,North England,HU3 3<br>Avg. Price: 77K<br>Sales Volume: 57
2024,HU3 5,139000,75,North England,HU3 5<br>Avg. Price: 139K<br>Sales Volume: 75
2024,HU3 6,115000,142,North England,HU3 6<br>Avg. Price: 115K<br>Sales Volume: 142
2024,HU4 6,157000,238,North England,HU4 6<br>Avg. Price: 157K<br>Sales Volume: 238
2024,HU4 7,156000,126,North England,HU4 7<br>Avg. Price: 156K<br>Sales Volume: 126
2024,HU5 1,106000,103,North England,HU5 1<br>Avg. Price: 106K<br>Sales Volume: 103
2024,HU5 2,135000,149,North England,HU5 2<br>Avg. Price: 135K<br>Sales Volume: 149
2024,HU5 3,143000,181,North England,HU5 3<br>Avg. Price: 143K<br>Sales Volume: 181
2024,HU5 4,173000,147,North England,HU5 4<br>Avg. Price: 173K<br>Sales Volume: 147
2024,HU5 5,137000,307,North England,HU5 5<br>Avg. Price: 137K<br>Sales Volume: 307
2024,HU6 0,222000,4,North England,HU6 0<br>Avg. Price: 222K<br>Sales Volume: 4
2024,HU6 7,148000,163,North England,HU6 7<br>Avg. Price: 148K<br>Sales Volume: 163
2024,HU6 8,126000,73,North England,HU6 8<br>Avg. Price: 126K<br>Sales Volume: 73
2024,HU6 9,118000,96,North England,HU6 9<br>Avg. Price: 118K<br>Sales Volume: 96
2024,HU7 0,134000,32,North England,HU7 0<br>Avg. Price: 134K<br>Sales Volume: 32
2024,HU7 3,194000,435,North England,HU7 3<br>Avg. Price: 194K<br>Sales Volume: 435
2024,HU7 4,126000,218,North England,HU7 4<br>Avg. Price: 126K<br>Sales Volume: 218
2024,HU7 5,131000,36,North England,HU7 5<br>Avg. Price: 131K<br>Sales Volume: 36
2024,HU7 6,128000,59,North England,HU7 6<br>Avg. Price: 128K<br>Sales Volume: 59
2024,HU8 0,182000,144,North England,HU8 0<br>Avg. Price: 182K<br>Sales Volume: 144
2024,HU8 7,84000,36,North England,HU8 7<br>Avg. Price: 84K<br>Sales Volume: 36
2024,HU8 8,130000,176,North England,HU8 8<br>Avg. Price: 130K<br>Sales Volume: 176
2024,HU8 9,143000,158,North England,HU8 9<br>Avg. Price: 143K<br>Sales Volume: 158
2024,HU9 1,135000,79,North England,HU9 1<br>Avg. Price: 135K<br>Sales Volume: 79
2024,HU9 2,79000,114,North England,HU9 2<br>Avg. Price: 79K<br>Sales Volume: 114
2024,HU9 3,122000,124,North England,HU9 3<br>Avg. Price: 122K<br>Sales Volume: 124
2024,HU9 4,114000,102,North England,HU9 4<br>Avg. Price: 114K<br>Sales Volume: 102
2024,HU9 5,147000,117,North England,HU9 5<br>Avg. Price: 147K<br>Sales Volume: 117
2024,HX1 1,113000,34,North England,HX1 1<br>Avg. Price: 113K<br>Sales Volume: 34
2024,HX1 2,154000,105,North England,HX1 2<br>Avg. Price: 154K<br>Sales Volume: 105
2024,HX1 3,107000,108,North England,HX1 3<br>Avg. Price: 107K<br>Sales Volume: 108
2024,HX1 4,95000,50,North England,HX1 4<br>Avg. Price: 95K<br>Sales Volume: 50
2024,HX1 5,102000,21,North England,HX1 5<br>Avg. Price: 102K<br>Sales Volume: 21
2024,HX2 0,167000,166,North England,HX2 0<br>Avg. Price: 167K<br>Sales Volume: 166
2024,HX2 6,257000,75,North England,HX2 6<br>Avg. Price: 257K<br>Sales Volume: 75
2024,HX2 7,238000,91,North England,HX2 7<br>Avg. Price: 238K<br>Sales Volume: 91
2024,HX2 8,143000,109,North England,HX2 8<br>Avg. Price: 143K<br>Sales Volume: 109
2024,HX2 9,181000,106,North England,HX2 9<br>Avg. Price: 181K<br>Sales Volume: 106
2024,HX3 0,257000,132,North England,HX3 0<br>Avg. Price: 257K<br>Sales Volume: 132
2024,HX3 5,129000,94,North England,HX3 5<br>Avg. Price: 129K<br>Sales Volume: 94
2024,HX3 6,138000,104,North England,HX3 6<br>Avg. Price: 138K<br>Sales Volume: 104
2024,HX3 7,249000,142,North England,HX3 7<br>Avg. Price: 249K<br>Sales Volume: 142
2024,HX3 8,280000,136,North England,HX3 8<br>Avg. Price: 280K<br>Sales Volume: 136
2024,HX3 9,195000,108,North England,HX3 9<br>Avg. Price: 195K<br>Sales Volume: 108
2024,HX4 0,310000,20,North England,HX4 0<br>Avg. Price: 310K<br>Sales Volume: 20
2024,HX4 8,231000,111,North England,HX4 8<br>Avg. Price: 231K<br>Sales Volume: 111
2024,HX4 9,242000,54,North England,HX4 9<br>Avg. Price: 242K<br>Sales Volume: 54
2024,HX5 0,182000,89,North England,HX5 0<br>Avg. Price: 182K<br>Sales Volume: 89
2024,HX5 9,174000,71,North England,HX5 9<br>Avg. Price: 174K<br>Sales Volume: 71
2024,HX6 1,196000,48,North England,HX6 1<br>Avg. Price: 196K<br>Sales Volume: 48
2024,HX6 2,177000,128,North England,HX6 2<br>Avg. Price: 177K<br>Sales Volume: 128
2024,HX6 3,234000,53,North England,HX6 3<br>Avg. Price: 234K<br>Sales Volume: 53
2024,HX6 4,272000,96,North England,HX6 4<br>Avg. Price: 272K<br>Sales Volume: 96
2024,HX7 5,238000,80,North England,HX7 5<br>Avg. Price: 238K<br>Sales Volume: 80
2024,HX7 6,267000,59,North England,HX7 6<br>Avg. Price: 267K<br>Sales Volume: 59
2024,HX7 7,301000,37,North England,HX7 7<br>Avg. Price: 301K<br>Sales Volume: 37
2024,HX7 8,249000,68,North England,HX7 8<br>Avg. Price: 249K<br>Sales Volume: 68
2024,IG1 1,373000,69,Greater London,IG1 1<br>Avg. Price: 373K<br>Sales Volume: 69
2024,IG1 2,354000,141,Greater London,IG1 2<br>Avg. Price: 354K<br>Sales Volume: 141
2024,IG1 3,512000,100,Greater London,IG1 3<br>Avg. Price: 512K<br>Sales Volume: 100
2024,IG1 4,408000,63,Greater London,IG1 4<br>Avg. Price: 408K<br>Sales Volume: 63
2024,IG10 1,751000,103,Greater London,IG10 1<br>Avg. Price: 751K<br>Sales Volume: 103
2024,IG10 2,454000,101,Greater London,IG10 2<br>Avg. Price: 454K<br>Sales Volume: 101
2024,IG10 3,452000,242,Greater London,IG10 3<br>Avg. Price: 452K<br>Sales Volume: 242
2024,IG10 4,917000,74,Greater London,IG10 4<br>Avg. Price: 917K<br>Sales Volume: 74
2024,IG11 0,306000,122,Greater London,IG11 0<br>Avg. Price: 306K<br>Sales Volume: 122
2024,IG11 7,332000,165,Greater London,IG11 7<br>Avg. Price: 332K<br>Sales Volume: 165
2024,IG11 8,286000,66,Greater London,IG11 8<br>Avg. Price: 286K<br>Sales Volume: 66
2024,IG11 9,441000,144,Greater London,IG11 9<br>Avg. Price: 441K<br>Sales Volume: 144
2024,IG2 6,496000,89,Greater London,IG2 6<br>Avg. Price: 496K<br>Sales Volume: 89
2024,IG2 7,407000,100,Greater London,IG2 7<br>Avg. Price: 407K<br>Sales Volume: 100
2024,IG3 8,420000,148,Greater London,IG3 8<br>Avg. Price: 420K<br>Sales Volume: 148
2024,IG3 9,507000,119,Greater London,IG3 9<br>Avg. Price: 507K<br>Sales Volume: 119
2024,IG4 5,560000,48,Greater London,IG4 5<br>Avg. Price: 560K<br>Sales Volume: 48
2024,IG5 0,523000,148,Greater London,IG5 0<br>Avg. Price: 523K<br>Sales Volume: 148
2024,IG6 1,483000,98,Greater London,IG6 1<br>Avg. Price: 483K<br>Sales Volume: 98
2024,IG6 2,490000,123,Greater London,IG6 2<br>Avg. Price: 490K<br>Sales Volume: 123
2024,IG6 3,409000,66,Greater London,IG6 3<br>Avg. Price: 409K<br>Sales Volume: 66
2024,IG7 4,399000,99,Greater London,IG7 4<br>Avg. Price: 399K<br>Sales Volume: 99
2024,IG7 5,808000,107,Greater London,IG7 5<br>Avg. Price: 808K<br>Sales Volume: 107
2024,IG7 6,750000,64,Greater London,IG7 6<br>Avg. Price: 750K<br>Sales Volume: 64
2024,IG8 0,765000,132,Greater London,IG8 0<br>Avg. Price: 765K<br>Sales Volume: 132
2024,IG8 7,535000,103,Greater London,IG8 7<br>Avg. Price: 535K<br>Sales Volume: 103
2024,IG8 8,534000,108,Greater London,IG8 8<br>Avg. Price: 534K<br>Sales Volume: 108
2024,IG8 9,657000,111,Greater London,IG8 9<br>Avg. Price: 657K<br>Sales Volume: 111
2024,IG9 5,732000,130,Greater London,IG9 5<br>Avg. Price: 732K<br>Sales Volume: 130
2024,IG9 6,552000,82,Greater London,IG9 6<br>Avg. Price: 552K<br>Sales Volume: 82
2024,IP1 1,170000,9,Midlands,IP1 1<br>Avg. Price: 170K<br>Sales Volume: 9
2024,IP1 2,159000,66,Midlands,IP1 2<br>Avg. Price: 159K<br>Sales Volume: 66
2024,IP1 3,329000,65,Midlands,IP1 3<br>Avg. Price: 329K<br>Sales Volume: 65
2024,IP1 4,263000,123,Midlands,IP1 4<br>Avg. Price: 263K<br>Sales Volume: 123
2024,IP1 5,212000,158,Midlands,IP1 5<br>Avg. Price: 212K<br>Sales Volume: 158
2024,IP1 6,300000,200,Midlands,IP1 6<br>Avg. Price: 300K<br>Sales Volume: 200
2024,IP10 0,464000,48,Midlands,IP10 0<br>Avg. Price: 464K<br>Sales Volume: 48
2024,IP11 0,288000,108,Midlands,IP11 0<br>Avg. Price: 288K<br>Sales Volume: 108
2024,IP11 2,215000,123,Midlands,IP11 2<br>Avg. Price: 215K<br>Sales Volume: 123
2024,IP11 6,300000,61,Midlands,IP11 6<br>Avg. Price: 300K<br>Sales Volume: 61
2024,IP11 7,310000,136,Midlands,IP11 7<br>Avg. Price: 310K<br>Sales Volume: 136
2024,IP11 9,337000,225,Midlands,IP11 9<br>Avg. Price: 337K<br>Sales Volume: 225
2024,IP12 1,406000,140,Midlands,IP12 1<br>Avg. Price: 406K<br>Sales Volume: 140
2024,IP12 2,352000,111,Midlands,IP12 2<br>Avg. Price: 352K<br>Sales Volume: 111
2024,IP12 3,405000,45,Midlands,IP12 3<br>Avg. Price: 405K<br>Sales Volume: 45
2024,IP12 4,486000,119,Midlands,IP12 4<br>Avg. Price: 486K<br>Sales Volume: 119
2024,IP13 0,352000,80,Midlands,IP13 0<br>Avg. Price: 352K<br>Sales Volume: 80
2024,IP13 6,520000,81,Midlands,IP13 6<br>Avg. Price: 520K<br>Sales Volume: 81
2024,IP13 7,436000,39,Midlands,IP13 7<br>Avg. Price: 436K<br>Sales Volume: 39
2024,IP13 8,452000,51,Midlands,IP13 8<br>Avg. Price: 452K<br>Sales Volume: 51
2024,IP13 9,352000,78,Midlands,IP13 9<br>Avg. Price: 352K<br>Sales Volume: 78
2024,IP14 1,274000,289,Midlands,IP14 1<br>Avg. Price: 274K<br>Sales Volume: 289
2024,IP14 2,323000,82,Midlands,IP14 2<br>Avg. Price: 323K<br>Sales Volume: 82
2024,IP14 3,337000,54,Midlands,IP14 3<br>Avg. Price: 337K<br>Sales Volume: 54
2024,IP14 4,363000,144,Midlands,IP14 4<br>Avg. Price: 363K<br>Sales Volume: 144
2024,IP14 5,319000,185,Midlands,IP14 5<br>Avg. Price: 319K<br>Sales Volume: 185
2024,IP14 6,400000,54,Midlands,IP14 6<br>Avg. Price: 400K<br>Sales Volume: 54
2024,IP15 5,593000,68,Midlands,IP15 5<br>Avg. Price: 593K<br>Sales Volume: 68
2024,IP16 4,261000,122,Midlands,IP16 4<br>Avg. Price: 261K<br>Sales Volume: 122
2024,IP17 1,329000,119,Midlands,IP17 1<br>Avg. Price: 329K<br>Sales Volume: 119
2024,IP17 2,401000,35,Midlands,IP17 2<br>Avg. Price: 401K<br>Sales Volume: 35
2024,IP17 3,443000,43,Midlands,IP17 3<br>Avg. Price: 443K<br>Sales Volume: 43
2024,IP18 6,566000,86,Midlands,IP18 6<br>Avg. Price: 566K<br>Sales Volume: 86
2024,IP19 0,488000,30,Midlands,IP19 0<br>Avg. Price: 488K<br>Sales Volume: 30
2024,IP19 8,322000,113,Midlands,IP19 8<br>Avg. Price: 322K<br>Sales Volume: 113
2024,IP19 9,372000,31,Midlands,IP19 9<br>Avg. Price: 372K<br>Sales Volume: 31
2024,IP2 0,204000,106,Midlands,IP2 0<br>Avg. Price: 204K<br>Sales Volume: 106
2024,IP2 8,179000,112,Midlands,IP2 8<br>Avg. Price: 179K<br>Sales Volume: 112
2024,IP2 9,259000,157,Midlands,IP2 9<br>Avg. Price: 259K<br>Sales Volume: 157
2024,IP20 0,399000,32,Midlands,IP20 0<br>Avg. Price: 399K<br>Sales Volume: 32
2024,IP20 9,301000,122,Midlands,IP20 9<br>Avg. Price: 301K<br>Sales Volume: 122
2024,IP21 4,315000,82,Midlands,IP21 4<br>Avg. Price: 315K<br>Sales Volume: 82
2024,IP21 5,388000,82,Midlands,IP21 5<br>Avg. Price: 388K<br>Sales Volume: 82
2024,IP22 1,435000,86,Midlands,IP22 1<br>Avg. Price: 435K<br>Sales Volume: 86
2024,IP22 2,447000,73,Midlands,IP22 2<br>Avg. Price: 447K<br>Sales Volume: 73
2024,IP22 4,262000,149,Midlands,IP22 4<br>Avg. Price: 262K<br>Sales Volume: 149
2024,IP22 5,375000,21,Midlands,IP22 5<br>Avg. Price: 375K<br>Sales Volume: 21
2024,IP23 7,355000,109,Midlands,IP23 7<br>Avg. Price: 355K<br>Sales Volume: 109
2024,IP23 8,384000,39,Midlands,IP23 8<br>Avg. Price: 384K<br>Sales Volume: 39
2024,IP24 1,244000,111,Midlands,IP24 1<br>Avg. Price: 244K<br>Sales Volume: 111
2024,IP24 2,263000,219,Midlands,IP24 2<br>Avg. Price: 263K<br>Sales Volume: 219
2024,IP24 3,197000,93,Midlands,IP24 3<br>Avg. Price: 197K<br>Sales Volume: 93
2024,IP25 5,349000,7,Midlands,IP25 5<br>Avg. Price: 349K<br>Sales Volume: 7
2024,IP25 6,258000,238,Midlands,IP25 6<br>Avg. Price: 258K<br>Sales Volume: 238
2024,IP25 7,356000,103,Midlands,IP25 7<br>Avg. Price: 356K<br>Sales Volume: 103
2024,IP26 4,266000,95,Midlands,IP26 4<br>Avg. Price: 266K<br>Sales Volume: 95
2024,IP26 5,314000,52,Midlands,IP26 5<br>Avg. Price: 314K<br>Sales Volume: 52
2024,IP27 0,225000,184,Midlands,IP27 0<br>Avg. Price: 225K<br>Sales Volume: 184
2024,IP27 9,253000,99,Midlands,IP27 9<br>Avg. Price: 253K<br>Sales Volume: 99
2024,IP28 1,297000,9,Midlands,IP28 1<br>Avg. Price: 297K<br>Sales Volume: 9
2024,IP28 2,398000,5,Midlands,IP28 2<br>Avg. Price: 398K<br>Sales Volume: 5
2024,IP28 3,321000,19,Midlands,IP28 3<br>Avg. Price: 321K<br>Sales Volume: 19
2024,IP28 6,431000,61,Midlands,IP28 6<br>Avg. Price: 431K<br>Sales Volume: 61
2024,IP28 7,250000,114,Midlands,IP28 7<br>Avg. Price: 250K<br>Sales Volume: 114
2024,IP28 8,291000,208,Midlands,IP28 8<br>Avg. Price: 291K<br>Sales Volume: 208
2024,IP29 4,476000,60,Midlands,IP29 4<br>Avg. Price: 476K<br>Sales Volume: 60
2024,IP29 5,409000,58,Midlands,IP29 5<br>Avg. Price: 409K<br>Sales Volume: 58
2024,IP3 0,229000,109,Midlands,IP3 0<br>Avg. Price: 229K<br>Sales Volume: 109
2024,IP3 8,292000,181,Midlands,IP3 8<br>Avg. Price: 292K<br>Sales Volume: 181
2024,IP3 9,253000,130,Midlands,IP3 9<br>Avg. Price: 253K<br>Sales Volume: 130
2024,IP30 0,409000,69,Midlands,IP30 0<br>Avg. Price: 409K<br>Sales Volume: 69
2024,IP30 9,409000,229,Midlands,IP30 9<br>Avg. Price: 409K<br>Sales Volume: 229
2024,IP31 1,363000,44,Midlands,IP31 1<br>Avg. Price: 363K<br>Sales Volume: 44
2024,IP31 2,416000,99,Midlands,IP31 2<br>Avg. Price: 416K<br>Sales Volume: 99
2024,IP31 3,400000,188,Midlands,IP31 3<br>Avg. Price: 400K<br>Sales Volume: 188
2024,IP32 6,300000,174,Midlands,IP32 6<br>Avg. Price: 300K<br>Sales Volume: 174
2024,IP32 7,334000,146,Midlands,IP32 7<br>Avg. Price: 334K<br>Sales Volume: 146
2024,IP33 1,356000,125,Midlands,IP33 1<br>Avg. Price: 356K<br>Sales Volume: 125
2024,IP33 2,337000,150,Midlands,IP33 2<br>Avg. Price: 337K<br>Sales Volume: 150
2024,IP33 3,324000,185,Midlands,IP33 3<br>Avg. Price: 324K<br>Sales Volume: 185
2024,IP4 1,175000,156,Midlands,IP4 1<br>Avg. Price: 175K<br>Sales Volume: 156
2024,IP4 2,250000,135,Midlands,IP4 2<br>Avg. Price: 250K<br>Sales Volume: 135
2024,IP4 3,365000,58,Midlands,IP4 3<br>Avg. Price: 365K<br>Sales Volume: 58
2024,IP4 4,261000,134,Midlands,IP4 4<br>Avg. Price: 261K<br>Sales Volume: 134
2024,IP4 5,286000,168,Midlands,IP4 5<br>Avg. Price: 286K<br>Sales Volume: 168
2024,IP5 1,339000,89,Midlands,IP5 1<br>Avg. Price: 339K<br>Sales Volume: 89
2024,IP5 2,313000,163,Midlands,IP5 2<br>Avg. Price: 313K<br>Sales Volume: 163
2024,IP5 3,328000,83,Midlands,IP5 3<br>Avg. Price: 328K<br>Sales Volume: 83
2024,IP5 4,439000,26,Midlands,IP5 4<br>Avg. Price: 439K<br>Sales Volume: 26
2024,IP6 0,288000,115,Midlands,IP6 0<br>Avg. Price: 288K<br>Sales Volume: 115
2024,IP6 8,305000,172,Midlands,IP6 8<br>Avg. Price: 305K<br>Sales Volume: 172
2024,IP6 9,415000,61,Midlands,IP6 9<br>Avg. Price: 415K<br>Sales Volume: 61
2024,IP7 5,357000,109,Midlands,IP7 5<br>Avg. Price: 357K<br>Sales Volume: 109
2024,IP7 6,401000,84,Midlands,IP7 6<br>Avg. Price: 401K<br>Sales Volume: 84
2024,IP7 7,436000,47,Midlands,IP7 7<br>Avg. Price: 436K<br>Sales Volume: 47
2024,IP8 3,325000,126,Midlands,IP8 3<br>Avg. Price: 325K<br>Sales Volume: 126
2024,IP8 4,345000,119,Midlands,IP8 4<br>Avg. Price: 345K<br>Sales Volume: 119
2024,IP9 1,373000,77,Midlands,IP9 1<br>Avg. Price: 373K<br>Sales Volume: 77
2024,IP9 2,390000,89,Midlands,IP9 2<br>Avg. Price: 390K<br>Sales Volume: 89
2024,KT1 1,601000,15,Greater London,KT1 1<br>Avg. Price: 601K<br>Sales Volume: 15
2024,KT1 2,598000,108,Greater London,KT1 2<br>Avg. Price: 598K<br>Sales Volume: 108
2024,KT1 3,602000,119,Greater London,KT1 3<br>Avg. Price: 602K<br>Sales Volume: 119
2024,KT1 4,617000,45,Greater London,KT1 4<br>Avg. Price: 617K<br>Sales Volume: 45
2024,KT10 0,920000,138,Greater London,KT10 0<br>Avg. Price: 920K<br>Sales Volume: 138
2024,KT10 8,1014000,100,Greater London,"KT10 8<br>Avg. Price: 1,014K<br>Sales Volume: 100"
2024,KT10 9,1160000,110,Greater London,"KT10 9<br>Avg. Price: 1,160K<br>Sales Volume: 110"
2024,KT11 1,658000,57,Greater London,KT11 1<br>Avg. Price: 658K<br>Sales Volume: 57
2024,KT11 2,1713000,154,Greater London,"KT11 2<br>Avg. Price: 1,713K<br>Sales Volume: 154"
2024,KT11 3,920000,47,Greater London,KT11 3<br>Avg. Price: 920K<br>Sales Volume: 47
2024,KT12 1,748000,90,Greater London,KT12 1<br>Avg. Price: 748K<br>Sales Volume: 90
2024,KT12 2,529000,182,Greater London,KT12 2<br>Avg. Price: 529K<br>Sales Volume: 182
2024,KT12 3,602000,107,Greater London,KT12 3<br>Avg. Price: 602K<br>Sales Volume: 107
2024,KT12 4,551000,65,Greater London,KT12 4<br>Avg. Price: 551K<br>Sales Volume: 65
2024,KT12 5,971000,130,Greater London,KT12 5<br>Avg. Price: 971K<br>Sales Volume: 130
2024,KT13 0,1359000,131,Greater London,"KT13 0<br>Avg. Price: 1,359K<br>Sales Volume: 131"
2024,KT13 8,680000,152,Greater London,KT13 8<br>Avg. Price: 680K<br>Sales Volume: 152
2024,KT13 9,723000,168,Greater London,KT13 9<br>Avg. Price: 723K<br>Sales Volume: 168
2024,KT14 6,709000,115,Greater London,KT14 6<br>Avg. Price: 709K<br>Sales Volume: 115
2024,KT14 7,442000,133,Greater London,KT14 7<br>Avg. Price: 442K<br>Sales Volume: 133
2024,KT15 1,441000,133,Greater London,KT15 1<br>Avg. Price: 441K<br>Sales Volume: 133
2024,KT15 2,372000,195,Greater London,KT15 2<br>Avg. Price: 372K<br>Sales Volume: 195
2024,KT15 3,539000,124,Greater London,KT15 3<br>Avg. Price: 539K<br>Sales Volume: 124
2024,KT16 0,594000,167,Greater London,KT16 0<br>Avg. Price: 594K<br>Sales Volume: 167
2024,KT16 8,450000,89,Greater London,KT16 8<br>Avg. Price: 450K<br>Sales Volume: 89
2024,KT16 9,362000,286,Greater London,KT16 9<br>Avg. Price: 362K<br>Sales Volume: 286
2024,KT17 1,505000,109,Greater London,KT17 1<br>Avg. Price: 505K<br>Sales Volume: 109
2024,KT17 2,634000,94,Greater London,KT17 2<br>Avg. Price: 634K<br>Sales Volume: 94
2024,KT17 3,905000,60,Greater London,KT17 3<br>Avg. Price: 905K<br>Sales Volume: 60
2024,KT17 4,442000,105,Greater London,KT17 4<br>Avg. Price: 442K<br>Sales Volume: 105
2024,KT18 5,640000,115,Greater London,KT18 5<br>Avg. Price: 640K<br>Sales Volume: 115
2024,KT18 6,608000,21,Greater London,KT18 6<br>Avg. Price: 608K<br>Sales Volume: 21
2024,KT18 7,585000,113,Greater London,KT18 7<br>Avg. Price: 585K<br>Sales Volume: 113
2024,KT19 0,607000,109,Greater London,KT19 0<br>Avg. Price: 607K<br>Sales Volume: 109
2024,KT19 7,645000,21,Greater London,KT19 7<br>Avg. Price: 645K<br>Sales Volume: 21
2024,KT19 8,525000,111,Greater London,KT19 8<br>Avg. Price: 525K<br>Sales Volume: 111
2024,KT19 9,479000,203,Greater London,KT19 9<br>Avg. Price: 479K<br>Sales Volume: 203
2024,KT2 5,726000,189,Greater London,KT2 5<br>Avg. Price: 726K<br>Sales Volume: 189
2024,KT2 6,603000,126,Greater London,KT2 6<br>Avg. Price: 603K<br>Sales Volume: 126
2024,KT2 7,1165000,92,Greater London,"KT2 7<br>Avg. Price: 1,165K<br>Sales Volume: 92"
2024,KT20 5,556000,166,Greater London,KT20 5<br>Avg. Price: 556K<br>Sales Volume: 166
2024,KT20 6,1132000,100,Greater London,"KT20 6<br>Avg. Price: 1,132K<br>Sales Volume: 100"
2024,KT20 7,648000,49,Greater London,KT20 7<br>Avg. Price: 648K<br>Sales Volume: 49
2024,KT21 1,898000,75,Greater London,KT21 1<br>Avg. Price: 898K<br>Sales Volume: 75
2024,KT21 2,642000,130,Greater London,KT21 2<br>Avg. Price: 642K<br>Sales Volume: 130
2024,KT22 0,1232000,114,Greater London,"KT22 0<br>Avg. Price: 1,232K<br>Sales Volume: 114"
2024,KT22 7,358000,106,Greater London,KT22 7<br>Avg. Price: 358K<br>Sales Volume: 106
2024,KT22 8,498000,109,Greater London,KT22 8<br>Avg. Price: 498K<br>Sales Volume: 109
2024,KT22 9,817000,164,Greater London,KT22 9<br>Avg. Price: 817K<br>Sales Volume: 164
2024,KT23 3,650000,65,Greater London,KT23 3<br>Avg. Price: 650K<br>Sales Volume: 65
2024,KT23 4,726000,104,Greater London,KT23 4<br>Avg. Price: 726K<br>Sales Volume: 104
2024,KT24 5,1019000,65,Greater London,"KT24 5<br>Avg. Price: 1,019K<br>Sales Volume: 65"
2024,KT24 6,988000,66,Greater London,KT24 6<br>Avg. Price: 988K<br>Sales Volume: 66
2024,KT3 3,672000,135,Greater London,KT3 3<br>Avg. Price: 672K<br>Sales Volume: 135
2024,KT3 4,763000,121,Greater London,KT3 4<br>Avg. Price: 763K<br>Sales Volume: 121
2024,KT3 5,725000,90,Greater London,KT3 5<br>Avg. Price: 725K<br>Sales Volume: 90
2024,KT3 6,636000,124,Greater London,KT3 6<br>Avg. Price: 636K<br>Sales Volume: 124
2024,KT4 7,637000,132,Greater London,KT4 7<br>Avg. Price: 637K<br>Sales Volume: 132
2024,KT4 8,533000,267,Greater London,KT4 8<br>Avg. Price: 533K<br>Sales Volume: 267
2024,KT5 8,576000,156,Greater London,KT5 8<br>Avg. Price: 576K<br>Sales Volume: 156
2024,KT5 9,606000,127,Greater London,KT5 9<br>Avg. Price: 606K<br>Sales Volume: 127
2024,KT6 4,493000,149,Greater London,KT6 4<br>Avg. Price: 493K<br>Sales Volume: 149
2024,KT6 5,723000,110,Greater London,KT6 5<br>Avg. Price: 723K<br>Sales Volume: 110
2024,KT6 6,557000,127,Greater London,KT6 6<br>Avg. Price: 557K<br>Sales Volume: 127
2024,KT6 7,559000,134,Greater London,KT6 7<br>Avg. Price: 559K<br>Sales Volume: 134
2024,KT7 0,801000,199,Greater London,KT7 0<br>Avg. Price: 801K<br>Sales Volume: 199
2024,KT8 0,912000,44,Greater London,KT8 0<br>Avg. Price: 912K<br>Sales Volume: 44
2024,KT8 1,545000,65,Greater London,KT8 1<br>Avg. Price: 545K<br>Sales Volume: 65
2024,KT8 2,495000,103,Greater London,KT8 2<br>Avg. Price: 495K<br>Sales Volume: 103
2024,KT8 9,1011000,75,Greater London,"KT8 9<br>Avg. Price: 1,011K<br>Sales Volume: 75"
2024,KT9 1,473000,125,Greater London,KT9 1<br>Avg. Price: 473K<br>Sales Volume: 125
2024,KT9 2,464000,157,Greater London,KT9 2<br>Avg. Price: 464K<br>Sales Volume: 157
2024,L1 0,149000,223,North England,L1 0<br>Avg. Price: 149K<br>Sales Volume: 223
2024,L1 1,85000,1,North England,L1 1<br>Avg. Price: 85K<br>Sales Volume: 1
2024,L1 2,130000,6,North England,L1 2<br>Avg. Price: 130K<br>Sales Volume: 6
2024,L1 3,170000,3,North England,L1 3<br>Avg. Price: 170K<br>Sales Volume: 3
2024,L1 4,144000,64,North England,L1 4<br>Avg. Price: 144K<br>Sales Volume: 64
2024,L1 5,160000,41,North England,L1 5<br>Avg. Price: 160K<br>Sales Volume: 41
2024,L1 6,102000,21,North England,L1 6<br>Avg. Price: 102K<br>Sales Volume: 21
2024,L1 7,233000,5,North England,L1 7<br>Avg. Price: 233K<br>Sales Volume: 5
2024,L1 8,160000,28,North England,L1 8<br>Avg. Price: 160K<br>Sales Volume: 28
2024,L1 9,330000,20,North England,L1 9<br>Avg. Price: 330K<br>Sales Volume: 20
2024,L10 0,178000,13,North England,L10 0<br>Avg. Price: 178K<br>Sales Volume: 13
2024,L10 1,167000,20,North England,L10 1<br>Avg. Price: 167K<br>Sales Volume: 20
2024,L10 2,227000,18,North England,L10 2<br>Avg. Price: 227K<br>Sales Volume: 18
2024,L10 3,198000,13,North England,L10 3<br>Avg. Price: 198K<br>Sales Volume: 13
2024,L10 4,124000,42,North England,L10 4<br>Avg. Price: 124K<br>Sales Volume: 42
2024,L10 6,211000,25,North England,L10 6<br>Avg. Price: 211K<br>Sales Volume: 25
2024,L10 7,128000,17,North England,L10 7<br>Avg. Price: 128K<br>Sales Volume: 17
2024,L10 8,246000,24,North England,L10 8<br>Avg. Price: 246K<br>Sales Volume: 24
2024,L10 9,134000,21,North England,L10 9<br>Avg. Price: 134K<br>Sales Volume: 21
2024,L11 0,104000,7,North England,L11 0<br>Avg. Price: 104K<br>Sales Volume: 7
2024,L11 1,185000,32,North England,L11 1<br>Avg. Price: 185K<br>Sales Volume: 32
2024,L11 2,159000,29,North England,L11 2<br>Avg. Price: 159K<br>Sales Volume: 29
2024,L11 3,119000,28,North England,L11 3<br>Avg. Price: 119K<br>Sales Volume: 28
2024,L11 4,149000,30,North England,L11 4<br>Avg. Price: 149K<br>Sales Volume: 30
2024,L11 5,129000,13,North England,L11 5<br>Avg. Price: 129K<br>Sales Volume: 13
2024,L11 6,106000,9,North England,L11 6<br>Avg. Price: 106K<br>Sales Volume: 9
2024,L11 7,132000,18,North England,L11 7<br>Avg. Price: 132K<br>Sales Volume: 18
2024,L11 8,132000,13,North England,L11 8<br>Avg. Price: 132K<br>Sales Volume: 13
2024,L11 9,120000,24,North England,L11 9<br>Avg. Price: 120K<br>Sales Volume: 24
2024,L12 0,227000,128,North England,L12 0<br>Avg. Price: 227K<br>Sales Volume: 128
2024,L12 1,486000,12,North England,L12 1<br>Avg. Price: 486K<br>Sales Volume: 12
2024,L12 2,217000,7,North England,L12 2<br>Avg. Price: 217K<br>Sales Volume: 7
2024,L12 3,237000,11,North England,L12 3<br>Avg. Price: 237K<br>Sales Volume: 11
2024,L12 4,163000,31,North England,L12 4<br>Avg. Price: 163K<br>Sales Volume: 31
2024,L12 5,252000,41,North England,L12 5<br>Avg. Price: 252K<br>Sales Volume: 41
2024,L12 6,118000,17,North England,L12 6<br>Avg. Price: 118K<br>Sales Volume: 17
2024,L12 7,196000,37,North England,L12 7<br>Avg. Price: 196K<br>Sales Volume: 37
2024,L12 8,206000,37,North England,L12 8<br>Avg. Price: 206K<br>Sales Volume: 37
2024,L12 9,243000,48,North England,L12 9<br>Avg. Price: 243K<br>Sales Volume: 48
2024,L13 0,157000,19,North England,L13 0<br>Avg. Price: 157K<br>Sales Volume: 19
2024,L13 1,129000,24,North England,L13 1<br>Avg. Price: 129K<br>Sales Volume: 24
2024,L13 2,118000,43,North England,L13 2<br>Avg. Price: 118K<br>Sales Volume: 43
2024,L13 3,137000,48,North England,L13 3<br>Avg. Price: 137K<br>Sales Volume: 48
2024,L13 4,176000,36,North England,L13 4<br>Avg. Price: 176K<br>Sales Volume: 36
2024,L13 5,117000,69,North England,L13 5<br>Avg. Price: 117K<br>Sales Volume: 69
2024,L13 6,155000,75,North England,L13 6<br>Avg. Price: 155K<br>Sales Volume: 75
2024,L13 7,146000,54,North England,L13 7<br>Avg. Price: 146K<br>Sales Volume: 54
2024,L13 8,101000,64,North England,L13 8<br>Avg. Price: 101K<br>Sales Volume: 64
2024,L13 9,148000,28,North England,L13 9<br>Avg. Price: 148K<br>Sales Volume: 28
2024,L14 0,149000,49,North England,L14 0<br>Avg. Price: 149K<br>Sales Volume: 49
2024,L14 1,158000,10,North England,L14 1<br>Avg. Price: 158K<br>Sales Volume: 10
2024,L14 2,150000,20,North England,L14 2<br>Avg. Price: 150K<br>Sales Volume: 20
2024,L14 3,228000,34,North England,L14 3<br>Avg. Price: 228K<br>Sales Volume: 34
2024,L14 4,106000,21,North England,L14 4<br>Avg. Price: 106K<br>Sales Volume: 21
2024,L14 5,184000,21,North England,L14 5<br>Avg. Price: 184K<br>Sales Volume: 21
2024,L14 6,207000,26,North England,L14 6<br>Avg. Price: 207K<br>Sales Volume: 26
2024,L14 7,248000,48,North England,L14 7<br>Avg. Price: 248K<br>Sales Volume: 48
2024,L14 8,155000,20,North England,L14 8<br>Avg. Price: 155K<br>Sales Volume: 20
2024,L14 9,174000,28,North England,L14 9<br>Avg. Price: 174K<br>Sales Volume: 28
2024,L15 0,118000,53,North England,L15 0<br>Avg. Price: 118K<br>Sales Volume: 53
2024,L15 1,116000,45,North England,L15 1<br>Avg. Price: 116K<br>Sales Volume: 45
2024,L15 2,166000,27,North England,L15 2<br>Avg. Price: 166K<br>Sales Volume: 27
2024,L15 3,209000,59,North England,L15 3<br>Avg. Price: 209K<br>Sales Volume: 59
2024,L15 4,142000,70,North England,L15 4<br>Avg. Price: 142K<br>Sales Volume: 70
2024,L15 5,240000,33,North England,L15 5<br>Avg. Price: 240K<br>Sales Volume: 33
2024,L15 6,305000,25,North England,L15 6<br>Avg. Price: 305K<br>Sales Volume: 25
2024,L15 7,263000,54,North England,L15 7<br>Avg. Price: 263K<br>Sales Volume: 54
2024,L15 8,191000,54,North England,L15 8<br>Avg. Price: 191K<br>Sales Volume: 54
2024,L15 9,277000,26,North England,L15 9<br>Avg. Price: 277K<br>Sales Volume: 26
2024,L16 0,519000,10,North England,L16 0<br>Avg. Price: 519K<br>Sales Volume: 10
2024,L16 1,265000,15,North England,L16 1<br>Avg. Price: 265K<br>Sales Volume: 15
2024,L16 2,300000,32,North England,L16 2<br>Avg. Price: 300K<br>Sales Volume: 32
2024,L16 3,260000,24,North England,L16 3<br>Avg. Price: 260K<br>Sales Volume: 24
2024,L16 4,334000,9,North England,L16 4<br>Avg. Price: 334K<br>Sales Volume: 9
2024,L16 5,275000,11,North England,L16 5<br>Avg. Price: 275K<br>Sales Volume: 11
2024,L16 6,253000,12,North England,L16 6<br>Avg. Price: 253K<br>Sales Volume: 12
2024,L16 7,363000,16,North England,L16 7<br>Avg. Price: 363K<br>Sales Volume: 16
2024,L16 8,346000,12,North England,L16 8<br>Avg. Price: 346K<br>Sales Volume: 12
2024,L16 9,444000,12,North England,L16 9<br>Avg. Price: 444K<br>Sales Volume: 12
2024,L17 0,277000,61,North England,L17 0<br>Avg. Price: 277K<br>Sales Volume: 61
2024,L17 1,245000,7,North England,L17 1<br>Avg. Price: 245K<br>Sales Volume: 7
2024,L17 2,322000,25,North England,L17 2<br>Avg. Price: 322K<br>Sales Volume: 25
2024,L17 3,246000,26,North England,L17 3<br>Avg. Price: 246K<br>Sales Volume: 26
2024,L17 4,225000,34,North England,L17 4<br>Avg. Price: 225K<br>Sales Volume: 34
2024,L17 5,451000,9,North England,L17 5<br>Avg. Price: 451K<br>Sales Volume: 9
2024,L17 6,290000,57,North England,L17 6<br>Avg. Price: 290K<br>Sales Volume: 57
2024,L17 7,254000,92,North England,L17 7<br>Avg. Price: 254K<br>Sales Volume: 92
2024,L17 8,210000,56,North England,L17 8<br>Avg. Price: 210K<br>Sales Volume: 56
2024,L17 9,246000,27,North England,L17 9<br>Avg. Price: 246K<br>Sales Volume: 27
2024,L18 0,380000,20,North England,L18 0<br>Avg. Price: 380K<br>Sales Volume: 20
2024,L18 1,261000,78,North England,L18 1<br>Avg. Price: 261K<br>Sales Volume: 78
2024,L18 2,483000,26,North England,L18 2<br>Avg. Price: 483K<br>Sales Volume: 26
2024,L18 3,428000,61,North England,L18 3<br>Avg. Price: 428K<br>Sales Volume: 61
2024,L18 4,402000,23,North England,L18 4<br>Avg. Price: 402K<br>Sales Volume: 23
2024,L18 5,322000,39,North England,L18 5<br>Avg. Price: 322K<br>Sales Volume: 39
2024,L18 6,543000,26,North England,L18 6<br>Avg. Price: 543K<br>Sales Volume: 26
2024,L18 7,359000,26,North England,L18 7<br>Avg. Price: 359K<br>Sales Volume: 26
2024,L18 8,288000,38,North England,L18 8<br>Avg. Price: 288K<br>Sales Volume: 38
2024,L18 9,347000,46,North England,L18 9<br>Avg. Price: 347K<br>Sales Volume: 46
2024,L19 0,315000,36,North England,L19 0<br>Avg. Price: 315K<br>Sales Volume: 36
2024,L19 1,186000,47,North England,L19 1<br>Avg. Price: 186K<br>Sales Volume: 47
2024,L19 2,166000,54,North England,L19 2<br>Avg. Price: 166K<br>Sales Volume: 54
2024,L19 3,316000,31,North England,L19 3<br>Avg. Price: 316K<br>Sales Volume: 31
2024,L19 4,231000,33,North England,L19 4<br>Avg. Price: 231K<br>Sales Volume: 33
2024,L19 5,199000,18,North England,L19 5<br>Avg. Price: 199K<br>Sales Volume: 18
2024,L19 6,251000,9,North England,L19 6<br>Avg. Price: 251K<br>Sales Volume: 9
2024,L19 7,327000,17,North England,L19 7<br>Avg. Price: 327K<br>Sales Volume: 17
2024,L19 8,138000,43,North England,L19 8<br>Avg. Price: 138K<br>Sales Volume: 43
2024,L19 9,393000,33,North England,L19 9<br>Avg. Price: 393K<br>Sales Volume: 33
2024,L2 0,204000,21,North England,L2 0<br>Avg. Price: 204K<br>Sales Volume: 21
2024,L2 2,128000,15,North England,L2 2<br>Avg. Price: 128K<br>Sales Volume: 15
2024,L2 3,125000,1,North England,L2 3<br>Avg. Price: 125K<br>Sales Volume: 1
2024,L2 4,165000,1,North England,L2 4<br>Avg. Price: 165K<br>Sales Volume: 1
2024,L2 5,121000,4,North England,L2 5<br>Avg. Price: 121K<br>Sales Volume: 4
2024,L2 6,84000,4,North England,L2 6<br>Avg. Price: 84K<br>Sales Volume: 4
2024,L2 7,104000,4,North England,L2 7<br>Avg. Price: 104K<br>Sales Volume: 4
2024,L2 8,103000,3,North England,L2 8<br>Avg. Price: 103K<br>Sales Volume: 3
2024,L2 9,721000,3,North England,L2 9<br>Avg. Price: 721K<br>Sales Volume: 3
2024,L20 0,130000,25,North England,L20 0<br>Avg. Price: 130K<br>Sales Volume: 25
2024,L20 1,725000,1,North England,L20 1<br>Avg. Price: 725K<br>Sales Volume: 1
2024,L20 2,88000,43,North England,L20 2<br>Avg. Price: 88K<br>Sales Volume: 43
2024,L20 3,83000,24,North England,L20 3<br>Avg. Price: 83K<br>Sales Volume: 24
2024,L20 4,89000,84,North England,L20 4<br>Avg. Price: 89K<br>Sales Volume: 84
2024,L20 5,112000,43,North England,L20 5<br>Avg. Price: 112K<br>Sales Volume: 43
2024,L20 6,165000,71,North England,L20 6<br>Avg. Price: 165K<br>Sales Volume: 71
2024,L20 7,113000,18,North England,L20 7<br>Avg. Price: 113K<br>Sales Volume: 18
2024,L20 8,138000,3,North England,L20 8<br>Avg. Price: 138K<br>Sales Volume: 3
2024,L20 9,121000,111,North England,L20 9<br>Avg. Price: 121K<br>Sales Volume: 111
2024,L21 0,127000,21,North England,L21 0<br>Avg. Price: 127K<br>Sales Volume: 21
2024,L21 1,138000,38,North England,L21 1<br>Avg. Price: 138K<br>Sales Volume: 38
2024,L21 2,145000,15,North England,L21 2<br>Avg. Price: 145K<br>Sales Volume: 15
2024,L21 3,105000,7,North England,L21 3<br>Avg. Price: 105K<br>Sales Volume: 7
2024,L21 4,94000,22,North England,L21 4<br>Avg. Price: 94K<br>Sales Volume: 22
2024,L21 5,199000,26,North England,L21 5<br>Avg. Price: 199K<br>Sales Volume: 26
2024,L21 6,122000,25,North England,L21 6<br>Avg. Price: 122K<br>Sales Volume: 25
2024,L21 7,167000,20,North England,L21 7<br>Avg. Price: 167K<br>Sales Volume: 20
2024,L21 8,157000,70,North England,L21 8<br>Avg. Price: 157K<br>Sales Volume: 70
2024,L21 9,164000,68,North England,L21 9<br>Avg. Price: 164K<br>Sales Volume: 68
2024,L22 0,169000,71,North England,L22 0<br>Avg. Price: 169K<br>Sales Volume: 71
2024,L22 1,144000,26,North England,L22 1<br>Avg. Price: 144K<br>Sales Volume: 26
2024,L22 2,253000,28,North England,L22 2<br>Avg. Price: 253K<br>Sales Volume: 28
2024,L22 3,231000,37,North England,L22 3<br>Avg. Price: 231K<br>Sales Volume: 37
2024,L22 4,235000,27,North England,L22 4<br>Avg. Price: 235K<br>Sales Volume: 27
2024,L22 5,186000,15,North England,L22 5<br>Avg. Price: 186K<br>Sales Volume: 15
2024,L22 6,225000,29,North England,L22 6<br>Avg. Price: 225K<br>Sales Volume: 29
2024,L22 7,259000,16,North England,L22 7<br>Avg. Price: 259K<br>Sales Volume: 16
2024,L22 8,229000,14,North England,L22 8<br>Avg. Price: 229K<br>Sales Volume: 14
2024,L22 9,205000,22,North England,L22 9<br>Avg. Price: 205K<br>Sales Volume: 22
2024,L23 0,261000,72,North England,L23 0<br>Avg. Price: 261K<br>Sales Volume: 72
2024,L23 1,224000,55,North England,L23 1<br>Avg. Price: 224K<br>Sales Volume: 55
2024,L23 2,339000,46,North England,L23 2<br>Avg. Price: 339K<br>Sales Volume: 46
2024,L23 3,281000,35,North England,L23 3<br>Avg. Price: 281K<br>Sales Volume: 35
2024,L23 4,322000,63,North England,L23 4<br>Avg. Price: 322K<br>Sales Volume: 63
2024,L23 5,244000,34,North England,L23 5<br>Avg. Price: 244K<br>Sales Volume: 34
2024,L23 6,264000,65,North England,L23 6<br>Avg. Price: 264K<br>Sales Volume: 65
2024,L23 7,369000,42,North England,L23 7<br>Avg. Price: 369K<br>Sales Volume: 42
2024,L23 8,621000,29,North England,L23 8<br>Avg. Price: 621K<br>Sales Volume: 29
2024,L23 9,279000,60,North England,L23 9<br>Avg. Price: 279K<br>Sales Volume: 60
2024,L24 0,130000,21,North England,L24 0<br>Avg. Price: 130K<br>Sales Volume: 21
2024,L24 1,207000,23,North England,L24 1<br>Avg. Price: 207K<br>Sales Volume: 23
2024,L24 2,123000,33,North England,L24 2<br>Avg. Price: 123K<br>Sales Volume: 33
2024,L24 3,128000,23,North England,L24 3<br>Avg. Price: 128K<br>Sales Volume: 23
2024,L24 4,215000,12,North England,L24 4<br>Avg. Price: 215K<br>Sales Volume: 12
2024,L24 5,478000,11,North England,L24 5<br>Avg. Price: 478K<br>Sales Volume: 11
2024,L24 6,104000,4,North England,L24 6<br>Avg. Price: 104K<br>Sales Volume: 4
2024,L24 7,114000,8,North England,L24 7<br>Avg. Price: 114K<br>Sales Volume: 8
2024,L24 8,180000,1,North England,L24 8<br>Avg. Price: 180K<br>Sales Volume: 1
2024,L24 9,156000,33,North England,L24 9<br>Avg. Price: 156K<br>Sales Volume: 33
2024,L25 0,258000,44,North England,L25 0<br>Avg. Price: 258K<br>Sales Volume: 44
2024,L25 1,223000,22,North England,L25 1<br>Avg. Price: 223K<br>Sales Volume: 22
2024,L25 2,178000,39,North England,L25 2<br>Avg. Price: 178K<br>Sales Volume: 39
2024,L25 3,241000,35,North England,L25 3<br>Avg. Price: 241K<br>Sales Volume: 35
2024,L25 4,428000,38,North England,L25 4<br>Avg. Price: 428K<br>Sales Volume: 38
2024,L25 5,234000,60,North England,L25 5<br>Avg. Price: 234K<br>Sales Volume: 60
2024,L25 6,353000,37,North England,L25 6<br>Avg. Price: 353K<br>Sales Volume: 37
2024,L25 7,284000,53,North England,L25 7<br>Avg. Price: 284K<br>Sales Volume: 53
2024,L25 8,279000,42,North England,L25 8<br>Avg. Price: 279K<br>Sales Volume: 42
2024,L25 9,208000,38,North England,L25 9<br>Avg. Price: 208K<br>Sales Volume: 38
2024,L26 0,277000,153,North England,L26 0<br>Avg. Price: 277K<br>Sales Volume: 153
2024,L26 1,174000,49,North England,L26 1<br>Avg. Price: 174K<br>Sales Volume: 49
2024,L26 2,187000,5,North England,L26 2<br>Avg. Price: 187K<br>Sales Volume: 5
2024,L26 5,636000,4,North England,L26 5<br>Avg. Price: 636K<br>Sales Volume: 4
2024,L26 6,362000,72,North England,L26 6<br>Avg. Price: 362K<br>Sales Volume: 72
2024,L26 7,232000,53,North England,L26 7<br>Avg. Price: 232K<br>Sales Volume: 53
2024,L26 9,177000,28,North England,L26 9<br>Avg. Price: 177K<br>Sales Volume: 28
2024,L27 0,185000,3,North England,L27 0<br>Avg. Price: 185K<br>Sales Volume: 3
2024,L27 1,189000,14,North England,L27 1<br>Avg. Price: 189K<br>Sales Volume: 14
2024,L27 4,163000,5,North England,L27 4<br>Avg. Price: 163K<br>Sales Volume: 5
2024,L27 5,125000,20,North England,L27 5<br>Avg. Price: 125K<br>Sales Volume: 20
2024,L27 6,127000,5,North England,L27 6<br>Avg. Price: 127K<br>Sales Volume: 5
2024,L27 7,156000,8,North England,L27 7<br>Avg. Price: 156K<br>Sales Volume: 8
2024,L27 8,128000,7,North England,L27 8<br>Avg. Price: 128K<br>Sales Volume: 7
2024,L28 0,117000,16,North England,L28 0<br>Avg. Price: 117K<br>Sales Volume: 16
2024,L28 1,117000,11,North England,L28 1<br>Avg. Price: 117K<br>Sales Volume: 11
2024,L28 3,130000,2,North England,L28 3<br>Avg. Price: 130K<br>Sales Volume: 2
2024,L28 4,119000,8,North England,L28 4<br>Avg. Price: 119K<br>Sales Volume: 8
2024,L28 6,102000,9,North England,L28 6<br>Avg. Price: 102K<br>Sales Volume: 9
2024,L28 7,114000,4,North England,L28 7<br>Avg. Price: 114K<br>Sales Volume: 4
2024,L28 8,107000,4,North England,L28 8<br>Avg. Price: 107K<br>Sales Volume: 4
2024,L29 7,233000,3,North England,L29 7<br>Avg. Price: 233K<br>Sales Volume: 3
2024,L29 8,650000,1,North England,L29 8<br>Avg. Price: 650K<br>Sales Volume: 1
2024,L29 9,535000,1,North England,L29 9<br>Avg. Price: 535K<br>Sales Volume: 1
2024,L3 0,266000,32,North England,L3 0<br>Avg. Price: 266K<br>Sales Volume: 32
2024,L3 1,215000,35,North England,L3 1<br>Avg. Price: 215K<br>Sales Volume: 35
2024,L3 2,104000,22,North England,L3 2<br>Avg. Price: 104K<br>Sales Volume: 22
2024,L3 3,223000,35,North England,L3 3<br>Avg. Price: 223K<br>Sales Volume: 35
2024,L3 4,195000,77,North England,L3 4<br>Avg. Price: 195K<br>Sales Volume: 77
2024,L3 5,121000,19,North England,L3 5<br>Avg. Price: 121K<br>Sales Volume: 19
2024,L3 6,162000,51,North England,L3 6<br>Avg. Price: 162K<br>Sales Volume: 51
2024,L3 8,162000,23,North England,L3 8<br>Avg. Price: 162K<br>Sales Volume: 23
2024,L3 9,172000,39,North England,L3 9<br>Avg. Price: 172K<br>Sales Volume: 39
2024,L30 0,133000,17,North England,L30 0<br>Avg. Price: 133K<br>Sales Volume: 17
2024,L30 1,154000,35,North England,L30 1<br>Avg. Price: 154K<br>Sales Volume: 35
2024,L30 2,135000,32,North England,L30 2<br>Avg. Price: 135K<br>Sales Volume: 32
2024,L30 3,162000,27,North England,L30 3<br>Avg. Price: 162K<br>Sales Volume: 27
2024,L30 5,125000,22,North England,L30 5<br>Avg. Price: 125K<br>Sales Volume: 22
2024,L30 6,114000,3,North England,L30 6<br>Avg. Price: 114K<br>Sales Volume: 3
2024,L30 7,209000,26,North England,L30 7<br>Avg. Price: 209K<br>Sales Volume: 26
2024,L30 8,185000,16,North England,L30 8<br>Avg. Price: 185K<br>Sales Volume: 16
2024,L30 9,152000,9,North England,L30 9<br>Avg. Price: 152K<br>Sales Volume: 9
2024,L31 0,205000,44,North England,L31 0<br>Avg. Price: 205K<br>Sales Volume: 44
2024,L31 1,258000,149,North England,L31 1<br>Avg. Price: 258K<br>Sales Volume: 149
2024,L31 2,241000,100,North England,L31 2<br>Avg. Price: 241K<br>Sales Volume: 100
2024,L31 3,366000,21,North England,L31 3<br>Avg. Price: 366K<br>Sales Volume: 21
2024,L31 4,288000,30,North England,L31 4<br>Avg. Price: 288K<br>Sales Volume: 30
2024,L31 5,205000,42,North England,L31 5<br>Avg. Price: 205K<br>Sales Volume: 42
2024,L31 6,225000,43,North England,L31 6<br>Avg. Price: 225K<br>Sales Volume: 43
2024,L31 7,259000,61,North England,L31 7<br>Avg. Price: 259K<br>Sales Volume: 61
2024,L31 8,283000,31,North England,L31 8<br>Avg. Price: 283K<br>Sales Volume: 31
2024,L31 9,241000,51,North England,L31 9<br>Avg. Price: 241K<br>Sales Volume: 51
2024,L32 0,138000,41,North England,L32 0<br>Avg. Price: 138K<br>Sales Volume: 41
2024,L32 1,211000,30,North England,L32 1<br>Avg. Price: 211K<br>Sales Volume: 30
2024,L32 2,168000,33,North England,L32 2<br>Avg. Price: 168K<br>Sales Volume: 33
2024,L32 3,150000,16,North England,L32 3<br>Avg. Price: 150K<br>Sales Volume: 16
2024,L32 4,120000,22,North England,L32 4<br>Avg. Price: 120K<br>Sales Volume: 22
2024,L32 5,96000,21,North England,L32 5<br>Avg. Price: 96K<br>Sales Volume: 21
2024,L32 6,114000,14,North England,L32 6<br>Avg. Price: 114K<br>Sales Volume: 14
2024,L32 7,114000,23,North England,L32 7<br>Avg. Price: 114K<br>Sales Volume: 23
2024,L32 8,115000,19,North England,L32 8<br>Avg. Price: 115K<br>Sales Volume: 19
2024,L32 9,177000,42,North England,L32 9<br>Avg. Price: 177K<br>Sales Volume: 42
2024,L33 0,102000,3,North England,L33 0<br>Avg. Price: 102K<br>Sales Volume: 3
2024,L33 1,164000,36,North England,L33 1<br>Avg. Price: 164K<br>Sales Volume: 36
2024,L33 2,187000,19,North England,L33 2<br>Avg. Price: 187K<br>Sales Volume: 19
2024,L33 3,230000,1,North England,L33 3<br>Avg. Price: 230K<br>Sales Volume: 1
2024,L33 4,195000,64,North England,L33 4<br>Avg. Price: 195K<br>Sales Volume: 64
2024,L33 5,114000,14,North England,L33 5<br>Avg. Price: 114K<br>Sales Volume: 14
2024,L33 6,119000,10,North England,L33 6<br>Avg. Price: 119K<br>Sales Volume: 10
2024,L33 7,156000,3,North England,L33 7<br>Avg. Price: 156K<br>Sales Volume: 3
2024,L33 8,106000,10,North England,L33 8<br>Avg. Price: 106K<br>Sales Volume: 10
2024,L33 9,116000,14,North England,L33 9<br>Avg. Price: 116K<br>Sales Volume: 14
2024,L34 0,245000,34,North England,L34 0<br>Avg. Price: 245K<br>Sales Volume: 34
2024,L34 1,259000,43,North England,L34 1<br>Avg. Price: 259K<br>Sales Volume: 43
2024,L34 2,306000,58,North England,L34 2<br>Avg. Price: 306K<br>Sales Volume: 58
2024,L34 3,269000,64,North England,L34 3<br>Avg. Price: 269K<br>Sales Volume: 64
2024,L34 4,290000,6,North England,L34 4<br>Avg. Price: 290K<br>Sales Volume: 6
2024,L34 5,140000,40,North England,L34 5<br>Avg. Price: 140K<br>Sales Volume: 40
2024,L34 6,155000,39,North England,L34 6<br>Avg. Price: 155K<br>Sales Volume: 39
2024,L34 7,314000,2,North England,L34 7<br>Avg. Price: 314K<br>Sales Volume: 2
2024,L34 9,345000,4,North England,L34 9<br>Avg. Price: 345K<br>Sales Volume: 4
2024,L35 0,314000,41,North England,L35 0<br>Avg. Price: 314K<br>Sales Volume: 41
2024,L35 1,289000,74,North England,L35 1<br>Avg. Price: 289K<br>Sales Volume: 74
2024,L35 2,160000,26,North England,L35 2<br>Avg. Price: 160K<br>Sales Volume: 26
2024,L35 3,166000,94,North England,L35 3<br>Avg. Price: 166K<br>Sales Volume: 94
2024,L35 4,212000,30,North England,L35 4<br>Avg. Price: 212K<br>Sales Volume: 30
2024,L35 5,135000,49,North England,L35 5<br>Avg. Price: 135K<br>Sales Volume: 49
2024,L35 6,315000,18,North England,L35 6<br>Avg. Price: 315K<br>Sales Volume: 18
2024,L35 7,253000,44,North England,L35 7<br>Avg. Price: 253K<br>Sales Volume: 44
2024,L35 8,168000,35,North England,L35 8<br>Avg. Price: 168K<br>Sales Volume: 35
2024,L35 9,237000,20,North England,L35 9<br>Avg. Price: 237K<br>Sales Volume: 20
2024,L36 0,170000,44,North England,L36 0<br>Avg. Price: 170K<br>Sales Volume: 44
2024,L36 1,171000,40,North England,L36 1<br>Avg. Price: 171K<br>Sales Volume: 40
2024,L36 2,135000,53,North England,L36 2<br>Avg. Price: 135K<br>Sales Volume: 53
2024,L36 3,134000,35,North England,L36 3<br>Avg. Price: 134K<br>Sales Volume: 35
2024,L36 4,226000,83,North England,L36 4<br>Avg. Price: 226K<br>Sales Volume: 83
2024,L36 5,228000,52,North England,L36 5<br>Avg. Price: 228K<br>Sales Volume: 52
2024,L36 6,164000,35,North England,L36 6<br>Avg. Price: 164K<br>Sales Volume: 35
2024,L36 7,155000,37,North England,L36 7<br>Avg. Price: 155K<br>Sales Volume: 37
2024,L36 8,186000,114,North England,L36 8<br>Avg. Price: 186K<br>Sales Volume: 114
2024,L36 9,254000,21,North England,L36 9<br>Avg. Price: 254K<br>Sales Volume: 21
2024,L37 0,232000,2,North England,L37 0<br>Avg. Price: 232K<br>Sales Volume: 2
2024,L37 1,614000,49,North England,L37 1<br>Avg. Price: 614K<br>Sales Volume: 49
2024,L37 2,410000,79,North England,L37 2<br>Avg. Price: 410K<br>Sales Volume: 79
2024,L37 3,350000,82,North England,L37 3<br>Avg. Price: 350K<br>Sales Volume: 82
2024,L37 4,324000,31,North England,L37 4<br>Avg. Price: 324K<br>Sales Volume: 31
2024,L37 5,285000,1,North England,L37 5<br>Avg. Price: 285K<br>Sales Volume: 1
2024,L37 6,311000,107,North England,L37 6<br>Avg. Price: 311K<br>Sales Volume: 107
2024,L37 7,537000,49,North England,L37 7<br>Avg. Price: 537K<br>Sales Volume: 49
2024,L37 8,247000,39,North England,L37 8<br>Avg. Price: 247K<br>Sales Volume: 39
2024,L38 0,432000,6,North England,L38 0<br>Avg. Price: 432K<br>Sales Volume: 6
2024,L38 1,441000,2,North England,L38 1<br>Avg. Price: 441K<br>Sales Volume: 2
2024,L38 3,740000,1,North England,L38 3<br>Avg. Price: 740K<br>Sales Volume: 1
2024,L38 6,242000,2,North England,L38 6<br>Avg. Price: 242K<br>Sales Volume: 2
2024,L38 9,378000,11,North England,L38 9<br>Avg. Price: 378K<br>Sales Volume: 11
2024,L39 0,297000,14,North England,L39 0<br>Avg. Price: 297K<br>Sales Volume: 14
2024,L39 1,209000,83,North England,L39 1<br>Avg. Price: 209K<br>Sales Volume: 83
2024,L39 2,257000,50,North England,L39 2<br>Avg. Price: 257K<br>Sales Volume: 50
2024,L39 3,293000,54,North England,L39 3<br>Avg. Price: 293K<br>Sales Volume: 54
2024,L39 4,274000,84,North England,L39 4<br>Avg. Price: 274K<br>Sales Volume: 84
2024,L39 5,444000,86,North England,L39 5<br>Avg. Price: 444K<br>Sales Volume: 86
2024,L39 6,476000,31,North England,L39 6<br>Avg. Price: 476K<br>Sales Volume: 31
2024,L39 7,456000,15,North England,L39 7<br>Avg. Price: 456K<br>Sales Volume: 15
2024,L39 8,390000,20,North England,L39 8<br>Avg. Price: 390K<br>Sales Volume: 20
2024,L4 0,109000,43,North England,L4 0<br>Avg. Price: 109K<br>Sales Volume: 43
2024,L4 1,119000,38,North England,L4 1<br>Avg. Price: 119K<br>Sales Volume: 38
2024,L4 2,98000,101,North England,L4 2<br>Avg. Price: 98K<br>Sales Volume: 101
2024,L4 3,93000,62,North England,L4 3<br>Avg. Price: 93K<br>Sales Volume: 62
2024,L4 4,87000,90,North England,L4 4<br>Avg. Price: 87K<br>Sales Volume: 90
2024,L4 5,89000,126,North England,L4 5<br>Avg. Price: 89K<br>Sales Volume: 126
2024,L4 6,127000,41,North England,L4 6<br>Avg. Price: 127K<br>Sales Volume: 41
2024,L4 7,133000,49,North England,L4 7<br>Avg. Price: 133K<br>Sales Volume: 49
2024,L4 8,131000,25,North England,L4 8<br>Avg. Price: 131K<br>Sales Volume: 25
2024,L4 9,141000,30,North England,L4 9<br>Avg. Price: 141K<br>Sales Volume: 30
2024,L40 0,337000,41,North England,L40 0<br>Avg. Price: 337K<br>Sales Volume: 41
2024,L40 1,442000,34,North England,L40 1<br>Avg. Price: 442K<br>Sales Volume: 34
2024,L40 2,473000,17,North England,L40 2<br>Avg. Price: 473K<br>Sales Volume: 17
2024,L40 3,532000,10,North England,L40 3<br>Avg. Price: 532K<br>Sales Volume: 10
2024,L40 4,284000,19,North England,L40 4<br>Avg. Price: 284K<br>Sales Volume: 19
2024,L40 5,229000,60,North England,L40 5<br>Avg. Price: 229K<br>Sales Volume: 60
2024,L40 6,400000,21,North England,L40 6<br>Avg. Price: 400K<br>Sales Volume: 21
2024,L40 7,269000,178,North England,L40 7<br>Avg. Price: 269K<br>Sales Volume: 178
2024,L40 8,520000,6,North England,L40 8<br>Avg. Price: 520K<br>Sales Volume: 6
2024,L40 9,387000,34,North England,L40 9<br>Avg. Price: 387K<br>Sales Volume: 34
2024,L42 2,290000,1,North England,L42 2<br>Avg. Price: 290K<br>Sales Volume: 1
2024,L5 0,136000,9,North England,L5 0<br>Avg. Price: 136K<br>Sales Volume: 9
2024,L5 1,178000,10,North England,L5 1<br>Avg. Price: 178K<br>Sales Volume: 10
2024,L5 2,178000,16,North England,L5 2<br>Avg. Price: 178K<br>Sales Volume: 16
2024,L5 3,77000,19,North England,L5 3<br>Avg. Price: 77K<br>Sales Volume: 19
2024,L5 4,129000,7,North England,L5 4<br>Avg. Price: 129K<br>Sales Volume: 7
2024,L5 5,229000,9,North England,L5 5<br>Avg. Price: 229K<br>Sales Volume: 9
2024,L5 6,101000,34,North England,L5 6<br>Avg. Price: 101K<br>Sales Volume: 34
2024,L5 7,96000,32,North England,L5 7<br>Avg. Price: 96K<br>Sales Volume: 32
2024,L5 8,124000,2,North England,L5 8<br>Avg. Price: 124K<br>Sales Volume: 2
2024,L5 9,113000,31,North England,L5 9<br>Avg. Price: 113K<br>Sales Volume: 31
2024,L6 0,158000,140,North England,L6 0<br>Avg. Price: 158K<br>Sales Volume: 140
2024,L6 1,113000,31,North England,L6 1<br>Avg. Price: 113K<br>Sales Volume: 31
2024,L6 2,133000,8,North England,L6 2<br>Avg. Price: 133K<br>Sales Volume: 8
2024,L6 3,150000,33,North England,L6 3<br>Avg. Price: 150K<br>Sales Volume: 33
2024,L6 4,101000,99,North England,L6 4<br>Avg. Price: 101K<br>Sales Volume: 99
2024,L6 5,110000,47,North England,L6 5<br>Avg. Price: 110K<br>Sales Volume: 47
2024,L6 6,110000,78,North England,L6 6<br>Avg. Price: 110K<br>Sales Volume: 78
2024,L6 7,254000,3,North England,L6 7<br>Avg. Price: 254K<br>Sales Volume: 3
2024,L6 8,194000,25,North England,L6 8<br>Avg. Price: 194K<br>Sales Volume: 25
2024,L6 9,159000,12,North England,L6 9<br>Avg. Price: 159K<br>Sales Volume: 12
2024,L7 0,141000,54,North England,L7 0<br>Avg. Price: 141K<br>Sales Volume: 54
2024,L7 1,221000,15,North England,L7 1<br>Avg. Price: 221K<br>Sales Volume: 15
2024,L7 2,111000,14,North England,L7 2<br>Avg. Price: 111K<br>Sales Volume: 14
2024,L7 3,58000,18,North England,L7 3<br>Avg. Price: 58K<br>Sales Volume: 18
2024,L7 4,52000,4,North England,L7 4<br>Avg. Price: 52K<br>Sales Volume: 4
2024,L7 5,202000,6,North England,L7 5<br>Avg. Price: 202K<br>Sales Volume: 6
2024,L7 6,115000,23,North England,L7 6<br>Avg. Price: 115K<br>Sales Volume: 23
2024,L7 7,183000,8,North England,L7 7<br>Avg. Price: 183K<br>Sales Volume: 8
2024,L7 8,174000,65,North England,L7 8<br>Avg. Price: 174K<br>Sales Volume: 65
2024,L7 9,150000,7,North England,L7 9<br>Avg. Price: 150K<br>Sales Volume: 7
2024,L8 0,112000,65,North England,L8 0<br>Avg. Price: 112K<br>Sales Volume: 65
2024,L8 1,137000,7,North England,L8 1<br>Avg. Price: 137K<br>Sales Volume: 7
2024,L8 2,148000,7,North England,L8 2<br>Avg. Price: 148K<br>Sales Volume: 7
2024,L8 3,219000,34,North England,L8 3<br>Avg. Price: 219K<br>Sales Volume: 34
2024,L8 4,139000,42,North England,L8 4<br>Avg. Price: 139K<br>Sales Volume: 42
2024,L8 5,161000,233,North England,L8 5<br>Avg. Price: 161K<br>Sales Volume: 233
2024,L8 6,113000,17,North England,L8 6<br>Avg. Price: 113K<br>Sales Volume: 17
2024,L8 7,292000,49,North England,L8 7<br>Avg. Price: 292K<br>Sales Volume: 49
2024,L8 8,136000,22,North England,L8 8<br>Avg. Price: 136K<br>Sales Volume: 22
2024,L8 9,135000,37,North England,L8 9<br>Avg. Price: 135K<br>Sales Volume: 37
2024,L9 0,129000,63,North England,L9 0<br>Avg. Price: 129K<br>Sales Volume: 63
2024,L9 1,112000,94,North England,L9 1<br>Avg. Price: 112K<br>Sales Volume: 94
2024,L9 2,149000,55,North England,L9 2<br>Avg. Price: 149K<br>Sales Volume: 55
2024,L9 3,150000,41,North England,L9 3<br>Avg. Price: 150K<br>Sales Volume: 41
2024,L9 4,131000,25,North England,L9 4<br>Avg. Price: 131K<br>Sales Volume: 25
2024,L9 5,60000,1,North England,L9 5<br>Avg. Price: 60K<br>Sales Volume: 1
2024,L9 6,139000,56,North England,L9 6<br>Avg. Price: 139K<br>Sales Volume: 56
2024,L9 7,207000,8,North England,L9 7<br>Avg. Price: 207K<br>Sales Volume: 8
2024,L9 8,182000,70,North England,L9 8<br>Avg. Price: 182K<br>Sales Volume: 70
2024,L9 9,142000,79,North England,L9 9<br>Avg. Price: 142K<br>Sales Volume: 79
2024,LA1 1,167000,90,North England,LA1 1<br>Avg. Price: 167K<br>Sales Volume: 90
2024,LA1 2,158000,141,North England,LA1 2<br>Avg. Price: 158K<br>Sales Volume: 141
2024,LA1 3,210000,193,North England,LA1 3<br>Avg. Price: 210K<br>Sales Volume: 193
2024,LA1 4,226000,179,North England,LA1 4<br>Avg. Price: 226K<br>Sales Volume: 179
2024,LA1 5,242000,185,North England,LA1 5<br>Avg. Price: 242K<br>Sales Volume: 185
2024,LA10 5,319000,70,North England,LA10 5<br>Avg. Price: 319K<br>Sales Volume: 70
2024,LA11 6,351000,73,North England,LA11 6<br>Avg. Price: 351K<br>Sales Volume: 73
2024,LA11 7,302000,120,North England,LA11 7<br>Avg. Price: 302K<br>Sales Volume: 120
2024,LA12 0,272000,98,North England,LA12 0<br>Avg. Price: 272K<br>Sales Volume: 98
2024,LA12 7,305000,89,North England,LA12 7<br>Avg. Price: 305K<br>Sales Volume: 89
2024,LA12 8,642000,35,North England,LA12 8<br>Avg. Price: 642K<br>Sales Volume: 35
2024,LA12 9,271000,127,North England,LA12 9<br>Avg. Price: 271K<br>Sales Volume: 127
2024,LA13 0,231000,160,North England,LA13 0<br>Avg. Price: 231K<br>Sales Volume: 160
2024,LA13 9,186000,171,North England,LA13 9<br>Avg. Price: 186K<br>Sales Volume: 171
2024,LA14 1,81000,76,North England,LA14 1<br>Avg. Price: 81K<br>Sales Volume: 76
2024,LA14 2,83000,123,North England,LA14 2<br>Avg. Price: 83K<br>Sales Volume: 123
2024,LA14 3,156000,190,North England,LA14 3<br>Avg. Price: 156K<br>Sales Volume: 190
2024,LA14 4,272000,97,North England,LA14 4<br>Avg. Price: 272K<br>Sales Volume: 97
2024,LA14 5,134000,238,North England,LA14 5<br>Avg. Price: 134K<br>Sales Volume: 238
2024,LA15 8,167000,158,North England,LA15 8<br>Avg. Price: 167K<br>Sales Volume: 158
2024,LA16 7,233000,50,North England,LA16 7<br>Avg. Price: 233K<br>Sales Volume: 50
2024,LA17 7,224000,26,North England,LA17 7<br>Avg. Price: 224K<br>Sales Volume: 26
2024,LA18 4,114000,91,North England,LA18 4<br>Avg. Price: 114K<br>Sales Volume: 91
2024,LA18 5,156000,44,North England,LA18 5<br>Avg. Price: 156K<br>Sales Volume: 44
2024,LA19 5,178000,10,North England,LA19 5<br>Avg. Price: 178K<br>Sales Volume: 10
2024,LA2 0,259000,70,North England,LA2 0<br>Avg. Price: 259K<br>Sales Volume: 70
2024,LA2 6,327000,122,North England,LA2 6<br>Avg. Price: 327K<br>Sales Volume: 122
2024,LA2 7,270000,55,North England,LA2 7<br>Avg. Price: 270K<br>Sales Volume: 55
2024,LA2 8,419000,50,North England,LA2 8<br>Avg. Price: 419K<br>Sales Volume: 50
2024,LA2 9,326000,80,North England,LA2 9<br>Avg. Price: 326K<br>Sales Volume: 80
2024,LA20 6,306000,7,North England,LA20 6<br>Avg. Price: 306K<br>Sales Volume: 7
2024,LA21 8,506000,18,North England,LA21 8<br>Avg. Price: 506K<br>Sales Volume: 18
2024,LA22 0,561000,32,North England,LA22 0<br>Avg. Price: 561K<br>Sales Volume: 32
2024,LA22 9,631000,49,North England,LA22 9<br>Avg. Price: 631K<br>Sales Volume: 49
2024,LA23 1,553000,45,North England,LA23 1<br>Avg. Price: 553K<br>Sales Volume: 45
2024,LA23 2,438000,43,North England,LA23 2<br>Avg. Price: 438K<br>Sales Volume: 43
2024,LA23 3,622000,37,North England,LA23 3<br>Avg. Price: 622K<br>Sales Volume: 37
2024,LA3 1,161000,127,North England,LA3 1<br>Avg. Price: 161K<br>Sales Volume: 127
2024,LA3 2,206000,147,North England,LA3 2<br>Avg. Price: 206K<br>Sales Volume: 147
2024,LA3 3,233000,98,North England,LA3 3<br>Avg. Price: 233K<br>Sales Volume: 98
2024,LA4 4,157000,117,North England,LA4 4<br>Avg. Price: 157K<br>Sales Volume: 117
2024,LA4 5,156000,122,North England,LA4 5<br>Avg. Price: 156K<br>Sales Volume: 122
2024,LA4 6,212000,184,North England,LA4 6<br>Avg. Price: 212K<br>Sales Volume: 184
2024,LA5 0,403000,73,North England,LA5 0<br>Avg. Price: 403K<br>Sales Volume: 73
2024,LA5 8,293000,58,North England,LA5 8<br>Avg. Price: 293K<br>Sales Volume: 58
2024,LA5 9,223000,211,North England,LA5 9<br>Avg. Price: 223K<br>Sales Volume: 211
2024,LA6 1,342000,95,North England,LA6 1<br>Avg. Price: 342K<br>Sales Volume: 95
2024,LA6 2,443000,82,North England,LA6 2<br>Avg. Price: 443K<br>Sales Volume: 82
2024,LA6 3,358000,38,North England,LA6 3<br>Avg. Price: 358K<br>Sales Volume: 38
2024,LA7 7,358000,70,North England,LA7 7<br>Avg. Price: 358K<br>Sales Volume: 70
2024,LA8 0,390000,52,North England,LA8 0<br>Avg. Price: 390K<br>Sales Volume: 52
2024,LA8 8,448000,38,North England,LA8 8<br>Avg. Price: 448K<br>Sales Volume: 38
2024,LA8 9,432000,37,North England,LA8 9<br>Avg. Price: 432K<br>Sales Volume: 37
2024,LA9 4,223000,96,North England,LA9 4<br>Avg. Price: 223K<br>Sales Volume: 96
2024,LA9 5,333000,184,North England,LA9 5<br>Avg. Price: 333K<br>Sales Volume: 184
2024,LA9 6,295000,141,North England,LA9 6<br>Avg. Price: 295K<br>Sales Volume: 141
2024,LA9 7,289000,167,North England,LA9 7<br>Avg. Price: 289K<br>Sales Volume: 167
2024,LD1 5,211000,83,Wales,LD1 5<br>Avg. Price: 211K<br>Sales Volume: 83
2024,LD1 6,234000,67,Wales,LD1 6<br>Avg. Price: 234K<br>Sales Volume: 67
2024,LD2 3,270000,67,Wales,LD2 3<br>Avg. Price: 270K<br>Sales Volume: 67
2024,LD3 0,341000,46,Wales,LD3 0<br>Avg. Price: 341K<br>Sales Volume: 46
2024,LD3 7,300000,76,Wales,LD3 7<br>Avg. Price: 300K<br>Sales Volume: 76
2024,LD3 8,252000,48,Wales,LD3 8<br>Avg. Price: 252K<br>Sales Volume: 48
2024,LD3 9,323000,71,Wales,LD3 9<br>Avg. Price: 323K<br>Sales Volume: 71
2024,LD4 4,255000,12,Wales,LD4 4<br>Avg. Price: 255K<br>Sales Volume: 12
2024,LD5 4,239000,25,Wales,LD5 4<br>Avg. Price: 239K<br>Sales Volume: 25
2024,LD6 5,242000,41,Wales,LD6 5<br>Avg. Price: 242K<br>Sales Volume: 41
2024,LD7 1,284000,47,Wales,LD7 1<br>Avg. Price: 284K<br>Sales Volume: 47
2024,LD8 2,287000,66,Wales,LD8 2<br>Avg. Price: 287K<br>Sales Volume: 66
2024,LE1 1,141000,24,Midlands,LE1 1<br>Avg. Price: 141K<br>Sales Volume: 24
2024,LE1 2,139000,9,Midlands,LE1 2<br>Avg. Price: 139K<br>Sales Volume: 9
2024,LE1 3,107000,11,Midlands,LE1 3<br>Avg. Price: 107K<br>Sales Volume: 11
2024,LE1 4,142000,6,Midlands,LE1 4<br>Avg. Price: 142K<br>Sales Volume: 6
2024,LE1 5,171000,5,Midlands,LE1 5<br>Avg. Price: 171K<br>Sales Volume: 5
2024,LE1 6,154000,26,Midlands,LE1 6<br>Avg. Price: 154K<br>Sales Volume: 26
2024,LE1 7,256000,11,Midlands,LE1 7<br>Avg. Price: 256K<br>Sales Volume: 11
2024,LE10 0,236000,332,Midlands,LE10 0<br>Avg. Price: 236K<br>Sales Volume: 332
2024,LE10 1,250000,197,Midlands,LE10 1<br>Avg. Price: 250K<br>Sales Volume: 197
2024,LE10 2,302000,268,Midlands,LE10 2<br>Avg. Price: 302K<br>Sales Volume: 268
2024,LE10 3,341000,112,Midlands,LE10 3<br>Avg. Price: 341K<br>Sales Volume: 112
2024,LE11 1,190000,154,Midlands,LE11 1<br>Avg. Price: 190K<br>Sales Volume: 154
2024,LE11 2,275000,214,Midlands,LE11 2<br>Avg. Price: 275K<br>Sales Volume: 214
2024,LE11 3,370000,129,Midlands,LE11 3<br>Avg. Price: 370K<br>Sales Volume: 129
2024,LE11 4,235000,101,Midlands,LE11 4<br>Avg. Price: 235K<br>Sales Volume: 101
2024,LE11 5,225000,122,Midlands,LE11 5<br>Avg. Price: 225K<br>Sales Volume: 122
2024,LE12 5,330000,178,Midlands,LE12 5<br>Avg. Price: 330K<br>Sales Volume: 178
2024,LE12 6,338000,226,Midlands,LE12 6<br>Avg. Price: 338K<br>Sales Volume: 226
2024,LE12 7,269000,354,Midlands,LE12 7<br>Avg. Price: 269K<br>Sales Volume: 354
2024,LE12 8,382000,269,Midlands,LE12 8<br>Avg. Price: 382K<br>Sales Volume: 269
2024,LE12 9,254000,328,Midlands,LE12 9<br>Avg. Price: 254K<br>Sales Volume: 328
2024,LE13 0,256000,308,Midlands,LE13 0<br>Avg. Price: 256K<br>Sales Volume: 308
2024,LE13 1,265000,284,Midlands,LE13 1<br>Avg. Price: 265K<br>Sales Volume: 284
2024,LE14 2,378000,96,Midlands,LE14 2<br>Avg. Price: 378K<br>Sales Volume: 96
2024,LE14 3,325000,161,Midlands,LE14 3<br>Avg. Price: 325K<br>Sales Volume: 161
2024,LE14 4,431000,78,Midlands,LE14 4<br>Avg. Price: 431K<br>Sales Volume: 78
2024,LE15 6,356000,221,Midlands,LE15 6<br>Avg. Price: 356K<br>Sales Volume: 221
2024,LE15 7,387000,143,Midlands,LE15 7<br>Avg. Price: 387K<br>Sales Volume: 143
2024,LE15 8,634000,88,Midlands,LE15 8<br>Avg. Price: 634K<br>Sales Volume: 88
2024,LE15 9,420000,132,Midlands,LE15 9<br>Avg. Price: 420K<br>Sales Volume: 132
2024,LE16 7,412000,319,Midlands,LE16 7<br>Avg. Price: 412K<br>Sales Volume: 319
2024,LE16 8,458000,202,Midlands,LE16 8<br>Avg. Price: 458K<br>Sales Volume: 202
2024,LE16 9,342000,342,Midlands,LE16 9<br>Avg. Price: 342K<br>Sales Volume: 342
2024,LE17 4,335000,190,Midlands,LE17 4<br>Avg. Price: 335K<br>Sales Volume: 190
2024,LE17 5,442000,72,Midlands,LE17 5<br>Avg. Price: 442K<br>Sales Volume: 72
2024,LE17 6,448000,78,Midlands,LE17 6<br>Avg. Price: 448K<br>Sales Volume: 78
2024,LE18 1,259000,121,Midlands,LE18 1<br>Avg. Price: 259K<br>Sales Volume: 121
2024,LE18 2,234000,107,Midlands,LE18 2<br>Avg. Price: 234K<br>Sales Volume: 107
2024,LE18 3,314000,169,Midlands,LE18 3<br>Avg. Price: 314K<br>Sales Volume: 169
2024,LE18 4,212000,128,Midlands,LE18 4<br>Avg. Price: 212K<br>Sales Volume: 128
2024,LE19 2,281000,97,Midlands,LE19 2<br>Avg. Price: 281K<br>Sales Volume: 97
2024,LE19 3,296000,54,Midlands,LE19 3<br>Avg. Price: 296K<br>Sales Volume: 54
2024,LE19 4,298000,223,Midlands,LE19 4<br>Avg. Price: 298K<br>Sales Volume: 223
2024,LE2 0,222000,35,Midlands,LE2 0<br>Avg. Price: 222K<br>Sales Volume: 35
2024,LE2 1,249000,142,Midlands,LE2 1<br>Avg. Price: 249K<br>Sales Volume: 142
2024,LE2 2,408000,118,Midlands,LE2 2<br>Avg. Price: 408K<br>Sales Volume: 118
2024,LE2 3,389000,162,Midlands,LE2 3<br>Avg. Price: 389K<br>Sales Volume: 162
2024,LE2 4,371000,158,Midlands,LE2 4<br>Avg. Price: 371K<br>Sales Volume: 158
2024,LE2 5,289000,111,Midlands,LE2 5<br>Avg. Price: 289K<br>Sales Volume: 111
2024,LE2 6,235000,143,Midlands,LE2 6<br>Avg. Price: 235K<br>Sales Volume: 143
2024,LE2 7,168000,66,Midlands,LE2 7<br>Avg. Price: 168K<br>Sales Volume: 66
2024,LE2 8,229000,171,Midlands,LE2 8<br>Avg. Price: 229K<br>Sales Volume: 171
2024,LE2 9,243000,156,Midlands,LE2 9<br>Avg. Price: 243K<br>Sales Volume: 156
2024,LE3 0,197000,133,Midlands,LE3 0<br>Avg. Price: 197K<br>Sales Volume: 133
2024,LE3 1,201000,76,Midlands,LE3 1<br>Avg. Price: 201K<br>Sales Volume: 76
2024,LE3 2,230000,196,Midlands,LE3 2<br>Avg. Price: 230K<br>Sales Volume: 196
2024,LE3 3,285000,203,Midlands,LE3 3<br>Avg. Price: 285K<br>Sales Volume: 203
2024,LE3 5,211000,119,Midlands,LE3 5<br>Avg. Price: 211K<br>Sales Volume: 119
2024,LE3 6,239000,122,Midlands,LE3 6<br>Avg. Price: 239K<br>Sales Volume: 122
2024,LE3 8,310000,162,Midlands,LE3 8<br>Avg. Price: 310K<br>Sales Volume: 162
2024,LE3 9,220000,134,Midlands,LE3 9<br>Avg. Price: 220K<br>Sales Volume: 134
2024,LE4 0,239000,121,Midlands,LE4 0<br>Avg. Price: 239K<br>Sales Volume: 121
2024,LE4 1,205000,50,Midlands,LE4 1<br>Avg. Price: 205K<br>Sales Volume: 50
2024,LE4 2,247000,115,Midlands,LE4 2<br>Avg. Price: 247K<br>Sales Volume: 115
2024,LE4 3,311000,91,Midlands,LE4 3<br>Avg. Price: 311K<br>Sales Volume: 91
2024,LE4 4,268000,92,Midlands,LE4 4<br>Avg. Price: 268K<br>Sales Volume: 92
2024,LE4 5,247000,51,Midlands,LE4 5<br>Avg. Price: 247K<br>Sales Volume: 51
2024,LE4 6,250000,78,Midlands,LE4 6<br>Avg. Price: 250K<br>Sales Volume: 78
2024,LE4 7,262000,77,Midlands,LE4 7<br>Avg. Price: 262K<br>Sales Volume: 77
2024,LE4 8,275000,108,Midlands,LE4 8<br>Avg. Price: 275K<br>Sales Volume: 108
2024,LE4 9,239000,73,Midlands,LE4 9<br>Avg. Price: 239K<br>Sales Volume: 73
2024,LE5 0,269000,57,Midlands,LE5 0<br>Avg. Price: 269K<br>Sales Volume: 57
2024,LE5 1,266000,188,Midlands,LE5 1<br>Avg. Price: 266K<br>Sales Volume: 188
2024,LE5 2,272000,103,Midlands,LE5 2<br>Avg. Price: 272K<br>Sales Volume: 103
2024,LE5 3,210000,32,Midlands,LE5 3<br>Avg. Price: 210K<br>Sales Volume: 32
2024,LE5 4,237000,79,Midlands,LE5 4<br>Avg. Price: 237K<br>Sales Volume: 79
2024,LE5 5,307000,88,Midlands,LE5 5<br>Avg. Price: 307K<br>Sales Volume: 88
2024,LE5 6,333000,75,Midlands,LE5 6<br>Avg. Price: 333K<br>Sales Volume: 75
2024,LE6 0,307000,210,Midlands,LE6 0<br>Avg. Price: 307K<br>Sales Volume: 210
2024,LE65 1,382000,133,Midlands,LE65 1<br>Avg. Price: 382K<br>Sales Volume: 133
2024,LE65 2,308000,165,Midlands,LE65 2<br>Avg. Price: 308K<br>Sales Volume: 165
2024,LE67 1,264000,101,Midlands,LE67 1<br>Avg. Price: 264K<br>Sales Volume: 101
2024,LE67 2,309000,363,Midlands,LE67 2<br>Avg. Price: 309K<br>Sales Volume: 363
2024,LE67 3,194000,167,Midlands,LE67 3<br>Avg. Price: 194K<br>Sales Volume: 167
2024,LE67 4,266000,145,Midlands,LE67 4<br>Avg. Price: 266K<br>Sales Volume: 145
2024,LE67 5,233000,133,Midlands,LE67 5<br>Avg. Price: 233K<br>Sales Volume: 133
2024,LE67 6,259000,122,Midlands,LE67 6<br>Avg. Price: 259K<br>Sales Volume: 122
2024,LE67 8,306000,82,Midlands,LE67 8<br>Avg. Price: 306K<br>Sales Volume: 82
2024,LE67 9,283000,130,Midlands,LE67 9<br>Avg. Price: 283K<br>Sales Volume: 130
2024,LE7 1,253000,63,Midlands,LE7 1<br>Avg. Price: 253K<br>Sales Volume: 63
2024,LE7 2,265000,121,Midlands,LE7 2<br>Avg. Price: 265K<br>Sales Volume: 121
2024,LE7 3,387000,166,Midlands,LE7 3<br>Avg. Price: 387K<br>Sales Volume: 166
2024,LE7 4,508000,63,Midlands,LE7 4<br>Avg. Price: 508K<br>Sales Volume: 63
2024,LE7 6,541000,7,Midlands,LE7 6<br>Avg. Price: 541K<br>Sales Volume: 7
2024,LE7 7,401000,259,Midlands,LE7 7<br>Avg. Price: 401K<br>Sales Volume: 259
2024,LE7 9,393000,185,Midlands,LE7 9<br>Avg. Price: 393K<br>Sales Volume: 185
2024,LE8 0,385000,89,Midlands,LE8 0<br>Avg. Price: 385K<br>Sales Volume: 89
2024,LE8 4,277000,94,Midlands,LE8 4<br>Avg. Price: 277K<br>Sales Volume: 94
2024,LE8 5,327000,98,Midlands,LE8 5<br>Avg. Price: 327K<br>Sales Volume: 98
2024,LE8 6,272000,98,Midlands,LE8 6<br>Avg. Price: 272K<br>Sales Volume: 98
2024,LE8 8,325000,150,Midlands,LE8 8<br>Avg. Price: 325K<br>Sales Volume: 150
2024,LE8 9,420000,68,Midlands,LE8 9<br>Avg. Price: 420K<br>Sales Volume: 68
2024,LE9 1,323000,55,Midlands,LE9 1<br>Avg. Price: 323K<br>Sales Volume: 55
2024,LE9 2,438000,103,Midlands,LE9 2<br>Avg. Price: 438K<br>Sales Volume: 103
2024,LE9 3,300000,52,Midlands,LE9 3<br>Avg. Price: 300K<br>Sales Volume: 52
2024,LE9 4,277000,108,Midlands,LE9 4<br>Avg. Price: 277K<br>Sales Volume: 108
2024,LE9 6,316000,176,Midlands,LE9 6<br>Avg. Price: 316K<br>Sales Volume: 176
2024,LE9 7,248000,240,Midlands,LE9 7<br>Avg. Price: 248K<br>Sales Volume: 240
2024,LE9 8,242000,145,Midlands,LE9 8<br>Avg. Price: 242K<br>Sales Volume: 145
2024,LE9 9,347000,114,Midlands,LE9 9<br>Avg. Price: 347K<br>Sales Volume: 114
2024,LL11 1,140000,19,Wales,LL11 1<br>Avg. Price: 140K<br>Sales Volume: 19
2024,LL11 2,203000,138,Wales,LL11 2<br>Avg. Price: 203K<br>Sales Volume: 138
2024,LL11 3,212000,86,Wales,LL11 3<br>Avg. Price: 212K<br>Sales Volume: 86
2024,LL11 4,189000,94,Wales,LL11 4<br>Avg. Price: 189K<br>Sales Volume: 94
2024,LL11 5,199000,129,Wales,LL11 5<br>Avg. Price: 199K<br>Sales Volume: 129
2024,LL11 6,187000,90,Wales,LL11 6<br>Avg. Price: 187K<br>Sales Volume: 90
2024,LL12 0,327000,122,Wales,LL12 0<br>Avg. Price: 327K<br>Sales Volume: 122
2024,LL12 7,200000,109,Wales,LL12 7<br>Avg. Price: 200K<br>Sales Volume: 109
2024,LL12 8,307000,102,Wales,LL12 8<br>Avg. Price: 307K<br>Sales Volume: 102
2024,LL12 9,256000,66,Wales,LL12 9<br>Avg. Price: 256K<br>Sales Volume: 66
2024,LL13 0,272000,88,Wales,LL13 0<br>Avg. Price: 272K<br>Sales Volume: 88
2024,LL13 7,186000,103,Wales,LL13 7<br>Avg. Price: 186K<br>Sales Volume: 103
2024,LL13 8,121000,84,Wales,LL13 8<br>Avg. Price: 121K<br>Sales Volume: 84
2024,LL13 9,224000,91,Wales,LL13 9<br>Avg. Price: 224K<br>Sales Volume: 91
2024,LL14 1,157000,82,Wales,LL14 1<br>Avg. Price: 157K<br>Sales Volume: 82
2024,LL14 2,170000,72,Wales,LL14 2<br>Avg. Price: 170K<br>Sales Volume: 72
2024,LL14 3,189000,67,Wales,LL14 3<br>Avg. Price: 189K<br>Sales Volume: 67
2024,LL14 4,243000,59,Wales,LL14 4<br>Avg. Price: 243K<br>Sales Volume: 59
2024,LL14 5,220000,59,Wales,LL14 5<br>Avg. Price: 220K<br>Sales Volume: 59
2024,LL14 6,214000,43,Wales,LL14 6<br>Avg. Price: 214K<br>Sales Volume: 43
2024,LL15 1,246000,78,Wales,LL15 1<br>Avg. Price: 246K<br>Sales Volume: 78
2024,LL15 2,312000,22,Wales,LL15 2<br>Avg. Price: 312K<br>Sales Volume: 22
2024,LL16 3,188000,81,Wales,LL16 3<br>Avg. Price: 188K<br>Sales Volume: 81
2024,LL16 4,255000,62,Wales,LL16 4<br>Avg. Price: 255K<br>Sales Volume: 62
2024,LL16 5,256000,42,Wales,LL16 5<br>Avg. Price: 256K<br>Sales Volume: 42
2024,LL17 0,292000,121,Wales,LL17 0<br>Avg. Price: 292K<br>Sales Volume: 121
2024,LL18 1,115000,49,Wales,LL18 1<br>Avg. Price: 115K<br>Sales Volume: 49
2024,LL18 2,178000,99,Wales,LL18 2<br>Avg. Price: 178K<br>Sales Volume: 99
2024,LL18 3,171000,82,Wales,LL18 3<br>Avg. Price: 171K<br>Sales Volume: 82
2024,LL18 4,178000,209,Wales,LL18 4<br>Avg. Price: 178K<br>Sales Volume: 209
2024,LL18 5,196000,158,Wales,LL18 5<br>Avg. Price: 196K<br>Sales Volume: 158
2024,LL18 6,309000,51,Wales,LL18 6<br>Avg. Price: 309K<br>Sales Volume: 51
2024,LL19 7,174000,124,Wales,LL19 7<br>Avg. Price: 174K<br>Sales Volume: 124
2024,LL19 8,175000,136,Wales,LL19 8<br>Avg. Price: 175K<br>Sales Volume: 136
2024,LL19 9,255000,75,Wales,LL19 9<br>Avg. Price: 255K<br>Sales Volume: 75
2024,LL20 7,262000,45,Wales,LL20 7<br>Avg. Price: 262K<br>Sales Volume: 45
2024,LL20 8,243000,57,Wales,LL20 8<br>Avg. Price: 243K<br>Sales Volume: 57
2024,LL21 0,249000,32,Wales,LL21 0<br>Avg. Price: 249K<br>Sales Volume: 32
2024,LL21 9,311000,24,Wales,LL21 9<br>Avg. Price: 311K<br>Sales Volume: 24
2024,LL22 7,207000,167,Wales,LL22 7<br>Avg. Price: 207K<br>Sales Volume: 167
2024,LL22 8,287000,89,Wales,LL22 8<br>Avg. Price: 287K<br>Sales Volume: 89
2024,LL22 9,216000,70,Wales,LL22 9<br>Avg. Price: 216K<br>Sales Volume: 70
2024,LL23 7,263000,48,Wales,LL23 7<br>Avg. Price: 263K<br>Sales Volume: 48
2024,LL24 0,247000,26,Wales,LL24 0<br>Avg. Price: 247K<br>Sales Volume: 26
2024,LL25 0,211000,8,Wales,LL25 0<br>Avg. Price: 211K<br>Sales Volume: 8
2024,LL26 0,210000,40,Wales,LL26 0<br>Avg. Price: 210K<br>Sales Volume: 40
2024,LL27 0,345000,6,Wales,LL27 0<br>Avg. Price: 345K<br>Sales Volume: 6
2024,LL28 4,240000,189,Wales,LL28 4<br>Avg. Price: 240K<br>Sales Volume: 189
2024,LL28 5,263000,81,Wales,LL28 5<br>Avg. Price: 263K<br>Sales Volume: 81
2024,LL29 6,294000,32,Wales,LL29 6<br>Avg. Price: 294K<br>Sales Volume: 32
2024,LL29 7,192000,72,Wales,LL29 7<br>Avg. Price: 192K<br>Sales Volume: 72
2024,LL29 8,235000,119,Wales,LL29 8<br>Avg. Price: 235K<br>Sales Volume: 119
2024,LL29 9,213000,96,Wales,LL29 9<br>Avg. Price: 213K<br>Sales Volume: 96
2024,LL30 1,245000,189,Wales,LL30 1<br>Avg. Price: 245K<br>Sales Volume: 189
2024,LL30 2,198000,136,Wales,LL30 2<br>Avg. Price: 198K<br>Sales Volume: 136
2024,LL30 3,267000,104,Wales,LL30 3<br>Avg. Price: 267K<br>Sales Volume: 104
2024,LL31 9,272000,165,Wales,LL31 9<br>Avg. Price: 272K<br>Sales Volume: 165
2024,LL32 8,320000,93,Wales,LL32 8<br>Avg. Price: 320K<br>Sales Volume: 93
2024,LL33 0,244000,61,Wales,LL33 0<br>Avg. Price: 244K<br>Sales Volume: 61
2024,LL34 6,219000,71,Wales,LL34 6<br>Avg. Price: 219K<br>Sales Volume: 71
2024,LL35 0,361000,31,Wales,LL35 0<br>Avg. Price: 361K<br>Sales Volume: 31
2024,LL36 0,208000,40,Wales,LL36 0<br>Avg. Price: 208K<br>Sales Volume: 40
2024,LL36 9,203000,54,Wales,LL36 9<br>Avg. Price: 203K<br>Sales Volume: 54
2024,LL37 2,269000,13,Wales,LL37 2<br>Avg. Price: 269K<br>Sales Volume: 13
2024,LL38 2,150000,15,Wales,LL38 2<br>Avg. Price: 150K<br>Sales Volume: 15
2024,LL39 1,340000,7,Wales,LL39 1<br>Avg. Price: 340K<br>Sales Volume: 7
2024,LL40 1,223000,55,Wales,LL40 1<br>Avg. Price: 223K<br>Sales Volume: 55
2024,LL40 2,307000,25,Wales,LL40 2<br>Avg. Price: 307K<br>Sales Volume: 25
2024,LL41 3,118000,44,Wales,LL41 3<br>Avg. Price: 118K<br>Sales Volume: 44
2024,LL41 4,156000,56,Wales,LL41 4<br>Avg. Price: 156K<br>Sales Volume: 56
2024,LL42 1,208000,43,Wales,LL42 1<br>Avg. Price: 208K<br>Sales Volume: 43
2024,LL43 2,275000,17,Wales,LL43 2<br>Avg. Price: 275K<br>Sales Volume: 17
2024,LL44 2,259000,16,Wales,LL44 2<br>Avg. Price: 259K<br>Sales Volume: 16
2024,LL45 2,211000,11,Wales,LL45 2<br>Avg. Price: 211K<br>Sales Volume: 11
2024,LL46 2,212000,47,Wales,LL46 2<br>Avg. Price: 212K<br>Sales Volume: 47
2024,LL47 6,205000,11,Wales,LL47 6<br>Avg. Price: 205K<br>Sales Volume: 11
2024,LL48 6,181000,34,Wales,LL48 6<br>Avg. Price: 181K<br>Sales Volume: 34
2024,LL49 9,215000,71,Wales,LL49 9<br>Avg. Price: 215K<br>Sales Volume: 71
2024,LL51 9,336000,4,Wales,LL51 9<br>Avg. Price: 336K<br>Sales Volume: 4
2024,LL52 0,309000,45,Wales,LL52 0<br>Avg. Price: 309K<br>Sales Volume: 45
2024,LL53 5,215000,56,Wales,LL53 5<br>Avg. Price: 215K<br>Sales Volume: 56
2024,LL53 6,271000,67,Wales,LL53 6<br>Avg. Price: 271K<br>Sales Volume: 67
2024,LL53 7,423000,47,Wales,LL53 7<br>Avg. Price: 423K<br>Sales Volume: 47
2024,LL53 8,313000,27,Wales,LL53 8<br>Avg. Price: 313K<br>Sales Volume: 27
2024,LL54 5,244000,41,Wales,LL54 5<br>Avg. Price: 244K<br>Sales Volume: 41
2024,LL54 6,141000,52,Wales,LL54 6<br>Avg. Price: 141K<br>Sales Volume: 52
2024,LL54 7,188000,44,Wales,LL54 7<br>Avg. Price: 188K<br>Sales Volume: 44
2024,LL55 1,235000,76,Wales,LL55 1<br>Avg. Price: 235K<br>Sales Volume: 76
2024,LL55 2,196000,83,Wales,LL55 2<br>Avg. Price: 196K<br>Sales Volume: 83
2024,LL55 3,256000,34,Wales,LL55 3<br>Avg. Price: 256K<br>Sales Volume: 34
2024,LL55 4,225000,64,Wales,LL55 4<br>Avg. Price: 225K<br>Sales Volume: 64
2024,LL56 4,229000,58,Wales,LL56 4<br>Avg. Price: 229K<br>Sales Volume: 58
2024,LL57 1,149000,62,Wales,LL57 1<br>Avg. Price: 149K<br>Sales Volume: 62
2024,LL57 2,238000,107,Wales,LL57 2<br>Avg. Price: 238K<br>Sales Volume: 107
2024,LL57 3,169000,52,Wales,LL57 3<br>Avg. Price: 169K<br>Sales Volume: 52
2024,LL57 4,228000,66,Wales,LL57 4<br>Avg. Price: 228K<br>Sales Volume: 66
2024,LL58 8,324000,38,Wales,LL58 8<br>Avg. Price: 324K<br>Sales Volume: 38
2024,LL59 5,360000,58,Wales,LL59 5<br>Avg. Price: 360K<br>Sales Volume: 58
2024,LL60 6,241000,23,Wales,LL60 6<br>Avg. Price: 241K<br>Sales Volume: 23
2024,LL61 5,264000,45,Wales,LL61 5<br>Avg. Price: 264K<br>Sales Volume: 45
2024,LL61 6,258000,39,Wales,LL61 6<br>Avg. Price: 258K<br>Sales Volume: 39
2024,LL62 5,348000,10,Wales,LL62 5<br>Avg. Price: 348K<br>Sales Volume: 10
2024,LL63 5,312000,12,Wales,LL63 5<br>Avg. Price: 312K<br>Sales Volume: 12
2024,LL64 5,780000,20,Wales,LL64 5<br>Avg. Price: 780K<br>Sales Volume: 20
2024,LL65 1,179000,94,Wales,LL65 1<br>Avg. Price: 179K<br>Sales Volume: 94
2024,LL65 2,223000,107,Wales,LL65 2<br>Avg. Price: 223K<br>Sales Volume: 107
2024,LL65 3,225000,66,Wales,LL65 3<br>Avg. Price: 225K<br>Sales Volume: 66
2024,LL65 4,314000,30,Wales,LL65 4<br>Avg. Price: 314K<br>Sales Volume: 30
2024,LL66 0,262000,2,Wales,LL66 0<br>Avg. Price: 262K<br>Sales Volume: 2
2024,LL66 9,370000,1,Wales,LL66 9<br>Avg. Price: 370K<br>Sales Volume: 1
2024,LL67 0,225000,24,Wales,LL67 0<br>Avg. Price: 225K<br>Sales Volume: 24
2024,LL68 0,270000,15,Wales,LL68 0<br>Avg. Price: 270K<br>Sales Volume: 15
2024,LL68 9,215000,59,Wales,LL68 9<br>Avg. Price: 215K<br>Sales Volume: 59
2024,LL69 9,251000,10,Wales,LL69 9<br>Avg. Price: 251K<br>Sales Volume: 10
2024,LL70 9,450000,1,Wales,LL70 9<br>Avg. Price: 450K<br>Sales Volume: 1
2024,LL71 7,164000,5,Wales,LL71 7<br>Avg. Price: 164K<br>Sales Volume: 5
2024,LL71 8,205000,21,Wales,LL71 8<br>Avg. Price: 205K<br>Sales Volume: 21
2024,LL72 8,294000,9,Wales,LL72 8<br>Avg. Price: 294K<br>Sales Volume: 9
2024,LL73 8,475000,2,Wales,LL73 8<br>Avg. Price: 475K<br>Sales Volume: 2
2024,LL74 8,298000,55,Wales,LL74 8<br>Avg. Price: 298K<br>Sales Volume: 55
2024,LL75 7,100000,1,Wales,LL75 7<br>Avg. Price: 100K<br>Sales Volume: 1
2024,LL75 8,209000,12,Wales,LL75 8<br>Avg. Price: 209K<br>Sales Volume: 12
2024,LL76 8,250000,4,Wales,LL76 8<br>Avg. Price: 250K<br>Sales Volume: 4
2024,LL77 7,216000,82,Wales,LL77 7<br>Avg. Price: 216K<br>Sales Volume: 82
2024,LL77 8,421000,3,Wales,LL77 8<br>Avg. Price: 421K<br>Sales Volume: 3
2024,LL78 8,243000,6,Wales,LL78 8<br>Avg. Price: 243K<br>Sales Volume: 6
2024,LN1 1,230000,129,Midlands,LN1 1<br>Avg. Price: 230K<br>Sales Volume: 129
2024,LN1 2,255000,212,Midlands,LN1 2<br>Avg. Price: 255K<br>Sales Volume: 212
2024,LN1 3,218000,129,Midlands,LN1 3<br>Avg. Price: 218K<br>Sales Volume: 129
2024,LN1 4,292000,6,Midlands,LN1 4<br>Avg. Price: 292K<br>Sales Volume: 6
2024,LN1 5,720000,1,Midlands,LN1 5<br>Avg. Price: 720K<br>Sales Volume: 1
2024,LN1 6,476000,3,Midlands,LN1 6<br>Avg. Price: 476K<br>Sales Volume: 3
2024,LN10 5,355000,19,Midlands,LN10 5<br>Avg. Price: 355K<br>Sales Volume: 19
2024,LN10 6,341000,152,Midlands,LN10 6<br>Avg. Price: 341K<br>Sales Volume: 152
2024,LN11 0,254000,172,Midlands,LN11 0<br>Avg. Price: 254K<br>Sales Volume: 172
2024,LN11 7,246000,81,Midlands,LN11 7<br>Avg. Price: 246K<br>Sales Volume: 81
2024,LN11 8,253000,146,Midlands,LN11 8<br>Avg. Price: 253K<br>Sales Volume: 146
2024,LN11 9,240000,107,Midlands,LN11 9<br>Avg. Price: 240K<br>Sales Volume: 107
2024,LN12 1,180000,84,Midlands,LN12 1<br>Avg. Price: 180K<br>Sales Volume: 84
2024,LN12 2,205000,161,Midlands,LN12 2<br>Avg. Price: 205K<br>Sales Volume: 161
2024,LN13 0,260000,27,Midlands,LN13 0<br>Avg. Price: 260K<br>Sales Volume: 27
2024,LN13 9,230000,65,Midlands,LN13 9<br>Avg. Price: 230K<br>Sales Volume: 65
2024,LN2 1,394000,27,Midlands,LN2 1<br>Avg. Price: 394K<br>Sales Volume: 27
2024,LN2 2,332000,179,Midlands,LN2 2<br>Avg. Price: 332K<br>Sales Volume: 179
2024,LN2 3,300000,146,Midlands,LN2 3<br>Avg. Price: 300K<br>Sales Volume: 146
2024,LN2 4,232000,319,Midlands,LN2 4<br>Avg. Price: 232K<br>Sales Volume: 319
2024,LN2 5,134000,152,Midlands,LN2 5<br>Avg. Price: 134K<br>Sales Volume: 152
2024,LN3 4,264000,89,Midlands,LN3 4<br>Avg. Price: 264K<br>Sales Volume: 89
2024,LN3 5,254000,44,Midlands,LN3 5<br>Avg. Price: 254K<br>Sales Volume: 44
2024,LN4 1,263000,204,Midlands,LN4 1<br>Avg. Price: 263K<br>Sales Volume: 204
2024,LN4 2,270000,142,Midlands,LN4 2<br>Avg. Price: 270K<br>Sales Volume: 142
2024,LN4 3,275000,148,Midlands,LN4 3<br>Avg. Price: 275K<br>Sales Volume: 148
2024,LN4 4,209000,155,Midlands,LN4 4<br>Avg. Price: 209K<br>Sales Volume: 155
2024,LN5 0,340000,94,Midlands,LN5 0<br>Avg. Price: 340K<br>Sales Volume: 94
2024,LN5 7,130000,124,Midlands,LN5 7<br>Avg. Price: 130K<br>Sales Volume: 124
2024,LN5 8,151000,157,Midlands,LN5 8<br>Avg. Price: 151K<br>Sales Volume: 157
2024,LN5 9,265000,158,Midlands,LN5 9<br>Avg. Price: 265K<br>Sales Volume: 158
2024,LN6 0,199000,186,Midlands,LN6 0<br>Avg. Price: 199K<br>Sales Volume: 186
2024,LN6 3,214000,77,Midlands,LN6 3<br>Avg. Price: 214K<br>Sales Volume: 77
2024,LN6 4,467000,3,Midlands,LN6 4<br>Avg. Price: 467K<br>Sales Volume: 3
2024,LN6 5,263000,45,Midlands,LN6 5<br>Avg. Price: 263K<br>Sales Volume: 45
2024,LN6 6,291000,33,Midlands,LN6 6<br>Avg. Price: 291K<br>Sales Volume: 33
2024,LN6 7,205000,132,Midlands,LN6 7<br>Avg. Price: 205K<br>Sales Volume: 132
2024,LN6 8,233000,158,Midlands,LN6 8<br>Avg. Price: 233K<br>Sales Volume: 158
2024,LN6 9,266000,344,Midlands,LN6 9<br>Avg. Price: 266K<br>Sales Volume: 344
2024,LN7 6,240000,85,Midlands,LN7 6<br>Avg. Price: 240K<br>Sales Volume: 85
2024,LN8 2,374000,26,Midlands,LN8 2<br>Avg. Price: 374K<br>Sales Volume: 26
2024,LN8 3,263000,155,Midlands,LN8 3<br>Avg. Price: 263K<br>Sales Volume: 155
2024,LN8 5,235000,64,Midlands,LN8 5<br>Avg. Price: 235K<br>Sales Volume: 64
2024,LN8 6,262000,32,Midlands,LN8 6<br>Avg. Price: 262K<br>Sales Volume: 32
2024,LN9 5,252000,136,Midlands,LN9 5<br>Avg. Price: 252K<br>Sales Volume: 136
2024,LN9 6,221000,107,Midlands,LN9 6<br>Avg. Price: 221K<br>Sales Volume: 107
2024,LS1 2,253000,14,North England,LS1 2<br>Avg. Price: 253K<br>Sales Volume: 14
2024,LS1 3,309000,32,North England,LS1 3<br>Avg. Price: 309K<br>Sales Volume: 32
2024,LS1 4,206000,26,North England,LS1 4<br>Avg. Price: 206K<br>Sales Volume: 26
2024,LS1 5,215000,1,North England,LS1 5<br>Avg. Price: 215K<br>Sales Volume: 1
2024,LS1 6,141000,6,North England,LS1 6<br>Avg. Price: 141K<br>Sales Volume: 6
2024,LS1 7,229000,2,North England,LS1 7<br>Avg. Price: 229K<br>Sales Volume: 2
2024,LS10 1,207000,91,North England,LS10 1<br>Avg. Price: 207K<br>Sales Volume: 91
2024,LS10 2,135000,44,North England,LS10 2<br>Avg. Price: 135K<br>Sales Volume: 44
2024,LS10 3,168000,109,North England,LS10 3<br>Avg. Price: 168K<br>Sales Volume: 109
2024,LS10 4,184000,208,North England,LS10 4<br>Avg. Price: 184K<br>Sales Volume: 208
2024,LS11 0,114000,51,North England,LS11 0<br>Avg. Price: 114K<br>Sales Volume: 51
2024,LS11 5,190000,86,North England,LS11 5<br>Avg. Price: 190K<br>Sales Volume: 86
2024,LS11 6,109000,58,North England,LS11 6<br>Avg. Price: 109K<br>Sales Volume: 58
2024,LS11 7,149000,124,North England,LS11 7<br>Avg. Price: 149K<br>Sales Volume: 124
2024,LS11 8,170000,91,North England,LS11 8<br>Avg. Price: 170K<br>Sales Volume: 91
2024,LS11 9,130000,33,North England,LS11 9<br>Avg. Price: 130K<br>Sales Volume: 33
2024,LS12 1,212000,198,North England,LS12 1<br>Avg. Price: 212K<br>Sales Volume: 198
2024,LS12 2,164000,102,North England,LS12 2<br>Avg. Price: 164K<br>Sales Volume: 102
2024,LS12 3,148000,127,North England,LS12 3<br>Avg. Price: 148K<br>Sales Volume: 127
2024,LS12 4,193000,183,North England,LS12 4<br>Avg. Price: 193K<br>Sales Volume: 183
2024,LS12 5,228000,181,North England,LS12 5<br>Avg. Price: 228K<br>Sales Volume: 181
2024,LS12 6,212000,49,North England,LS12 6<br>Avg. Price: 212K<br>Sales Volume: 49
2024,LS13 1,219000,138,North England,LS13 1<br>Avg. Price: 219K<br>Sales Volume: 138
2024,LS13 2,184000,126,North England,LS13 2<br>Avg. Price: 184K<br>Sales Volume: 126
2024,LS13 3,177000,93,North England,LS13 3<br>Avg. Price: 177K<br>Sales Volume: 93
2024,LS13 4,190000,127,North England,LS13 4<br>Avg. Price: 190K<br>Sales Volume: 127
2024,LS14 1,193000,97,North England,LS14 1<br>Avg. Price: 193K<br>Sales Volume: 97
2024,LS14 2,226000,72,North England,LS14 2<br>Avg. Price: 226K<br>Sales Volume: 72
2024,LS14 3,600000,56,North England,LS14 3<br>Avg. Price: 600K<br>Sales Volume: 56
2024,LS14 5,175000,79,North England,LS14 5<br>Avg. Price: 175K<br>Sales Volume: 79
2024,LS14 6,224000,295,North England,LS14 6<br>Avg. Price: 224K<br>Sales Volume: 295
2024,LS15 0,232000,154,North England,LS15 0<br>Avg. Price: 232K<br>Sales Volume: 154
2024,LS15 4,374000,71,North England,LS15 4<br>Avg. Price: 374K<br>Sales Volume: 71
2024,LS15 7,245000,126,North England,LS15 7<br>Avg. Price: 245K<br>Sales Volume: 126
2024,LS15 8,278000,206,North England,LS15 8<br>Avg. Price: 278K<br>Sales Volume: 206
2024,LS15 9,318000,63,North England,LS15 9<br>Avg. Price: 318K<br>Sales Volume: 63
2024,LS16 5,322000,101,North England,LS16 5<br>Avg. Price: 322K<br>Sales Volume: 101
2024,LS16 6,289000,242,North England,LS16 6<br>Avg. Price: 289K<br>Sales Volume: 242
2024,LS16 7,324000,179,North England,LS16 7<br>Avg. Price: 324K<br>Sales Volume: 179
2024,LS16 8,549000,88,North England,LS16 8<br>Avg. Price: 549K<br>Sales Volume: 88
2024,LS16 9,521000,88,North England,LS16 9<br>Avg. Price: 521K<br>Sales Volume: 88
2024,LS17 0,565000,14,North England,LS17 0<br>Avg. Price: 565K<br>Sales Volume: 14
2024,LS17 5,324000,92,North England,LS17 5<br>Avg. Price: 324K<br>Sales Volume: 92
2024,LS17 6,323000,149,North England,LS17 6<br>Avg. Price: 323K<br>Sales Volume: 149
2024,LS17 7,454000,131,North England,LS17 7<br>Avg. Price: 454K<br>Sales Volume: 131
2024,LS17 8,411000,173,North England,LS17 8<br>Avg. Price: 411K<br>Sales Volume: 173
2024,LS17 9,644000,68,North England,LS17 9<br>Avg. Price: 644K<br>Sales Volume: 68
2024,LS18 4,336000,212,North England,LS18 4<br>Avg. Price: 336K<br>Sales Volume: 212
2024,LS18 5,354000,195,North England,LS18 5<br>Avg. Price: 354K<br>Sales Volume: 195
2024,LS19 6,364000,110,North England,LS19 6<br>Avg. Price: 364K<br>Sales Volume: 110
2024,LS19 7,242000,220,North England,LS19 7<br>Avg. Price: 242K<br>Sales Volume: 220
2024,LS2 7,140000,29,North England,LS2 7<br>Avg. Price: 140K<br>Sales Volume: 29
2024,LS2 8,155000,25,North England,LS2 8<br>Avg. Price: 155K<br>Sales Volume: 25
2024,LS2 9,328000,15,North England,LS2 9<br>Avg. Price: 328K<br>Sales Volume: 15
2024,LS20 8,405000,94,North England,LS20 8<br>Avg. Price: 405K<br>Sales Volume: 94
2024,LS20 9,298000,108,North England,LS20 9<br>Avg. Price: 298K<br>Sales Volume: 108
2024,LS21 1,312000,130,North England,LS21 1<br>Avg. Price: 312K<br>Sales Volume: 130
2024,LS21 2,388000,86,North England,LS21 2<br>Avg. Price: 388K<br>Sales Volume: 86
2024,LS21 3,306000,84,North England,LS21 3<br>Avg. Price: 306K<br>Sales Volume: 84
2024,LS22 4,909000,22,North England,LS22 4<br>Avg. Price: 909K<br>Sales Volume: 22
2024,LS22 5,475000,92,North England,LS22 5<br>Avg. Price: 475K<br>Sales Volume: 92
2024,LS22 6,398000,110,North England,LS22 6<br>Avg. Price: 398K<br>Sales Volume: 110
2024,LS22 7,311000,87,North England,LS22 7<br>Avg. Price: 311K<br>Sales Volume: 87
2024,LS23 6,438000,135,North England,LS23 6<br>Avg. Price: 438K<br>Sales Volume: 135
2024,LS23 7,511000,22,North England,LS23 7<br>Avg. Price: 511K<br>Sales Volume: 22
2024,LS24 8,280000,48,North England,LS24 8<br>Avg. Price: 280K<br>Sales Volume: 48
2024,LS24 9,348000,146,North England,LS24 9<br>Avg. Price: 348K<br>Sales Volume: 146
2024,LS25 1,289000,191,North England,LS25 1<br>Avg. Price: 289K<br>Sales Volume: 191
2024,LS25 2,276000,117,North England,LS25 2<br>Avg. Price: 276K<br>Sales Volume: 117
2024,LS25 3,410000,12,North England,LS25 3<br>Avg. Price: 410K<br>Sales Volume: 12
2024,LS25 4,304000,134,North England,LS25 4<br>Avg. Price: 304K<br>Sales Volume: 134
2024,LS25 5,333000,80,North England,LS25 5<br>Avg. Price: 333K<br>Sales Volume: 80
2024,LS25 6,254000,173,North England,LS25 6<br>Avg. Price: 254K<br>Sales Volume: 173
2024,LS25 7,226000,181,North England,LS25 7<br>Avg. Price: 226K<br>Sales Volume: 181
2024,LS26 0,251000,207,North England,LS26 0<br>Avg. Price: 251K<br>Sales Volume: 207
2024,LS26 8,299000,232,North England,LS26 8<br>Avg. Price: 299K<br>Sales Volume: 232
2024,LS26 9,222000,65,North England,LS26 9<br>Avg. Price: 222K<br>Sales Volume: 65
2024,LS27 0,231000,159,North England,LS27 0<br>Avg. Price: 231K<br>Sales Volume: 159
2024,LS27 7,249000,238,North England,LS27 7<br>Avg. Price: 249K<br>Sales Volume: 238
2024,LS27 8,194000,190,North England,LS27 8<br>Avg. Price: 194K<br>Sales Volume: 190
2024,LS27 9,221000,128,North England,LS27 9<br>Avg. Price: 221K<br>Sales Volume: 128
2024,LS28 5,283000,201,North England,LS28 5<br>Avg. Price: 283K<br>Sales Volume: 201
2024,LS28 6,213000,71,North England,LS28 6<br>Avg. Price: 213K<br>Sales Volume: 71
2024,LS28 7,249000,150,North England,LS28 7<br>Avg. Price: 249K<br>Sales Volume: 150
2024,LS28 8,237000,114,North England,LS28 8<br>Avg. Price: 237K<br>Sales Volume: 114
2024,LS28 9,245000,113,North England,LS28 9<br>Avg. Price: 245K<br>Sales Volume: 113
2024,LS29 0,639000,76,North England,LS29 0<br>Avg. Price: 639K<br>Sales Volume: 76
2024,LS29 6,381000,152,North England,LS29 6<br>Avg. Price: 381K<br>Sales Volume: 152
2024,LS29 7,451000,156,North England,LS29 7<br>Avg. Price: 451K<br>Sales Volume: 156
2024,LS29 8,410000,171,North England,LS29 8<br>Avg. Price: 410K<br>Sales Volume: 171
2024,LS29 9,562000,107,North England,LS29 9<br>Avg. Price: 562K<br>Sales Volume: 107
2024,LS3 1,220000,25,North England,LS3 1<br>Avg. Price: 220K<br>Sales Volume: 25
2024,LS4 2,212000,147,North England,LS4 2<br>Avg. Price: 212K<br>Sales Volume: 147
2024,LS5 2,230000,1,North England,LS5 2<br>Avg. Price: 230K<br>Sales Volume: 1
2024,LS5 3,220000,127,North England,LS5 3<br>Avg. Price: 220K<br>Sales Volume: 127
2024,LS6 1,273000,112,North England,LS6 1<br>Avg. Price: 273K<br>Sales Volume: 112
2024,LS6 2,256000,99,North England,LS6 2<br>Avg. Price: 256K<br>Sales Volume: 99
2024,LS6 3,282000,104,North England,LS6 3<br>Avg. Price: 282K<br>Sales Volume: 104
2024,LS6 4,339000,154,North England,LS6 4<br>Avg. Price: 339K<br>Sales Volume: 154
2024,LS7 1,136000,18,North England,LS7 1<br>Avg. Price: 136K<br>Sales Volume: 18
2024,LS7 2,291000,145,North England,LS7 2<br>Avg. Price: 291K<br>Sales Volume: 145
2024,LS7 3,262000,86,North England,LS7 3<br>Avg. Price: 262K<br>Sales Volume: 86
2024,LS7 4,291000,108,North England,LS7 4<br>Avg. Price: 291K<br>Sales Volume: 108
2024,LS8 1,386000,134,North England,LS8 1<br>Avg. Price: 386K<br>Sales Volume: 134
2024,LS8 2,370000,152,North England,LS8 2<br>Avg. Price: 370K<br>Sales Volume: 152
2024,LS8 3,193000,124,North England,LS8 3<br>Avg. Price: 193K<br>Sales Volume: 124
2024,LS8 4,243000,73,North England,LS8 4<br>Avg. Price: 243K<br>Sales Volume: 73
2024,LS8 5,117000,89,North England,LS8 5<br>Avg. Price: 117K<br>Sales Volume: 89
2024,LS9 0,217000,83,North England,LS9 0<br>Avg. Price: 217K<br>Sales Volume: 83
2024,LS9 6,131000,141,North England,LS9 6<br>Avg. Price: 131K<br>Sales Volume: 141
2024,LS9 7,116000,54,North England,LS9 7<br>Avg. Price: 116K<br>Sales Volume: 54
2024,LS9 8,194000,218,North England,LS9 8<br>Avg. Price: 194K<br>Sales Volume: 218
2024,LS9 9,138000,104,North England,LS9 9<br>Avg. Price: 138K<br>Sales Volume: 104
2024,LU1 1,244000,85,South East,LU1 1<br>Avg. Price: 244K<br>Sales Volume: 85
2024,LU1 2,151000,6,South East,LU1 2<br>Avg. Price: 151K<br>Sales Volume: 6
2024,LU1 3,275000,119,South East,LU1 3<br>Avg. Price: 275K<br>Sales Volume: 119
2024,LU1 4,455000,79,South East,LU1 4<br>Avg. Price: 455K<br>Sales Volume: 79
2024,LU1 5,256000,113,South East,LU1 5<br>Avg. Price: 256K<br>Sales Volume: 113
2024,LU2 0,288000,207,South East,LU2 0<br>Avg. Price: 288K<br>Sales Volume: 207
2024,LU2 7,342000,300,South East,LU2 7<br>Avg. Price: 342K<br>Sales Volume: 300
2024,LU2 8,328000,176,South East,LU2 8<br>Avg. Price: 328K<br>Sales Volume: 176
2024,LU2 9,329000,119,South East,LU2 9<br>Avg. Price: 329K<br>Sales Volume: 119
2024,LU3 1,304000,162,South East,LU3 1<br>Avg. Price: 304K<br>Sales Volume: 162
2024,LU3 2,306000,184,South East,LU3 2<br>Avg. Price: 306K<br>Sales Volume: 184
2024,LU3 3,308000,211,South East,LU3 3<br>Avg. Price: 308K<br>Sales Volume: 211
2024,LU3 4,336000,85,South East,LU3 4<br>Avg. Price: 336K<br>Sales Volume: 85
2024,LU4 0,300000,138,South East,LU4 0<br>Avg. Price: 300K<br>Sales Volume: 138
2024,LU4 8,299000,77,South East,LU4 8<br>Avg. Price: 299K<br>Sales Volume: 77
2024,LU4 9,330000,198,South East,LU4 9<br>Avg. Price: 330K<br>Sales Volume: 198
2024,LU5 4,310000,170,South East,LU5 4<br>Avg. Price: 310K<br>Sales Volume: 170
2024,LU5 5,290000,202,South East,LU5 5<br>Avg. Price: 290K<br>Sales Volume: 202
2024,LU5 6,413000,311,South East,LU5 6<br>Avg. Price: 413K<br>Sales Volume: 311
2024,LU5 7,371000,96,South East,LU5 7<br>Avg. Price: 371K<br>Sales Volume: 96
2024,LU6 1,302000,163,South East,LU6 1<br>Avg. Price: 302K<br>Sales Volume: 163
2024,LU6 2,574000,138,South East,LU6 2<br>Avg. Price: 574K<br>Sales Volume: 138
2024,LU6 3,330000,176,South East,LU6 3<br>Avg. Price: 330K<br>Sales Volume: 176
2024,LU7 0,468000,141,South East,LU7 0<br>Avg. Price: 468K<br>Sales Volume: 141
2024,LU7 1,249000,104,South East,LU7 1<br>Avg. Price: 249K<br>Sales Volume: 104
2024,LU7 2,350000,154,South East,LU7 2<br>Avg. Price: 350K<br>Sales Volume: 154
2024,LU7 3,409000,462,South East,LU7 3<br>Avg. Price: 409K<br>Sales Volume: 462
2024,LU7 4,324000,154,South East,LU7 4<br>Avg. Price: 324K<br>Sales Volume: 154
2024,LU7 8,430000,1,South East,LU7 8<br>Avg. Price: 430K<br>Sales Volume: 1
2024,LU7 9,454000,160,South East,LU7 9<br>Avg. Price: 454K<br>Sales Volume: 160
2024,M1 1,206000,30,North England,M1 1<br>Avg. Price: 206K<br>Sales Volume: 30
2024,M1 2,261000,63,North England,M1 2<br>Avg. Price: 261K<br>Sales Volume: 63
2024,M1 3,295000,58,North England,M1 3<br>Avg. Price: 295K<br>Sales Volume: 58
2024,M1 4,243000,6,North England,M1 4<br>Avg. Price: 243K<br>Sales Volume: 6
2024,M1 5,361000,412,North England,M1 5<br>Avg. Price: 361K<br>Sales Volume: 412
2024,M1 6,213000,14,North England,M1 6<br>Avg. Price: 213K<br>Sales Volume: 14
2024,M1 7,195000,18,North England,M1 7<br>Avg. Price: 195K<br>Sales Volume: 18
2024,M11 1,175000,54,North England,M11 1<br>Avg. Price: 175K<br>Sales Volume: 54
2024,M11 2,170000,22,North England,M11 2<br>Avg. Price: 170K<br>Sales Volume: 22
2024,M11 3,228000,30,North England,M11 3<br>Avg. Price: 228K<br>Sales Volume: 30
2024,M11 4,161000,94,North England,M11 4<br>Avg. Price: 161K<br>Sales Volume: 94
2024,M12 4,176000,36,North England,M12 4<br>Avg. Price: 176K<br>Sales Volume: 36
2024,M12 5,190000,65,North England,M12 5<br>Avg. Price: 190K<br>Sales Volume: 65
2024,M12 6,209000,4,North England,M12 6<br>Avg. Price: 209K<br>Sales Volume: 4
2024,M13 0,215000,68,North England,M13 0<br>Avg. Price: 215K<br>Sales Volume: 68
2024,M13 9,256000,35,North England,M13 9<br>Avg. Price: 256K<br>Sales Volume: 35
2024,M14 4,220000,55,North England,M14 4<br>Avg. Price: 220K<br>Sales Volume: 55
2024,M14 5,259000,60,North England,M14 5<br>Avg. Price: 259K<br>Sales Volume: 60
2024,M14 6,299000,149,North England,M14 6<br>Avg. Price: 299K<br>Sales Volume: 149
2024,M14 7,218000,107,North England,M14 7<br>Avg. Price: 218K<br>Sales Volume: 107
2024,M15 4,318000,832,North England,M15 4<br>Avg. Price: 318K<br>Sales Volume: 832
2024,M15 5,194000,46,North England,M15 5<br>Avg. Price: 194K<br>Sales Volume: 46
2024,M15 6,229000,19,North England,M15 6<br>Avg. Price: 229K<br>Sales Volume: 19
2024,M16 0,264000,231,North England,M16 0<br>Avg. Price: 264K<br>Sales Volume: 231
2024,M16 7,246000,42,North England,M16 7<br>Avg. Price: 246K<br>Sales Volume: 42
2024,M16 8,286000,114,North England,M16 8<br>Avg. Price: 286K<br>Sales Volume: 114
2024,M16 9,288000,74,North England,M16 9<br>Avg. Price: 288K<br>Sales Volume: 74
2024,M17 1,253000,5,North England,M17 1<br>Avg. Price: 253K<br>Sales Volume: 5
2024,M18 7,200000,131,North England,M18 7<br>Avg. Price: 200K<br>Sales Volume: 131
2024,M18 8,163000,153,North England,M18 8<br>Avg. Price: 163K<br>Sales Volume: 153
2024,M19 1,277000,107,North England,M19 1<br>Avg. Price: 277K<br>Sales Volume: 107
2024,M19 2,289000,167,North England,M19 2<br>Avg. Price: 289K<br>Sales Volume: 167
2024,M19 3,239000,135,North England,M19 3<br>Avg. Price: 239K<br>Sales Volume: 135
2024,M2 1,321000,6,North England,M2 1<br>Avg. Price: 321K<br>Sales Volume: 6
2024,M2 3,1170000,1,North England,"M2 3<br>Avg. Price: 1,170K<br>Sales Volume: 1"
2024,M2 6,1750000,1,North England,"M2 6<br>Avg. Price: 1,750K<br>Sales Volume: 1"
2024,M20 1,347000,78,North England,M20 1<br>Avg. Price: 347K<br>Sales Volume: 78
2024,M20 2,419000,200,North England,M20 2<br>Avg. Price: 419K<br>Sales Volume: 200
2024,M20 3,356000,99,North England,M20 3<br>Avg. Price: 356K<br>Sales Volume: 99
2024,M20 4,315000,95,North England,M20 4<br>Avg. Price: 315K<br>Sales Volume: 95
2024,M20 5,505000,59,North England,M20 5<br>Avg. Price: 505K<br>Sales Volume: 59
2024,M20 6,433000,115,North England,M20 6<br>Avg. Price: 433K<br>Sales Volume: 115
2024,M21 0,382000,78,North England,M21 0<br>Avg. Price: 382K<br>Sales Volume: 78
2024,M21 7,311000,73,North England,M21 7<br>Avg. Price: 311K<br>Sales Volume: 73
2024,M21 8,430000,70,North England,M21 8<br>Avg. Price: 430K<br>Sales Volume: 70
2024,M21 9,403000,151,North England,M21 9<br>Avg. Price: 403K<br>Sales Volume: 151
2024,M22 0,206000,47,North England,M22 0<br>Avg. Price: 206K<br>Sales Volume: 47
2024,M22 1,216000,58,North England,M22 1<br>Avg. Price: 216K<br>Sales Volume: 58
2024,M22 4,265000,146,North England,M22 4<br>Avg. Price: 265K<br>Sales Volume: 146
2024,M22 5,275000,77,North England,M22 5<br>Avg. Price: 275K<br>Sales Volume: 77
2024,M22 8,200000,34,North England,M22 8<br>Avg. Price: 200K<br>Sales Volume: 34
2024,M22 9,205000,51,North England,M22 9<br>Avg. Price: 205K<br>Sales Volume: 51
2024,M23 0,275000,185,North England,M23 0<br>Avg. Price: 275K<br>Sales Volume: 185
2024,M23 1,246000,90,North England,M23 1<br>Avg. Price: 246K<br>Sales Volume: 90
2024,M23 2,224000,38,North England,M23 2<br>Avg. Price: 224K<br>Sales Volume: 38
2024,M23 9,293000,100,North England,M23 9<br>Avg. Price: 293K<br>Sales Volume: 100
2024,M24 1,267000,182,North England,M24 1<br>Avg. Price: 267K<br>Sales Volume: 182
2024,M24 2,204000,207,North England,M24 2<br>Avg. Price: 204K<br>Sales Volume: 207
2024,M24 4,190000,141,North England,M24 4<br>Avg. Price: 190K<br>Sales Volume: 141
2024,M24 5,205000,119,North England,M24 5<br>Avg. Price: 205K<br>Sales Volume: 119
2024,M24 6,224000,103,North England,M24 6<br>Avg. Price: 224K<br>Sales Volume: 103
2024,M25 0,385000,83,North England,M25 0<br>Avg. Price: 385K<br>Sales Volume: 83
2024,M25 1,252000,155,North England,M25 1<br>Avg. Price: 252K<br>Sales Volume: 155
2024,M25 2,286000,45,North England,M25 2<br>Avg. Price: 286K<br>Sales Volume: 45
2024,M25 3,349000,58,North England,M25 3<br>Avg. Price: 349K<br>Sales Volume: 58
2024,M25 9,344000,127,North England,M25 9<br>Avg. Price: 344K<br>Sales Volume: 127
2024,M26 1,199000,149,North England,M26 1<br>Avg. Price: 199K<br>Sales Volume: 149
2024,M26 2,168000,105,North England,M26 2<br>Avg. Price: 168K<br>Sales Volume: 105
2024,M26 3,201000,138,North England,M26 3<br>Avg. Price: 201K<br>Sales Volume: 138
2024,M26 4,198000,139,North England,M26 4<br>Avg. Price: 198K<br>Sales Volume: 139
2024,M27 0,276000,106,North England,M27 0<br>Avg. Price: 276K<br>Sales Volume: 106
2024,M27 4,225000,92,North England,M27 4<br>Avg. Price: 225K<br>Sales Volume: 92
2024,M27 5,261000,117,North England,M27 5<br>Avg. Price: 261K<br>Sales Volume: 117
2024,M27 6,203000,77,North England,M27 6<br>Avg. Price: 203K<br>Sales Volume: 77
2024,M27 8,195000,125,North England,M27 8<br>Avg. Price: 195K<br>Sales Volume: 125
2024,M27 9,218000,96,North England,M27 9<br>Avg. Price: 218K<br>Sales Volume: 96
2024,M28 0,232000,57,North England,M28 0<br>Avg. Price: 232K<br>Sales Volume: 57
2024,M28 1,320000,188,North England,M28 1<br>Avg. Price: 320K<br>Sales Volume: 188
2024,M28 2,397000,81,North England,M28 2<br>Avg. Price: 397K<br>Sales Volume: 81
2024,M28 3,238000,244,North England,M28 3<br>Avg. Price: 238K<br>Sales Volume: 244
2024,M28 7,313000,120,North England,M28 7<br>Avg. Price: 313K<br>Sales Volume: 120
2024,M29 7,265000,163,North England,M29 7<br>Avg. Price: 265K<br>Sales Volume: 163
2024,M29 8,199000,164,North England,M29 8<br>Avg. Price: 199K<br>Sales Volume: 164
2024,M3 1,217000,11,North England,M3 1<br>Avg. Price: 217K<br>Sales Volume: 11
2024,M3 2,198000,2,North England,M3 2<br>Avg. Price: 198K<br>Sales Volume: 2
2024,M3 3,302000,19,North England,M3 3<br>Avg. Price: 302K<br>Sales Volume: 19
2024,M3 4,271000,86,North England,M3 4<br>Avg. Price: 271K<br>Sales Volume: 86
2024,M3 5,227000,38,North England,M3 5<br>Avg. Price: 227K<br>Sales Volume: 38
2024,M3 6,191000,104,North England,M3 6<br>Avg. Price: 191K<br>Sales Volume: 104
2024,M3 7,238000,66,North England,M3 7<br>Avg. Price: 238K<br>Sales Volume: 66
2024,M30 0,201000,135,North England,M30 0<br>Avg. Price: 201K<br>Sales Volume: 135
2024,M30 7,205000,122,North England,M30 7<br>Avg. Price: 205K<br>Sales Volume: 122
2024,M30 8,234000,162,North England,M30 8<br>Avg. Price: 234K<br>Sales Volume: 162
2024,M30 9,353000,154,North England,M30 9<br>Avg. Price: 353K<br>Sales Volume: 154
2024,M31 4,241000,145,North England,M31 4<br>Avg. Price: 241K<br>Sales Volume: 145
2024,M32 0,255000,128,North England,M32 0<br>Avg. Price: 255K<br>Sales Volume: 128
2024,M32 8,363000,85,North England,M32 8<br>Avg. Price: 363K<br>Sales Volume: 85
2024,M32 9,310000,105,North England,M32 9<br>Avg. Price: 310K<br>Sales Volume: 105
2024,M33 2,359000,188,North England,M33 2<br>Avg. Price: 359K<br>Sales Volume: 188
2024,M33 3,418000,201,North England,M33 3<br>Avg. Price: 418K<br>Sales Volume: 201
2024,M33 4,427000,143,North England,M33 4<br>Avg. Price: 427K<br>Sales Volume: 143
2024,M33 5,440000,132,North England,M33 5<br>Avg. Price: 440K<br>Sales Volume: 132
2024,M33 6,440000,123,North England,M33 6<br>Avg. Price: 440K<br>Sales Volume: 123
2024,M33 7,325000,102,North England,M33 7<br>Avg. Price: 325K<br>Sales Volume: 102
2024,M34 2,239000,158,North England,M34 2<br>Avg. Price: 239K<br>Sales Volume: 158
2024,M34 3,222000,199,North England,M34 3<br>Avg. Price: 222K<br>Sales Volume: 199
2024,M34 5,234000,198,North England,M34 5<br>Avg. Price: 234K<br>Sales Volume: 198
2024,M34 6,214000,54,North England,M34 6<br>Avg. Price: 214K<br>Sales Volume: 54
2024,M34 7,205000,101,North England,M34 7<br>Avg. Price: 205K<br>Sales Volume: 101
2024,M35 0,192000,188,North England,M35 0<br>Avg. Price: 192K<br>Sales Volume: 188
2024,M35 9,210000,143,North England,M35 9<br>Avg. Price: 210K<br>Sales Volume: 143
2024,M38 0,151000,29,North England,M38 0<br>Avg. Price: 151K<br>Sales Volume: 29
2024,M38 9,194000,151,North England,M38 9<br>Avg. Price: 194K<br>Sales Volume: 151
2024,M4 1,212000,50,North England,M4 1<br>Avg. Price: 212K<br>Sales Volume: 50
2024,M4 2,145000,3,North England,M4 2<br>Avg. Price: 145K<br>Sales Volume: 3
2024,M4 4,268000,120,North England,M4 4<br>Avg. Price: 268K<br>Sales Volume: 120
2024,M4 5,323000,63,North England,M4 5<br>Avg. Price: 323K<br>Sales Volume: 63
2024,M4 6,282000,82,North England,M4 6<br>Avg. Price: 282K<br>Sales Volume: 82
2024,M4 7,300000,247,North England,M4 7<br>Avg. Price: 300K<br>Sales Volume: 247
2024,M40 0,176000,57,North England,M40 0<br>Avg. Price: 176K<br>Sales Volume: 57
2024,M40 1,163000,89,North England,M40 1<br>Avg. Price: 163K<br>Sales Volume: 89
2024,M40 2,169000,27,North England,M40 2<br>Avg. Price: 169K<br>Sales Volume: 27
2024,M40 3,206000,118,North England,M40 3<br>Avg. Price: 206K<br>Sales Volume: 118
2024,M40 5,193000,53,North England,M40 5<br>Avg. Price: 193K<br>Sales Volume: 53
2024,M40 7,283000,78,North England,M40 7<br>Avg. Price: 283K<br>Sales Volume: 78
2024,M40 8,126000,16,North England,M40 8<br>Avg. Price: 126K<br>Sales Volume: 16
2024,M40 9,163000,58,North England,M40 9<br>Avg. Price: 163K<br>Sales Volume: 58
2024,M41 0,369000,82,North England,M41 0<br>Avg. Price: 369K<br>Sales Volume: 82
2024,M41 5,347000,90,North England,M41 5<br>Avg. Price: 347K<br>Sales Volume: 90
2024,M41 6,360000,78,North England,M41 6<br>Avg. Price: 360K<br>Sales Volume: 78
2024,M41 7,293000,75,North England,M41 7<br>Avg. Price: 293K<br>Sales Volume: 75
2024,M41 8,378000,96,North England,M41 8<br>Avg. Price: 378K<br>Sales Volume: 96
2024,M41 9,331000,161,North England,M41 9<br>Avg. Price: 331K<br>Sales Volume: 161
2024,M43 6,234000,221,North England,M43 6<br>Avg. Price: 234K<br>Sales Volume: 221
2024,M43 7,211000,186,North England,M43 7<br>Avg. Price: 211K<br>Sales Volume: 186
2024,M44 5,214000,108,North England,M44 5<br>Avg. Price: 214K<br>Sales Volume: 108
2024,M44 6,230000,167,North England,M44 6<br>Avg. Price: 230K<br>Sales Volume: 167
2024,M45 6,259000,73,North England,M45 6<br>Avg. Price: 259K<br>Sales Volume: 73
2024,M45 7,350000,142,North England,M45 7<br>Avg. Price: 350K<br>Sales Volume: 142
2024,M45 8,212000,97,North England,M45 8<br>Avg. Price: 212K<br>Sales Volume: 97
2024,M46 0,200000,231,North England,M46 0<br>Avg. Price: 200K<br>Sales Volume: 231
2024,M46 9,201000,163,North England,M46 9<br>Avg. Price: 201K<br>Sales Volume: 163
2024,M5 3,184000,118,North England,M5 3<br>Avg. Price: 184K<br>Sales Volume: 118
2024,M5 4,233000,458,North England,M5 4<br>Avg. Price: 233K<br>Sales Volume: 458
2024,M5 5,197000,60,North England,M5 5<br>Avg. Price: 197K<br>Sales Volume: 60
2024,M50 1,110000,21,North England,M50 1<br>Avg. Price: 110K<br>Sales Volume: 21
2024,M50 2,201000,96,North England,M50 2<br>Avg. Price: 201K<br>Sales Volume: 96
2024,M50 3,218000,137,North England,M50 3<br>Avg. Price: 218K<br>Sales Volume: 137
2024,M6 5,205000,131,North England,M6 5<br>Avg. Price: 205K<br>Sales Volume: 131
2024,M6 6,151000,344,North England,M6 6<br>Avg. Price: 151K<br>Sales Volume: 344
2024,M6 7,229000,105,North England,M6 7<br>Avg. Price: 229K<br>Sales Volume: 105
2024,M6 8,254000,144,North England,M6 8<br>Avg. Price: 254K<br>Sales Volume: 144
2024,M7 1,231000,36,North England,M7 1<br>Avg. Price: 231K<br>Sales Volume: 36
2024,M7 2,264000,45,North England,M7 2<br>Avg. Price: 264K<br>Sales Volume: 45
2024,M7 3,215000,78,North England,M7 3<br>Avg. Price: 215K<br>Sales Volume: 78
2024,M7 4,383000,112,North England,M7 4<br>Avg. Price: 383K<br>Sales Volume: 112
2024,M8 0,172000,50,North England,M8 0<br>Avg. Price: 172K<br>Sales Volume: 50
2024,M8 4,207000,91,North England,M8 4<br>Avg. Price: 207K<br>Sales Volume: 91
2024,M8 5,299000,47,North England,M8 5<br>Avg. Price: 299K<br>Sales Volume: 47
2024,M8 8,186000,33,North England,M8 8<br>Avg. Price: 186K<br>Sales Volume: 33
2024,M8 9,208000,14,North England,M8 9<br>Avg. Price: 208K<br>Sales Volume: 14
2024,M9 0,199000,36,North England,M9 0<br>Avg. Price: 199K<br>Sales Volume: 36
2024,M9 4,148000,117,North England,M9 4<br>Avg. Price: 148K<br>Sales Volume: 117
2024,M9 5,155000,25,North England,M9 5<br>Avg. Price: 155K<br>Sales Volume: 25
2024,M9 6,204000,71,North England,M9 6<br>Avg. Price: 204K<br>Sales Volume: 71
2024,M9 7,206000,72,North England,M9 7<br>Avg. Price: 206K<br>Sales Volume: 72
2024,M9 8,152000,134,North England,M9 8<br>Avg. Price: 152K<br>Sales Volume: 134
2024,ME1 1,251000,143,South East,ME1 1<br>Avg. Price: 251K<br>Sales Volume: 143
2024,ME1 2,312000,182,South East,ME1 2<br>Avg. Price: 312K<br>Sales Volume: 182
2024,ME1 3,366000,197,South East,ME1 3<br>Avg. Price: 366K<br>Sales Volume: 197
2024,ME10 1,344000,240,South East,ME10 1<br>Avg. Price: 344K<br>Sales Volume: 240
2024,ME10 2,288000,270,South East,ME10 2<br>Avg. Price: 288K<br>Sales Volume: 270
2024,ME10 3,273000,187,South East,ME10 3<br>Avg. Price: 273K<br>Sales Volume: 187
2024,ME10 4,286000,169,South East,ME10 4<br>Avg. Price: 286K<br>Sales Volume: 169
2024,ME10 5,288000,64,South East,ME10 5<br>Avg. Price: 288K<br>Sales Volume: 64
2024,ME11 5,221000,35,South East,ME11 5<br>Avg. Price: 221K<br>Sales Volume: 35
2024,ME12 1,213000,66,South East,ME12 1<br>Avg. Price: 213K<br>Sales Volume: 66
2024,ME12 2,276000,192,South East,ME12 2<br>Avg. Price: 276K<br>Sales Volume: 192
2024,ME12 3,296000,274,South East,ME12 3<br>Avg. Price: 296K<br>Sales Volume: 274
2024,ME12 4,279000,54,South East,ME12 4<br>Avg. Price: 279K<br>Sales Volume: 54
2024,ME13 0,509000,25,South East,ME13 0<br>Avg. Price: 509K<br>Sales Volume: 25
2024,ME13 7,350000,198,South East,ME13 7<br>Avg. Price: 350K<br>Sales Volume: 198
2024,ME13 8,365000,182,South East,ME13 8<br>Avg. Price: 365K<br>Sales Volume: 182
2024,ME13 9,502000,55,South East,ME13 9<br>Avg. Price: 502K<br>Sales Volume: 55
2024,ME14 1,256000,129,South East,ME14 1<br>Avg. Price: 256K<br>Sales Volume: 129
2024,ME14 2,289000,207,South East,ME14 2<br>Avg. Price: 289K<br>Sales Volume: 207
2024,ME14 3,485000,25,South East,ME14 3<br>Avg. Price: 485K<br>Sales Volume: 25
2024,ME14 4,564000,80,South East,ME14 4<br>Avg. Price: 564K<br>Sales Volume: 80
2024,ME14 5,407000,164,South East,ME14 5<br>Avg. Price: 407K<br>Sales Volume: 164
2024,ME15 0,484000,47,South East,ME15 0<br>Avg. Price: 484K<br>Sales Volume: 47
2024,ME15 6,268000,144,South East,ME15 6<br>Avg. Price: 268K<br>Sales Volume: 144
2024,ME15 7,300000,123,South East,ME15 7<br>Avg. Price: 300K<br>Sales Volume: 123
2024,ME15 8,355000,207,South East,ME15 8<br>Avg. Price: 355K<br>Sales Volume: 207
2024,ME15 9,368000,146,South East,ME15 9<br>Avg. Price: 368K<br>Sales Volume: 146
2024,ME16 0,372000,208,South East,ME16 0<br>Avg. Price: 372K<br>Sales Volume: 208
2024,ME16 8,263000,184,South East,ME16 8<br>Avg. Price: 263K<br>Sales Volume: 184
2024,ME16 9,433000,155,South East,ME16 9<br>Avg. Price: 433K<br>Sales Volume: 155
2024,ME17 1,519000,78,South East,ME17 1<br>Avg. Price: 519K<br>Sales Volume: 78
2024,ME17 2,429000,74,South East,ME17 2<br>Avg. Price: 429K<br>Sales Volume: 74
2024,ME17 3,476000,136,South East,ME17 3<br>Avg. Price: 476K<br>Sales Volume: 136
2024,ME17 4,375000,159,South East,ME17 4<br>Avg. Price: 375K<br>Sales Volume: 159
2024,ME18 5,491000,48,South East,ME18 5<br>Avg. Price: 491K<br>Sales Volume: 48
2024,ME18 6,444000,27,South East,ME18 6<br>Avg. Price: 444K<br>Sales Volume: 27
2024,ME19 4,533000,183,South East,ME19 4<br>Avg. Price: 533K<br>Sales Volume: 183
2024,ME19 5,490000,128,South East,ME19 5<br>Avg. Price: 490K<br>Sales Volume: 128
2024,ME19 6,452000,110,South East,ME19 6<br>Avg. Price: 452K<br>Sales Volume: 110
2024,ME2 1,363000,87,South East,ME2 1<br>Avg. Price: 363K<br>Sales Volume: 87
2024,ME2 2,290000,183,South East,ME2 2<br>Avg. Price: 290K<br>Sales Volume: 183
2024,ME2 3,326000,180,South East,ME2 3<br>Avg. Price: 326K<br>Sales Volume: 180
2024,ME2 4,307000,115,South East,ME2 4<br>Avg. Price: 307K<br>Sales Volume: 115
2024,ME20 6,376000,216,South East,ME20 6<br>Avg. Price: 376K<br>Sales Volume: 216
2024,ME20 7,394000,181,South East,ME20 7<br>Avg. Price: 394K<br>Sales Volume: 181
2024,ME3 0,269000,21,South East,ME3 0<br>Avg. Price: 269K<br>Sales Volume: 21
2024,ME3 7,402000,71,South East,ME3 7<br>Avg. Price: 402K<br>Sales Volume: 71
2024,ME3 8,445000,177,South East,ME3 8<br>Avg. Price: 445K<br>Sales Volume: 177
2024,ME3 9,350000,199,South East,ME3 9<br>Avg. Price: 350K<br>Sales Volume: 199
2024,ME4 3,405000,76,South East,ME4 3<br>Avg. Price: 405K<br>Sales Volume: 76
2024,ME4 4,266000,163,South East,ME4 4<br>Avg. Price: 266K<br>Sales Volume: 163
2024,ME4 5,211000,163,South East,ME4 5<br>Avg. Price: 211K<br>Sales Volume: 163
2024,ME4 6,273000,136,South East,ME4 6<br>Avg. Price: 273K<br>Sales Volume: 136
2024,ME5 0,294000,130,South East,ME5 0<br>Avg. Price: 294K<br>Sales Volume: 130
2024,ME5 7,259000,208,South East,ME5 7<br>Avg. Price: 259K<br>Sales Volume: 208
2024,ME5 8,320000,217,South East,ME5 8<br>Avg. Price: 320K<br>Sales Volume: 217
2024,ME5 9,346000,169,South East,ME5 9<br>Avg. Price: 346K<br>Sales Volume: 169
2024,ME6 5,298000,179,South East,ME6 5<br>Avg. Price: 298K<br>Sales Volume: 179
2024,ME7 1,207000,191,South East,ME7 1<br>Avg. Price: 207K<br>Sales Volume: 191
2024,ME7 2,289000,171,South East,ME7 2<br>Avg. Price: 289K<br>Sales Volume: 171
2024,ME7 3,433000,92,South East,ME7 3<br>Avg. Price: 433K<br>Sales Volume: 92
2024,ME7 4,254000,141,South East,ME7 4<br>Avg. Price: 254K<br>Sales Volume: 141
2024,ME7 5,241000,110,South East,ME7 5<br>Avg. Price: 241K<br>Sales Volume: 110
2024,ME8 0,459000,105,South East,ME8 0<br>Avg. Price: 459K<br>Sales Volume: 105
2024,ME8 6,294000,128,South East,ME8 6<br>Avg. Price: 294K<br>Sales Volume: 128
2024,ME8 7,394000,207,South East,ME8 7<br>Avg. Price: 394K<br>Sales Volume: 207
2024,ME8 8,311000,210,South East,ME8 8<br>Avg. Price: 311K<br>Sales Volume: 210
2024,ME8 9,327000,190,South East,ME8 9<br>Avg. Price: 327K<br>Sales Volume: 190
2024,ME9 0,514000,28,South East,ME9 0<br>Avg. Price: 514K<br>Sales Volume: 28
2024,ME9 7,439000,103,South East,ME9 7<br>Avg. Price: 439K<br>Sales Volume: 103
2024,ME9 8,409000,149,South East,ME9 8<br>Avg. Price: 409K<br>Sales Volume: 149
2024,ME9 9,304000,73,South East,ME9 9<br>Avg. Price: 304K<br>Sales Volume: 73
2024,MK1 1,228000,6,South East,MK1 1<br>Avg. Price: 228K<br>Sales Volume: 6
2024,MK10 7,361000,191,South East,MK10 7<br>Avg. Price: 361K<br>Sales Volume: 191
2024,MK10 9,356000,139,South East,MK10 9<br>Avg. Price: 356K<br>Sales Volume: 139
2024,MK11 1,345000,88,South East,MK11 1<br>Avg. Price: 345K<br>Sales Volume: 88
2024,MK11 2,230000,8,South East,MK11 2<br>Avg. Price: 230K<br>Sales Volume: 8
2024,MK11 4,315000,77,South East,MK11 4<br>Avg. Price: 315K<br>Sales Volume: 77
2024,MK12 5,302000,133,South East,MK12 5<br>Avg. Price: 302K<br>Sales Volume: 133
2024,MK12 6,254000,35,South East,MK12 6<br>Avg. Price: 254K<br>Sales Volume: 35
2024,MK13 0,271000,64,South East,MK13 0<br>Avg. Price: 271K<br>Sales Volume: 64
2024,MK13 7,283000,111,South East,MK13 7<br>Avg. Price: 283K<br>Sales Volume: 111
2024,MK13 8,335000,28,South East,MK13 8<br>Avg. Price: 335K<br>Sales Volume: 28
2024,MK13 9,314000,34,South East,MK13 9<br>Avg. Price: 314K<br>Sales Volume: 34
2024,MK14 5,380000,90,South East,MK14 5<br>Avg. Price: 380K<br>Sales Volume: 90
2024,MK14 6,307000,71,South East,MK14 6<br>Avg. Price: 307K<br>Sales Volume: 71
2024,MK14 7,241000,55,South East,MK14 7<br>Avg. Price: 241K<br>Sales Volume: 55
2024,MK15 0,559000,15,South East,MK15 0<br>Avg. Price: 559K<br>Sales Volume: 15
2024,MK15 8,345000,23,South East,MK15 8<br>Avg. Price: 345K<br>Sales Volume: 23
2024,MK15 9,396000,57,South East,MK15 9<br>Avg. Price: 396K<br>Sales Volume: 57
2024,MK16 0,406000,93,South East,MK16 0<br>Avg. Price: 406K<br>Sales Volume: 93
2024,MK16 8,348000,121,South East,MK16 8<br>Avg. Price: 348K<br>Sales Volume: 121
2024,MK16 9,396000,77,South East,MK16 9<br>Avg. Price: 396K<br>Sales Volume: 77
2024,MK17 0,547000,75,South East,MK17 0<br>Avg. Price: 547K<br>Sales Volume: 75
2024,MK17 7,475000,190,South East,MK17 7<br>Avg. Price: 475K<br>Sales Volume: 190
2024,MK17 8,496000,204,South East,MK17 8<br>Avg. Price: 496K<br>Sales Volume: 204
2024,MK17 9,600000,115,South East,MK17 9<br>Avg. Price: 600K<br>Sales Volume: 115
2024,MK18 1,390000,202,South East,MK18 1<br>Avg. Price: 390K<br>Sales Volume: 202
2024,MK18 2,495000,102,South East,MK18 2<br>Avg. Price: 495K<br>Sales Volume: 102
2024,MK18 3,467000,144,South East,MK18 3<br>Avg. Price: 467K<br>Sales Volume: 144
2024,MK18 4,493000,64,South East,MK18 4<br>Avg. Price: 493K<br>Sales Volume: 64
2024,MK18 5,540000,23,South East,MK18 5<br>Avg. Price: 540K<br>Sales Volume: 23
2024,MK18 6,1150000,1,South East,"MK18 6<br>Avg. Price: 1,150K<br>Sales Volume: 1"
2024,MK18 7,357000,55,South East,MK18 7<br>Avg. Price: 357K<br>Sales Volume: 55
2024,MK19 6,380000,89,South East,MK19 6<br>Avg. Price: 380K<br>Sales Volume: 89
2024,MK19 7,429000,72,South East,MK19 7<br>Avg. Price: 429K<br>Sales Volume: 72
2024,MK2 2,221000,115,South East,MK2 2<br>Avg. Price: 221K<br>Sales Volume: 115
2024,MK2 3,244000,70,South East,MK2 3<br>Avg. Price: 244K<br>Sales Volume: 70
2024,MK3 5,297000,253,South East,MK3 5<br>Avg. Price: 297K<br>Sales Volume: 253
2024,MK3 6,329000,79,South East,MK3 6<br>Avg. Price: 329K<br>Sales Volume: 79
2024,MK3 7,330000,104,South East,MK3 7<br>Avg. Price: 330K<br>Sales Volume: 104
2024,MK4 1,335000,55,South East,MK4 1<br>Avg. Price: 335K<br>Sales Volume: 55
2024,MK4 2,357000,64,South East,MK4 2<br>Avg. Price: 357K<br>Sales Volume: 64
2024,MK4 3,365000,60,South East,MK4 3<br>Avg. Price: 365K<br>Sales Volume: 60
2024,MK4 4,397000,227,South East,MK4 4<br>Avg. Price: 397K<br>Sales Volume: 227
2024,MK40 1,212000,43,South East,MK40 1<br>Avg. Price: 212K<br>Sales Volume: 43
2024,MK40 2,274000,100,South East,MK40 2<br>Avg. Price: 274K<br>Sales Volume: 100
2024,MK40 3,398000,133,South East,MK40 3<br>Avg. Price: 398K<br>Sales Volume: 133
2024,MK40 4,434000,295,South East,MK40 4<br>Avg. Price: 434K<br>Sales Volume: 295
2024,MK41 0,334000,106,South East,MK41 0<br>Avg. Price: 334K<br>Sales Volume: 106
2024,MK41 6,344000,66,South East,MK41 6<br>Avg. Price: 344K<br>Sales Volume: 66
2024,MK41 7,328000,178,South East,MK41 7<br>Avg. Price: 328K<br>Sales Volume: 178
2024,MK41 8,376000,96,South East,MK41 8<br>Avg. Price: 376K<br>Sales Volume: 96
2024,MK41 9,363000,129,South East,MK41 9<br>Avg. Price: 363K<br>Sales Volume: 129
2024,MK42 0,329000,257,South East,MK42 0<br>Avg. Price: 329K<br>Sales Volume: 257
2024,MK42 6,367000,198,South East,MK42 6<br>Avg. Price: 367K<br>Sales Volume: 198
2024,MK42 7,284000,143,South East,MK42 7<br>Avg. Price: 284K<br>Sales Volume: 143
2024,MK42 8,287000,135,South East,MK42 8<br>Avg. Price: 287K<br>Sales Volume: 135
2024,MK42 9,262000,141,South East,MK42 9<br>Avg. Price: 262K<br>Sales Volume: 141
2024,MK43 0,366000,205,South East,MK43 0<br>Avg. Price: 366K<br>Sales Volume: 205
2024,MK43 1,415000,43,South East,MK43 1<br>Avg. Price: 415K<br>Sales Volume: 43
2024,MK43 2,441000,29,South East,MK43 2<br>Avg. Price: 441K<br>Sales Volume: 29
2024,MK43 7,450000,87,South East,MK43 7<br>Avg. Price: 450K<br>Sales Volume: 87
2024,MK43 8,490000,122,South East,MK43 8<br>Avg. Price: 490K<br>Sales Volume: 122
2024,MK43 9,360000,160,South East,MK43 9<br>Avg. Price: 360K<br>Sales Volume: 160
2024,MK44 1,448000,74,South East,MK44 1<br>Avg. Price: 448K<br>Sales Volume: 74
2024,MK44 2,528000,62,South East,MK44 2<br>Avg. Price: 528K<br>Sales Volume: 62
2024,MK44 3,460000,113,South East,MK44 3<br>Avg. Price: 460K<br>Sales Volume: 113
2024,MK45 1,367000,234,South East,MK45 1<br>Avg. Price: 367K<br>Sales Volume: 234
2024,MK45 2,474000,200,South East,MK45 2<br>Avg. Price: 474K<br>Sales Volume: 200
2024,MK45 3,397000,139,South East,MK45 3<br>Avg. Price: 397K<br>Sales Volume: 139
2024,MK45 4,467000,146,South East,MK45 4<br>Avg. Price: 467K<br>Sales Volume: 146
2024,MK45 5,546000,80,South East,MK45 5<br>Avg. Price: 546K<br>Sales Volume: 80
2024,MK46 4,445000,102,South East,MK46 4<br>Avg. Price: 445K<br>Sales Volume: 102
2024,MK46 5,452000,133,South East,MK46 5<br>Avg. Price: 452K<br>Sales Volume: 133
2024,MK5 6,429000,101,South East,MK5 6<br>Avg. Price: 429K<br>Sales Volume: 101
2024,MK5 7,451000,50,South East,MK5 7<br>Avg. Price: 451K<br>Sales Volume: 50
2024,MK5 8,669000,31,South East,MK5 8<br>Avg. Price: 669K<br>Sales Volume: 31
2024,MK6 2,240000,88,South East,MK6 2<br>Avg. Price: 240K<br>Sales Volume: 88
2024,MK6 3,330000,53,South East,MK6 3<br>Avg. Price: 330K<br>Sales Volume: 53
2024,MK6 4,235000,25,South East,MK6 4<br>Avg. Price: 235K<br>Sales Volume: 25
2024,MK6 5,235000,45,South East,MK6 5<br>Avg. Price: 235K<br>Sales Volume: 45
2024,MK7 6,338000,34,South East,MK7 6<br>Avg. Price: 338K<br>Sales Volume: 34
2024,MK7 7,302000,98,South East,MK7 7<br>Avg. Price: 302K<br>Sales Volume: 98
2024,MK7 8,364000,51,South East,MK7 8<br>Avg. Price: 364K<br>Sales Volume: 51
2024,MK8 0,311000,39,South East,MK8 0<br>Avg. Price: 311K<br>Sales Volume: 39
2024,MK8 1,438000,368,South East,MK8 1<br>Avg. Price: 438K<br>Sales Volume: 368
2024,MK8 8,351000,41,South East,MK8 8<br>Avg. Price: 351K<br>Sales Volume: 41
2024,MK8 9,359000,26,South East,MK8 9<br>Avg. Price: 359K<br>Sales Volume: 26
2024,MK9 1,274000,68,South East,MK9 1<br>Avg. Price: 274K<br>Sales Volume: 68
2024,MK9 2,222000,18,South East,MK9 2<br>Avg. Price: 222K<br>Sales Volume: 18
2024,MK9 3,214000,17,South East,MK9 3<br>Avg. Price: 214K<br>Sales Volume: 17
2024,MK9 4,307000,38,South East,MK9 4<br>Avg. Price: 307K<br>Sales Volume: 38
2024,N1 0,1007000,92,Greater London,"N1 0<br>Avg. Price: 1,007K<br>Sales Volume: 92"
2024,N1 1,1103000,152,Greater London,"N1 1<br>Avg. Price: 1,103K<br>Sales Volume: 152"
2024,N1 2,1080000,138,Greater London,"N1 2<br>Avg. Price: 1,080K<br>Sales Volume: 138"
2024,N1 3,869000,98,Greater London,N1 3<br>Avg. Price: 869K<br>Sales Volume: 98
2024,N1 4,909000,104,Greater London,N1 4<br>Avg. Price: 909K<br>Sales Volume: 104
2024,N1 5,727000,114,Greater London,N1 5<br>Avg. Price: 727K<br>Sales Volume: 114
2024,N1 6,620000,51,Greater London,N1 6<br>Avg. Price: 620K<br>Sales Volume: 51
2024,N1 7,765000,149,Greater London,N1 7<br>Avg. Price: 765K<br>Sales Volume: 149
2024,N1 8,1103000,101,Greater London,"N1 8<br>Avg. Price: 1,103K<br>Sales Volume: 101"
2024,N1 9,657000,64,Greater London,N1 9<br>Avg. Price: 657K<br>Sales Volume: 64
2024,N10 1,697000,92,Greater London,N10 1<br>Avg. Price: 697K<br>Sales Volume: 92
2024,N10 2,909000,100,Greater London,N10 2<br>Avg. Price: 909K<br>Sales Volume: 100
2024,N10 3,1085000,114,Greater London,"N10 3<br>Avg. Price: 1,085K<br>Sales Volume: 114"
2024,N11 1,496000,83,Greater London,N11 1<br>Avg. Price: 496K<br>Sales Volume: 83
2024,N11 2,668000,116,Greater London,N11 2<br>Avg. Price: 668K<br>Sales Volume: 116
2024,N11 3,525000,94,Greater London,N11 3<br>Avg. Price: 525K<br>Sales Volume: 94
2024,N12 0,520000,81,Greater London,N12 0<br>Avg. Price: 520K<br>Sales Volume: 81
2024,N12 7,806000,83,Greater London,N12 7<br>Avg. Price: 806K<br>Sales Volume: 83
2024,N12 8,619000,101,Greater London,N12 8<br>Avg. Price: 619K<br>Sales Volume: 101
2024,N12 9,502000,135,Greater London,N12 9<br>Avg. Price: 502K<br>Sales Volume: 135
2024,N13 4,561000,136,Greater London,N13 4<br>Avg. Price: 561K<br>Sales Volume: 136
2024,N13 5,527000,113,Greater London,N13 5<br>Avg. Price: 527K<br>Sales Volume: 113
2024,N13 6,437000,52,Greater London,N13 6<br>Avg. Price: 437K<br>Sales Volume: 52
2024,N14 4,539000,121,Greater London,N14 4<br>Avg. Price: 539K<br>Sales Volume: 121
2024,N14 5,611000,59,Greater London,N14 5<br>Avg. Price: 611K<br>Sales Volume: 59
2024,N14 6,611000,89,Greater London,N14 6<br>Avg. Price: 611K<br>Sales Volume: 89
2024,N14 7,816000,53,Greater London,N14 7<br>Avg. Price: 816K<br>Sales Volume: 53
2024,N15 3,565000,88,Greater London,N15 3<br>Avg. Price: 565K<br>Sales Volume: 88
2024,N15 4,524000,150,Greater London,N15 4<br>Avg. Price: 524K<br>Sales Volume: 150
2024,N15 5,459000,105,Greater London,N15 5<br>Avg. Price: 459K<br>Sales Volume: 105
2024,N15 6,667000,95,Greater London,N15 6<br>Avg. Price: 667K<br>Sales Volume: 95
2024,N16 0,909000,79,Greater London,N16 0<br>Avg. Price: 909K<br>Sales Volume: 79
2024,N16 5,749000,129,Greater London,N16 5<br>Avg. Price: 749K<br>Sales Volume: 129
2024,N16 6,623000,110,Greater London,N16 6<br>Avg. Price: 623K<br>Sales Volume: 110
2024,N16 7,688000,118,Greater London,N16 7<br>Avg. Price: 688K<br>Sales Volume: 118
2024,N16 8,668000,127,Greater London,N16 8<br>Avg. Price: 668K<br>Sales Volume: 127
2024,N16 9,863000,75,Greater London,N16 9<br>Avg. Price: 863K<br>Sales Volume: 75
2024,N17 0,393000,64,Greater London,N17 0<br>Avg. Price: 393K<br>Sales Volume: 64
2024,N17 6,515000,155,Greater London,N17 6<br>Avg. Price: 515K<br>Sales Volume: 155
2024,N17 7,427000,55,Greater London,N17 7<br>Avg. Price: 427K<br>Sales Volume: 55
2024,N17 8,322000,48,Greater London,N17 8<br>Avg. Price: 322K<br>Sales Volume: 48
2024,N17 9,420000,124,Greater London,N17 9<br>Avg. Price: 420K<br>Sales Volume: 124
2024,N18 1,418000,115,Greater London,N18 1<br>Avg. Price: 418K<br>Sales Volume: 115
2024,N18 2,323000,102,Greater London,N18 2<br>Avg. Price: 323K<br>Sales Volume: 102
2024,N19 3,737000,117,Greater London,N19 3<br>Avg. Price: 737K<br>Sales Volume: 117
2024,N19 4,753000,100,Greater London,N19 4<br>Avg. Price: 753K<br>Sales Volume: 100
2024,N19 5,720000,88,Greater London,N19 5<br>Avg. Price: 720K<br>Sales Volume: 88
2024,N1C 4,1492000,39,Greater London,"N1C 4<br>Avg. Price: 1,492K<br>Sales Volume: 39"
2024,N2 0,2337000,146,Greater London,"N2 0<br>Avg. Price: 2,337K<br>Sales Volume: 146"
2024,N2 8,545000,68,Greater London,N2 8<br>Avg. Price: 545K<br>Sales Volume: 68
2024,N2 9,1124000,89,Greater London,"N2 9<br>Avg. Price: 1,124K<br>Sales Volume: 89"
2024,N20 0,562000,170,Greater London,N20 0<br>Avg. Price: 562K<br>Sales Volume: 170
2024,N20 8,1569000,39,Greater London,"N20 8<br>Avg. Price: 1,569K<br>Sales Volume: 39"
2024,N20 9,811000,71,Greater London,N20 9<br>Avg. Price: 811K<br>Sales Volume: 71
2024,N21 1,636000,101,Greater London,N21 1<br>Avg. Price: 636K<br>Sales Volume: 101
2024,N21 2,837000,80,Greater London,N21 2<br>Avg. Price: 837K<br>Sales Volume: 80
2024,N21 3,851000,75,Greater London,N21 3<br>Avg. Price: 851K<br>Sales Volume: 75
2024,N22 5,468000,93,Greater London,N22 5<br>Avg. Price: 468K<br>Sales Volume: 93
2024,N22 6,549000,116,Greater London,N22 6<br>Avg. Price: 549K<br>Sales Volume: 116
2024,N22 7,810000,81,Greater London,N22 7<br>Avg. Price: 810K<br>Sales Volume: 81
2024,N22 8,475000,95,Greater London,N22 8<br>Avg. Price: 475K<br>Sales Volume: 95
2024,N3 1,715000,82,Greater London,N3 1<br>Avg. Price: 715K<br>Sales Volume: 82
2024,N3 2,684000,95,Greater London,N3 2<br>Avg. Price: 684K<br>Sales Volume: 95
2024,N3 3,897000,75,Greater London,N3 3<br>Avg. Price: 897K<br>Sales Volume: 75
2024,N4 1,631000,124,Greater London,N4 1<br>Avg. Price: 631K<br>Sales Volume: 124
2024,N4 2,599000,467,Greater London,N4 2<br>Avg. Price: 599K<br>Sales Volume: 467
2024,N4 3,652000,147,Greater London,N4 3<br>Avg. Price: 652K<br>Sales Volume: 147
2024,N4 4,819000,106,Greater London,N4 4<br>Avg. Price: 819K<br>Sales Volume: 106
2024,N5 1,961000,159,Greater London,N5 1<br>Avg. Price: 961K<br>Sales Volume: 159
2024,N5 2,853000,160,Greater London,N5 2<br>Avg. Price: 853K<br>Sales Volume: 160
2024,N6 4,1938000,71,Greater London,"N6 4<br>Avg. Price: 1,938K<br>Sales Volume: 71"
2024,N6 5,960000,158,Greater London,N6 5<br>Avg. Price: 960K<br>Sales Volume: 158
2024,N6 6,1556000,44,Greater London,"N6 6<br>Avg. Price: 1,556K<br>Sales Volume: 44"
2024,N7 0,719000,108,Greater London,N7 0<br>Avg. Price: 719K<br>Sales Volume: 108
2024,N7 6,677000,68,Greater London,N7 6<br>Avg. Price: 677K<br>Sales Volume: 68
2024,N7 7,573000,85,Greater London,N7 7<br>Avg. Price: 573K<br>Sales Volume: 85
2024,N7 8,687000,83,Greater London,N7 8<br>Avg. Price: 687K<br>Sales Volume: 83
2024,N7 9,638000,88,Greater London,N7 9<br>Avg. Price: 638K<br>Sales Volume: 88
2024,N8 0,600000,163,Greater London,N8 0<br>Avg. Price: 600K<br>Sales Volume: 163
2024,N8 7,594000,125,Greater London,N8 7<br>Avg. Price: 594K<br>Sales Volume: 125
2024,N8 8,946000,108,Greater London,N8 8<br>Avg. Price: 946K<br>Sales Volume: 108
2024,N8 9,725000,166,Greater London,N8 9<br>Avg. Price: 725K<br>Sales Volume: 166
2024,N9 0,372000,59,Greater London,N9 0<br>Avg. Price: 372K<br>Sales Volume: 59
2024,N9 7,404000,89,Greater London,N9 7<br>Avg. Price: 404K<br>Sales Volume: 89
2024,N9 8,355000,108,Greater London,N9 8<br>Avg. Price: 355K<br>Sales Volume: 108
2024,N9 9,411000,128,Greater London,N9 9<br>Avg. Price: 411K<br>Sales Volume: 128
2024,NE1 1,168000,7,North England,NE1 1<br>Avg. Price: 168K<br>Sales Volume: 7
2024,NE1 2,172000,40,North England,NE1 2<br>Avg. Price: 172K<br>Sales Volume: 40
2024,NE1 3,210000,26,North England,NE1 3<br>Avg. Price: 210K<br>Sales Volume: 26
2024,NE1 4,160000,39,North England,NE1 4<br>Avg. Price: 160K<br>Sales Volume: 39
2024,NE1 5,151000,11,North England,NE1 5<br>Avg. Price: 151K<br>Sales Volume: 11
2024,NE1 6,124000,10,North England,NE1 6<br>Avg. Price: 124K<br>Sales Volume: 10
2024,NE1 7,188000,1,North England,NE1 7<br>Avg. Price: 188K<br>Sales Volume: 1
2024,NE1 8,141000,2,North England,NE1 8<br>Avg. Price: 141K<br>Sales Volume: 2
2024,NE10 0,132000,86,North England,NE10 0<br>Avg. Price: 132K<br>Sales Volume: 86
2024,NE10 8,166000,232,North England,NE10 8<br>Avg. Price: 166K<br>Sales Volume: 232
2024,NE10 9,129000,99,North England,NE10 9<br>Avg. Price: 129K<br>Sales Volume: 99
2024,NE11 0,167000,54,North England,NE11 0<br>Avg. Price: 167K<br>Sales Volume: 54
2024,NE11 9,177000,181,North England,NE11 9<br>Avg. Price: 177K<br>Sales Volume: 181
2024,NE12 5,216000,55,North England,NE12 5<br>Avg. Price: 216K<br>Sales Volume: 55
2024,NE12 6,182000,119,North England,NE12 6<br>Avg. Price: 182K<br>Sales Volume: 119
2024,NE12 7,225000,89,North England,NE12 7<br>Avg. Price: 225K<br>Sales Volume: 89
2024,NE12 8,181000,134,North England,NE12 8<br>Avg. Price: 181K<br>Sales Volume: 134
2024,NE12 9,212000,150,North England,NE12 9<br>Avg. Price: 212K<br>Sales Volume: 150
2024,NE13 6,201000,139,North England,NE13 6<br>Avg. Price: 201K<br>Sales Volume: 139
2024,NE13 7,243000,151,North England,NE13 7<br>Avg. Price: 243K<br>Sales Volume: 151
2024,NE13 8,367000,47,North England,NE13 8<br>Avg. Price: 367K<br>Sales Volume: 47
2024,NE13 9,288000,329,North England,NE13 9<br>Avg. Price: 288K<br>Sales Volume: 329
2024,NE15 0,341000,25,North England,NE15 0<br>Avg. Price: 341K<br>Sales Volume: 25
2024,NE15 6,163000,138,North England,NE15 6<br>Avg. Price: 163K<br>Sales Volume: 138
2024,NE15 7,157000,145,North England,NE15 7<br>Avg. Price: 157K<br>Sales Volume: 145
2024,NE15 8,138000,139,North England,NE15 8<br>Avg. Price: 138K<br>Sales Volume: 139
2024,NE15 9,220000,147,North England,NE15 9<br>Avg. Price: 220K<br>Sales Volume: 147
2024,NE16 3,158000,39,North England,NE16 3<br>Avg. Price: 158K<br>Sales Volume: 39
2024,NE16 4,234000,106,North England,NE16 4<br>Avg. Price: 234K<br>Sales Volume: 106
2024,NE16 5,261000,179,North England,NE16 5<br>Avg. Price: 261K<br>Sales Volume: 179
2024,NE16 6,189000,109,North England,NE16 6<br>Avg. Price: 189K<br>Sales Volume: 109
2024,NE17 7,127000,121,North England,NE17 7<br>Avg. Price: 127K<br>Sales Volume: 121
2024,NE18 0,416000,13,North England,NE18 0<br>Avg. Price: 416K<br>Sales Volume: 13
2024,NE19 1,186000,16,North England,NE19 1<br>Avg. Price: 186K<br>Sales Volume: 16
2024,NE19 2,504000,7,North England,NE19 2<br>Avg. Price: 504K<br>Sales Volume: 7
2024,NE2 1,246000,108,North England,NE2 1<br>Avg. Price: 246K<br>Sales Volume: 108
2024,NE2 2,459000,85,North England,NE2 2<br>Avg. Price: 459K<br>Sales Volume: 85
2024,NE2 3,353000,93,North England,NE2 3<br>Avg. Price: 353K<br>Sales Volume: 93
2024,NE2 4,310000,58,North England,NE2 4<br>Avg. Price: 310K<br>Sales Volume: 58
2024,NE20 0,602000,45,North England,NE20 0<br>Avg. Price: 602K<br>Sales Volume: 45
2024,NE20 9,524000,200,North England,NE20 9<br>Avg. Price: 524K<br>Sales Volume: 200
2024,NE21 4,164000,109,North England,NE21 4<br>Avg. Price: 164K<br>Sales Volume: 109
2024,NE21 5,178000,117,North England,NE21 5<br>Avg. Price: 178K<br>Sales Volume: 117
2024,NE21 6,176000,96,North England,NE21 6<br>Avg. Price: 176K<br>Sales Volume: 96
2024,NE22 5,123000,123,North England,NE22 5<br>Avg. Price: 123K<br>Sales Volume: 123
2024,NE22 6,199000,227,North England,NE22 6<br>Avg. Price: 199K<br>Sales Volume: 227
2024,NE22 7,150000,75,North England,NE22 7<br>Avg. Price: 150K<br>Sales Volume: 75
2024,NE23 1,191000,76,North England,NE23 1<br>Avg. Price: 191K<br>Sales Volume: 76
2024,NE23 2,155000,70,North England,NE23 2<br>Avg. Price: 155K<br>Sales Volume: 70
2024,NE23 3,241000,76,North England,NE23 3<br>Avg. Price: 241K<br>Sales Volume: 76
2024,NE23 6,154000,183,North England,NE23 6<br>Avg. Price: 154K<br>Sales Volume: 183
2024,NE23 7,172000,129,North England,NE23 7<br>Avg. Price: 172K<br>Sales Volume: 129
2024,NE23 8,253000,244,North England,NE23 8<br>Avg. Price: 253K<br>Sales Volume: 244
2024,NE24 1,69000,60,North England,NE24 1<br>Avg. Price: 69K<br>Sales Volume: 60
2024,NE24 2,106000,83,North England,NE24 2<br>Avg. Price: 106K<br>Sales Volume: 83
2024,NE24 3,174000,196,North England,NE24 3<br>Avg. Price: 174K<br>Sales Volume: 196
2024,NE24 4,201000,265,North England,NE24 4<br>Avg. Price: 201K<br>Sales Volume: 265
2024,NE24 5,109000,88,North England,NE24 5<br>Avg. Price: 109K<br>Sales Volume: 88
2024,NE25 0,189000,151,North England,NE25 0<br>Avg. Price: 189K<br>Sales Volume: 151
2024,NE25 8,276000,115,North England,NE25 8<br>Avg. Price: 276K<br>Sales Volume: 115
2024,NE25 9,339000,198,North England,NE25 9<br>Avg. Price: 339K<br>Sales Volume: 198
2024,NE26 1,360000,101,North England,NE26 1<br>Avg. Price: 360K<br>Sales Volume: 101
2024,NE26 2,308000,90,North England,NE26 2<br>Avg. Price: 308K<br>Sales Volume: 90
2024,NE26 3,407000,100,North England,NE26 3<br>Avg. Price: 407K<br>Sales Volume: 100
2024,NE26 4,280000,68,North England,NE26 4<br>Avg. Price: 280K<br>Sales Volume: 68
2024,NE27 0,224000,230,North England,NE27 0<br>Avg. Price: 224K<br>Sales Volume: 230
2024,NE28 0,142000,73,North England,NE28 0<br>Avg. Price: 142K<br>Sales Volume: 73
2024,NE28 6,137000,132,North England,NE28 6<br>Avg. Price: 137K<br>Sales Volume: 132
2024,NE28 7,134000,127,North England,NE28 7<br>Avg. Price: 134K<br>Sales Volume: 127
2024,NE28 8,170000,167,North England,NE28 8<br>Avg. Price: 170K<br>Sales Volume: 167
2024,NE28 9,206000,300,North England,NE28 9<br>Avg. Price: 206K<br>Sales Volume: 300
2024,NE29 0,192000,108,North England,NE29 0<br>Avg. Price: 192K<br>Sales Volume: 108
2024,NE29 6,148000,124,North England,NE29 6<br>Avg. Price: 148K<br>Sales Volume: 124
2024,NE29 7,150000,153,North England,NE29 7<br>Avg. Price: 150K<br>Sales Volume: 153
2024,NE29 8,232000,223,North England,NE29 8<br>Avg. Price: 232K<br>Sales Volume: 223
2024,NE29 9,249000,98,North England,NE29 9<br>Avg. Price: 249K<br>Sales Volume: 98
2024,NE3 1,318000,165,North England,NE3 1<br>Avg. Price: 318K<br>Sales Volume: 165
2024,NE3 2,194000,179,North England,NE3 2<br>Avg. Price: 194K<br>Sales Volume: 179
2024,NE3 3,193000,155,North England,NE3 3<br>Avg. Price: 193K<br>Sales Volume: 155
2024,NE3 4,410000,188,North England,NE3 4<br>Avg. Price: 410K<br>Sales Volume: 188
2024,NE3 5,361000,138,North England,NE3 5<br>Avg. Price: 361K<br>Sales Volume: 138
2024,NE30 1,279000,32,North England,NE30 1<br>Avg. Price: 279K<br>Sales Volume: 32
2024,NE30 2,303000,163,North England,NE30 2<br>Avg. Price: 303K<br>Sales Volume: 163
2024,NE30 3,322000,121,North England,NE30 3<br>Avg. Price: 322K<br>Sales Volume: 121
2024,NE30 4,331000,85,North England,NE30 4<br>Avg. Price: 331K<br>Sales Volume: 85
2024,NE31 1,166000,187,North England,NE31 1<br>Avg. Price: 166K<br>Sales Volume: 187
2024,NE31 2,187000,194,North England,NE31 2<br>Avg. Price: 187K<br>Sales Volume: 194
2024,NE32 3,123000,48,North England,NE32 3<br>Avg. Price: 123K<br>Sales Volume: 48
2024,NE32 4,128000,110,North England,NE32 4<br>Avg. Price: 128K<br>Sales Volume: 110
2024,NE32 5,163000,117,North England,NE32 5<br>Avg. Price: 163K<br>Sales Volume: 117
2024,NE33 1,215000,78,North England,NE33 1<br>Avg. Price: 215K<br>Sales Volume: 78
2024,NE33 2,142000,64,North England,NE33 2<br>Avg. Price: 142K<br>Sales Volume: 64
2024,NE33 3,139000,143,North England,NE33 3<br>Avg. Price: 139K<br>Sales Volume: 143
2024,NE33 4,106000,106,North England,NE33 4<br>Avg. Price: 106K<br>Sales Volume: 106
2024,NE33 5,90000,53,North England,NE33 5<br>Avg. Price: 90K<br>Sales Volume: 53
2024,NE34 0,141000,112,North England,NE34 0<br>Avg. Price: 141K<br>Sales Volume: 112
2024,NE34 6,211000,115,North England,NE34 6<br>Avg. Price: 211K<br>Sales Volume: 115
2024,NE34 7,186000,94,North England,NE34 7<br>Avg. Price: 186K<br>Sales Volume: 94
2024,NE34 8,167000,138,North England,NE34 8<br>Avg. Price: 167K<br>Sales Volume: 138
2024,NE34 9,125000,115,North England,NE34 9<br>Avg. Price: 125K<br>Sales Volume: 115
2024,NE35 9,166000,73,North England,NE35 9<br>Avg. Price: 166K<br>Sales Volume: 73
2024,NE36 0,216000,107,North England,NE36 0<br>Avg. Price: 216K<br>Sales Volume: 107
2024,NE37 1,158000,101,North England,NE37 1<br>Avg. Price: 158K<br>Sales Volume: 101
2024,NE37 2,130000,79,North England,NE37 2<br>Avg. Price: 130K<br>Sales Volume: 79
2024,NE37 3,55000,85,North England,NE37 3<br>Avg. Price: 55K<br>Sales Volume: 85
2024,NE38 0,136000,82,North England,NE38 0<br>Avg. Price: 136K<br>Sales Volume: 82
2024,NE38 7,162000,100,North England,NE38 7<br>Avg. Price: 162K<br>Sales Volume: 100
2024,NE38 8,218000,115,North England,NE38 8<br>Avg. Price: 218K<br>Sales Volume: 115
2024,NE38 9,263000,48,North England,NE38 9<br>Avg. Price: 263K<br>Sales Volume: 48
2024,NE39 1,290000,55,North England,NE39 1<br>Avg. Price: 290K<br>Sales Volume: 55
2024,NE39 2,182000,96,North England,NE39 2<br>Avg. Price: 182K<br>Sales Volume: 96
2024,NE4 5,172000,51,North England,NE4 5<br>Avg. Price: 172K<br>Sales Volume: 51
2024,NE4 6,175000,24,North England,NE4 6<br>Avg. Price: 175K<br>Sales Volume: 24
2024,NE4 7,199000,41,North England,NE4 7<br>Avg. Price: 199K<br>Sales Volume: 41
2024,NE4 8,101000,80,North England,NE4 8<br>Avg. Price: 101K<br>Sales Volume: 80
2024,NE4 9,225000,125,North England,NE4 9<br>Avg. Price: 225K<br>Sales Volume: 125
2024,NE40 3,234000,155,North England,NE40 3<br>Avg. Price: 234K<br>Sales Volume: 155
2024,NE40 4,172000,132,North England,NE40 4<br>Avg. Price: 172K<br>Sales Volume: 132
2024,NE41 8,349000,30,North England,NE41 8<br>Avg. Price: 349K<br>Sales Volume: 30
2024,NE42 5,228000,103,North England,NE42 5<br>Avg. Price: 228K<br>Sales Volume: 103
2024,NE42 6,204000,69,North England,NE42 6<br>Avg. Price: 204K<br>Sales Volume: 69
2024,NE43 7,342000,68,North England,NE43 7<br>Avg. Price: 342K<br>Sales Volume: 68
2024,NE44 6,506000,21,North England,NE44 6<br>Avg. Price: 506K<br>Sales Volume: 21
2024,NE45 5,433000,52,North England,NE45 5<br>Avg. Price: 433K<br>Sales Volume: 52
2024,NE46 1,226000,83,North England,NE46 1<br>Avg. Price: 226K<br>Sales Volume: 83
2024,NE46 2,369000,67,North England,NE46 2<br>Avg. Price: 369K<br>Sales Volume: 67
2024,NE46 3,263000,70,North England,NE46 3<br>Avg. Price: 263K<br>Sales Volume: 70
2024,NE46 4,432000,33,North England,NE46 4<br>Avg. Price: 432K<br>Sales Volume: 33
2024,NE47 0,577000,9,North England,NE47 0<br>Avg. Price: 577K<br>Sales Volume: 9
2024,NE47 5,388000,13,North England,NE47 5<br>Avg. Price: 388K<br>Sales Volume: 13
2024,NE47 6,235000,24,North England,NE47 6<br>Avg. Price: 235K<br>Sales Volume: 24
2024,NE47 7,398000,12,North England,NE47 7<br>Avg. Price: 398K<br>Sales Volume: 12
2024,NE47 8,523000,3,North England,NE47 8<br>Avg. Price: 523K<br>Sales Volume: 3
2024,NE47 9,392000,37,North England,NE47 9<br>Avg. Price: 392K<br>Sales Volume: 37
2024,NE48 1,260000,8,North England,NE48 1<br>Avg. Price: 260K<br>Sales Volume: 8
2024,NE48 2,215000,25,North England,NE48 2<br>Avg. Price: 215K<br>Sales Volume: 25
2024,NE48 3,301000,21,North England,NE48 3<br>Avg. Price: 301K<br>Sales Volume: 21
2024,NE48 4,223000,5,North England,NE48 4<br>Avg. Price: 223K<br>Sales Volume: 5
2024,NE49 0,189000,21,North England,NE49 0<br>Avg. Price: 189K<br>Sales Volume: 21
2024,NE49 9,171000,48,North England,NE49 9<br>Avg. Price: 171K<br>Sales Volume: 48
2024,NE5 1,264000,316,North England,NE5 1<br>Avg. Price: 264K<br>Sales Volume: 316
2024,NE5 2,136000,178,North England,NE5 2<br>Avg. Price: 136K<br>Sales Volume: 178
2024,NE5 3,137000,119,North England,NE5 3<br>Avg. Price: 137K<br>Sales Volume: 119
2024,NE5 4,147000,85,North England,NE5 4<br>Avg. Price: 147K<br>Sales Volume: 85
2024,NE5 5,169000,99,North England,NE5 5<br>Avg. Price: 169K<br>Sales Volume: 99
2024,NE6 1,245000,55,North England,NE6 1<br>Avg. Price: 245K<br>Sales Volume: 55
2024,NE6 2,94000,85,North England,NE6 2<br>Avg. Price: 94K<br>Sales Volume: 85
2024,NE6 3,113000,49,North England,NE6 3<br>Avg. Price: 113K<br>Sales Volume: 49
2024,NE6 4,167000,126,North England,NE6 4<br>Avg. Price: 167K<br>Sales Volume: 126
2024,NE6 5,215000,300,North England,NE6 5<br>Avg. Price: 215K<br>Sales Volume: 300
2024,NE61 1,252000,91,North England,NE61 1<br>Avg. Price: 252K<br>Sales Volume: 91
2024,NE61 2,279000,241,North England,NE61 2<br>Avg. Price: 279K<br>Sales Volume: 241
2024,NE61 3,411000,66,North England,NE61 3<br>Avg. Price: 411K<br>Sales Volume: 66
2024,NE61 4,353000,6,North England,NE61 4<br>Avg. Price: 353K<br>Sales Volume: 6
2024,NE61 5,182000,195,North England,NE61 5<br>Avg. Price: 182K<br>Sales Volume: 195
2024,NE61 6,318000,101,North England,NE61 6<br>Avg. Price: 318K<br>Sales Volume: 101
2024,NE62 5,145000,208,North England,NE62 5<br>Avg. Price: 145K<br>Sales Volume: 208
2024,NE63 0,90000,168,North England,NE63 0<br>Avg. Price: 90K<br>Sales Volume: 168
2024,NE63 8,143000,146,North England,NE63 8<br>Avg. Price: 143K<br>Sales Volume: 146
2024,NE63 9,149000,296,North England,NE63 9<br>Avg. Price: 149K<br>Sales Volume: 296
2024,NE64 6,131000,93,North England,NE64 6<br>Avg. Price: 131K<br>Sales Volume: 93
2024,NE65 0,253000,251,North England,NE65 0<br>Avg. Price: 253K<br>Sales Volume: 251
2024,NE65 7,263000,58,North England,NE65 7<br>Avg. Price: 263K<br>Sales Volume: 58
2024,NE65 8,385000,62,North England,NE65 8<br>Avg. Price: 385K<br>Sales Volume: 62
2024,NE65 9,269000,153,North England,NE65 9<br>Avg. Price: 269K<br>Sales Volume: 153
2024,NE66 1,217000,125,North England,NE66 1<br>Avg. Price: 217K<br>Sales Volume: 125
2024,NE66 2,358000,111,North England,NE66 2<br>Avg. Price: 358K<br>Sales Volume: 111
2024,NE66 3,402000,72,North England,NE66 3<br>Avg. Price: 402K<br>Sales Volume: 72
2024,NE66 4,337000,25,North England,NE66 4<br>Avg. Price: 337K<br>Sales Volume: 25
2024,NE66 5,308000,5,North England,NE66 5<br>Avg. Price: 308K<br>Sales Volume: 5
2024,NE67 5,355000,59,North England,NE67 5<br>Avg. Price: 355K<br>Sales Volume: 59
2024,NE68 7,321000,42,North England,NE68 7<br>Avg. Price: 321K<br>Sales Volume: 42
2024,NE69 7,556000,10,North England,NE69 7<br>Avg. Price: 556K<br>Sales Volume: 10
2024,NE7 7,232000,206,North England,NE7 7<br>Avg. Price: 232K<br>Sales Volume: 206
2024,NE70 7,285000,27,North England,NE70 7<br>Avg. Price: 285K<br>Sales Volume: 27
2024,NE71 6,248000,53,North England,NE71 6<br>Avg. Price: 248K<br>Sales Volume: 53
2024,NE8 1,139000,52,North England,NE8 1<br>Avg. Price: 139K<br>Sales Volume: 52
2024,NE8 2,162000,112,North England,NE8 2<br>Avg. Price: 162K<br>Sales Volume: 112
2024,NE8 3,138000,162,North England,NE8 3<br>Avg. Price: 138K<br>Sales Volume: 162
2024,NE8 4,121000,188,North England,NE8 4<br>Avg. Price: 121K<br>Sales Volume: 188
2024,NE9 5,201000,178,North England,NE9 5<br>Avg. Price: 201K<br>Sales Volume: 178
2024,NE9 6,189000,189,North England,NE9 6<br>Avg. Price: 189K<br>Sales Volume: 189
2024,NE9 7,183000,163,North England,NE9 7<br>Avg. Price: 183K<br>Sales Volume: 163
2024,NG1 1,169000,71,Midlands,NG1 1<br>Avg. Price: 169K<br>Sales Volume: 71
2024,NG1 2,196000,9,Midlands,NG1 2<br>Avg. Price: 196K<br>Sales Volume: 9
2024,NG1 3,170000,12,Midlands,NG1 3<br>Avg. Price: 170K<br>Sales Volume: 12
2024,NG1 4,170000,8,Midlands,NG1 4<br>Avg. Price: 170K<br>Sales Volume: 8
2024,NG1 5,266000,14,Midlands,NG1 5<br>Avg. Price: 266K<br>Sales Volume: 14
2024,NG1 6,126000,27,Midlands,NG1 6<br>Avg. Price: 126K<br>Sales Volume: 27
2024,NG1 7,200000,11,Midlands,NG1 7<br>Avg. Price: 200K<br>Sales Volume: 11
2024,NG10 1,200000,144,Midlands,NG10 1<br>Avg. Price: 200K<br>Sales Volume: 144
2024,NG10 2,222000,84,Midlands,NG10 2<br>Avg. Price: 222K<br>Sales Volume: 84
2024,NG10 3,245000,207,Midlands,NG10 3<br>Avg. Price: 245K<br>Sales Volume: 207
2024,NG10 4,236000,165,Midlands,NG10 4<br>Avg. Price: 236K<br>Sales Volume: 165
2024,NG10 5,239000,138,Midlands,NG10 5<br>Avg. Price: 239K<br>Sales Volume: 138
2024,NG11 0,355000,26,Midlands,NG11 0<br>Avg. Price: 355K<br>Sales Volume: 26
2024,NG11 6,394000,258,Midlands,NG11 6<br>Avg. Price: 394K<br>Sales Volume: 258
2024,NG11 7,317000,78,Midlands,NG11 7<br>Avg. Price: 317K<br>Sales Volume: 78
2024,NG11 8,211000,164,Midlands,NG11 8<br>Avg. Price: 211K<br>Sales Volume: 164
2024,NG11 9,189000,117,Midlands,NG11 9<br>Avg. Price: 189K<br>Sales Volume: 117
2024,NG12 1,357000,58,Midlands,NG12 1<br>Avg. Price: 357K<br>Sales Volume: 58
2024,NG12 2,312000,101,Midlands,NG12 2<br>Avg. Price: 312K<br>Sales Volume: 101
2024,NG12 3,323000,186,Midlands,NG12 3<br>Avg. Price: 323K<br>Sales Volume: 186
2024,NG12 4,460000,144,Midlands,NG12 4<br>Avg. Price: 460K<br>Sales Volume: 144
2024,NG12 5,386000,218,Midlands,NG12 5<br>Avg. Price: 386K<br>Sales Volume: 218
2024,NG13 0,352000,78,Midlands,NG13 0<br>Avg. Price: 352K<br>Sales Volume: 78
2024,NG13 7,361000,132,Midlands,NG13 7<br>Avg. Price: 361K<br>Sales Volume: 132
2024,NG13 8,334000,241,Midlands,NG13 8<br>Avg. Price: 334K<br>Sales Volume: 241
2024,NG13 9,444000,58,Midlands,NG13 9<br>Avg. Price: 444K<br>Sales Volume: 58
2024,NG14 5,353000,189,Midlands,NG14 5<br>Avg. Price: 353K<br>Sales Volume: 189
2024,NG14 6,308000,213,Midlands,NG14 6<br>Avg. Price: 308K<br>Sales Volume: 213
2024,NG14 7,507000,52,Midlands,NG14 7<br>Avg. Price: 507K<br>Sales Volume: 52
2024,NG15 0,193000,54,Midlands,NG15 0<br>Avg. Price: 193K<br>Sales Volume: 54
2024,NG15 6,235000,311,Midlands,NG15 6<br>Avg. Price: 235K<br>Sales Volume: 311
2024,NG15 7,203000,292,Midlands,NG15 7<br>Avg. Price: 203K<br>Sales Volume: 292
2024,NG15 8,337000,143,Midlands,NG15 8<br>Avg. Price: 337K<br>Sales Volume: 143
2024,NG15 9,421000,82,Midlands,NG15 9<br>Avg. Price: 421K<br>Sales Volume: 82
2024,NG16 1,286000,101,Midlands,NG16 1<br>Avg. Price: 286K<br>Sales Volume: 101
2024,NG16 2,242000,316,Midlands,NG16 2<br>Avg. Price: 242K<br>Sales Volume: 316
2024,NG16 3,199000,158,Midlands,NG16 3<br>Avg. Price: 199K<br>Sales Volume: 158
2024,NG16 4,162000,88,Midlands,NG16 4<br>Avg. Price: 162K<br>Sales Volume: 88
2024,NG16 5,233000,174,Midlands,NG16 5<br>Avg. Price: 233K<br>Sales Volume: 174
2024,NG16 6,199000,203,Midlands,NG16 6<br>Avg. Price: 199K<br>Sales Volume: 203
2024,NG17 1,195000,105,Midlands,NG17 1<br>Avg. Price: 195K<br>Sales Volume: 105
2024,NG17 2,168000,191,Midlands,NG17 2<br>Avg. Price: 168K<br>Sales Volume: 191
2024,NG17 3,231000,276,Midlands,NG17 3<br>Avg. Price: 231K<br>Sales Volume: 276
2024,NG17 4,147000,159,Midlands,NG17 4<br>Avg. Price: 147K<br>Sales Volume: 159
2024,NG17 5,203000,103,Midlands,NG17 5<br>Avg. Price: 203K<br>Sales Volume: 103
2024,NG17 7,169000,132,Midlands,NG17 7<br>Avg. Price: 169K<br>Sales Volume: 132
2024,NG17 8,197000,197,Midlands,NG17 8<br>Avg. Price: 197K<br>Sales Volume: 197
2024,NG17 9,196000,124,Midlands,NG17 9<br>Avg. Price: 196K<br>Sales Volume: 124
2024,NG18 1,110000,18,Midlands,NG18 1<br>Avg. Price: 110K<br>Sales Volume: 18
2024,NG18 2,140000,137,Midlands,NG18 2<br>Avg. Price: 140K<br>Sales Volume: 137
2024,NG18 3,205000,117,Midlands,NG18 3<br>Avg. Price: 205K<br>Sales Volume: 117
2024,NG18 4,262000,232,Midlands,NG18 4<br>Avg. Price: 262K<br>Sales Volume: 232
2024,NG18 5,193000,144,Midlands,NG18 5<br>Avg. Price: 193K<br>Sales Volume: 144
2024,NG18 6,264000,35,Midlands,NG18 6<br>Avg. Price: 264K<br>Sales Volume: 35
2024,NG19 0,190000,223,Midlands,NG19 0<br>Avg. Price: 190K<br>Sales Volume: 223
2024,NG19 6,173000,194,Midlands,NG19 6<br>Avg. Price: 173K<br>Sales Volume: 194
2024,NG19 7,188000,145,Midlands,NG19 7<br>Avg. Price: 188K<br>Sales Volume: 145
2024,NG19 8,173000,166,Midlands,NG19 8<br>Avg. Price: 173K<br>Sales Volume: 166
2024,NG19 9,192000,135,Midlands,NG19 9<br>Avg. Price: 192K<br>Sales Volume: 135
2024,NG2 1,144000,26,Midlands,NG2 1<br>Avg. Price: 144K<br>Sales Volume: 26
2024,NG2 2,199000,72,Midlands,NG2 2<br>Avg. Price: 199K<br>Sales Volume: 72
2024,NG2 3,225000,90,Midlands,NG2 3<br>Avg. Price: 225K<br>Sales Volume: 90
2024,NG2 4,181000,153,Midlands,NG2 4<br>Avg. Price: 181K<br>Sales Volume: 153
2024,NG2 5,407000,127,Midlands,NG2 5<br>Avg. Price: 407K<br>Sales Volume: 127
2024,NG2 6,391000,183,Midlands,NG2 6<br>Avg. Price: 391K<br>Sales Volume: 183
2024,NG2 7,426000,245,Midlands,NG2 7<br>Avg. Price: 426K<br>Sales Volume: 245
2024,NG20 0,223000,173,Midlands,NG20 0<br>Avg. Price: 223K<br>Sales Volume: 173
2024,NG20 8,158000,163,Midlands,NG20 8<br>Avg. Price: 158K<br>Sales Volume: 163
2024,NG20 9,173000,110,Midlands,NG20 9<br>Avg. Price: 173K<br>Sales Volume: 110
2024,NG21 0,210000,234,Midlands,NG21 0<br>Avg. Price: 210K<br>Sales Volume: 234
2024,NG21 9,254000,218,Midlands,NG21 9<br>Avg. Price: 254K<br>Sales Volume: 218
2024,NG22 0,306000,82,Midlands,NG22 0<br>Avg. Price: 306K<br>Sales Volume: 82
2024,NG22 8,273000,207,Midlands,NG22 8<br>Avg. Price: 273K<br>Sales Volume: 207
2024,NG22 9,191000,244,Midlands,NG22 9<br>Avg. Price: 191K<br>Sales Volume: 244
2024,NG23 5,431000,117,Midlands,NG23 5<br>Avg. Price: 431K<br>Sales Volume: 117
2024,NG23 6,340000,86,Midlands,NG23 6<br>Avg. Price: 340K<br>Sales Volume: 86
2024,NG23 7,314000,98,Midlands,NG23 7<br>Avg. Price: 314K<br>Sales Volume: 98
2024,NG24 1,172000,138,Midlands,NG24 1<br>Avg. Price: 172K<br>Sales Volume: 138
2024,NG24 2,280000,163,Midlands,NG24 2<br>Avg. Price: 280K<br>Sales Volume: 163
2024,NG24 3,242000,308,Midlands,NG24 3<br>Avg. Price: 242K<br>Sales Volume: 308
2024,NG24 4,203000,270,Midlands,NG24 4<br>Avg. Price: 203K<br>Sales Volume: 270
2024,NG24 5,304000,103,Midlands,NG24 5<br>Avg. Price: 304K<br>Sales Volume: 103
2024,NG25 0,433000,139,Midlands,NG25 0<br>Avg. Price: 433K<br>Sales Volume: 139
2024,NG3 1,163000,32,Midlands,NG3 1<br>Avg. Price: 163K<br>Sales Volume: 32
2024,NG3 2,171000,73,Midlands,NG3 2<br>Avg. Price: 171K<br>Sales Volume: 73
2024,NG3 3,165000,89,Midlands,NG3 3<br>Avg. Price: 165K<br>Sales Volume: 89
2024,NG3 4,225000,34,Midlands,NG3 4<br>Avg. Price: 225K<br>Sales Volume: 34
2024,NG3 5,296000,235,Midlands,NG3 5<br>Avg. Price: 296K<br>Sales Volume: 235
2024,NG3 6,258000,185,Midlands,NG3 6<br>Avg. Price: 258K<br>Sales Volume: 185
2024,NG3 7,222000,70,Midlands,NG3 7<br>Avg. Price: 222K<br>Sales Volume: 70
2024,NG31 6,128000,77,Midlands,NG31 6<br>Avg. Price: 128K<br>Sales Volume: 77
2024,NG31 7,186000,216,Midlands,NG31 7<br>Avg. Price: 186K<br>Sales Volume: 216
2024,NG31 8,264000,293,Midlands,NG31 8<br>Avg. Price: 264K<br>Sales Volume: 293
2024,NG31 9,237000,187,Midlands,NG31 9<br>Avg. Price: 237K<br>Sales Volume: 187
2024,NG32 1,443000,54,Midlands,NG32 1<br>Avg. Price: 443K<br>Sales Volume: 54
2024,NG32 2,446000,49,Midlands,NG32 2<br>Avg. Price: 446K<br>Sales Volume: 49
2024,NG32 3,319000,67,Midlands,NG32 3<br>Avg. Price: 319K<br>Sales Volume: 67
2024,NG33 4,400000,108,Midlands,NG33 4<br>Avg. Price: 400K<br>Sales Volume: 108
2024,NG33 5,256000,87,Midlands,NG33 5<br>Avg. Price: 256K<br>Sales Volume: 87
2024,NG34 0,341000,76,Midlands,NG34 0<br>Avg. Price: 341K<br>Sales Volume: 76
2024,NG34 6,212000,51,Midlands,NG34 6<br>Avg. Price: 212K<br>Sales Volume: 51
2024,NG34 7,204000,201,Midlands,NG34 7<br>Avg. Price: 204K<br>Sales Volume: 201
2024,NG34 8,233000,191,Midlands,NG34 8<br>Avg. Price: 233K<br>Sales Volume: 191
2024,NG34 9,267000,201,Midlands,NG34 9<br>Avg. Price: 267K<br>Sales Volume: 201
2024,NG4 1,215000,196,Midlands,NG4 1<br>Avg. Price: 215K<br>Sales Volume: 196
2024,NG4 2,219000,194,Midlands,NG4 2<br>Avg. Price: 219K<br>Sales Volume: 194
2024,NG4 3,234000,153,Midlands,NG4 3<br>Avg. Price: 234K<br>Sales Volume: 153
2024,NG4 4,258000,190,Midlands,NG4 4<br>Avg. Price: 258K<br>Sales Volume: 190
2024,NG5 1,214000,134,Midlands,NG5 1<br>Avg. Price: 214K<br>Sales Volume: 134
2024,NG5 2,235000,91,Midlands,NG5 2<br>Avg. Price: 235K<br>Sales Volume: 91
2024,NG5 3,230000,71,Midlands,NG5 3<br>Avg. Price: 230K<br>Sales Volume: 71
2024,NG5 4,310000,144,Midlands,NG5 4<br>Avg. Price: 310K<br>Sales Volume: 144
2024,NG5 5,201000,210,Midlands,NG5 5<br>Avg. Price: 201K<br>Sales Volume: 210
2024,NG5 6,207000,160,Midlands,NG5 6<br>Avg. Price: 207K<br>Sales Volume: 160
2024,NG5 7,190000,141,Midlands,NG5 7<br>Avg. Price: 190K<br>Sales Volume: 141
2024,NG5 8,255000,213,Midlands,NG5 8<br>Avg. Price: 255K<br>Sales Volume: 213
2024,NG5 9,175000,95,Midlands,NG5 9<br>Avg. Price: 175K<br>Sales Volume: 95
2024,NG6 0,173000,121,Midlands,NG6 0<br>Avg. Price: 173K<br>Sales Volume: 121
2024,NG6 7,181000,44,Midlands,NG6 7<br>Avg. Price: 181K<br>Sales Volume: 44
2024,NG6 8,179000,208,Midlands,NG6 8<br>Avg. Price: 179K<br>Sales Volume: 208
2024,NG6 9,174000,126,Midlands,NG6 9<br>Avg. Price: 174K<br>Sales Volume: 126
2024,NG7 1,313000,131,Midlands,NG7 1<br>Avg. Price: 313K<br>Sales Volume: 131
2024,NG7 2,270000,82,Midlands,NG7 2<br>Avg. Price: 270K<br>Sales Volume: 82
2024,NG7 3,152000,22,Midlands,NG7 3<br>Avg. Price: 152K<br>Sales Volume: 22
2024,NG7 4,252000,38,Midlands,NG7 4<br>Avg. Price: 252K<br>Sales Volume: 38
2024,NG7 5,153000,67,Midlands,NG7 5<br>Avg. Price: 153K<br>Sales Volume: 67
2024,NG7 6,162000,86,Midlands,NG7 6<br>Avg. Price: 162K<br>Sales Volume: 86
2024,NG7 7,150000,77,Midlands,NG7 7<br>Avg. Price: 150K<br>Sales Volume: 77
2024,NG8 1,322000,94,Midlands,NG8 1<br>Avg. Price: 322K<br>Sales Volume: 94
2024,NG8 2,347000,135,Midlands,NG8 2<br>Avg. Price: 347K<br>Sales Volume: 135
2024,NG8 3,236000,122,Midlands,NG8 3<br>Avg. Price: 236K<br>Sales Volume: 122
2024,NG8 4,195000,78,Midlands,NG8 4<br>Avg. Price: 195K<br>Sales Volume: 78
2024,NG8 5,191000,135,Midlands,NG8 5<br>Avg. Price: 191K<br>Sales Volume: 135
2024,NG8 6,191000,102,Midlands,NG8 6<br>Avg. Price: 191K<br>Sales Volume: 102
2024,NG9 1,303000,215,Midlands,NG9 1<br>Avg. Price: 303K<br>Sales Volume: 215
2024,NG9 2,267000,154,Midlands,NG9 2<br>Avg. Price: 267K<br>Sales Volume: 154
2024,NG9 3,399000,171,Midlands,NG9 3<br>Avg. Price: 399K<br>Sales Volume: 171
2024,NG9 4,256000,108,Midlands,NG9 4<br>Avg. Price: 256K<br>Sales Volume: 108
2024,NG9 5,285000,113,Midlands,NG9 5<br>Avg. Price: 285K<br>Sales Volume: 113
2024,NG9 6,317000,132,Midlands,NG9 6<br>Avg. Price: 317K<br>Sales Volume: 132
2024,NG9 7,211000,90,Midlands,NG9 7<br>Avg. Price: 211K<br>Sales Volume: 90
2024,NG9 8,233000,174,Midlands,NG9 8<br>Avg. Price: 233K<br>Sales Volume: 174
2024,NN1 1,193000,26,Midlands,NN1 1<br>Avg. Price: 193K<br>Sales Volume: 26
2024,NN1 2,280000,22,Midlands,NN1 2<br>Avg. Price: 280K<br>Sales Volume: 22
2024,NN1 3,189000,117,Midlands,NN1 3<br>Avg. Price: 189K<br>Sales Volume: 117
2024,NN1 4,245000,168,Midlands,NN1 4<br>Avg. Price: 245K<br>Sales Volume: 168
2024,NN1 5,261000,143,Midlands,NN1 5<br>Avg. Price: 261K<br>Sales Volume: 143
2024,NN10 0,249000,260,Midlands,NN10 0<br>Avg. Price: 249K<br>Sales Volume: 260
2024,NN10 6,271000,63,Midlands,NN10 6<br>Avg. Price: 271K<br>Sales Volume: 63
2024,NN10 8,292000,109,Midlands,NN10 8<br>Avg. Price: 292K<br>Sales Volume: 109
2024,NN10 9,243000,179,Midlands,NN10 9<br>Avg. Price: 243K<br>Sales Volume: 179
2024,NN11 0,290000,71,Midlands,NN11 0<br>Avg. Price: 290K<br>Sales Volume: 71
2024,NN11 2,310000,83,Midlands,NN11 2<br>Avg. Price: 310K<br>Sales Volume: 83
2024,NN11 3,417000,100,Midlands,NN11 3<br>Avg. Price: 417K<br>Sales Volume: 100
2024,NN11 4,266000,212,Midlands,NN11 4<br>Avg. Price: 266K<br>Sales Volume: 212
2024,NN11 6,487000,36,Midlands,NN11 6<br>Avg. Price: 487K<br>Sales Volume: 36
2024,NN11 7,360000,18,Midlands,NN11 7<br>Avg. Price: 360K<br>Sales Volume: 18
2024,NN11 8,265000,46,Midlands,NN11 8<br>Avg. Price: 265K<br>Sales Volume: 46
2024,NN11 9,237000,82,Midlands,NN11 9<br>Avg. Price: 237K<br>Sales Volume: 82
2024,NN12 6,362000,399,Midlands,NN12 6<br>Avg. Price: 362K<br>Sales Volume: 399
2024,NN12 7,441000,88,Midlands,NN12 7<br>Avg. Price: 441K<br>Sales Volume: 88
2024,NN12 8,475000,130,Midlands,NN12 8<br>Avg. Price: 475K<br>Sales Volume: 130
2024,NN13 5,566000,64,Midlands,NN13 5<br>Avg. Price: 566K<br>Sales Volume: 64
2024,NN13 6,357000,238,Midlands,NN13 6<br>Avg. Price: 357K<br>Sales Volume: 238
2024,NN13 7,316000,79,Midlands,NN13 7<br>Avg. Price: 316K<br>Sales Volume: 79
2024,NN14 1,347000,151,Midlands,NN14 1<br>Avg. Price: 347K<br>Sales Volume: 151
2024,NN14 2,271000,251,Midlands,NN14 2<br>Avg. Price: 271K<br>Sales Volume: 251
2024,NN14 3,421000,57,Midlands,NN14 3<br>Avg. Price: 421K<br>Sales Volume: 57
2024,NN14 4,332000,187,Midlands,NN14 4<br>Avg. Price: 332K<br>Sales Volume: 187
2024,NN14 6,250000,211,Midlands,NN14 6<br>Avg. Price: 250K<br>Sales Volume: 211
2024,NN15 4,340000,161,Midlands,NN15 4<br>Avg. Price: 340K<br>Sales Volume: 161
2024,NN15 5,288000,255,Midlands,NN15 5<br>Avg. Price: 288K<br>Sales Volume: 255
2024,NN15 6,292000,258,Midlands,NN15 6<br>Avg. Price: 292K<br>Sales Volume: 258
2024,NN15 7,251000,134,Midlands,NN15 7<br>Avg. Price: 251K<br>Sales Volume: 134
2024,NN16 0,175000,121,Midlands,NN16 0<br>Avg. Price: 175K<br>Sales Volume: 121
2024,NN16 8,191000,146,Midlands,NN16 8<br>Avg. Price: 191K<br>Sales Volume: 146
2024,NN16 9,242000,243,Midlands,NN16 9<br>Avg. Price: 242K<br>Sales Volume: 243
2024,NN17 1,198000,121,Midlands,NN17 1<br>Avg. Price: 198K<br>Sales Volume: 121
2024,NN17 2,197000,173,Midlands,NN17 2<br>Avg. Price: 197K<br>Sales Volume: 173
2024,NN17 3,358000,161,Midlands,NN17 3<br>Avg. Price: 358K<br>Sales Volume: 161
2024,NN17 4,216000,10,Midlands,NN17 4<br>Avg. Price: 216K<br>Sales Volume: 10
2024,NN17 5,293000,274,Midlands,NN17 5<br>Avg. Price: 293K<br>Sales Volume: 274
2024,NN18 0,184000,118,Midlands,NN18 0<br>Avg. Price: 184K<br>Sales Volume: 118
2024,NN18 8,253000,235,Midlands,NN18 8<br>Avg. Price: 253K<br>Sales Volume: 235
2024,NN18 9,205000,115,Midlands,NN18 9<br>Avg. Price: 205K<br>Sales Volume: 115
2024,NN2 6,238000,154,Midlands,NN2 6<br>Avg. Price: 238K<br>Sales Volume: 154
2024,NN2 7,246000,313,Midlands,NN2 7<br>Avg. Price: 246K<br>Sales Volume: 313
2024,NN2 8,304000,296,Midlands,NN2 8<br>Avg. Price: 304K<br>Sales Volume: 296
2024,NN29 7,324000,224,Midlands,NN29 7<br>Avg. Price: 324K<br>Sales Volume: 224
2024,NN3 2,240000,166,Midlands,NN3 2<br>Avg. Price: 240K<br>Sales Volume: 166
2024,NN3 3,366000,159,Midlands,NN3 3<br>Avg. Price: 366K<br>Sales Volume: 159
2024,NN3 5,233000,89,Midlands,NN3 5<br>Avg. Price: 233K<br>Sales Volume: 89
2024,NN3 6,281000,155,Midlands,NN3 6<br>Avg. Price: 281K<br>Sales Volume: 155
2024,NN3 7,341000,161,Midlands,NN3 7<br>Avg. Price: 341K<br>Sales Volume: 161
2024,NN3 8,210000,153,Midlands,NN3 8<br>Avg. Price: 210K<br>Sales Volume: 153
2024,NN3 9,273000,130,Midlands,NN3 9<br>Avg. Price: 273K<br>Sales Volume: 130
2024,NN4 0,357000,231,Midlands,NN4 0<br>Avg. Price: 357K<br>Sales Volume: 231
2024,NN4 5,288000,74,Midlands,NN4 5<br>Avg. Price: 288K<br>Sales Volume: 74
2024,NN4 6,374000,203,Midlands,NN4 6<br>Avg. Price: 374K<br>Sales Volume: 203
2024,NN4 7,418000,13,Midlands,NN4 7<br>Avg. Price: 418K<br>Sales Volume: 13
2024,NN4 8,236000,180,Midlands,NN4 8<br>Avg. Price: 236K<br>Sales Volume: 180
2024,NN4 9,320000,144,Midlands,NN4 9<br>Avg. Price: 320K<br>Sales Volume: 144
2024,NN5 4,287000,215,Midlands,NN5 4<br>Avg. Price: 287K<br>Sales Volume: 215
2024,NN5 5,209000,121,Midlands,NN5 5<br>Avg. Price: 209K<br>Sales Volume: 121
2024,NN5 6,311000,305,Midlands,NN5 6<br>Avg. Price: 311K<br>Sales Volume: 305
2024,NN5 7,217000,107,Midlands,NN5 7<br>Avg. Price: 217K<br>Sales Volume: 107
2024,NN6 0,360000,356,Midlands,NN6 0<br>Avg. Price: 360K<br>Sales Volume: 356
2024,NN6 6,409000,51,Midlands,NN6 6<br>Avg. Price: 409K<br>Sales Volume: 51
2024,NN6 7,351000,131,Midlands,NN6 7<br>Avg. Price: 351K<br>Sales Volume: 131
2024,NN6 8,527000,69,Midlands,NN6 8<br>Avg. Price: 527K<br>Sales Volume: 69
2024,NN6 9,431000,118,Midlands,NN6 9<br>Avg. Price: 431K<br>Sales Volume: 118
2024,NN7 1,427000,55,Midlands,NN7 1<br>Avg. Price: 427K<br>Sales Volume: 55
2024,NN7 2,397000,131,Midlands,NN7 2<br>Avg. Price: 397K<br>Sales Volume: 131
2024,NN7 3,408000,88,Midlands,NN7 3<br>Avg. Price: 408K<br>Sales Volume: 88
2024,NN7 4,382000,261,Midlands,NN7 4<br>Avg. Price: 382K<br>Sales Volume: 261
2024,NN8 1,255000,262,Midlands,NN8 1<br>Avg. Price: 255K<br>Sales Volume: 262
2024,NN8 2,259000,139,Midlands,NN8 2<br>Avg. Price: 259K<br>Sales Volume: 139
2024,NN8 3,295000,200,Midlands,NN8 3<br>Avg. Price: 295K<br>Sales Volume: 200
2024,NN8 4,220000,113,Midlands,NN8 4<br>Avg. Price: 220K<br>Sales Volume: 113
2024,NN8 5,337000,95,Midlands,NN8 5<br>Avg. Price: 337K<br>Sales Volume: 95
2024,NN8 6,303000,181,Midlands,NN8 6<br>Avg. Price: 303K<br>Sales Volume: 181
2024,NN9 5,265000,226,Midlands,NN9 5<br>Avg. Price: 265K<br>Sales Volume: 226
2024,NN9 6,291000,231,Midlands,NN9 6<br>Avg. Price: 291K<br>Sales Volume: 231
2024,NP10 0,294000,33,Wales,NP10 0<br>Avg. Price: 294K<br>Sales Volume: 33
2024,NP10 8,258000,162,Wales,NP10 8<br>Avg. Price: 258K<br>Sales Volume: 162
2024,NP10 9,286000,180,Wales,NP10 9<br>Avg. Price: 286K<br>Sales Volume: 180
2024,NP11 3,207000,60,Wales,NP11 3<br>Avg. Price: 207K<br>Sales Volume: 60
2024,NP11 4,162000,98,Wales,NP11 4<br>Avg. Price: 162K<br>Sales Volume: 98
2024,NP11 5,162000,74,Wales,NP11 5<br>Avg. Price: 162K<br>Sales Volume: 74
2024,NP11 6,189000,143,Wales,NP11 6<br>Avg. Price: 189K<br>Sales Volume: 143
2024,NP11 7,156000,131,Wales,NP11 7<br>Avg. Price: 156K<br>Sales Volume: 131
2024,NP12 0,212000,102,Wales,NP12 0<br>Avg. Price: 212K<br>Sales Volume: 102
2024,NP12 1,221000,136,Wales,NP12 1<br>Avg. Price: 221K<br>Sales Volume: 136
2024,NP12 2,229000,157,Wales,NP12 2<br>Avg. Price: 229K<br>Sales Volume: 157
2024,NP12 3,184000,90,Wales,NP12 3<br>Avg. Price: 184K<br>Sales Volume: 90
2024,NP13 1,111000,114,Wales,NP13 1<br>Avg. Price: 111K<br>Sales Volume: 114
2024,NP13 2,110000,75,Wales,NP13 2<br>Avg. Price: 110K<br>Sales Volume: 75
2024,NP13 3,141000,61,Wales,NP13 3<br>Avg. Price: 141K<br>Sales Volume: 61
2024,NP15 1,407000,83,Wales,NP15 1<br>Avg. Price: 407K<br>Sales Volume: 83
2024,NP15 2,485000,12,Wales,NP15 2<br>Avg. Price: 485K<br>Sales Volume: 12
2024,NP16 5,325000,262,Wales,NP16 5<br>Avg. Price: 325K<br>Sales Volume: 262
2024,NP16 6,519000,66,Wales,NP16 6<br>Avg. Price: 519K<br>Sales Volume: 66
2024,NP16 7,372000,75,Wales,NP16 7<br>Avg. Price: 372K<br>Sales Volume: 75
2024,NP18 1,290000,58,Wales,NP18 1<br>Avg. Price: 290K<br>Sales Volume: 58
2024,NP18 2,369000,107,Wales,NP18 2<br>Avg. Price: 369K<br>Sales Volume: 107
2024,NP18 3,330000,97,Wales,NP18 3<br>Avg. Price: 330K<br>Sales Volume: 97
2024,NP19 0,161000,170,Wales,NP19 0<br>Avg. Price: 161K<br>Sales Volume: 170
2024,NP19 4,274000,308,Wales,NP19 4<br>Avg. Price: 274K<br>Sales Volume: 308
2024,NP19 7,192000,197,Wales,NP19 7<br>Avg. Price: 192K<br>Sales Volume: 197
2024,NP19 8,197000,156,Wales,NP19 8<br>Avg. Price: 197K<br>Sales Volume: 156
2024,NP19 9,195000,142,Wales,NP19 9<br>Avg. Price: 195K<br>Sales Volume: 142
2024,NP20 1,125000,20,Wales,NP20 1<br>Avg. Price: 125K<br>Sales Volume: 20
2024,NP20 2,201000,174,Wales,NP20 2<br>Avg. Price: 201K<br>Sales Volume: 174
2024,NP20 3,228000,125,Wales,NP20 3<br>Avg. Price: 228K<br>Sales Volume: 125
2024,NP20 4,226000,117,Wales,NP20 4<br>Avg. Price: 226K<br>Sales Volume: 117
2024,NP20 5,258000,131,Wales,NP20 5<br>Avg. Price: 258K<br>Sales Volume: 131
2024,NP20 6,222000,98,Wales,NP20 6<br>Avg. Price: 222K<br>Sales Volume: 98
2024,NP20 7,178000,79,Wales,NP20 7<br>Avg. Price: 178K<br>Sales Volume: 79
2024,NP22 3,140000,71,Wales,NP22 3<br>Avg. Price: 140K<br>Sales Volume: 71
2024,NP22 4,153000,100,Wales,NP22 4<br>Avg. Price: 153K<br>Sales Volume: 100
2024,NP22 5,133000,55,Wales,NP22 5<br>Avg. Price: 133K<br>Sales Volume: 55
2024,NP23 4,154000,97,Wales,NP23 4<br>Avg. Price: 154K<br>Sales Volume: 97
2024,NP23 5,182000,76,Wales,NP23 5<br>Avg. Price: 182K<br>Sales Volume: 76
2024,NP23 6,155000,166,Wales,NP23 6<br>Avg. Price: 155K<br>Sales Volume: 166
2024,NP23 7,99000,39,Wales,NP23 7<br>Avg. Price: 99K<br>Sales Volume: 39
2024,NP23 8,241000,16,Wales,NP23 8<br>Avg. Price: 241K<br>Sales Volume: 16
2024,NP24 6,97000,61,Wales,NP24 6<br>Avg. Price: 97K<br>Sales Volume: 61
2024,NP25 3,339000,95,Wales,NP25 3<br>Avg. Price: 339K<br>Sales Volume: 95
2024,NP25 4,554000,39,Wales,NP25 4<br>Avg. Price: 554K<br>Sales Volume: 39
2024,NP25 5,330000,89,Wales,NP25 5<br>Avg. Price: 330K<br>Sales Volume: 89
2024,NP26 3,334000,148,Wales,NP26 3<br>Avg. Price: 334K<br>Sales Volume: 148
2024,NP26 4,307000,98,Wales,NP26 4<br>Avg. Price: 307K<br>Sales Volume: 98
2024,NP26 5,331000,130,Wales,NP26 5<br>Avg. Price: 331K<br>Sales Volume: 130
2024,NP4 0,301000,98,Wales,NP4 0<br>Avg. Price: 301K<br>Sales Volume: 98
2024,NP4 5,200000,102,Wales,NP4 5<br>Avg. Price: 200K<br>Sales Volume: 102
2024,NP4 6,155000,105,Wales,NP4 6<br>Avg. Price: 155K<br>Sales Volume: 105
2024,NP4 7,179000,66,Wales,NP4 7<br>Avg. Price: 179K<br>Sales Volume: 66
2024,NP4 8,223000,62,Wales,NP4 8<br>Avg. Price: 223K<br>Sales Volume: 62
2024,NP4 9,152000,90,Wales,NP4 9<br>Avg. Price: 152K<br>Sales Volume: 90
2024,NP44 1,256000,163,Wales,NP44 1<br>Avg. Price: 256K<br>Sales Volume: 163
2024,NP44 2,223000,68,Wales,NP44 2<br>Avg. Price: 223K<br>Sales Volume: 68
2024,NP44 3,255000,144,Wales,NP44 3<br>Avg. Price: 255K<br>Sales Volume: 144
2024,NP44 4,155000,64,Wales,NP44 4<br>Avg. Price: 155K<br>Sales Volume: 64
2024,NP44 5,196000,43,Wales,NP44 5<br>Avg. Price: 196K<br>Sales Volume: 43
2024,NP44 6,265000,53,Wales,NP44 6<br>Avg. Price: 265K<br>Sales Volume: 53
2024,NP44 7,214000,62,Wales,NP44 7<br>Avg. Price: 214K<br>Sales Volume: 62
2024,NP44 8,267000,50,Wales,NP44 8<br>Avg. Price: 267K<br>Sales Volume: 50
2024,NP7 0,336000,56,Wales,NP7 0<br>Avg. Price: 336K<br>Sales Volume: 56
2024,NP7 1,225000,1,Wales,NP7 1<br>Avg. Price: 225K<br>Sales Volume: 1
2024,NP7 5,289000,105,Wales,NP7 5<br>Avg. Price: 289K<br>Sales Volume: 105
2024,NP7 6,308000,75,Wales,NP7 6<br>Avg. Price: 308K<br>Sales Volume: 75
2024,NP7 7,490000,43,Wales,NP7 7<br>Avg. Price: 490K<br>Sales Volume: 43
2024,NP7 8,479000,21,Wales,NP7 8<br>Avg. Price: 479K<br>Sales Volume: 21
2024,NP7 9,392000,80,Wales,NP7 9<br>Avg. Price: 392K<br>Sales Volume: 80
2024,NP8 1,439000,56,Wales,NP8 1<br>Avg. Price: 439K<br>Sales Volume: 56
2024,NR1 1,223000,203,Midlands,NR1 1<br>Avg. Price: 223K<br>Sales Volume: 203
2024,NR1 2,245000,115,Midlands,NR1 2<br>Avg. Price: 245K<br>Sales Volume: 115
2024,NR1 3,214000,89,Midlands,NR1 3<br>Avg. Price: 214K<br>Sales Volume: 89
2024,NR1 4,277000,112,Midlands,NR1 4<br>Avg. Price: 277K<br>Sales Volume: 112
2024,NR10 3,332000,207,Midlands,NR10 3<br>Avg. Price: 332K<br>Sales Volume: 207
2024,NR10 4,345000,77,Midlands,NR10 4<br>Avg. Price: 345K<br>Sales Volume: 77
2024,NR10 5,291000,71,Midlands,NR10 5<br>Avg. Price: 291K<br>Sales Volume: 71
2024,NR11 6,359000,136,Midlands,NR11 6<br>Avg. Price: 359K<br>Sales Volume: 136
2024,NR11 7,454000,42,Midlands,NR11 7<br>Avg. Price: 454K<br>Sales Volume: 42
2024,NR11 8,353000,104,Midlands,NR11 8<br>Avg. Price: 353K<br>Sales Volume: 104
2024,NR12 0,293000,81,Midlands,NR12 0<br>Avg. Price: 293K<br>Sales Volume: 81
2024,NR12 7,365000,45,Midlands,NR12 7<br>Avg. Price: 365K<br>Sales Volume: 45
2024,NR12 8,426000,109,Midlands,NR12 8<br>Avg. Price: 426K<br>Sales Volume: 109
2024,NR12 9,246000,104,Midlands,NR12 9<br>Avg. Price: 246K<br>Sales Volume: 104
2024,NR13 3,292000,114,Midlands,NR13 3<br>Avg. Price: 292K<br>Sales Volume: 114
2024,NR13 4,365000,119,Midlands,NR13 4<br>Avg. Price: 365K<br>Sales Volume: 119
2024,NR13 5,354000,193,Midlands,NR13 5<br>Avg. Price: 354K<br>Sales Volume: 193
2024,NR13 6,351000,312,Midlands,NR13 6<br>Avg. Price: 351K<br>Sales Volume: 312
2024,NR14 6,365000,98,Midlands,NR14 6<br>Avg. Price: 365K<br>Sales Volume: 98
2024,NR14 7,345000,161,Midlands,NR14 7<br>Avg. Price: 345K<br>Sales Volume: 161
2024,NR14 8,381000,153,Midlands,NR14 8<br>Avg. Price: 381K<br>Sales Volume: 153
2024,NR15 1,402000,85,Midlands,NR15 1<br>Avg. Price: 402K<br>Sales Volume: 85
2024,NR15 2,325000,110,Midlands,NR15 2<br>Avg. Price: 325K<br>Sales Volume: 110
2024,NR16 1,402000,60,Midlands,NR16 1<br>Avg. Price: 402K<br>Sales Volume: 60
2024,NR16 2,379000,130,Midlands,NR16 2<br>Avg. Price: 379K<br>Sales Volume: 130
2024,NR17 1,372000,195,Midlands,NR17 1<br>Avg. Price: 372K<br>Sales Volume: 195
2024,NR17 2,276000,152,Midlands,NR17 2<br>Avg. Price: 276K<br>Sales Volume: 152
2024,NR18 0,296000,259,Midlands,NR18 0<br>Avg. Price: 296K<br>Sales Volume: 259
2024,NR18 9,364000,178,Midlands,NR18 9<br>Avg. Price: 364K<br>Sales Volume: 178
2024,NR19 1,235000,197,Midlands,NR19 1<br>Avg. Price: 235K<br>Sales Volume: 197
2024,NR19 2,270000,152,Midlands,NR19 2<br>Avg. Price: 270K<br>Sales Volume: 152
2024,NR2 1,377000,19,Midlands,NR2 1<br>Avg. Price: 377K<br>Sales Volume: 19
2024,NR2 2,358000,119,Midlands,NR2 2<br>Avg. Price: 358K<br>Sales Volume: 119
2024,NR2 3,329000,199,Midlands,NR2 3<br>Avg. Price: 329K<br>Sales Volume: 199
2024,NR2 4,211000,107,Midlands,NR2 4<br>Avg. Price: 211K<br>Sales Volume: 107
2024,NR20 3,354000,172,Midlands,NR20 3<br>Avg. Price: 354K<br>Sales Volume: 172
2024,NR20 4,293000,123,Midlands,NR20 4<br>Avg. Price: 293K<br>Sales Volume: 123
2024,NR20 5,410000,82,Midlands,NR20 5<br>Avg. Price: 410K<br>Sales Volume: 82
2024,NR21 0,393000,56,Midlands,NR21 0<br>Avg. Price: 393K<br>Sales Volume: 56
2024,NR21 7,324000,48,Midlands,NR21 7<br>Avg. Price: 324K<br>Sales Volume: 48
2024,NR21 8,277000,89,Midlands,NR21 8<br>Avg. Price: 277K<br>Sales Volume: 89
2024,NR21 9,305000,62,Midlands,NR21 9<br>Avg. Price: 305K<br>Sales Volume: 62
2024,NR22 6,447000,13,Midlands,NR22 6<br>Avg. Price: 447K<br>Sales Volume: 13
2024,NR23 1,634000,46,Midlands,NR23 1<br>Avg. Price: 634K<br>Sales Volume: 46
2024,NR24 2,363000,56,Midlands,NR24 2<br>Avg. Price: 363K<br>Sales Volume: 56
2024,NR25 6,399000,146,Midlands,NR25 6<br>Avg. Price: 399K<br>Sales Volume: 146
2024,NR25 7,753000,73,Midlands,NR25 7<br>Avg. Price: 753K<br>Sales Volume: 73
2024,NR26 8,366000,204,Midlands,NR26 8<br>Avg. Price: 366K<br>Sales Volume: 204
2024,NR27 0,333000,111,Midlands,NR27 0<br>Avg. Price: 333K<br>Sales Volume: 111
2024,NR27 9,290000,115,Midlands,NR27 9<br>Avg. Price: 290K<br>Sales Volume: 115
2024,NR28 0,273000,179,Midlands,NR28 0<br>Avg. Price: 273K<br>Sales Volume: 179
2024,NR28 9,310000,119,Midlands,NR28 9<br>Avg. Price: 310K<br>Sales Volume: 119
2024,NR29 3,310000,98,Midlands,NR29 3<br>Avg. Price: 310K<br>Sales Volume: 98
2024,NR29 4,259000,183,Midlands,NR29 4<br>Avg. Price: 259K<br>Sales Volume: 183
2024,NR29 5,303000,65,Midlands,NR29 5<br>Avg. Price: 303K<br>Sales Volume: 65
2024,NR3 1,209000,118,Midlands,NR3 1<br>Avg. Price: 209K<br>Sales Volume: 118
2024,NR3 2,199000,93,Midlands,NR3 2<br>Avg. Price: 199K<br>Sales Volume: 93
2024,NR3 3,228000,147,Midlands,NR3 3<br>Avg. Price: 228K<br>Sales Volume: 147
2024,NR3 4,220000,215,Midlands,NR3 4<br>Avg. Price: 220K<br>Sales Volume: 215
2024,NR30 1,156000,81,Midlands,NR30 1<br>Avg. Price: 156K<br>Sales Volume: 81
2024,NR30 2,139000,71,Midlands,NR30 2<br>Avg. Price: 139K<br>Sales Volume: 71
2024,NR30 3,134000,61,Midlands,NR30 3<br>Avg. Price: 134K<br>Sales Volume: 61
2024,NR30 4,203000,111,Midlands,NR30 4<br>Avg. Price: 203K<br>Sales Volume: 111
2024,NR30 5,239000,156,Midlands,NR30 5<br>Avg. Price: 239K<br>Sales Volume: 156
2024,NR31 0,136000,122,Midlands,NR31 0<br>Avg. Price: 136K<br>Sales Volume: 122
2024,NR31 6,227000,145,Midlands,NR31 6<br>Avg. Price: 227K<br>Sales Volume: 145
2024,NR31 7,208000,86,Midlands,NR31 7<br>Avg. Price: 208K<br>Sales Volume: 86
2024,NR31 8,258000,206,Midlands,NR31 8<br>Avg. Price: 258K<br>Sales Volume: 206
2024,NR31 9,276000,264,Midlands,NR31 9<br>Avg. Price: 276K<br>Sales Volume: 264
2024,NR32 1,130000,60,Midlands,NR32 1<br>Avg. Price: 130K<br>Sales Volume: 60
2024,NR32 2,156000,133,Midlands,NR32 2<br>Avg. Price: 156K<br>Sales Volume: 133
2024,NR32 3,256000,149,Midlands,NR32 3<br>Avg. Price: 256K<br>Sales Volume: 149
2024,NR32 4,263000,177,Midlands,NR32 4<br>Avg. Price: 263K<br>Sales Volume: 177
2024,NR32 5,370000,48,Midlands,NR32 5<br>Avg. Price: 370K<br>Sales Volume: 48
2024,NR33 0,191000,117,Midlands,NR33 0<br>Avg. Price: 191K<br>Sales Volume: 117
2024,NR33 7,241000,159,Midlands,NR33 7<br>Avg. Price: 241K<br>Sales Volume: 159
2024,NR33 8,261000,196,Midlands,NR33 8<br>Avg. Price: 261K<br>Sales Volume: 196
2024,NR33 9,237000,123,Midlands,NR33 9<br>Avg. Price: 237K<br>Sales Volume: 123
2024,NR34 0,365000,33,Midlands,NR34 0<br>Avg. Price: 365K<br>Sales Volume: 33
2024,NR34 7,323000,123,Midlands,NR34 7<br>Avg. Price: 323K<br>Sales Volume: 123
2024,NR34 8,442000,25,Midlands,NR34 8<br>Avg. Price: 442K<br>Sales Volume: 25
2024,NR34 9,266000,182,Midlands,NR34 9<br>Avg. Price: 266K<br>Sales Volume: 182
2024,NR35 1,273000,83,Midlands,NR35 1<br>Avg. Price: 273K<br>Sales Volume: 83
2024,NR35 2,329000,69,Midlands,NR35 2<br>Avg. Price: 329K<br>Sales Volume: 69
2024,NR4 6,367000,151,Midlands,NR4 6<br>Avg. Price: 367K<br>Sales Volume: 151
2024,NR4 7,385000,242,Midlands,NR4 7<br>Avg. Price: 385K<br>Sales Volume: 242
2024,NR5 0,293000,177,Midlands,NR5 0<br>Avg. Price: 293K<br>Sales Volume: 177
2024,NR5 8,235000,85,Midlands,NR5 8<br>Avg. Price: 235K<br>Sales Volume: 85
2024,NR5 9,239000,83,Midlands,NR5 9<br>Avg. Price: 239K<br>Sales Volume: 83
2024,NR6 5,295000,141,Midlands,NR6 5<br>Avg. Price: 295K<br>Sales Volume: 141
2024,NR6 6,249000,111,Midlands,NR6 6<br>Avg. Price: 249K<br>Sales Volume: 111
2024,NR6 7,295000,215,Midlands,NR6 7<br>Avg. Price: 295K<br>Sales Volume: 215
2024,NR7 0,323000,209,Midlands,NR7 0<br>Avg. Price: 323K<br>Sales Volume: 209
2024,NR7 8,273000,247,Midlands,NR7 8<br>Avg. Price: 273K<br>Sales Volume: 247
2024,NR7 9,228000,91,Midlands,NR7 9<br>Avg. Price: 228K<br>Sales Volume: 91
2024,NR8 5,248000,136,Midlands,NR8 5<br>Avg. Price: 248K<br>Sales Volume: 136
2024,NR8 6,338000,203,Midlands,NR8 6<br>Avg. Price: 338K<br>Sales Volume: 203
2024,NR8 7,408000,32,Midlands,NR8 7<br>Avg. Price: 408K<br>Sales Volume: 32
2024,NR9 3,354000,174,Midlands,NR9 3<br>Avg. Price: 354K<br>Sales Volume: 174
2024,NR9 4,351000,66,Midlands,NR9 4<br>Avg. Price: 351K<br>Sales Volume: 66
2024,NR9 5,368000,140,Midlands,NR9 5<br>Avg. Price: 368K<br>Sales Volume: 140
2024,NW1 0,535000,55,Greater London,NW1 0<br>Avg. Price: 535K<br>Sales Volume: 55
2024,NW1 1,614000,48,Greater London,NW1 1<br>Avg. Price: 614K<br>Sales Volume: 48
2024,NW1 2,699000,8,Greater London,NW1 2<br>Avg. Price: 699K<br>Sales Volume: 8
2024,NW1 3,470000,10,Greater London,NW1 3<br>Avg. Price: 470K<br>Sales Volume: 10
2024,NW1 4,2823000,30,Greater London,"NW1 4<br>Avg. Price: 2,823K<br>Sales Volume: 30"
2024,NW1 5,1455000,50,Greater London,"NW1 5<br>Avg. Price: 1,455K<br>Sales Volume: 50"
2024,NW1 6,985000,74,Greater London,NW1 6<br>Avg. Price: 985K<br>Sales Volume: 74
2024,NW1 7,1368000,71,Greater London,"NW1 7<br>Avg. Price: 1,368K<br>Sales Volume: 71"
2024,NW1 8,1280000,80,Greater London,"NW1 8<br>Avg. Price: 1,280K<br>Sales Volume: 80"
2024,NW1 9,898000,88,Greater London,NW1 9<br>Avg. Price: 898K<br>Sales Volume: 88
2024,NW10 0,365000,27,Greater London,NW10 0<br>Avg. Price: 365K<br>Sales Volume: 27
2024,NW10 1,636000,69,Greater London,NW10 1<br>Avg. Price: 636K<br>Sales Volume: 69
2024,NW10 2,586000,49,Greater London,NW10 2<br>Avg. Price: 586K<br>Sales Volume: 49
2024,NW10 3,1223000,83,Greater London,"NW10 3<br>Avg. Price: 1,223K<br>Sales Volume: 83"
2024,NW10 4,482000,84,Greater London,NW10 4<br>Avg. Price: 482K<br>Sales Volume: 84
2024,NW10 5,887000,171,Greater London,NW10 5<br>Avg. Price: 887K<br>Sales Volume: 171
2024,NW10 6,476000,51,Greater London,NW10 6<br>Avg. Price: 476K<br>Sales Volume: 51
2024,NW10 7,451000,45,Greater London,NW10 7<br>Avg. Price: 451K<br>Sales Volume: 45
2024,NW10 8,373000,56,Greater London,NW10 8<br>Avg. Price: 373K<br>Sales Volume: 56
2024,NW10 9,393000,54,Greater London,NW10 9<br>Avg. Price: 393K<br>Sales Volume: 54
2024,NW11 0,990000,53,Greater London,NW11 0<br>Avg. Price: 990K<br>Sales Volume: 53
2024,NW11 6,1358000,91,Greater London,"NW11 6<br>Avg. Price: 1,358K<br>Sales Volume: 91"
2024,NW11 7,1404000,89,Greater London,"NW11 7<br>Avg. Price: 1,404K<br>Sales Volume: 89"
2024,NW11 8,1104000,50,Greater London,"NW11 8<br>Avg. Price: 1,104K<br>Sales Volume: 50"
2024,NW11 9,817000,76,Greater London,NW11 9<br>Avg. Price: 817K<br>Sales Volume: 76
2024,NW2 1,641000,71,Greater London,NW2 1<br>Avg. Price: 641K<br>Sales Volume: 71
2024,NW2 2,635000,107,Greater London,NW2 2<br>Avg. Price: 635K<br>Sales Volume: 107
2024,NW2 3,621000,89,Greater London,NW2 3<br>Avg. Price: 621K<br>Sales Volume: 89
2024,NW2 4,886000,78,Greater London,NW2 4<br>Avg. Price: 886K<br>Sales Volume: 78
2024,NW2 5,524000,143,Greater London,NW2 5<br>Avg. Price: 524K<br>Sales Volume: 143
2024,NW2 6,628000,81,Greater London,NW2 6<br>Avg. Price: 628K<br>Sales Volume: 81
2024,NW2 7,532000,73,Greater London,NW2 7<br>Avg. Price: 532K<br>Sales Volume: 73
2024,NW2 8,576000,15,Greater London,NW2 8<br>Avg. Price: 576K<br>Sales Volume: 15
2024,NW3 1,1831000,63,Greater London,"NW3 1<br>Avg. Price: 1,831K<br>Sales Volume: 63"
2024,NW3 2,1279000,167,Greater London,"NW3 2<br>Avg. Price: 1,279K<br>Sales Volume: 167"
2024,NW3 3,1837000,99,Greater London,"NW3 3<br>Avg. Price: 1,837K<br>Sales Volume: 99"
2024,NW3 4,1271000,138,Greater London,"NW3 4<br>Avg. Price: 1,271K<br>Sales Volume: 138"
2024,NW3 5,1332000,111,Greater London,"NW3 5<br>Avg. Price: 1,332K<br>Sales Volume: 111"
2024,NW3 6,2086000,82,Greater London,"NW3 6<br>Avg. Price: 2,086K<br>Sales Volume: 82"
2024,NW3 7,2207000,82,Greater London,"NW3 7<br>Avg. Price: 2,207K<br>Sales Volume: 82"
2024,NW4 1,650000,86,Greater London,NW4 1<br>Avg. Price: 650K<br>Sales Volume: 86
2024,NW4 2,714000,74,Greater London,NW4 2<br>Avg. Price: 714K<br>Sales Volume: 74
2024,NW4 3,629000,52,Greater London,NW4 3<br>Avg. Price: 629K<br>Sales Volume: 52
2024,NW4 4,517000,85,Greater London,NW4 4<br>Avg. Price: 517K<br>Sales Volume: 85
2024,NW5 1,1056000,94,Greater London,"NW5 1<br>Avg. Price: 1,056K<br>Sales Volume: 94"
2024,NW5 2,848000,91,Greater London,NW5 2<br>Avg. Price: 848K<br>Sales Volume: 91
2024,NW5 3,938000,45,Greater London,NW5 3<br>Avg. Price: 938K<br>Sales Volume: 45
2024,NW5 4,651000,54,Greater London,NW5 4<br>Avg. Price: 651K<br>Sales Volume: 54
2024,NW6 1,907000,221,Greater London,NW6 1<br>Avg. Price: 907K<br>Sales Volume: 221
2024,NW6 2,780000,142,Greater London,NW6 2<br>Avg. Price: 780K<br>Sales Volume: 142
2024,NW6 3,1148000,131,Greater London,"NW6 3<br>Avg. Price: 1,148K<br>Sales Volume: 131"
2024,NW6 4,725000,62,Greater London,NW6 4<br>Avg. Price: 725K<br>Sales Volume: 62
2024,NW6 5,598000,112,Greater London,NW6 5<br>Avg. Price: 598K<br>Sales Volume: 112
2024,NW6 6,1201000,146,Greater London,"NW6 6<br>Avg. Price: 1,201K<br>Sales Volume: 146"
2024,NW6 7,836000,166,Greater London,NW6 7<br>Avg. Price: 836K<br>Sales Volume: 166
2024,NW7 1,549000,166,Greater London,NW7 1<br>Avg. Price: 549K<br>Sales Volume: 166
2024,NW7 2,736000,83,Greater London,NW7 2<br>Avg. Price: 736K<br>Sales Volume: 83
2024,NW7 3,780000,79,Greater London,NW7 3<br>Avg. Price: 780K<br>Sales Volume: 79
2024,NW7 4,1115000,74,Greater London,"NW7 4<br>Avg. Price: 1,115K<br>Sales Volume: 74"
2024,NW8 0,2189000,63,Greater London,"NW8 0<br>Avg. Price: 2,189K<br>Sales Volume: 63"
2024,NW8 6,2629000,80,Greater London,"NW8 6<br>Avg. Price: 2,629K<br>Sales Volume: 80"
2024,NW8 7,1631000,86,Greater London,"NW8 7<br>Avg. Price: 1,631K<br>Sales Volume: 86"
2024,NW8 8,750000,64,Greater London,NW8 8<br>Avg. Price: 750K<br>Sales Volume: 64
2024,NW8 9,1671000,124,Greater London,"NW8 9<br>Avg. Price: 1,671K<br>Sales Volume: 124"
2024,NW9 0,480000,97,Greater London,NW9 0<br>Avg. Price: 480K<br>Sales Volume: 97
2024,NW9 4,457000,104,Greater London,NW9 4<br>Avg. Price: 457K<br>Sales Volume: 104
2024,NW9 5,367000,138,Greater London,NW9 5<br>Avg. Price: 367K<br>Sales Volume: 138
2024,NW9 6,475000,98,Greater London,NW9 6<br>Avg. Price: 475K<br>Sales Volume: 98
2024,NW9 7,433000,218,Greater London,NW9 7<br>Avg. Price: 433K<br>Sales Volume: 218
2024,NW9 8,506000,53,Greater London,NW9 8<br>Avg. Price: 506K<br>Sales Volume: 53
2024,NW9 9,503000,64,Greater London,NW9 9<br>Avg. Price: 503K<br>Sales Volume: 64
2024,OL1 1,104000,4,North England,OL1 1<br>Avg. Price: 104K<br>Sales Volume: 4
2024,OL1 2,206000,53,North England,OL1 2<br>Avg. Price: 206K<br>Sales Volume: 53
2024,OL1 3,110000,40,North England,OL1 3<br>Avg. Price: 110K<br>Sales Volume: 40
2024,OL1 4,152000,120,North England,OL1 4<br>Avg. Price: 152K<br>Sales Volume: 120
2024,OL10 1,168000,73,North England,OL10 1<br>Avg. Price: 168K<br>Sales Volume: 73
2024,OL10 2,258000,153,North England,OL10 2<br>Avg. Price: 258K<br>Sales Volume: 153
2024,OL10 3,163000,123,North England,OL10 3<br>Avg. Price: 163K<br>Sales Volume: 123
2024,OL10 4,201000,107,North England,OL10 4<br>Avg. Price: 201K<br>Sales Volume: 107
2024,OL11 1,134000,37,North England,OL11 1<br>Avg. Price: 134K<br>Sales Volume: 37
2024,OL11 2,165000,148,North England,OL11 2<br>Avg. Price: 165K<br>Sales Volume: 148
2024,OL11 3,194000,127,North England,OL11 3<br>Avg. Price: 194K<br>Sales Volume: 127
2024,OL11 4,253000,79,North England,OL11 4<br>Avg. Price: 253K<br>Sales Volume: 79
2024,OL11 5,304000,155,North England,OL11 5<br>Avg. Price: 304K<br>Sales Volume: 155
2024,OL12 0,138000,79,North England,OL12 0<br>Avg. Price: 138K<br>Sales Volume: 79
2024,OL12 6,190000,114,North England,OL12 6<br>Avg. Price: 190K<br>Sales Volume: 114
2024,OL12 7,236000,166,North England,OL12 7<br>Avg. Price: 236K<br>Sales Volume: 166
2024,OL12 8,191000,154,North England,OL12 8<br>Avg. Price: 191K<br>Sales Volume: 154
2024,OL12 9,196000,127,North England,OL12 9<br>Avg. Price: 196K<br>Sales Volume: 127
2024,OL13 0,145000,83,North England,OL13 0<br>Avg. Price: 145K<br>Sales Volume: 83
2024,OL13 8,172000,79,North England,OL13 8<br>Avg. Price: 172K<br>Sales Volume: 79
2024,OL13 9,182000,113,North England,OL13 9<br>Avg. Price: 182K<br>Sales Volume: 113
2024,OL14 5,157000,86,North England,OL14 5<br>Avg. Price: 157K<br>Sales Volume: 86
2024,OL14 6,274000,61,North England,OL14 6<br>Avg. Price: 274K<br>Sales Volume: 61
2024,OL14 7,215000,51,North England,OL14 7<br>Avg. Price: 215K<br>Sales Volume: 51
2024,OL14 8,233000,81,North England,OL14 8<br>Avg. Price: 233K<br>Sales Volume: 81
2024,OL15 0,259000,52,North England,OL15 0<br>Avg. Price: 259K<br>Sales Volume: 52
2024,OL15 8,249000,119,North England,OL15 8<br>Avg. Price: 249K<br>Sales Volume: 119
2024,OL15 9,207000,90,North England,OL15 9<br>Avg. Price: 207K<br>Sales Volume: 90
2024,OL16 1,162000,9,North England,OL16 1<br>Avg. Price: 162K<br>Sales Volume: 9
2024,OL16 2,163000,84,North England,OL16 2<br>Avg. Price: 163K<br>Sales Volume: 84
2024,OL16 3,199000,123,North England,OL16 3<br>Avg. Price: 199K<br>Sales Volume: 123
2024,OL16 4,215000,163,North England,OL16 4<br>Avg. Price: 215K<br>Sales Volume: 163
2024,OL16 5,142000,44,North England,OL16 5<br>Avg. Price: 142K<br>Sales Volume: 44
2024,OL2 5,227000,144,North England,OL2 5<br>Avg. Price: 227K<br>Sales Volume: 144
2024,OL2 6,236000,262,North England,OL2 6<br>Avg. Price: 236K<br>Sales Volume: 262
2024,OL2 7,218000,200,North England,OL2 7<br>Avg. Price: 218K<br>Sales Volume: 200
2024,OL2 8,203000,103,North England,OL2 8<br>Avg. Price: 203K<br>Sales Volume: 103
2024,OL3 5,360000,113,North England,OL3 5<br>Avg. Price: 360K<br>Sales Volume: 113
2024,OL3 6,329000,64,North England,OL3 6<br>Avg. Price: 329K<br>Sales Volume: 64
2024,OL3 7,355000,72,North England,OL3 7<br>Avg. Price: 355K<br>Sales Volume: 72
2024,OL4 1,135000,51,North England,OL4 1<br>Avg. Price: 135K<br>Sales Volume: 51
2024,OL4 2,165000,130,North England,OL4 2<br>Avg. Price: 165K<br>Sales Volume: 130
2024,OL4 3,193000,85,North England,OL4 3<br>Avg. Price: 193K<br>Sales Volume: 85
2024,OL4 4,325000,134,North England,OL4 4<br>Avg. Price: 325K<br>Sales Volume: 134
2024,OL4 5,194000,117,North England,OL4 5<br>Avg. Price: 194K<br>Sales Volume: 117
2024,OL5 0,194000,78,North England,OL5 0<br>Avg. Price: 194K<br>Sales Volume: 78
2024,OL5 9,226000,115,North England,OL5 9<br>Avg. Price: 226K<br>Sales Volume: 115
2024,OL6 6,174000,99,North England,OL6 6<br>Avg. Price: 174K<br>Sales Volume: 99
2024,OL6 7,181000,17,North England,OL6 7<br>Avg. Price: 181K<br>Sales Volume: 17
2024,OL6 8,208000,132,North England,OL6 8<br>Avg. Price: 208K<br>Sales Volume: 132
2024,OL6 9,221000,168,North England,OL6 9<br>Avg. Price: 221K<br>Sales Volume: 168
2024,OL7 0,138000,79,North England,OL7 0<br>Avg. Price: 138K<br>Sales Volume: 79
2024,OL7 9,202000,143,North England,OL7 9<br>Avg. Price: 202K<br>Sales Volume: 143
2024,OL8 1,127000,52,North England,OL8 1<br>Avg. Price: 127K<br>Sales Volume: 52
2024,OL8 2,181000,112,North England,OL8 2<br>Avg. Price: 181K<br>Sales Volume: 112
2024,OL8 3,168000,106,North England,OL8 3<br>Avg. Price: 168K<br>Sales Volume: 106
2024,OL8 4,175000,65,North England,OL8 4<br>Avg. Price: 175K<br>Sales Volume: 65
2024,OL9 0,210000,106,North England,OL9 0<br>Avg. Price: 210K<br>Sales Volume: 106
2024,OL9 6,113000,27,North England,OL9 6<br>Avg. Price: 113K<br>Sales Volume: 27
2024,OL9 7,142000,54,North England,OL9 7<br>Avg. Price: 142K<br>Sales Volume: 54
2024,OL9 8,165000,144,North England,OL9 8<br>Avg. Price: 165K<br>Sales Volume: 144
2024,OL9 9,230000,154,North England,OL9 9<br>Avg. Price: 230K<br>Sales Volume: 154
2024,OX1 1,559000,37,South East,OX1 1<br>Avg. Price: 559K<br>Sales Volume: 37
2024,OX1 2,754000,15,South East,OX1 2<br>Avg. Price: 754K<br>Sales Volume: 15
2024,OX1 4,527000,66,South East,OX1 4<br>Avg. Price: 527K<br>Sales Volume: 66
2024,OX1 5,591000,74,South East,OX1 5<br>Avg. Price: 591K<br>Sales Volume: 74
2024,OX10 0,451000,112,South East,OX10 0<br>Avg. Price: 451K<br>Sales Volume: 112
2024,OX10 6,570000,111,South East,OX10 6<br>Avg. Price: 570K<br>Sales Volume: 111
2024,OX10 7,539000,63,South East,OX10 7<br>Avg. Price: 539K<br>Sales Volume: 63
2024,OX10 8,477000,51,South East,OX10 8<br>Avg. Price: 477K<br>Sales Volume: 51
2024,OX10 9,493000,116,South East,OX10 9<br>Avg. Price: 493K<br>Sales Volume: 116
2024,OX11 0,475000,103,South East,OX11 0<br>Avg. Price: 475K<br>Sales Volume: 103
2024,OX11 6,352000,196,South East,OX11 6<br>Avg. Price: 352K<br>Sales Volume: 196
2024,OX11 7,328000,206,South East,OX11 7<br>Avg. Price: 328K<br>Sales Volume: 206
2024,OX11 8,318000,145,South East,OX11 8<br>Avg. Price: 318K<br>Sales Volume: 145
2024,OX11 9,502000,241,South East,OX11 9<br>Avg. Price: 502K<br>Sales Volume: 241
2024,OX12 0,402000,188,South East,OX12 0<br>Avg. Price: 402K<br>Sales Volume: 188
2024,OX12 7,402000,175,South East,OX12 7<br>Avg. Price: 402K<br>Sales Volume: 175
2024,OX12 8,429000,88,South East,OX12 8<br>Avg. Price: 429K<br>Sales Volume: 88
2024,OX12 9,434000,172,South East,OX12 9<br>Avg. Price: 434K<br>Sales Volume: 172
2024,OX13 5,594000,85,South East,OX13 5<br>Avg. Price: 594K<br>Sales Volume: 85
2024,OX13 6,528000,138,South East,OX13 6<br>Avg. Price: 528K<br>Sales Volume: 138
2024,OX14 1,440000,240,South East,OX14 1<br>Avg. Price: 440K<br>Sales Volume: 240
2024,OX14 2,458000,142,South East,OX14 2<br>Avg. Price: 458K<br>Sales Volume: 142
2024,OX14 3,394000,161,South East,OX14 3<br>Avg. Price: 394K<br>Sales Volume: 161
2024,OX14 4,552000,128,South East,OX14 4<br>Avg. Price: 552K<br>Sales Volume: 128
2024,OX14 5,321000,150,South East,OX14 5<br>Avg. Price: 321K<br>Sales Volume: 150
2024,OX15 0,488000,48,South East,OX15 0<br>Avg. Price: 488K<br>Sales Volume: 48
2024,OX15 4,417000,126,South East,OX15 4<br>Avg. Price: 417K<br>Sales Volume: 126
2024,OX15 5,548000,70,South East,OX15 5<br>Avg. Price: 548K<br>Sales Volume: 70
2024,OX15 6,655000,28,South East,OX15 6<br>Avg. Price: 655K<br>Sales Volume: 28
2024,OX16 0,270000,113,South East,OX16 0<br>Avg. Price: 270K<br>Sales Volume: 113
2024,OX16 1,309000,208,South East,OX16 1<br>Avg. Price: 309K<br>Sales Volume: 208
2024,OX16 2,262000,68,South East,OX16 2<br>Avg. Price: 262K<br>Sales Volume: 68
2024,OX16 3,252000,70,South East,OX16 3<br>Avg. Price: 252K<br>Sales Volume: 70
2024,OX16 4,207000,54,South East,OX16 4<br>Avg. Price: 207K<br>Sales Volume: 54
2024,OX16 5,186000,41,South East,OX16 5<br>Avg. Price: 186K<br>Sales Volume: 41
2024,OX16 9,350000,283,South East,OX16 9<br>Avg. Price: 350K<br>Sales Volume: 283
2024,OX17 1,495000,72,South East,OX17 1<br>Avg. Price: 495K<br>Sales Volume: 72
2024,OX17 2,439000,106,South East,OX17 2<br>Avg. Price: 439K<br>Sales Volume: 106
2024,OX17 3,493000,106,South East,OX17 3<br>Avg. Price: 493K<br>Sales Volume: 106
2024,OX18 1,357000,217,South East,OX18 1<br>Avg. Price: 357K<br>Sales Volume: 217
2024,OX18 2,508000,92,South East,OX18 2<br>Avg. Price: 508K<br>Sales Volume: 92
2024,OX18 3,345000,113,South East,OX18 3<br>Avg. Price: 345K<br>Sales Volume: 113
2024,OX18 4,699000,69,South East,OX18 4<br>Avg. Price: 699K<br>Sales Volume: 69
2024,OX2 0,513000,73,South East,OX2 0<br>Avg. Price: 513K<br>Sales Volume: 73
2024,OX2 6,1198000,120,South East,"OX2 6<br>Avg. Price: 1,198K<br>Sales Volume: 120"
2024,OX2 7,878000,122,South East,OX2 7<br>Avg. Price: 878K<br>Sales Volume: 122
2024,OX2 8,842000,62,South East,OX2 8<br>Avg. Price: 842K<br>Sales Volume: 62
2024,OX2 9,570000,150,South East,OX2 9<br>Avg. Price: 570K<br>Sales Volume: 150
2024,OX20 1,629000,85,South East,OX20 1<br>Avg. Price: 629K<br>Sales Volume: 85
2024,OX25 1,496000,15,South East,OX25 1<br>Avg. Price: 496K<br>Sales Volume: 15
2024,OX25 2,424000,130,South East,OX25 2<br>Avg. Price: 424K<br>Sales Volume: 130
2024,OX25 3,693000,12,South East,OX25 3<br>Avg. Price: 693K<br>Sales Volume: 12
2024,OX25 4,760000,17,South East,OX25 4<br>Avg. Price: 760K<br>Sales Volume: 17
2024,OX25 5,443000,91,South East,OX25 5<br>Avg. Price: 443K<br>Sales Volume: 91
2024,OX25 6,459000,14,South East,OX25 6<br>Avg. Price: 459K<br>Sales Volume: 14
2024,OX26 1,485000,103,South East,OX26 1<br>Avg. Price: 485K<br>Sales Volume: 103
2024,OX26 2,332000,101,South East,OX26 2<br>Avg. Price: 332K<br>Sales Volume: 101
2024,OX26 3,356000,113,South East,OX26 3<br>Avg. Price: 356K<br>Sales Volume: 113
2024,OX26 4,330000,74,South East,OX26 4<br>Avg. Price: 330K<br>Sales Volume: 74
2024,OX26 5,386000,9,South East,OX26 5<br>Avg. Price: 386K<br>Sales Volume: 9
2024,OX26 6,306000,160,South East,OX26 6<br>Avg. Price: 306K<br>Sales Volume: 160
2024,OX27 0,550000,21,South East,OX27 0<br>Avg. Price: 550K<br>Sales Volume: 21
2024,OX27 7,528000,36,South East,OX27 7<br>Avg. Price: 528K<br>Sales Volume: 36
2024,OX27 8,404000,65,South East,OX27 8<br>Avg. Price: 404K<br>Sales Volume: 65
2024,OX27 9,744000,11,South East,OX27 9<br>Avg. Price: 744K<br>Sales Volume: 11
2024,OX28 1,356000,124,South East,OX28 1<br>Avg. Price: 356K<br>Sales Volume: 124
2024,OX28 2,457000,6,South East,OX28 2<br>Avg. Price: 457K<br>Sales Volume: 6
2024,OX28 3,357000,38,South East,OX28 3<br>Avg. Price: 357K<br>Sales Volume: 38
2024,OX28 4,294000,59,South East,OX28 4<br>Avg. Price: 294K<br>Sales Volume: 59
2024,OX28 5,364000,107,South East,OX28 5<br>Avg. Price: 364K<br>Sales Volume: 107
2024,OX28 6,362000,82,South East,OX28 6<br>Avg. Price: 362K<br>Sales Volume: 82
2024,OX29 0,446000,24,South East,OX29 0<br>Avg. Price: 446K<br>Sales Volume: 24
2024,OX29 4,446000,88,South East,OX29 4<br>Avg. Price: 446K<br>Sales Volume: 88
2024,OX29 5,608000,14,South East,OX29 5<br>Avg. Price: 608K<br>Sales Volume: 14
2024,OX29 6,537000,30,South East,OX29 6<br>Avg. Price: 537K<br>Sales Volume: 30
2024,OX29 7,509000,70,South East,OX29 7<br>Avg. Price: 509K<br>Sales Volume: 70
2024,OX29 8,478000,98,South East,OX29 8<br>Avg. Price: 478K<br>Sales Volume: 98
2024,OX29 9,573000,19,South East,OX29 9<br>Avg. Price: 573K<br>Sales Volume: 19
2024,OX3 0,620000,112,South East,OX3 0<br>Avg. Price: 620K<br>Sales Volume: 112
2024,OX3 7,400000,170,South East,OX3 7<br>Avg. Price: 400K<br>Sales Volume: 170
2024,OX3 8,441000,125,South East,OX3 8<br>Avg. Price: 441K<br>Sales Volume: 125
2024,OX3 9,520000,115,South East,OX3 9<br>Avg. Price: 520K<br>Sales Volume: 115
2024,OX33 1,525000,93,South East,OX33 1<br>Avg. Price: 525K<br>Sales Volume: 93
2024,OX39 4,487000,139,South East,OX39 4<br>Avg. Price: 487K<br>Sales Volume: 139
2024,OX4 1,602000,116,South East,OX4 1<br>Avg. Price: 602K<br>Sales Volume: 116
2024,OX4 2,377000,118,South East,OX4 2<br>Avg. Price: 377K<br>Sales Volume: 118
2024,OX4 3,418000,147,South East,OX4 3<br>Avg. Price: 418K<br>Sales Volume: 147
2024,OX4 4,403000,105,South East,OX4 4<br>Avg. Price: 403K<br>Sales Volume: 105
2024,OX4 6,335000,44,South East,OX4 6<br>Avg. Price: 335K<br>Sales Volume: 44
2024,OX4 7,306000,35,South East,OX4 7<br>Avg. Price: 306K<br>Sales Volume: 35
2024,OX44 7,508000,86,South East,OX44 7<br>Avg. Price: 508K<br>Sales Volume: 86
2024,OX44 9,515000,20,South East,OX44 9<br>Avg. Price: 515K<br>Sales Volume: 20
2024,OX49 5,560000,89,South East,OX49 5<br>Avg. Price: 560K<br>Sales Volume: 89
2024,OX5 1,389000,153,South East,OX5 1<br>Avg. Price: 389K<br>Sales Volume: 153
2024,OX5 2,446000,111,South East,OX5 2<br>Avg. Price: 446K<br>Sales Volume: 111
2024,OX5 3,504000,36,South East,OX5 3<br>Avg. Price: 504K<br>Sales Volume: 36
2024,OX7 3,698000,74,South East,OX7 3<br>Avg. Price: 698K<br>Sales Volume: 74
2024,OX7 4,1408000,20,South East,"OX7 4<br>Avg. Price: 1,408K<br>Sales Volume: 20"
2024,OX7 5,389000,154,South East,OX7 5<br>Avg. Price: 389K<br>Sales Volume: 154
2024,OX7 6,749000,115,South East,OX7 6<br>Avg. Price: 749K<br>Sales Volume: 115
2024,OX7 7,640000,28,South East,OX7 7<br>Avg. Price: 640K<br>Sales Volume: 28
2024,OX9 2,530000,60,South East,OX9 2<br>Avg. Price: 530K<br>Sales Volume: 60
2024,OX9 3,454000,204,South East,OX9 3<br>Avg. Price: 454K<br>Sales Volume: 204
2024,OX9 7,484000,11,South East,OX9 7<br>Avg. Price: 484K<br>Sales Volume: 11
2024,PE1 1,184000,5,Midlands,PE1 1<br>Avg. Price: 184K<br>Sales Volume: 5
2024,PE1 2,187000,88,Midlands,PE1 2<br>Avg. Price: 187K<br>Sales Volume: 88
2024,PE1 3,203000,136,Midlands,PE1 3<br>Avg. Price: 203K<br>Sales Volume: 136
2024,PE1 4,226000,145,Midlands,PE1 4<br>Avg. Price: 226K<br>Sales Volume: 145
2024,PE1 5,181000,88,Midlands,PE1 5<br>Avg. Price: 181K<br>Sales Volume: 88
2024,PE10 0,269000,264,Midlands,PE10 0<br>Avg. Price: 269K<br>Sales Volume: 264
2024,PE10 2,298000,106,Midlands,PE10 2<br>Avg. Price: 298K<br>Sales Volume: 106
2024,PE10 9,269000,198,Midlands,PE10 9<br>Avg. Price: 269K<br>Sales Volume: 198
2024,PE11 1,214000,147,Midlands,PE11 1<br>Avg. Price: 214K<br>Sales Volume: 147
2024,PE11 2,208000,186,Midlands,PE11 2<br>Avg. Price: 208K<br>Sales Volume: 186
2024,PE11 3,248000,191,Midlands,PE11 3<br>Avg. Price: 248K<br>Sales Volume: 191
2024,PE11 4,277000,226,Midlands,PE11 4<br>Avg. Price: 277K<br>Sales Volume: 226
2024,PE11 5,310000,35,Midlands,PE11 5<br>Avg. Price: 310K<br>Sales Volume: 35
2024,PE11 7,240000,9,Midlands,PE11 7<br>Avg. Price: 240K<br>Sales Volume: 9
2024,PE12 0,309000,81,Midlands,PE12 0<br>Avg. Price: 309K<br>Sales Volume: 81
2024,PE12 6,287000,212,Midlands,PE12 6<br>Avg. Price: 287K<br>Sales Volume: 212
2024,PE12 7,216000,212,Midlands,PE12 7<br>Avg. Price: 216K<br>Sales Volume: 212
2024,PE12 8,279000,87,Midlands,PE12 8<br>Avg. Price: 279K<br>Sales Volume: 87
2024,PE12 9,214000,194,Midlands,PE12 9<br>Avg. Price: 214K<br>Sales Volume: 194
2024,PE13 1,207000,39,Midlands,PE13 1<br>Avg. Price: 207K<br>Sales Volume: 39
2024,PE13 2,180000,132,Midlands,PE13 2<br>Avg. Price: 180K<br>Sales Volume: 132
2024,PE13 3,180000,140,Midlands,PE13 3<br>Avg. Price: 180K<br>Sales Volume: 140
2024,PE13 4,280000,99,Midlands,PE13 4<br>Avg. Price: 280K<br>Sales Volume: 99
2024,PE13 5,259000,118,Midlands,PE13 5<br>Avg. Price: 259K<br>Sales Volume: 118
2024,PE14 0,256000,89,Midlands,PE14 0<br>Avg. Price: 256K<br>Sales Volume: 89
2024,PE14 7,300000,95,Midlands,PE14 7<br>Avg. Price: 300K<br>Sales Volume: 95
2024,PE14 8,289000,93,Midlands,PE14 8<br>Avg. Price: 289K<br>Sales Volume: 93
2024,PE14 9,271000,51,Midlands,PE14 9<br>Avg. Price: 271K<br>Sales Volume: 51
2024,PE15 0,311000,147,Midlands,PE15 0<br>Avg. Price: 311K<br>Sales Volume: 147
2024,PE15 8,229000,198,Midlands,PE15 8<br>Avg. Price: 229K<br>Sales Volume: 198
2024,PE15 9,248000,157,Midlands,PE15 9<br>Avg. Price: 248K<br>Sales Volume: 157
2024,PE16 6,246000,206,Midlands,PE16 6<br>Avg. Price: 246K<br>Sales Volume: 206
2024,PE19 0,423000,179,Midlands,PE19 0<br>Avg. Price: 423K<br>Sales Volume: 179
2024,PE19 1,302000,100,Midlands,PE19 1<br>Avg. Price: 302K<br>Sales Volume: 100
2024,PE19 2,274000,183,Midlands,PE19 2<br>Avg. Price: 274K<br>Sales Volume: 183
2024,PE19 5,410000,107,Midlands,PE19 5<br>Avg. Price: 410K<br>Sales Volume: 107
2024,PE19 6,366000,207,Midlands,PE19 6<br>Avg. Price: 366K<br>Sales Volume: 207
2024,PE19 7,409000,87,Midlands,PE19 7<br>Avg. Price: 409K<br>Sales Volume: 87
2024,PE19 8,307000,138,Midlands,PE19 8<br>Avg. Price: 307K<br>Sales Volume: 138
2024,PE2 5,207000,192,Midlands,PE2 5<br>Avg. Price: 207K<br>Sales Volume: 192
2024,PE2 6,300000,57,Midlands,PE2 6<br>Avg. Price: 300K<br>Sales Volume: 57
2024,PE2 7,296000,67,Midlands,PE2 7<br>Avg. Price: 296K<br>Sales Volume: 67
2024,PE2 8,227000,280,Midlands,PE2 8<br>Avg. Price: 227K<br>Sales Volume: 280
2024,PE2 9,226000,167,Midlands,PE2 9<br>Avg. Price: 226K<br>Sales Volume: 167
2024,PE20 1,248000,133,Midlands,PE20 1<br>Avg. Price: 248K<br>Sales Volume: 133
2024,PE20 2,265000,67,Midlands,PE20 2<br>Avg. Price: 265K<br>Sales Volume: 67
2024,PE20 3,229000,92,Midlands,PE20 3<br>Avg. Price: 229K<br>Sales Volume: 92
2024,PE21 0,185000,143,Midlands,PE21 0<br>Avg. Price: 185K<br>Sales Volume: 143
2024,PE21 6,140000,46,Midlands,PE21 6<br>Avg. Price: 140K<br>Sales Volume: 46
2024,PE21 7,219000,150,Midlands,PE21 7<br>Avg. Price: 219K<br>Sales Volume: 150
2024,PE21 8,151000,160,Midlands,PE21 8<br>Avg. Price: 151K<br>Sales Volume: 160
2024,PE21 9,212000,181,Midlands,PE21 9<br>Avg. Price: 212K<br>Sales Volume: 181
2024,PE22 0,240000,97,Midlands,PE22 0<br>Avg. Price: 240K<br>Sales Volume: 97
2024,PE22 7,242000,66,Midlands,PE22 7<br>Avg. Price: 242K<br>Sales Volume: 66
2024,PE22 8,241000,54,Midlands,PE22 8<br>Avg. Price: 241K<br>Sales Volume: 54
2024,PE22 9,246000,43,Midlands,PE22 9<br>Avg. Price: 246K<br>Sales Volume: 43
2024,PE23 4,354000,42,Midlands,PE23 4<br>Avg. Price: 354K<br>Sales Volume: 42
2024,PE23 5,236000,99,Midlands,PE23 5<br>Avg. Price: 236K<br>Sales Volume: 99
2024,PE24 4,213000,49,Midlands,PE24 4<br>Avg. Price: 213K<br>Sales Volume: 49
2024,PE24 5,216000,126,Midlands,PE24 5<br>Avg. Price: 216K<br>Sales Volume: 126
2024,PE25 1,196000,131,Midlands,PE25 1<br>Avg. Price: 196K<br>Sales Volume: 131
2024,PE25 2,168000,131,Midlands,PE25 2<br>Avg. Price: 168K<br>Sales Volume: 131
2024,PE25 3,212000,106,Midlands,PE25 3<br>Avg. Price: 212K<br>Sales Volume: 106
2024,PE26 1,295000,142,Midlands,PE26 1<br>Avg. Price: 295K<br>Sales Volume: 142
2024,PE26 2,344000,82,Midlands,PE26 2<br>Avg. Price: 344K<br>Sales Volume: 82
2024,PE27 3,283000,124,Midlands,PE27 3<br>Avg. Price: 283K<br>Sales Volume: 124
2024,PE27 4,361000,36,Midlands,PE27 4<br>Avg. Price: 361K<br>Sales Volume: 36
2024,PE27 5,335000,93,Midlands,PE27 5<br>Avg. Price: 335K<br>Sales Volume: 93
2024,PE27 6,328000,74,Midlands,PE27 6<br>Avg. Price: 328K<br>Sales Volume: 74
2024,PE28 0,436000,72,Midlands,PE28 0<br>Avg. Price: 436K<br>Sales Volume: 72
2024,PE28 2,369000,141,Midlands,PE28 2<br>Avg. Price: 369K<br>Sales Volume: 141
2024,PE28 3,353000,111,Midlands,PE28 3<br>Avg. Price: 353K<br>Sales Volume: 111
2024,PE28 4,396000,268,Midlands,PE28 4<br>Avg. Price: 396K<br>Sales Volume: 268
2024,PE28 5,359000,152,Midlands,PE28 5<br>Avg. Price: 359K<br>Sales Volume: 152
2024,PE28 9,520000,82,Midlands,PE28 9<br>Avg. Price: 520K<br>Sales Volume: 82
2024,PE29 1,309000,125,Midlands,PE29 1<br>Avg. Price: 309K<br>Sales Volume: 125
2024,PE29 2,364000,164,Midlands,PE29 2<br>Avg. Price: 364K<br>Sales Volume: 164
2024,PE29 3,253000,75,Midlands,PE29 3<br>Avg. Price: 253K<br>Sales Volume: 75
2024,PE29 6,327000,78,Midlands,PE29 6<br>Avg. Price: 327K<br>Sales Volume: 78
2024,PE29 7,214000,38,Midlands,PE29 7<br>Avg. Price: 214K<br>Sales Volume: 38
2024,PE3 6,347000,106,Midlands,PE3 6<br>Avg. Price: 347K<br>Sales Volume: 106
2024,PE3 7,183000,40,Midlands,PE3 7<br>Avg. Price: 183K<br>Sales Volume: 40
2024,PE3 8,211000,69,Midlands,PE3 8<br>Avg. Price: 211K<br>Sales Volume: 69
2024,PE3 9,281000,97,Midlands,PE3 9<br>Avg. Price: 281K<br>Sales Volume: 97
2024,PE30 1,172000,38,Midlands,PE30 1<br>Avg. Price: 172K<br>Sales Volume: 38
2024,PE30 2,161000,80,Midlands,PE30 2<br>Avg. Price: 161K<br>Sales Volume: 80
2024,PE30 3,299000,265,Midlands,PE30 3<br>Avg. Price: 299K<br>Sales Volume: 265
2024,PE30 4,205000,158,Midlands,PE30 4<br>Avg. Price: 205K<br>Sales Volume: 158
2024,PE30 5,169000,112,Midlands,PE30 5<br>Avg. Price: 169K<br>Sales Volume: 112
2024,PE31 6,344000,117,Midlands,PE31 6<br>Avg. Price: 344K<br>Sales Volume: 117
2024,PE31 7,324000,140,Midlands,PE31 7<br>Avg. Price: 324K<br>Sales Volume: 140
2024,PE31 8,739000,119,Midlands,PE31 8<br>Avg. Price: 739K<br>Sales Volume: 119
2024,PE32 1,362000,123,Midlands,PE32 1<br>Avg. Price: 362K<br>Sales Volume: 123
2024,PE32 2,344000,87,Midlands,PE32 2<br>Avg. Price: 344K<br>Sales Volume: 87
2024,PE33 0,298000,101,Midlands,PE33 0<br>Avg. Price: 298K<br>Sales Volume: 101
2024,PE33 9,304000,82,Midlands,PE33 9<br>Avg. Price: 304K<br>Sales Volume: 82
2024,PE34 3,296000,71,Midlands,PE34 3<br>Avg. Price: 296K<br>Sales Volume: 71
2024,PE34 4,279000,115,Midlands,PE34 4<br>Avg. Price: 279K<br>Sales Volume: 115
2024,PE36 5,275000,103,Midlands,PE36 5<br>Avg. Price: 275K<br>Sales Volume: 103
2024,PE36 6,526000,74,Midlands,PE36 6<br>Avg. Price: 526K<br>Sales Volume: 74
2024,PE37 7,226000,132,Midlands,PE37 7<br>Avg. Price: 226K<br>Sales Volume: 132
2024,PE37 8,304000,153,Midlands,PE37 8<br>Avg. Price: 304K<br>Sales Volume: 153
2024,PE38 0,296000,80,Midlands,PE38 0<br>Avg. Price: 296K<br>Sales Volume: 80
2024,PE38 9,266000,205,Midlands,PE38 9<br>Avg. Price: 266K<br>Sales Volume: 205
2024,PE4 5,233000,68,Midlands,PE4 5<br>Avg. Price: 233K<br>Sales Volume: 68
2024,PE4 6,241000,163,Midlands,PE4 6<br>Avg. Price: 241K<br>Sales Volume: 163
2024,PE4 7,224000,209,Midlands,PE4 7<br>Avg. Price: 224K<br>Sales Volume: 209
2024,PE5 7,497000,22,Midlands,PE5 7<br>Avg. Price: 497K<br>Sales Volume: 22
2024,PE6 0,284000,170,Midlands,PE6 0<br>Avg. Price: 284K<br>Sales Volume: 170
2024,PE6 7,337000,150,Midlands,PE6 7<br>Avg. Price: 337K<br>Sales Volume: 150
2024,PE6 8,311000,211,Midlands,PE6 8<br>Avg. Price: 311K<br>Sales Volume: 211
2024,PE6 9,441000,105,Midlands,PE6 9<br>Avg. Price: 441K<br>Sales Volume: 105
2024,PE7 0,224000,18,Midlands,PE7 0<br>Avg. Price: 224K<br>Sales Volume: 18
2024,PE7 1,253000,275,Midlands,PE7 1<br>Avg. Price: 253K<br>Sales Volume: 275
2024,PE7 2,289000,188,Midlands,PE7 2<br>Avg. Price: 289K<br>Sales Volume: 188
2024,PE7 3,279000,252,Midlands,PE7 3<br>Avg. Price: 279K<br>Sales Volume: 252
2024,PE7 4,376000,28,Midlands,PE7 4<br>Avg. Price: 376K<br>Sales Volume: 28
2024,PE7 7,311000,19,Midlands,PE7 7<br>Avg. Price: 311K<br>Sales Volume: 19
2024,PE7 8,306000,491,Midlands,PE7 8<br>Avg. Price: 306K<br>Sales Volume: 491
2024,PE8 4,404000,103,Midlands,PE8 4<br>Avg. Price: 404K<br>Sales Volume: 103
2024,PE8 5,608000,53,Midlands,PE8 5<br>Avg. Price: 608K<br>Sales Volume: 53
2024,PE8 6,335000,130,Midlands,PE8 6<br>Avg. Price: 335K<br>Sales Volume: 130
2024,PE9 1,290000,140,Midlands,PE9 1<br>Avg. Price: 290K<br>Sales Volume: 140
2024,PE9 2,422000,214,Midlands,PE9 2<br>Avg. Price: 422K<br>Sales Volume: 214
2024,PE9 3,524000,125,Midlands,PE9 3<br>Avg. Price: 524K<br>Sales Volume: 125
2024,PE9 4,489000,73,Midlands,PE9 4<br>Avg. Price: 489K<br>Sales Volume: 73
2024,PL1 2,252000,51,South West,PL1 2<br>Avg. Price: 252K<br>Sales Volume: 51
2024,PL1 3,246000,138,South West,PL1 3<br>Avg. Price: 246K<br>Sales Volume: 138
2024,PL1 4,195000,103,South West,PL1 4<br>Avg. Price: 195K<br>Sales Volume: 103
2024,PL1 5,187000,163,South West,PL1 5<br>Avg. Price: 187K<br>Sales Volume: 163
2024,PL10 1,412000,54,South West,PL10 1<br>Avg. Price: 412K<br>Sales Volume: 54
2024,PL11 2,225000,153,South West,PL11 2<br>Avg. Price: 225K<br>Sales Volume: 153
2024,PL11 3,483000,50,South West,PL11 3<br>Avg. Price: 483K<br>Sales Volume: 50
2024,PL12 4,277000,137,South West,PL12 4<br>Avg. Price: 277K<br>Sales Volume: 137
2024,PL12 5,349000,24,South West,PL12 5<br>Avg. Price: 349K<br>Sales Volume: 24
2024,PL12 6,305000,196,South West,PL12 6<br>Avg. Price: 305K<br>Sales Volume: 196
2024,PL13 1,302000,51,South West,PL13 1<br>Avg. Price: 302K<br>Sales Volume: 51
2024,PL13 2,323000,86,South West,PL13 2<br>Avg. Price: 323K<br>Sales Volume: 86
2024,PL14 3,242000,137,South West,PL14 3<br>Avg. Price: 242K<br>Sales Volume: 137
2024,PL14 4,268000,86,South West,PL14 4<br>Avg. Price: 268K<br>Sales Volume: 86
2024,PL14 5,313000,81,South West,PL14 5<br>Avg. Price: 313K<br>Sales Volume: 81
2024,PL14 6,284000,58,South West,PL14 6<br>Avg. Price: 284K<br>Sales Volume: 58
2024,PL15 7,280000,103,South West,PL15 7<br>Avg. Price: 280K<br>Sales Volume: 103
2024,PL15 8,290000,75,South West,PL15 8<br>Avg. Price: 290K<br>Sales Volume: 75
2024,PL15 9,283000,106,South West,PL15 9<br>Avg. Price: 283K<br>Sales Volume: 106
2024,PL16 0,320000,16,South West,PL16 0<br>Avg. Price: 320K<br>Sales Volume: 16
2024,PL17 7,279000,98,South West,PL17 7<br>Avg. Price: 279K<br>Sales Volume: 98
2024,PL17 8,306000,70,South West,PL17 8<br>Avg. Price: 306K<br>Sales Volume: 70
2024,PL18 9,294000,77,South West,PL18 9<br>Avg. Price: 294K<br>Sales Volume: 77
2024,PL19 0,286000,74,South West,PL19 0<br>Avg. Price: 286K<br>Sales Volume: 74
2024,PL19 8,303000,119,South West,PL19 8<br>Avg. Price: 303K<br>Sales Volume: 119
2024,PL19 9,362000,104,South West,PL19 9<br>Avg. Price: 362K<br>Sales Volume: 104
2024,PL2 1,172000,217,South West,PL2 1<br>Avg. Price: 172K<br>Sales Volume: 217
2024,PL2 2,187000,155,South West,PL2 2<br>Avg. Price: 187K<br>Sales Volume: 155
2024,PL2 3,226000,175,South West,PL2 3<br>Avg. Price: 226K<br>Sales Volume: 175
2024,PL20 6,383000,61,South West,PL20 6<br>Avg. Price: 383K<br>Sales Volume: 61
2024,PL20 7,333000,86,South West,PL20 7<br>Avg. Price: 333K<br>Sales Volume: 86
2024,PL21 0,365000,233,South West,PL21 0<br>Avg. Price: 365K<br>Sales Volume: 233
2024,PL21 9,302000,163,South West,PL21 9<br>Avg. Price: 302K<br>Sales Volume: 163
2024,PL22 0,349000,56,South West,PL22 0<br>Avg. Price: 349K<br>Sales Volume: 56
2024,PL23 1,515000,71,South West,PL23 1<br>Avg. Price: 515K<br>Sales Volume: 71
2024,PL24 2,246000,150,South West,PL24 2<br>Avg. Price: 246K<br>Sales Volume: 150
2024,PL25 3,329000,209,South West,PL25 3<br>Avg. Price: 329K<br>Sales Volume: 209
2024,PL25 4,255000,107,South West,PL25 4<br>Avg. Price: 255K<br>Sales Volume: 107
2024,PL25 5,270000,120,South West,PL25 5<br>Avg. Price: 270K<br>Sales Volume: 120
2024,PL26 6,512000,70,South West,PL26 6<br>Avg. Price: 512K<br>Sales Volume: 70
2024,PL26 7,288000,130,South West,PL26 7<br>Avg. Price: 288K<br>Sales Volume: 130
2024,PL26 8,235000,206,South West,PL26 8<br>Avg. Price: 235K<br>Sales Volume: 206
2024,PL27 6,525000,124,South West,PL27 6<br>Avg. Price: 525K<br>Sales Volume: 124
2024,PL27 7,359000,96,South West,PL27 7<br>Avg. Price: 359K<br>Sales Volume: 96
2024,PL28 8,707000,83,South West,PL28 8<br>Avg. Price: 707K<br>Sales Volume: 83
2024,PL29 3,496000,25,South West,PL29 3<br>Avg. Price: 496K<br>Sales Volume: 25
2024,PL3 4,265000,165,South West,PL3 4<br>Avg. Price: 265K<br>Sales Volume: 165
2024,PL3 5,354000,142,South West,PL3 5<br>Avg. Price: 354K<br>Sales Volume: 142
2024,PL3 6,199000,195,South West,PL3 6<br>Avg. Price: 199K<br>Sales Volume: 195
2024,PL30 3,450000,56,South West,PL30 3<br>Avg. Price: 450K<br>Sales Volume: 56
2024,PL30 4,371000,48,South West,PL30 4<br>Avg. Price: 371K<br>Sales Volume: 48
2024,PL30 5,441000,38,South West,PL30 5<br>Avg. Price: 441K<br>Sales Volume: 38
2024,PL31 1,225000,117,South West,PL31 1<br>Avg. Price: 225K<br>Sales Volume: 117
2024,PL31 2,252000,124,South West,PL31 2<br>Avg. Price: 252K<br>Sales Volume: 124
2024,PL32 9,296000,66,South West,PL32 9<br>Avg. Price: 296K<br>Sales Volume: 66
2024,PL33 9,271000,25,South West,PL33 9<br>Avg. Price: 271K<br>Sales Volume: 25
2024,PL34 0,396000,31,South West,PL34 0<br>Avg. Price: 396K<br>Sales Volume: 31
2024,PL35 0,408000,21,South West,PL35 0<br>Avg. Price: 408K<br>Sales Volume: 21
2024,PL4 0,219000,44,South West,PL4 0<br>Avg. Price: 219K<br>Sales Volume: 44
2024,PL4 6,243000,79,South West,PL4 6<br>Avg. Price: 243K<br>Sales Volume: 79
2024,PL4 7,202000,161,South West,PL4 7<br>Avg. Price: 202K<br>Sales Volume: 161
2024,PL4 8,197000,167,South West,PL4 8<br>Avg. Price: 197K<br>Sales Volume: 167
2024,PL4 9,172000,117,South West,PL4 9<br>Avg. Price: 172K<br>Sales Volume: 117
2024,PL5 1,184000,142,South West,PL5 1<br>Avg. Price: 184K<br>Sales Volume: 142
2024,PL5 2,199000,122,South West,PL5 2<br>Avg. Price: 199K<br>Sales Volume: 122
2024,PL5 3,207000,158,South West,PL5 3<br>Avg. Price: 207K<br>Sales Volume: 158
2024,PL5 4,201000,124,South West,PL5 4<br>Avg. Price: 201K<br>Sales Volume: 124
2024,PL6 5,277000,169,South West,PL6 5<br>Avg. Price: 277K<br>Sales Volume: 169
2024,PL6 6,258000,142,South West,PL6 6<br>Avg. Price: 258K<br>Sales Volume: 142
2024,PL6 7,305000,117,South West,PL6 7<br>Avg. Price: 305K<br>Sales Volume: 117
2024,PL6 8,224000,130,South West,PL6 8<br>Avg. Price: 224K<br>Sales Volume: 130
2024,PL7 1,267000,156,South West,PL7 1<br>Avg. Price: 267K<br>Sales Volume: 156
2024,PL7 2,256000,207,South West,PL7 2<br>Avg. Price: 256K<br>Sales Volume: 207
2024,PL7 4,289000,133,South West,PL7 4<br>Avg. Price: 289K<br>Sales Volume: 133
2024,PL7 5,335000,38,South West,PL7 5<br>Avg. Price: 335K<br>Sales Volume: 38
2024,PL8 1,787000,39,South West,PL8 1<br>Avg. Price: 787K<br>Sales Volume: 39
2024,PL8 2,393000,53,South West,PL8 2<br>Avg. Price: 393K<br>Sales Volume: 53
2024,PL9 0,532000,57,South West,PL9 0<br>Avg. Price: 532K<br>Sales Volume: 57
2024,PL9 7,274000,135,South West,PL9 7<br>Avg. Price: 274K<br>Sales Volume: 135
2024,PL9 8,339000,282,South West,PL9 8<br>Avg. Price: 339K<br>Sales Volume: 282
2024,PL9 9,266000,200,South West,PL9 9<br>Avg. Price: 266K<br>Sales Volume: 200
2024,PO1 1,160000,15,South East,PO1 1<br>Avg. Price: 160K<br>Sales Volume: 15
2024,PO1 2,406000,59,South East,PO1 2<br>Avg. Price: 406K<br>Sales Volume: 59
2024,PO1 3,289000,46,South East,PO1 3<br>Avg. Price: 289K<br>Sales Volume: 46
2024,PO1 4,178000,19,South East,PO1 4<br>Avg. Price: 178K<br>Sales Volume: 19
2024,PO1 5,206000,158,South East,PO1 5<br>Avg. Price: 206K<br>Sales Volume: 158
2024,PO10 7,481000,162,South East,PO10 7<br>Avg. Price: 481K<br>Sales Volume: 162
2024,PO10 8,428000,140,South East,PO10 8<br>Avg. Price: 428K<br>Sales Volume: 140
2024,PO11 0,377000,114,South East,PO11 0<br>Avg. Price: 377K<br>Sales Volume: 114
2024,PO11 9,348000,162,South East,PO11 9<br>Avg. Price: 348K<br>Sales Volume: 162
2024,PO12 1,198000,159,South East,PO12 1<br>Avg. Price: 198K<br>Sales Volume: 159
2024,PO12 2,357000,167,South East,PO12 2<br>Avg. Price: 357K<br>Sales Volume: 167
2024,PO12 3,221000,216,South East,PO12 3<br>Avg. Price: 221K<br>Sales Volume: 216
2024,PO12 4,240000,215,South East,PO12 4<br>Avg. Price: 240K<br>Sales Volume: 215
2024,PO13 0,268000,177,South East,PO13 0<br>Avg. Price: 268K<br>Sales Volume: 177
2024,PO13 8,337000,108,South East,PO13 8<br>Avg. Price: 337K<br>Sales Volume: 108
2024,PO13 9,304000,195,South East,PO13 9<br>Avg. Price: 304K<br>Sales Volume: 195
2024,PO14 1,298000,112,South East,PO14 1<br>Avg. Price: 298K<br>Sales Volume: 112
2024,PO14 2,425000,159,South East,PO14 2<br>Avg. Price: 425K<br>Sales Volume: 159
2024,PO14 3,455000,99,South East,PO14 3<br>Avg. Price: 455K<br>Sales Volume: 99
2024,PO14 4,388000,146,South East,PO14 4<br>Avg. Price: 388K<br>Sales Volume: 146
2024,PO15 5,380000,140,South East,PO15 5<br>Avg. Price: 380K<br>Sales Volume: 140
2024,PO15 6,391000,106,South East,PO15 6<br>Avg. Price: 391K<br>Sales Volume: 106
2024,PO15 7,376000,194,South East,PO15 7<br>Avg. Price: 376K<br>Sales Volume: 194
2024,PO16 0,260000,93,South East,PO16 0<br>Avg. Price: 260K<br>Sales Volume: 93
2024,PO16 7,330000,150,South East,PO16 7<br>Avg. Price: 330K<br>Sales Volume: 150
2024,PO16 8,367000,160,South East,PO16 8<br>Avg. Price: 367K<br>Sales Volume: 160
2024,PO16 9,329000,128,South East,PO16 9<br>Avg. Price: 329K<br>Sales Volume: 128
2024,PO17 5,379000,98,South East,PO17 5<br>Avg. Price: 379K<br>Sales Volume: 98
2024,PO17 6,581000,16,South East,PO17 6<br>Avg. Price: 581K<br>Sales Volume: 16
2024,PO18 0,706000,67,South East,PO18 0<br>Avg. Price: 706K<br>Sales Volume: 67
2024,PO18 8,581000,98,South East,PO18 8<br>Avg. Price: 581K<br>Sales Volume: 98
2024,PO18 9,1098000,15,South East,"PO18 9<br>Avg. Price: 1,098K<br>Sales Volume: 15"
2024,PO19 1,414000,55,South East,PO19 1<br>Avg. Price: 414K<br>Sales Volume: 55
2024,PO19 3,403000,133,South East,PO19 3<br>Avg. Price: 403K<br>Sales Volume: 133
2024,PO19 5,735000,56,South East,PO19 5<br>Avg. Price: 735K<br>Sales Volume: 56
2024,PO19 6,434000,152,South East,PO19 6<br>Avg. Price: 434K<br>Sales Volume: 152
2024,PO19 7,333000,117,South East,PO19 7<br>Avg. Price: 333K<br>Sales Volume: 117
2024,PO19 8,397000,87,South East,PO19 8<br>Avg. Price: 397K<br>Sales Volume: 87
2024,PO2 0,278000,166,South East,PO2 0<br>Avg. Price: 278K<br>Sales Volume: 166
2024,PO2 7,207000,174,South East,PO2 7<br>Avg. Price: 207K<br>Sales Volume: 174
2024,PO2 8,203000,127,South East,PO2 8<br>Avg. Price: 203K<br>Sales Volume: 127
2024,PO2 9,244000,108,South East,PO2 9<br>Avg. Price: 244K<br>Sales Volume: 108
2024,PO20 0,343000,179,South East,PO20 0<br>Avg. Price: 343K<br>Sales Volume: 179
2024,PO20 1,516000,26,South East,PO20 1<br>Avg. Price: 516K<br>Sales Volume: 26
2024,PO20 2,351000,175,South East,PO20 2<br>Avg. Price: 351K<br>Sales Volume: 175
2024,PO20 3,368000,125,South East,PO20 3<br>Avg. Price: 368K<br>Sales Volume: 125
2024,PO20 7,868000,43,South East,PO20 7<br>Avg. Price: 868K<br>Sales Volume: 43
2024,PO20 8,645000,141,South East,PO20 8<br>Avg. Price: 645K<br>Sales Volume: 141
2024,PO20 9,429000,31,South East,PO20 9<br>Avg. Price: 429K<br>Sales Volume: 31
2024,PO21 1,189000,114,South East,PO21 1<br>Avg. Price: 189K<br>Sales Volume: 114
2024,PO21 2,285000,161,South East,PO21 2<br>Avg. Price: 285K<br>Sales Volume: 161
2024,PO21 3,369000,145,South East,PO21 3<br>Avg. Price: 369K<br>Sales Volume: 145
2024,PO21 4,427000,118,South East,PO21 4<br>Avg. Price: 427K<br>Sales Volume: 118
2024,PO21 5,314000,164,South East,PO21 5<br>Avg. Price: 314K<br>Sales Volume: 164
2024,PO22 0,412000,60,South East,PO22 0<br>Avg. Price: 412K<br>Sales Volume: 60
2024,PO22 6,344000,114,South East,PO22 6<br>Avg. Price: 344K<br>Sales Volume: 114
2024,PO22 7,498000,98,South East,PO22 7<br>Avg. Price: 498K<br>Sales Volume: 98
2024,PO22 8,364000,118,South East,PO22 8<br>Avg. Price: 364K<br>Sales Volume: 118
2024,PO22 9,296000,91,South East,PO22 9<br>Avg. Price: 296K<br>Sales Volume: 91
2024,PO3 5,257000,144,South East,PO3 5<br>Avg. Price: 257K<br>Sales Volume: 144
2024,PO3 6,276000,166,South East,PO3 6<br>Avg. Price: 276K<br>Sales Volume: 166
2024,PO30 1,232000,111,South East,PO30 1<br>Avg. Price: 232K<br>Sales Volume: 111
2024,PO30 2,222000,91,South East,PO30 2<br>Avg. Price: 222K<br>Sales Volume: 91
2024,PO30 3,398000,27,South East,PO30 3<br>Avg. Price: 398K<br>Sales Volume: 27
2024,PO30 4,413000,44,South East,PO30 4<br>Avg. Price: 413K<br>Sales Volume: 44
2024,PO30 5,219000,187,South East,PO30 5<br>Avg. Price: 219K<br>Sales Volume: 187
2024,PO31 7,317000,148,South East,PO31 7<br>Avg. Price: 317K<br>Sales Volume: 148
2024,PO31 8,439000,80,South East,PO31 8<br>Avg. Price: 439K<br>Sales Volume: 80
2024,PO32 6,233000,149,South East,PO32 6<br>Avg. Price: 233K<br>Sales Volume: 149
2024,PO33 1,292000,135,South East,PO33 1<br>Avg. Price: 292K<br>Sales Volume: 135
2024,PO33 2,192000,149,South East,PO33 2<br>Avg. Price: 192K<br>Sales Volume: 149
2024,PO33 3,304000,154,South East,PO33 3<br>Avg. Price: 304K<br>Sales Volume: 154
2024,PO33 4,378000,86,South East,PO33 4<br>Avg. Price: 378K<br>Sales Volume: 86
2024,PO34 5,489000,37,South East,PO34 5<br>Avg. Price: 489K<br>Sales Volume: 37
2024,PO35 5,477000,60,South East,PO35 5<br>Avg. Price: 477K<br>Sales Volume: 60
2024,PO36 0,328000,60,South East,PO36 0<br>Avg. Price: 328K<br>Sales Volume: 60
2024,PO36 8,254000,105,South East,PO36 8<br>Avg. Price: 254K<br>Sales Volume: 105
2024,PO36 9,257000,118,South East,PO36 9<br>Avg. Price: 257K<br>Sales Volume: 118
2024,PO37 6,294000,71,South East,PO37 6<br>Avg. Price: 294K<br>Sales Volume: 71
2024,PO37 7,297000,82,South East,PO37 7<br>Avg. Price: 297K<br>Sales Volume: 82
2024,PO38 1,339000,79,South East,PO38 1<br>Avg. Price: 339K<br>Sales Volume: 79
2024,PO38 2,421000,38,South East,PO38 2<br>Avg. Price: 421K<br>Sales Volume: 38
2024,PO38 3,300000,61,South East,PO38 3<br>Avg. Price: 300K<br>Sales Volume: 61
2024,PO39 0,325000,57,South East,PO39 0<br>Avg. Price: 325K<br>Sales Volume: 57
2024,PO4 0,276000,196,South East,PO4 0<br>Avg. Price: 276K<br>Sales Volume: 196
2024,PO4 8,275000,238,South East,PO4 8<br>Avg. Price: 275K<br>Sales Volume: 238
2024,PO4 9,292000,260,South East,PO4 9<br>Avg. Price: 292K<br>Sales Volume: 260
2024,PO40 9,303000,98,South East,PO40 9<br>Avg. Price: 303K<br>Sales Volume: 98
2024,PO41 0,543000,28,South East,PO41 0<br>Avg. Price: 543K<br>Sales Volume: 28
2024,PO5 1,232000,110,South East,PO5 1<br>Avg. Price: 232K<br>Sales Volume: 110
2024,PO5 2,291000,137,South East,PO5 2<br>Avg. Price: 291K<br>Sales Volume: 137
2024,PO5 3,260000,111,South East,PO5 3<br>Avg. Price: 260K<br>Sales Volume: 111
2024,PO5 4,282000,20,South East,PO5 4<br>Avg. Price: 282K<br>Sales Volume: 20
2024,PO6 1,414000,105,South East,PO6 1<br>Avg. Price: 414K<br>Sales Volume: 105
2024,PO6 2,332000,171,South East,PO6 2<br>Avg. Price: 332K<br>Sales Volume: 171
2024,PO6 3,265000,75,South East,PO6 3<br>Avg. Price: 265K<br>Sales Volume: 75
2024,PO6 4,284000,124,South East,PO6 4<br>Avg. Price: 284K<br>Sales Volume: 124
2024,PO7 3,441000,56,South East,PO7 3<br>Avg. Price: 441K<br>Sales Volume: 56
2024,PO7 4,869000,15,South East,PO7 4<br>Avg. Price: 869K<br>Sales Volume: 15
2024,PO7 5,367000,172,South East,PO7 5<br>Avg. Price: 367K<br>Sales Volume: 172
2024,PO7 6,387000,153,South East,PO7 6<br>Avg. Price: 387K<br>Sales Volume: 153
2024,PO7 7,328000,165,South East,PO7 7<br>Avg. Price: 328K<br>Sales Volume: 165
2024,PO7 8,284000,122,South East,PO7 8<br>Avg. Price: 284K<br>Sales Volume: 122
2024,PO8 0,433000,164,South East,PO8 0<br>Avg. Price: 433K<br>Sales Volume: 164
2024,PO8 8,348000,160,South East,PO8 8<br>Avg. Price: 348K<br>Sales Volume: 160
2024,PO8 9,374000,190,South East,PO8 9<br>Avg. Price: 374K<br>Sales Volume: 190
2024,PO9 1,300000,92,South East,PO9 1<br>Avg. Price: 300K<br>Sales Volume: 92
2024,PO9 2,359000,114,South East,PO9 2<br>Avg. Price: 359K<br>Sales Volume: 114
2024,PO9 3,358000,223,South East,PO9 3<br>Avg. Price: 358K<br>Sales Volume: 223
2024,PO9 4,242000,72,South East,PO9 4<br>Avg. Price: 242K<br>Sales Volume: 72
2024,PO9 5,259000,118,South East,PO9 5<br>Avg. Price: 259K<br>Sales Volume: 118
2024,PO9 6,723000,34,South East,PO9 6<br>Avg. Price: 723K<br>Sales Volume: 34
2024,PR1 0,279000,150,North England,PR1 0<br>Avg. Price: 279K<br>Sales Volume: 150
2024,PR1 1,142000,49,North England,PR1 1<br>Avg. Price: 142K<br>Sales Volume: 49
2024,PR1 2,120000,20,North England,PR1 2<br>Avg. Price: 120K<br>Sales Volume: 20
2024,PR1 3,133000,89,North England,PR1 3<br>Avg. Price: 133K<br>Sales Volume: 89
2024,PR1 4,114000,90,North England,PR1 4<br>Avg. Price: 114K<br>Sales Volume: 90
2024,PR1 5,105000,126,North England,PR1 5<br>Avg. Price: 105K<br>Sales Volume: 126
2024,PR1 6,135000,86,North England,PR1 6<br>Avg. Price: 135K<br>Sales Volume: 86
2024,PR1 7,120000,72,North England,PR1 7<br>Avg. Price: 120K<br>Sales Volume: 72
2024,PR1 8,124000,95,North England,PR1 8<br>Avg. Price: 124K<br>Sales Volume: 95
2024,PR1 9,222000,263,North England,PR1 9<br>Avg. Price: 222K<br>Sales Volume: 263
2024,PR2 1,188000,195,North England,PR2 1<br>Avg. Price: 188K<br>Sales Volume: 195
2024,PR2 2,129000,179,North England,PR2 2<br>Avg. Price: 129K<br>Sales Volume: 179
2024,PR2 3,196000,245,North England,PR2 3<br>Avg. Price: 196K<br>Sales Volume: 245
2024,PR2 5,292000,105,North England,PR2 5<br>Avg. Price: 292K<br>Sales Volume: 105
2024,PR2 6,151000,127,North England,PR2 6<br>Avg. Price: 151K<br>Sales Volume: 127
2024,PR2 7,250000,98,North England,PR2 7<br>Avg. Price: 250K<br>Sales Volume: 98
2024,PR2 8,233000,89,North England,PR2 8<br>Avg. Price: 233K<br>Sales Volume: 89
2024,PR2 9,249000,257,North England,PR2 9<br>Avg. Price: 249K<br>Sales Volume: 257
2024,PR25 1,236000,157,North England,PR25 1<br>Avg. Price: 236K<br>Sales Volume: 157
2024,PR25 2,151000,63,North England,PR25 2<br>Avg. Price: 151K<br>Sales Volume: 63
2024,PR25 3,218000,207,North England,PR25 3<br>Avg. Price: 218K<br>Sales Volume: 207
2024,PR25 4,169000,94,North England,PR25 4<br>Avg. Price: 169K<br>Sales Volume: 94
2024,PR25 5,265000,81,North England,PR25 5<br>Avg. Price: 265K<br>Sales Volume: 81
2024,PR26 6,223000,144,North England,PR26 6<br>Avg. Price: 223K<br>Sales Volume: 144
2024,PR26 7,225000,121,North England,PR26 7<br>Avg. Price: 225K<br>Sales Volume: 121
2024,PR26 8,284000,8,North England,PR26 8<br>Avg. Price: 284K<br>Sales Volume: 8
2024,PR26 9,386000,60,North England,PR26 9<br>Avg. Price: 386K<br>Sales Volume: 60
2024,PR3 0,328000,173,North England,PR3 0<br>Avg. Price: 328K<br>Sales Volume: 173
2024,PR3 1,278000,189,North England,PR3 1<br>Avg. Price: 278K<br>Sales Volume: 189
2024,PR3 2,296000,237,North England,PR3 2<br>Avg. Price: 296K<br>Sales Volume: 237
2024,PR3 3,229000,171,North England,PR3 3<br>Avg. Price: 229K<br>Sales Volume: 171
2024,PR3 5,317000,194,North England,PR3 5<br>Avg. Price: 317K<br>Sales Volume: 194
2024,PR3 6,300000,23,North England,PR3 6<br>Avg. Price: 300K<br>Sales Volume: 23
2024,PR4 0,295000,442,North England,PR4 0<br>Avg. Price: 295K<br>Sales Volume: 442
2024,PR4 1,216000,170,North England,PR4 1<br>Avg. Price: 216K<br>Sales Volume: 170
2024,PR4 2,276000,170,North England,PR4 2<br>Avg. Price: 276K<br>Sales Volume: 170
2024,PR4 3,305000,170,North England,PR4 3<br>Avg. Price: 305K<br>Sales Volume: 170
2024,PR4 4,377000,90,North England,PR4 4<br>Avg. Price: 377K<br>Sales Volume: 90
2024,PR4 5,329000,139,North England,PR4 5<br>Avg. Price: 329K<br>Sales Volume: 139
2024,PR4 6,308000,199,North England,PR4 6<br>Avg. Price: 308K<br>Sales Volume: 199
2024,PR5 0,278000,77,North England,PR5 0<br>Avg. Price: 278K<br>Sales Volume: 77
2024,PR5 4,206000,212,North England,PR5 4<br>Avg. Price: 206K<br>Sales Volume: 212
2024,PR5 5,185000,167,North England,PR5 5<br>Avg. Price: 185K<br>Sales Volume: 167
2024,PR5 6,201000,208,North England,PR5 6<br>Avg. Price: 201K<br>Sales Volume: 208
2024,PR5 8,162000,46,North England,PR5 8<br>Avg. Price: 162K<br>Sales Volume: 46
2024,PR6 0,149000,164,North England,PR6 0<br>Avg. Price: 149K<br>Sales Volume: 164
2024,PR6 7,277000,176,North England,PR6 7<br>Avg. Price: 277K<br>Sales Volume: 176
2024,PR6 8,337000,101,North England,PR6 8<br>Avg. Price: 337K<br>Sales Volume: 101
2024,PR6 9,250000,106,North England,PR6 9<br>Avg. Price: 250K<br>Sales Volume: 106
2024,PR7 1,246000,98,North England,PR7 1<br>Avg. Price: 246K<br>Sales Volume: 98
2024,PR7 2,161000,154,North England,PR7 2<br>Avg. Price: 161K<br>Sales Volume: 154
2024,PR7 3,214000,189,North England,PR7 3<br>Avg. Price: 214K<br>Sales Volume: 189
2024,PR7 4,226000,90,North England,PR7 4<br>Avg. Price: 226K<br>Sales Volume: 90
2024,PR7 5,253000,212,North England,PR7 5<br>Avg. Price: 253K<br>Sales Volume: 212
2024,PR7 6,294000,158,North England,PR7 6<br>Avg. Price: 294K<br>Sales Volume: 158
2024,PR7 7,198000,209,North England,PR7 7<br>Avg. Price: 198K<br>Sales Volume: 209
2024,PR8 1,159000,61,North England,PR8 1<br>Avg. Price: 159K<br>Sales Volume: 61
2024,PR8 2,346000,147,North England,PR8 2<br>Avg. Price: 346K<br>Sales Volume: 147
2024,PR8 3,273000,198,North England,PR8 3<br>Avg. Price: 273K<br>Sales Volume: 198
2024,PR8 4,274000,152,North England,PR8 4<br>Avg. Price: 274K<br>Sales Volume: 152
2024,PR8 5,199000,205,North England,PR8 5<br>Avg. Price: 199K<br>Sales Volume: 205
2024,PR8 6,213000,209,North England,PR8 6<br>Avg. Price: 213K<br>Sales Volume: 209
2024,PR9 0,160000,132,North England,PR9 0<br>Avg. Price: 160K<br>Sales Volume: 132
2024,PR9 7,232000,165,North England,PR9 7<br>Avg. Price: 232K<br>Sales Volume: 165
2024,PR9 8,240000,257,North England,PR9 8<br>Avg. Price: 240K<br>Sales Volume: 257
2024,PR9 9,227000,262,North England,PR9 9<br>Avg. Price: 227K<br>Sales Volume: 262
2024,RG1 1,316000,14,South East,RG1 1<br>Avg. Price: 316K<br>Sales Volume: 14
2024,RG1 2,315000,93,South East,RG1 2<br>Avg. Price: 315K<br>Sales Volume: 93
2024,RG1 3,300000,104,South East,RG1 3<br>Avg. Price: 300K<br>Sales Volume: 104
2024,RG1 4,288000,71,South East,RG1 4<br>Avg. Price: 288K<br>Sales Volume: 71
2024,RG1 5,376000,104,South East,RG1 5<br>Avg. Price: 376K<br>Sales Volume: 104
2024,RG1 6,327000,163,South East,RG1 6<br>Avg. Price: 327K<br>Sales Volume: 163
2024,RG1 7,295000,136,South East,RG1 7<br>Avg. Price: 295K<br>Sales Volume: 136
2024,RG1 8,372000,52,South East,RG1 8<br>Avg. Price: 372K<br>Sales Volume: 52
2024,RG10 0,755000,92,South East,RG10 0<br>Avg. Price: 755K<br>Sales Volume: 92
2024,RG10 8,781000,42,South East,RG10 8<br>Avg. Price: 781K<br>Sales Volume: 42
2024,RG10 9,535000,179,South East,RG10 9<br>Avg. Price: 535K<br>Sales Volume: 179
2024,RG12 0,343000,131,South East,RG12 0<br>Avg. Price: 343K<br>Sales Volume: 131
2024,RG12 1,304000,54,South East,RG12 1<br>Avg. Price: 304K<br>Sales Volume: 54
2024,RG12 2,406000,70,South East,RG12 2<br>Avg. Price: 406K<br>Sales Volume: 70
2024,RG12 7,352000,256,South East,RG12 7<br>Avg. Price: 352K<br>Sales Volume: 256
2024,RG12 8,407000,195,South East,RG12 8<br>Avg. Price: 407K<br>Sales Volume: 195
2024,RG12 9,362000,187,South East,RG12 9<br>Avg. Price: 362K<br>Sales Volume: 187
2024,RG14 1,371000,136,South East,RG14 1<br>Avg. Price: 371K<br>Sales Volume: 136
2024,RG14 2,407000,167,South East,RG14 2<br>Avg. Price: 407K<br>Sales Volume: 167
2024,RG14 3,605000,40,South East,RG14 3<br>Avg. Price: 605K<br>Sales Volume: 40
2024,RG14 5,260000,124,South East,RG14 5<br>Avg. Price: 260K<br>Sales Volume: 124
2024,RG14 6,518000,108,South East,RG14 6<br>Avg. Price: 518K<br>Sales Volume: 108
2024,RG14 7,366000,243,South East,RG14 7<br>Avg. Price: 366K<br>Sales Volume: 243
2024,RG17 0,425000,100,South East,RG17 0<br>Avg. Price: 425K<br>Sales Volume: 100
2024,RG17 7,690000,27,South East,RG17 7<br>Avg. Price: 690K<br>Sales Volume: 27
2024,RG17 8,335000,37,South East,RG17 8<br>Avg. Price: 335K<br>Sales Volume: 37
2024,RG17 9,746000,39,South East,RG17 9<br>Avg. Price: 746K<br>Sales Volume: 39
2024,RG18 0,507000,9,South East,RG18 0<br>Avg. Price: 507K<br>Sales Volume: 9
2024,RG18 3,375000,87,South East,RG18 3<br>Avg. Price: 375K<br>Sales Volume: 87
2024,RG18 4,401000,58,South East,RG18 4<br>Avg. Price: 401K<br>Sales Volume: 58
2024,RG18 9,744000,63,South East,RG18 9<br>Avg. Price: 744K<br>Sales Volume: 63
2024,RG19 3,333000,138,South East,RG19 3<br>Avg. Price: 333K<br>Sales Volume: 138
2024,RG19 4,328000,111,South East,RG19 4<br>Avg. Price: 328K<br>Sales Volume: 111
2024,RG19 8,600000,41,South East,RG19 8<br>Avg. Price: 600K<br>Sales Volume: 41
2024,RG2 0,280000,113,South East,RG2 0<br>Avg. Price: 280K<br>Sales Volume: 113
2024,RG2 6,446000,192,South East,RG2 6<br>Avg. Price: 446K<br>Sales Volume: 192
2024,RG2 7,387000,83,South East,RG2 7<br>Avg. Price: 387K<br>Sales Volume: 83
2024,RG2 8,373000,124,South East,RG2 8<br>Avg. Price: 373K<br>Sales Volume: 124
2024,RG2 9,504000,363,South East,RG2 9<br>Avg. Price: 504K<br>Sales Volume: 363
2024,RG20 0,812000,18,South East,RG20 0<br>Avg. Price: 812K<br>Sales Volume: 18
2024,RG20 4,540000,9,South East,RG20 4<br>Avg. Price: 540K<br>Sales Volume: 9
2024,RG20 5,423000,57,South East,RG20 5<br>Avg. Price: 423K<br>Sales Volume: 57
2024,RG20 6,508000,20,South East,RG20 6<br>Avg. Price: 508K<br>Sales Volume: 20
2024,RG20 7,517000,21,South East,RG20 7<br>Avg. Price: 517K<br>Sales Volume: 21
2024,RG20 8,721000,47,South East,RG20 8<br>Avg. Price: 721K<br>Sales Volume: 47
2024,RG20 9,902000,49,South East,RG20 9<br>Avg. Price: 902K<br>Sales Volume: 49
2024,RG21 3,345000,129,South East,RG21 3<br>Avg. Price: 345K<br>Sales Volume: 129
2024,RG21 4,310000,64,South East,RG21 4<br>Avg. Price: 310K<br>Sales Volume: 64
2024,RG21 5,299000,64,South East,RG21 5<br>Avg. Price: 299K<br>Sales Volume: 64
2024,RG21 6,299000,26,South East,RG21 6<br>Avg. Price: 299K<br>Sales Volume: 26
2024,RG21 7,229000,114,South East,RG21 7<br>Avg. Price: 229K<br>Sales Volume: 114
2024,RG21 8,281000,52,South East,RG21 8<br>Avg. Price: 281K<br>Sales Volume: 52
2024,RG22 4,347000,285,South East,RG22 4<br>Avg. Price: 347K<br>Sales Volume: 285
2024,RG22 5,411000,132,South East,RG22 5<br>Avg. Price: 411K<br>Sales Volume: 132
2024,RG22 6,318000,119,South East,RG22 6<br>Avg. Price: 318K<br>Sales Volume: 119
2024,RG23 7,471000,224,South East,RG23 7<br>Avg. Price: 471K<br>Sales Volume: 224
2024,RG23 8,364000,86,South East,RG23 8<br>Avg. Price: 364K<br>Sales Volume: 86
2024,RG24 7,562000,79,South East,RG24 7<br>Avg. Price: 562K<br>Sales Volume: 79
2024,RG24 8,352000,222,South East,RG24 8<br>Avg. Price: 352K<br>Sales Volume: 222
2024,RG24 9,317000,282,South East,RG24 9<br>Avg. Price: 317K<br>Sales Volume: 282
2024,RG25 2,1203000,38,South East,"RG25 2<br>Avg. Price: 1,203K<br>Sales Volume: 38"
2024,RG25 3,535000,89,South East,RG25 3<br>Avg. Price: 535K<br>Sales Volume: 89
2024,RG26 3,394000,156,South East,RG26 3<br>Avg. Price: 394K<br>Sales Volume: 156
2024,RG26 4,366000,86,South East,RG26 4<br>Avg. Price: 366K<br>Sales Volume: 86
2024,RG26 5,529000,130,South East,RG26 5<br>Avg. Price: 529K<br>Sales Volume: 130
2024,RG27 0,519000,122,South East,RG27 0<br>Avg. Price: 519K<br>Sales Volume: 122
2024,RG27 8,609000,125,South East,RG27 8<br>Avg. Price: 609K<br>Sales Volume: 125
2024,RG27 9,468000,164,South East,RG27 9<br>Avg. Price: 468K<br>Sales Volume: 164
2024,RG28 7,409000,78,South East,RG28 7<br>Avg. Price: 409K<br>Sales Volume: 78
2024,RG29 1,673000,87,South East,RG29 1<br>Avg. Price: 673K<br>Sales Volume: 87
2024,RG30 1,283000,79,South East,RG30 1<br>Avg. Price: 283K<br>Sales Volume: 79
2024,RG30 2,300000,227,South East,RG30 2<br>Avg. Price: 300K<br>Sales Volume: 227
2024,RG30 3,405000,93,South East,RG30 3<br>Avg. Price: 405K<br>Sales Volume: 93
2024,RG30 4,387000,132,South East,RG30 4<br>Avg. Price: 387K<br>Sales Volume: 132
2024,RG30 6,340000,79,South East,RG30 6<br>Avg. Price: 340K<br>Sales Volume: 79
2024,RG31 4,388000,52,South East,RG31 4<br>Avg. Price: 388K<br>Sales Volume: 52
2024,RG31 5,388000,114,South East,RG31 5<br>Avg. Price: 388K<br>Sales Volume: 114
2024,RG31 6,452000,150,South East,RG31 6<br>Avg. Price: 452K<br>Sales Volume: 150
2024,RG31 7,352000,90,South East,RG31 7<br>Avg. Price: 352K<br>Sales Volume: 90
2024,RG4 5,437000,88,South East,RG4 5<br>Avg. Price: 437K<br>Sales Volume: 88
2024,RG4 6,528000,98,South East,RG4 6<br>Avg. Price: 528K<br>Sales Volume: 98
2024,RG4 7,645000,127,South East,RG4 7<br>Avg. Price: 645K<br>Sales Volume: 127
2024,RG4 8,462000,174,South East,RG4 8<br>Avg. Price: 462K<br>Sales Volume: 174
2024,RG4 9,643000,94,South East,RG4 9<br>Avg. Price: 643K<br>Sales Volume: 94
2024,RG40 1,440000,196,South East,RG40 1<br>Avg. Price: 440K<br>Sales Volume: 196
2024,RG40 2,438000,131,South East,RG40 2<br>Avg. Price: 438K<br>Sales Volume: 131
2024,RG40 3,791000,81,South East,RG40 3<br>Avg. Price: 791K<br>Sales Volume: 81
2024,RG40 4,593000,198,South East,RG40 4<br>Avg. Price: 593K<br>Sales Volume: 198
2024,RG40 5,484000,75,South East,RG40 5<br>Avg. Price: 484K<br>Sales Volume: 75
2024,RG41 1,512000,114,South East,RG41 1<br>Avg. Price: 512K<br>Sales Volume: 114
2024,RG41 2,535000,76,South East,RG41 2<br>Avg. Price: 535K<br>Sales Volume: 76
2024,RG41 3,460000,76,South East,RG41 3<br>Avg. Price: 460K<br>Sales Volume: 76
2024,RG41 4,640000,47,South East,RG41 4<br>Avg. Price: 640K<br>Sales Volume: 47
2024,RG41 5,518000,133,South East,RG41 5<br>Avg. Price: 518K<br>Sales Volume: 133
2024,RG42 1,374000,81,South East,RG42 1<br>Avg. Price: 374K<br>Sales Volume: 81
2024,RG42 2,434000,77,South East,RG42 2<br>Avg. Price: 434K<br>Sales Volume: 77
2024,RG42 3,486000,63,South East,RG42 3<br>Avg. Price: 486K<br>Sales Volume: 63
2024,RG42 4,493000,157,South East,RG42 4<br>Avg. Price: 493K<br>Sales Volume: 157
2024,RG42 5,570000,40,South East,RG42 5<br>Avg. Price: 570K<br>Sales Volume: 40
2024,RG42 6,587000,102,South East,RG42 6<br>Avg. Price: 587K<br>Sales Volume: 102
2024,RG42 7,777000,30,South East,RG42 7<br>Avg. Price: 777K<br>Sales Volume: 30
2024,RG45 6,568000,171,South East,RG45 6<br>Avg. Price: 568K<br>Sales Volume: 171
2024,RG45 7,446000,76,South East,RG45 7<br>Avg. Price: 446K<br>Sales Volume: 76
2024,RG5 3,454000,139,South East,RG5 3<br>Avg. Price: 454K<br>Sales Volume: 139
2024,RG5 4,461000,226,South East,RG5 4<br>Avg. Price: 461K<br>Sales Volume: 226
2024,RG6 1,412000,77,South East,RG6 1<br>Avg. Price: 412K<br>Sales Volume: 77
2024,RG6 3,423000,58,South East,RG6 3<br>Avg. Price: 423K<br>Sales Volume: 58
2024,RG6 4,433000,115,South East,RG6 4<br>Avg. Price: 433K<br>Sales Volume: 115
2024,RG6 5,490000,76,South East,RG6 5<br>Avg. Price: 490K<br>Sales Volume: 76
2024,RG6 7,532000,92,South East,RG6 7<br>Avg. Price: 532K<br>Sales Volume: 92
2024,RG7 1,526000,156,South East,RG7 1<br>Avg. Price: 526K<br>Sales Volume: 156
2024,RG7 2,975000,17,South East,RG7 2<br>Avg. Price: 975K<br>Sales Volume: 17
2024,RG7 3,511000,152,South East,RG7 3<br>Avg. Price: 511K<br>Sales Volume: 152
2024,RG7 4,539000,45,South East,RG7 4<br>Avg. Price: 539K<br>Sales Volume: 45
2024,RG7 5,401000,73,South East,RG7 5<br>Avg. Price: 401K<br>Sales Volume: 73
2024,RG7 6,900000,29,South East,RG7 6<br>Avg. Price: 900K<br>Sales Volume: 29
2024,RG7 8,115000,1,South East,RG7 8<br>Avg. Price: 115K<br>Sales Volume: 1
2024,RG8 0,743000,76,South East,RG8 0<br>Avg. Price: 743K<br>Sales Volume: 76
2024,RG8 7,749000,64,South East,RG8 7<br>Avg. Price: 749K<br>Sales Volume: 64
2024,RG8 8,749000,71,South East,RG8 8<br>Avg. Price: 749K<br>Sales Volume: 71
2024,RG8 9,772000,38,South East,RG8 9<br>Avg. Price: 772K<br>Sales Volume: 38
2024,RG9 1,729000,163,South East,RG9 1<br>Avg. Price: 729K<br>Sales Volume: 163
2024,RG9 2,806000,67,South East,RG9 2<br>Avg. Price: 806K<br>Sales Volume: 67
2024,RG9 3,2004000,16,South East,"RG9 3<br>Avg. Price: 2,004K<br>Sales Volume: 16"
2024,RG9 4,803000,45,South East,RG9 4<br>Avg. Price: 803K<br>Sales Volume: 45
2024,RG9 5,985000,46,South East,RG9 5<br>Avg. Price: 985K<br>Sales Volume: 46
2024,RG9 6,1585000,27,South East,"RG9 6<br>Avg. Price: 1,585K<br>Sales Volume: 27"
2024,RH1 1,337000,91,South East,RH1 1<br>Avg. Price: 337K<br>Sales Volume: 91
2024,RH1 2,447000,113,South East,RH1 2<br>Avg. Price: 447K<br>Sales Volume: 113
2024,RH1 3,479000,94,South East,RH1 3<br>Avg. Price: 479K<br>Sales Volume: 94
2024,RH1 4,551000,75,South East,RH1 4<br>Avg. Price: 551K<br>Sales Volume: 75
2024,RH1 5,590000,92,South East,RH1 5<br>Avg. Price: 590K<br>Sales Volume: 92
2024,RH1 6,453000,183,South East,RH1 6<br>Avg. Price: 453K<br>Sales Volume: 183
2024,RH10 1,318000,108,South East,RH10 1<br>Avg. Price: 318K<br>Sales Volume: 108
2024,RH10 2,484000,29,South East,RH10 2<br>Avg. Price: 484K<br>Sales Volume: 29
2024,RH10 3,425000,313,South East,RH10 3<br>Avg. Price: 425K<br>Sales Volume: 313
2024,RH10 4,525000,121,South East,RH10 4<br>Avg. Price: 525K<br>Sales Volume: 121
2024,RH10 5,340000,56,South East,RH10 5<br>Avg. Price: 340K<br>Sales Volume: 56
2024,RH10 6,325000,138,South East,RH10 6<br>Avg. Price: 325K<br>Sales Volume: 138
2024,RH10 7,396000,211,South East,RH10 7<br>Avg. Price: 396K<br>Sales Volume: 211
2024,RH10 8,344000,78,South East,RH10 8<br>Avg. Price: 344K<br>Sales Volume: 78
2024,RH10 9,211000,8,South East,RH10 9<br>Avg. Price: 211K<br>Sales Volume: 8
2024,RH11 0,361000,137,South East,RH11 0<br>Avg. Price: 361K<br>Sales Volume: 137
2024,RH11 6,274000,16,South East,RH11 6<br>Avg. Price: 274K<br>Sales Volume: 16
2024,RH11 7,343000,128,South East,RH11 7<br>Avg. Price: 343K<br>Sales Volume: 128
2024,RH11 8,322000,170,South East,RH11 8<br>Avg. Price: 322K<br>Sales Volume: 170
2024,RH11 9,405000,201,South East,RH11 9<br>Avg. Price: 405K<br>Sales Volume: 201
2024,RH12 0,376000,55,South East,RH12 0<br>Avg. Price: 376K<br>Sales Volume: 55
2024,RH12 1,449000,266,South East,RH12 1<br>Avg. Price: 449K<br>Sales Volume: 266
2024,RH12 2,475000,129,South East,RH12 2<br>Avg. Price: 475K<br>Sales Volume: 129
2024,RH12 3,518000,160,South East,RH12 3<br>Avg. Price: 518K<br>Sales Volume: 160
2024,RH12 4,447000,151,South East,RH12 4<br>Avg. Price: 447K<br>Sales Volume: 151
2024,RH12 5,464000,127,South East,RH12 5<br>Avg. Price: 464K<br>Sales Volume: 127
2024,RH12 6,510000,3,South East,RH12 6<br>Avg. Price: 510K<br>Sales Volume: 3
2024,RH13 0,736000,59,South East,RH13 0<br>Avg. Price: 736K<br>Sales Volume: 59
2024,RH13 5,390000,145,South East,RH13 5<br>Avg. Price: 390K<br>Sales Volume: 145
2024,RH13 6,633000,98,South East,RH13 6<br>Avg. Price: 633K<br>Sales Volume: 98
2024,RH13 8,519000,61,South East,RH13 8<br>Avg. Price: 519K<br>Sales Volume: 61
2024,RH13 9,489000,158,South East,RH13 9<br>Avg. Price: 489K<br>Sales Volume: 158
2024,RH14 0,761000,68,South East,RH14 0<br>Avg. Price: 761K<br>Sales Volume: 68
2024,RH14 9,431000,188,South East,RH14 9<br>Avg. Price: 431K<br>Sales Volume: 188
2024,RH15 0,487000,288,South East,RH15 0<br>Avg. Price: 487K<br>Sales Volume: 288
2024,RH15 8,381000,198,South East,RH15 8<br>Avg. Price: 381K<br>Sales Volume: 198
2024,RH15 9,370000,122,South East,RH15 9<br>Avg. Price: 370K<br>Sales Volume: 122
2024,RH16 1,517000,125,South East,RH16 1<br>Avg. Price: 517K<br>Sales Volume: 125
2024,RH16 2,653000,146,South East,RH16 2<br>Avg. Price: 653K<br>Sales Volume: 146
2024,RH16 3,370000,142,South East,RH16 3<br>Avg. Price: 370K<br>Sales Volume: 142
2024,RH16 4,410000,241,South East,RH16 4<br>Avg. Price: 410K<br>Sales Volume: 241
2024,RH17 5,796000,89,South East,RH17 5<br>Avg. Price: 796K<br>Sales Volume: 89
2024,RH17 6,625000,69,South East,RH17 6<br>Avg. Price: 625K<br>Sales Volume: 69
2024,RH17 7,717000,81,South East,RH17 7<br>Avg. Price: 717K<br>Sales Volume: 81
2024,RH18 5,595000,47,South East,RH18 5<br>Avg. Price: 595K<br>Sales Volume: 47
2024,RH19 1,342000,144,South East,RH19 1<br>Avg. Price: 342K<br>Sales Volume: 144
2024,RH19 2,587000,131,South East,RH19 2<br>Avg. Price: 587K<br>Sales Volume: 131
2024,RH19 3,453000,168,South East,RH19 3<br>Avg. Price: 453K<br>Sales Volume: 168
2024,RH19 4,488000,115,South East,RH19 4<br>Avg. Price: 488K<br>Sales Volume: 115
2024,RH2 0,649000,116,South East,RH2 0<br>Avg. Price: 649K<br>Sales Volume: 116
2024,RH2 7,589000,156,South East,RH2 7<br>Avg. Price: 589K<br>Sales Volume: 156
2024,RH2 8,622000,87,South East,RH2 8<br>Avg. Price: 622K<br>Sales Volume: 87
2024,RH2 9,707000,104,South East,RH2 9<br>Avg. Price: 707K<br>Sales Volume: 104
2024,RH20 1,593000,76,South East,RH20 1<br>Avg. Price: 593K<br>Sales Volume: 76
2024,RH20 2,711000,107,South East,RH20 2<br>Avg. Price: 711K<br>Sales Volume: 107
2024,RH20 3,572000,124,South East,RH20 3<br>Avg. Price: 572K<br>Sales Volume: 124
2024,RH20 4,482000,107,South East,RH20 4<br>Avg. Price: 482K<br>Sales Volume: 107
2024,RH3 7,766000,47,South East,RH3 7<br>Avg. Price: 766K<br>Sales Volume: 47
2024,RH4 1,513000,102,South East,RH4 1<br>Avg. Price: 513K<br>Sales Volume: 102
2024,RH4 2,475000,63,South East,RH4 2<br>Avg. Price: 475K<br>Sales Volume: 63
2024,RH4 3,637000,70,South East,RH4 3<br>Avg. Price: 637K<br>Sales Volume: 70
2024,RH5 4,538000,107,South East,RH5 4<br>Avg. Price: 538K<br>Sales Volume: 107
2024,RH5 5,669000,36,South East,RH5 5<br>Avg. Price: 669K<br>Sales Volume: 36
2024,RH5 6,1016000,36,South East,"RH5 6<br>Avg. Price: 1,016K<br>Sales Volume: 36"
2024,RH6 0,602000,50,South East,RH6 0<br>Avg. Price: 602K<br>Sales Volume: 50
2024,RH6 7,340000,127,South East,RH6 7<br>Avg. Price: 340K<br>Sales Volume: 127
2024,RH6 8,431000,210,South East,RH6 8<br>Avg. Price: 431K<br>Sales Volume: 210
2024,RH6 9,476000,221,South East,RH6 9<br>Avg. Price: 476K<br>Sales Volume: 221
2024,RH7 6,585000,111,South East,RH7 6<br>Avg. Price: 585K<br>Sales Volume: 111
2024,RH8 0,741000,125,South East,RH8 0<br>Avg. Price: 741K<br>Sales Volume: 125
2024,RH8 9,603000,102,South East,RH8 9<br>Avg. Price: 603K<br>Sales Volume: 102
2024,RH9 8,524000,46,South East,RH9 8<br>Avg. Price: 524K<br>Sales Volume: 46
2024,RM1 1,233000,32,Greater London,RM1 1<br>Avg. Price: 233K<br>Sales Volume: 32
2024,RM1 2,309000,101,Greater London,RM1 2<br>Avg. Price: 309K<br>Sales Volume: 101
2024,RM1 3,308000,46,Greater London,RM1 3<br>Avg. Price: 308K<br>Sales Volume: 46
2024,RM1 4,498000,180,Greater London,RM1 4<br>Avg. Price: 498K<br>Sales Volume: 180
2024,RM10 7,353000,96,Greater London,RM10 7<br>Avg. Price: 353K<br>Sales Volume: 96
2024,RM10 8,352000,132,Greater London,RM10 8<br>Avg. Price: 352K<br>Sales Volume: 132
2024,RM10 9,339000,120,Greater London,RM10 9<br>Avg. Price: 339K<br>Sales Volume: 120
2024,RM11 1,463000,159,Greater London,RM11 1<br>Avg. Price: 463K<br>Sales Volume: 159
2024,RM11 2,556000,161,Greater London,RM11 2<br>Avg. Price: 556K<br>Sales Volume: 161
2024,RM11 3,594000,142,Greater London,RM11 3<br>Avg. Price: 594K<br>Sales Volume: 142
2024,RM12 4,442000,234,Greater London,RM12 4<br>Avg. Price: 442K<br>Sales Volume: 234
2024,RM12 5,447000,128,Greater London,RM12 5<br>Avg. Price: 447K<br>Sales Volume: 128
2024,RM12 6,446000,171,Greater London,RM12 6<br>Avg. Price: 446K<br>Sales Volume: 171
2024,RM13 7,397000,152,Greater London,RM13 7<br>Avg. Price: 397K<br>Sales Volume: 152
2024,RM13 8,367000,128,Greater London,RM13 8<br>Avg. Price: 367K<br>Sales Volume: 128
2024,RM13 9,388000,218,Greater London,RM13 9<br>Avg. Price: 388K<br>Sales Volume: 218
2024,RM14 1,564000,183,Greater London,RM14 1<br>Avg. Price: 564K<br>Sales Volume: 183
2024,RM14 2,572000,132,Greater London,RM14 2<br>Avg. Price: 572K<br>Sales Volume: 132
2024,RM14 3,663000,89,Greater London,RM14 3<br>Avg. Price: 663K<br>Sales Volume: 89
2024,RM15 4,348000,106,Greater London,RM15 4<br>Avg. Price: 348K<br>Sales Volume: 106
2024,RM15 5,321000,152,Greater London,RM15 5<br>Avg. Price: 321K<br>Sales Volume: 152
2024,RM15 6,357000,97,Greater London,RM15 6<br>Avg. Price: 357K<br>Sales Volume: 97
2024,RM16 2,422000,143,Greater London,RM16 2<br>Avg. Price: 422K<br>Sales Volume: 143
2024,RM16 3,455000,35,Greater London,RM16 3<br>Avg. Price: 455K<br>Sales Volume: 35
2024,RM16 4,357000,105,Greater London,RM16 4<br>Avg. Price: 357K<br>Sales Volume: 105
2024,RM16 5,430000,8,Greater London,RM16 5<br>Avg. Price: 430K<br>Sales Volume: 8
2024,RM16 6,363000,205,Greater London,RM16 6<br>Avg. Price: 363K<br>Sales Volume: 205
2024,RM17 5,346000,148,Greater London,RM17 5<br>Avg. Price: 346K<br>Sales Volume: 148
2024,RM17 6,270000,203,Greater London,RM17 6<br>Avg. Price: 270K<br>Sales Volume: 203
2024,RM18 7,251000,51,Greater London,RM18 7<br>Avg. Price: 251K<br>Sales Volume: 51
2024,RM18 8,318000,134,Greater London,RM18 8<br>Avg. Price: 318K<br>Sales Volume: 134
2024,RM19 1,252000,89,Greater London,RM19 1<br>Avg. Price: 252K<br>Sales Volume: 89
2024,RM2 5,579000,105,Greater London,RM2 5<br>Avg. Price: 579K<br>Sales Volume: 105
2024,RM2 6,489000,119,Greater London,RM2 6<br>Avg. Price: 489K<br>Sales Volume: 119
2024,RM20 3,297000,41,Greater London,RM20 3<br>Avg. Price: 297K<br>Sales Volume: 41
2024,RM20 4,301000,41,Greater London,RM20 4<br>Avg. Price: 301K<br>Sales Volume: 41
2024,RM3 0,426000,198,Greater London,RM3 0<br>Avg. Price: 426K<br>Sales Volume: 198
2024,RM3 7,398000,123,Greater London,RM3 7<br>Avg. Price: 398K<br>Sales Volume: 123
2024,RM3 8,330000,88,Greater London,RM3 8<br>Avg. Price: 330K<br>Sales Volume: 88
2024,RM3 9,387000,140,Greater London,RM3 9<br>Avg. Price: 387K<br>Sales Volume: 140
2024,RM4 1,742000,57,Greater London,RM4 1<br>Avg. Price: 742K<br>Sales Volume: 57
2024,RM5 2,411000,102,Greater London,RM5 2<br>Avg. Price: 411K<br>Sales Volume: 102
2024,RM5 3,413000,142,Greater London,RM5 3<br>Avg. Price: 413K<br>Sales Volume: 142
2024,RM6 4,353000,130,Greater London,RM6 4<br>Avg. Price: 353K<br>Sales Volume: 130
2024,RM6 5,404000,98,Greater London,RM6 5<br>Avg. Price: 404K<br>Sales Volume: 98
2024,RM6 6,400000,104,Greater London,RM6 6<br>Avg. Price: 400K<br>Sales Volume: 104
2024,RM7 0,387000,147,Greater London,RM7 0<br>Avg. Price: 387K<br>Sales Volume: 147
2024,RM7 7,432000,63,Greater London,RM7 7<br>Avg. Price: 432K<br>Sales Volume: 63
2024,RM7 8,423000,101,Greater London,RM7 8<br>Avg. Price: 423K<br>Sales Volume: 101
2024,RM7 9,369000,76,Greater London,RM7 9<br>Avg. Price: 369K<br>Sales Volume: 76
2024,RM8 1,362000,103,Greater London,RM8 1<br>Avg. Price: 362K<br>Sales Volume: 103
2024,RM8 2,359000,127,Greater London,RM8 2<br>Avg. Price: 359K<br>Sales Volume: 127
2024,RM8 3,349000,96,Greater London,RM8 3<br>Avg. Price: 349K<br>Sales Volume: 96
2024,RM9 4,349000,85,Greater London,RM9 4<br>Avg. Price: 349K<br>Sales Volume: 85
2024,RM9 5,347000,102,Greater London,RM9 5<br>Avg. Price: 347K<br>Sales Volume: 102
2024,RM9 6,318000,96,Greater London,RM9 6<br>Avg. Price: 318K<br>Sales Volume: 96
2024,S1 1,142000,4,Midlands,S1 1<br>Avg. Price: 142K<br>Sales Volume: 4
2024,S1 2,143000,113,Midlands,S1 2<br>Avg. Price: 143K<br>Sales Volume: 113
2024,S1 4,156000,172,Midlands,S1 4<br>Avg. Price: 156K<br>Sales Volume: 172
2024,S10 1,267000,219,Midlands,S10 1<br>Avg. Price: 267K<br>Sales Volume: 219
2024,S10 2,355000,66,Midlands,S10 2<br>Avg. Price: 355K<br>Sales Volume: 66
2024,S10 3,523000,131,Midlands,S10 3<br>Avg. Price: 523K<br>Sales Volume: 131
2024,S10 4,454000,97,Midlands,S10 4<br>Avg. Price: 454K<br>Sales Volume: 97
2024,S10 5,372000,134,Midlands,S10 5<br>Avg. Price: 372K<br>Sales Volume: 134
2024,S11 7,375000,162,Midlands,S11 7<br>Avg. Price: 375K<br>Sales Volume: 162
2024,S11 8,271000,152,Midlands,S11 8<br>Avg. Price: 271K<br>Sales Volume: 152
2024,S11 9,524000,156,Midlands,S11 9<br>Avg. Price: 524K<br>Sales Volume: 156
2024,S12 2,192000,185,Midlands,S12 2<br>Avg. Price: 192K<br>Sales Volume: 185
2024,S12 3,215000,103,Midlands,S12 3<br>Avg. Price: 215K<br>Sales Volume: 103
2024,S12 4,190000,163,Midlands,S12 4<br>Avg. Price: 190K<br>Sales Volume: 163
2024,S13 7,177000,116,Midlands,S13 7<br>Avg. Price: 177K<br>Sales Volume: 116
2024,S13 8,171000,139,Midlands,S13 8<br>Avg. Price: 171K<br>Sales Volume: 139
2024,S13 9,198000,137,Midlands,S13 9<br>Avg. Price: 198K<br>Sales Volume: 137
2024,S14 1,123000,71,Midlands,S14 1<br>Avg. Price: 123K<br>Sales Volume: 71
2024,S17 3,597000,135,Midlands,S17 3<br>Avg. Price: 597K<br>Sales Volume: 135
2024,S17 4,400000,154,Midlands,S17 4<br>Avg. Price: 400K<br>Sales Volume: 154
2024,S18 1,283000,96,Midlands,S18 1<br>Avg. Price: 283K<br>Sales Volume: 96
2024,S18 2,269000,85,Midlands,S18 2<br>Avg. Price: 269K<br>Sales Volume: 85
2024,S18 3,271000,29,Midlands,S18 3<br>Avg. Price: 271K<br>Sales Volume: 29
2024,S18 4,304000,15,Midlands,S18 4<br>Avg. Price: 304K<br>Sales Volume: 15
2024,S18 7,734000,20,Midlands,S18 7<br>Avg. Price: 734K<br>Sales Volume: 20
2024,S18 8,330000,101,Midlands,S18 8<br>Avg. Price: 330K<br>Sales Volume: 101
2024,S2 1,195000,227,Midlands,S2 1<br>Avg. Price: 195K<br>Sales Volume: 227
2024,S2 2,183000,87,Midlands,S2 2<br>Avg. Price: 183K<br>Sales Volume: 87
2024,S2 3,183000,122,Midlands,S2 3<br>Avg. Price: 183K<br>Sales Volume: 122
2024,S2 4,123000,55,Midlands,S2 4<br>Avg. Price: 123K<br>Sales Volume: 55
2024,S2 5,156000,59,Midlands,S2 5<br>Avg. Price: 156K<br>Sales Volume: 59
2024,S20 1,189000,88,Midlands,S20 1<br>Avg. Price: 189K<br>Sales Volume: 88
2024,S20 2,242000,52,Midlands,S20 2<br>Avg. Price: 242K<br>Sales Volume: 52
2024,S20 3,327000,5,Midlands,S20 3<br>Avg. Price: 327K<br>Sales Volume: 5
2024,S20 4,222000,84,Midlands,S20 4<br>Avg. Price: 222K<br>Sales Volume: 84
2024,S20 5,252000,69,Midlands,S20 5<br>Avg. Price: 252K<br>Sales Volume: 69
2024,S20 6,259000,63,Midlands,S20 6<br>Avg. Price: 259K<br>Sales Volume: 63
2024,S20 7,196000,49,Midlands,S20 7<br>Avg. Price: 196K<br>Sales Volume: 49
2024,S20 8,192000,38,Midlands,S20 8<br>Avg. Price: 192K<br>Sales Volume: 38
2024,S21 1,227000,109,Midlands,S21 1<br>Avg. Price: 227K<br>Sales Volume: 109
2024,S21 2,209000,17,Midlands,S21 2<br>Avg. Price: 209K<br>Sales Volume: 17
2024,S21 3,229000,42,Midlands,S21 3<br>Avg. Price: 229K<br>Sales Volume: 42
2024,S21 4,201000,110,Midlands,S21 4<br>Avg. Price: 201K<br>Sales Volume: 110
2024,S21 5,321000,11,Midlands,S21 5<br>Avg. Price: 321K<br>Sales Volume: 11
2024,S25 1,351000,13,Midlands,S25 1<br>Avg. Price: 351K<br>Sales Volume: 13
2024,S25 2,210000,258,Midlands,S25 2<br>Avg. Price: 210K<br>Sales Volume: 258
2024,S25 3,163000,70,Midlands,S25 3<br>Avg. Price: 163K<br>Sales Volume: 70
2024,S25 4,191000,82,Midlands,S25 4<br>Avg. Price: 191K<br>Sales Volume: 82
2024,S25 5,250000,32,Midlands,S25 5<br>Avg. Price: 250K<br>Sales Volume: 32
2024,S26 1,321000,35,Midlands,S26 1<br>Avg. Price: 321K<br>Sales Volume: 35
2024,S26 2,241000,102,Midlands,S26 2<br>Avg. Price: 241K<br>Sales Volume: 102
2024,S26 3,268000,28,Midlands,S26 3<br>Avg. Price: 268K<br>Sales Volume: 28
2024,S26 4,236000,125,Midlands,S26 4<br>Avg. Price: 236K<br>Sales Volume: 125
2024,S26 5,196000,125,Midlands,S26 5<br>Avg. Price: 196K<br>Sales Volume: 125
2024,S26 6,208000,60,Midlands,S26 6<br>Avg. Price: 208K<br>Sales Volume: 60
2024,S26 7,316000,65,Midlands,S26 7<br>Avg. Price: 316K<br>Sales Volume: 65
2024,S3 7,117000,52,Midlands,S3 7<br>Avg. Price: 117K<br>Sales Volume: 52
2024,S3 8,226000,113,Midlands,S3 8<br>Avg. Price: 226K<br>Sales Volume: 113
2024,S3 9,170000,20,Midlands,S3 9<br>Avg. Price: 170K<br>Sales Volume: 20
2024,S32 1,507000,17,Midlands,S32 1<br>Avg. Price: 507K<br>Sales Volume: 17
2024,S32 2,532000,10,Midlands,S32 2<br>Avg. Price: 532K<br>Sales Volume: 10
2024,S32 3,723000,23,Midlands,S32 3<br>Avg. Price: 723K<br>Sales Volume: 23
2024,S32 4,324000,8,Midlands,S32 4<br>Avg. Price: 324K<br>Sales Volume: 8
2024,S32 5,398000,15,Midlands,S32 5<br>Avg. Price: 398K<br>Sales Volume: 15
2024,S33 0,486000,25,Midlands,S33 0<br>Avg. Price: 486K<br>Sales Volume: 25
2024,S33 6,560000,11,Midlands,S33 6<br>Avg. Price: 560K<br>Sales Volume: 11
2024,S33 7,546000,5,Midlands,S33 7<br>Avg. Price: 546K<br>Sales Volume: 5
2024,S33 8,486000,7,Midlands,S33 8<br>Avg. Price: 486K<br>Sales Volume: 7
2024,S33 9,345000,29,Midlands,S33 9<br>Avg. Price: 345K<br>Sales Volume: 29
2024,S35 0,325000,134,Midlands,S35 0<br>Avg. Price: 325K<br>Sales Volume: 134
2024,S35 1,237000,79,Midlands,S35 1<br>Avg. Price: 237K<br>Sales Volume: 79
2024,S35 2,219000,74,Midlands,S35 2<br>Avg. Price: 219K<br>Sales Volume: 74
2024,S35 3,223000,54,Midlands,S35 3<br>Avg. Price: 223K<br>Sales Volume: 54
2024,S35 4,194000,74,Midlands,S35 4<br>Avg. Price: 194K<br>Sales Volume: 74
2024,S35 7,403000,31,Midlands,S35 7<br>Avg. Price: 403K<br>Sales Volume: 31
2024,S35 8,288000,57,Midlands,S35 8<br>Avg. Price: 288K<br>Sales Volume: 57
2024,S35 9,213000,53,Midlands,S35 9<br>Avg. Price: 213K<br>Sales Volume: 53
2024,S36 1,192000,124,Midlands,S36 1<br>Avg. Price: 192K<br>Sales Volume: 124
2024,S36 2,258000,161,Midlands,S36 2<br>Avg. Price: 258K<br>Sales Volume: 161
2024,S36 3,220000,1,Midlands,S36 3<br>Avg. Price: 220K<br>Sales Volume: 1
2024,S36 4,229000,7,Midlands,S36 4<br>Avg. Price: 229K<br>Sales Volume: 7
2024,S36 6,216000,127,Midlands,S36 6<br>Avg. Price: 216K<br>Sales Volume: 127
2024,S36 7,346000,27,Midlands,S36 7<br>Avg. Price: 346K<br>Sales Volume: 27
2024,S36 8,280000,128,Midlands,S36 8<br>Avg. Price: 280K<br>Sales Volume: 128
2024,S36 9,304000,76,Midlands,S36 9<br>Avg. Price: 304K<br>Sales Volume: 76
2024,S4 7,126000,39,Midlands,S4 7<br>Avg. Price: 126K<br>Sales Volume: 39
2024,S4 8,97000,61,Midlands,S4 8<br>Avg. Price: 97K<br>Sales Volume: 61
2024,S40 1,158000,107,Midlands,S40 1<br>Avg. Price: 158K<br>Sales Volume: 107
2024,S40 2,161000,165,Midlands,S40 2<br>Avg. Price: 161K<br>Sales Volume: 165
2024,S40 3,310000,152,Midlands,S40 3<br>Avg. Price: 310K<br>Sales Volume: 152
2024,S40 4,231000,155,Midlands,S40 4<br>Avg. Price: 231K<br>Sales Volume: 155
2024,S41 0,221000,194,Midlands,S41 0<br>Avg. Price: 221K<br>Sales Volume: 194
2024,S41 7,201000,136,Midlands,S41 7<br>Avg. Price: 201K<br>Sales Volume: 136
2024,S41 8,237000,175,Midlands,S41 8<br>Avg. Price: 237K<br>Sales Volume: 175
2024,S41 9,200000,82,Midlands,S41 9<br>Avg. Price: 200K<br>Sales Volume: 82
2024,S42 5,205000,289,Midlands,S42 5<br>Avg. Price: 205K<br>Sales Volume: 289
2024,S42 6,288000,223,Midlands,S42 6<br>Avg. Price: 288K<br>Sales Volume: 223
2024,S42 7,356000,49,Midlands,S42 7<br>Avg. Price: 356K<br>Sales Volume: 49
2024,S43 1,201000,175,Midlands,S43 1<br>Avg. Price: 201K<br>Sales Volume: 175
2024,S43 2,168000,123,Midlands,S43 2<br>Avg. Price: 168K<br>Sales Volume: 123
2024,S43 3,213000,244,Midlands,S43 3<br>Avg. Price: 213K<br>Sales Volume: 244
2024,S43 4,201000,215,Midlands,S43 4<br>Avg. Price: 201K<br>Sales Volume: 215
2024,S44 5,238000,158,Midlands,S44 5<br>Avg. Price: 238K<br>Sales Volume: 158
2024,S44 6,211000,368,Midlands,S44 6<br>Avg. Price: 211K<br>Sales Volume: 368
2024,S45 0,548000,34,Midlands,S45 0<br>Avg. Price: 548K<br>Sales Volume: 34
2024,S45 8,194000,105,Midlands,S45 8<br>Avg. Price: 194K<br>Sales Volume: 105
2024,S45 9,215000,163,Midlands,S45 9<br>Avg. Price: 215K<br>Sales Volume: 163
2024,S5 0,138000,84,Midlands,S5 0<br>Avg. Price: 138K<br>Sales Volume: 84
2024,S5 6,130000,90,Midlands,S5 6<br>Avg. Price: 130K<br>Sales Volume: 90
2024,S5 7,143000,89,Midlands,S5 7<br>Avg. Price: 143K<br>Sales Volume: 89
2024,S5 8,150000,110,Midlands,S5 8<br>Avg. Price: 150K<br>Sales Volume: 110
2024,S5 9,176000,102,Midlands,S5 9<br>Avg. Price: 176K<br>Sales Volume: 102
2024,S6 1,192000,187,Midlands,S6 1<br>Avg. Price: 192K<br>Sales Volume: 187
2024,S6 2,195000,126,Midlands,S6 2<br>Avg. Price: 195K<br>Sales Volume: 126
2024,S6 3,222000,109,Midlands,S6 3<br>Avg. Price: 222K<br>Sales Volume: 109
2024,S6 4,229000,231,Midlands,S6 4<br>Avg. Price: 229K<br>Sales Volume: 231
2024,S6 5,239000,204,Midlands,S6 5<br>Avg. Price: 239K<br>Sales Volume: 204
2024,S6 6,375000,101,Midlands,S6 6<br>Avg. Price: 375K<br>Sales Volume: 101
2024,S60 1,133000,27,Midlands,S60 1<br>Avg. Price: 133K<br>Sales Volume: 27
2024,S60 2,176000,61,Midlands,S60 2<br>Avg. Price: 176K<br>Sales Volume: 61
2024,S60 3,260000,128,Midlands,S60 3<br>Avg. Price: 260K<br>Sales Volume: 128
2024,S60 4,220000,105,Midlands,S60 4<br>Avg. Price: 220K<br>Sales Volume: 105
2024,S60 5,185000,230,Midlands,S60 5<br>Avg. Price: 185K<br>Sales Volume: 230
2024,S60 8,287000,183,Midlands,S60 8<br>Avg. Price: 287K<br>Sales Volume: 183
2024,S61 1,137000,97,Midlands,S61 1<br>Avg. Price: 137K<br>Sales Volume: 97
2024,S61 2,224000,207,Midlands,S61 2<br>Avg. Price: 224K<br>Sales Volume: 207
2024,S61 3,156000,74,Midlands,S61 3<br>Avg. Price: 156K<br>Sales Volume: 74
2024,S61 4,143000,77,Midlands,S61 4<br>Avg. Price: 143K<br>Sales Volume: 77
2024,S62 5,127000,103,Midlands,S62 5<br>Avg. Price: 127K<br>Sales Volume: 103
2024,S62 6,132000,58,Midlands,S62 6<br>Avg. Price: 132K<br>Sales Volume: 58
2024,S62 7,198000,95,Midlands,S62 7<br>Avg. Price: 198K<br>Sales Volume: 95
2024,S63 0,152000,207,Midlands,S63 0<br>Avg. Price: 152K<br>Sales Volume: 207
2024,S63 6,197000,126,Midlands,S63 6<br>Avg. Price: 197K<br>Sales Volume: 126
2024,S63 7,171000,146,Midlands,S63 7<br>Avg. Price: 171K<br>Sales Volume: 146
2024,S63 8,132000,138,Midlands,S63 8<br>Avg. Price: 132K<br>Sales Volume: 138
2024,S63 9,109000,195,Midlands,S63 9<br>Avg. Price: 109K<br>Sales Volume: 195
2024,S64 0,175000,99,Midlands,S64 0<br>Avg. Price: 175K<br>Sales Volume: 99
2024,S64 5,159000,44,Midlands,S64 5<br>Avg. Price: 159K<br>Sales Volume: 44
2024,S64 8,180000,175,Midlands,S64 8<br>Avg. Price: 180K<br>Sales Volume: 175
2024,S64 9,99000,118,Midlands,S64 9<br>Avg. Price: 99K<br>Sales Volume: 118
2024,S65 1,82000,47,Midlands,S65 1<br>Avg. Price: 82K<br>Sales Volume: 47
2024,S65 2,121000,118,Midlands,S65 2<br>Avg. Price: 121K<br>Sales Volume: 118
2024,S65 3,220000,126,Midlands,S65 3<br>Avg. Price: 220K<br>Sales Volume: 126
2024,S65 4,265000,94,Midlands,S65 4<br>Avg. Price: 265K<br>Sales Volume: 94
2024,S66 1,304000,96,Midlands,S66 1<br>Avg. Price: 304K<br>Sales Volume: 96
2024,S66 2,200000,117,Midlands,S66 2<br>Avg. Price: 200K<br>Sales Volume: 117
2024,S66 3,221000,90,Midlands,S66 3<br>Avg. Price: 221K<br>Sales Volume: 90
2024,S66 7,146000,129,Midlands,S66 7<br>Avg. Price: 146K<br>Sales Volume: 129
2024,S66 8,201000,138,Midlands,S66 8<br>Avg. Price: 201K<br>Sales Volume: 138
2024,S66 9,179000,99,Midlands,S66 9<br>Avg. Price: 179K<br>Sales Volume: 99
2024,S7 1,316000,127,Midlands,S7 1<br>Avg. Price: 316K<br>Sales Volume: 127
2024,S7 2,359000,140,Midlands,S7 2<br>Avg. Price: 359K<br>Sales Volume: 140
2024,S70 1,115000,121,Midlands,S70 1<br>Avg. Price: 115K<br>Sales Volume: 121
2024,S70 2,180000,39,Midlands,S70 2<br>Avg. Price: 180K<br>Sales Volume: 39
2024,S70 3,145000,117,Midlands,S70 3<br>Avg. Price: 145K<br>Sales Volume: 117
2024,S70 4,155000,142,Midlands,S70 4<br>Avg. Price: 155K<br>Sales Volume: 142
2024,S70 5,209000,142,Midlands,S70 5<br>Avg. Price: 209K<br>Sales Volume: 142
2024,S70 6,163000,159,Midlands,S70 6<br>Avg. Price: 163K<br>Sales Volume: 159
2024,S71 1,131000,126,Midlands,S71 1<br>Avg. Price: 131K<br>Sales Volume: 126
2024,S71 2,181000,157,Midlands,S71 2<br>Avg. Price: 181K<br>Sales Volume: 157
2024,S71 3,158000,117,Midlands,S71 3<br>Avg. Price: 158K<br>Sales Volume: 117
2024,S71 4,177000,159,Midlands,S71 4<br>Avg. Price: 177K<br>Sales Volume: 159
2024,S71 5,180000,134,Midlands,S71 5<br>Avg. Price: 180K<br>Sales Volume: 134
2024,S72 0,181000,40,Midlands,S72 0<br>Avg. Price: 181K<br>Sales Volume: 40
2024,S72 7,147000,83,Midlands,S72 7<br>Avg. Price: 147K<br>Sales Volume: 83
2024,S72 8,169000,251,Midlands,S72 8<br>Avg. Price: 169K<br>Sales Volume: 251
2024,S72 9,213000,63,Midlands,S72 9<br>Avg. Price: 213K<br>Sales Volume: 63
2024,S73 0,173000,253,Midlands,S73 0<br>Avg. Price: 173K<br>Sales Volume: 253
2024,S73 8,166000,183,Midlands,S73 8<br>Avg. Price: 166K<br>Sales Volume: 183
2024,S73 9,145000,102,Midlands,S73 9<br>Avg. Price: 145K<br>Sales Volume: 102
2024,S74 0,171000,103,Midlands,S74 0<br>Avg. Price: 171K<br>Sales Volume: 103
2024,S74 8,178000,60,Midlands,S74 8<br>Avg. Price: 178K<br>Sales Volume: 60
2024,S74 9,185000,73,Midlands,S74 9<br>Avg. Price: 185K<br>Sales Volume: 73
2024,S75 1,227000,121,Midlands,S75 1<br>Avg. Price: 227K<br>Sales Volume: 121
2024,S75 2,218000,156,Midlands,S75 2<br>Avg. Price: 218K<br>Sales Volume: 156
2024,S75 3,226000,110,Midlands,S75 3<br>Avg. Price: 226K<br>Sales Volume: 110
2024,S75 4,389000,61,Midlands,S75 4<br>Avg. Price: 389K<br>Sales Volume: 61
2024,S75 5,216000,112,Midlands,S75 5<br>Avg. Price: 216K<br>Sales Volume: 112
2024,S75 6,207000,138,Midlands,S75 6<br>Avg. Price: 207K<br>Sales Volume: 138
2024,S8 0,249000,216,Midlands,S8 0<br>Avg. Price: 249K<br>Sales Volume: 216
2024,S8 7,247000,157,Midlands,S8 7<br>Avg. Price: 247K<br>Sales Volume: 157
2024,S8 8,245000,198,Midlands,S8 8<br>Avg. Price: 245K<br>Sales Volume: 198
2024,S8 9,270000,152,Midlands,S8 9<br>Avg. Price: 270K<br>Sales Volume: 152
2024,S80 1,168000,109,Midlands,S80 1<br>Avg. Price: 168K<br>Sales Volume: 109
2024,S80 2,105000,127,Midlands,S80 2<br>Avg. Price: 105K<br>Sales Volume: 127
2024,S80 3,235000,97,Midlands,S80 3<br>Avg. Price: 235K<br>Sales Volume: 97
2024,S80 4,164000,206,Midlands,S80 4<br>Avg. Price: 164K<br>Sales Volume: 206
2024,S81 0,189000,159,Midlands,S81 0<br>Avg. Price: 189K<br>Sales Volume: 159
2024,S81 7,236000,207,Midlands,S81 7<br>Avg. Price: 236K<br>Sales Volume: 207
2024,S81 8,294000,152,Midlands,S81 8<br>Avg. Price: 294K<br>Sales Volume: 152
2024,S81 9,205000,214,Midlands,S81 9<br>Avg. Price: 205K<br>Sales Volume: 214
2024,S9 1,143000,125,Midlands,S9 1<br>Avg. Price: 143K<br>Sales Volume: 125
2024,S9 2,144000,1,Midlands,S9 2<br>Avg. Price: 144K<br>Sales Volume: 1
2024,S9 3,156000,20,Midlands,S9 3<br>Avg. Price: 156K<br>Sales Volume: 20
2024,S9 4,152000,121,Midlands,S9 4<br>Avg. Price: 152K<br>Sales Volume: 121
2024,S9 5,137000,18,Midlands,S9 5<br>Avg. Price: 137K<br>Sales Volume: 18
2024,SA1 1,177000,73,Wales,SA1 1<br>Avg. Price: 177K<br>Sales Volume: 73
2024,SA1 2,127000,79,Wales,SA1 2<br>Avg. Price: 127K<br>Sales Volume: 79
2024,SA1 3,164000,53,Wales,SA1 3<br>Avg. Price: 164K<br>Sales Volume: 53
2024,SA1 4,186000,79,Wales,SA1 4<br>Avg. Price: 186K<br>Sales Volume: 79
2024,SA1 5,186000,12,Wales,SA1 5<br>Avg. Price: 186K<br>Sales Volume: 12
2024,SA1 6,137000,193,Wales,SA1 6<br>Avg. Price: 137K<br>Sales Volume: 193
2024,SA1 7,147000,92,Wales,SA1 7<br>Avg. Price: 147K<br>Sales Volume: 92
2024,SA1 8,152000,127,Wales,SA1 8<br>Avg. Price: 152K<br>Sales Volume: 127
2024,SA10 6,180000,162,Wales,SA10 6<br>Avg. Price: 180K<br>Sales Volume: 162
2024,SA10 7,231000,121,Wales,SA10 7<br>Avg. Price: 231K<br>Sales Volume: 121
2024,SA10 8,200000,75,Wales,SA10 8<br>Avg. Price: 200K<br>Sales Volume: 75
2024,SA10 9,143000,49,Wales,SA10 9<br>Avg. Price: 143K<br>Sales Volume: 49
2024,SA11 1,119000,108,Wales,SA11 1<br>Avg. Price: 119K<br>Sales Volume: 108
2024,SA11 2,123000,180,Wales,SA11 2<br>Avg. Price: 123K<br>Sales Volume: 180
2024,SA11 3,185000,151,Wales,SA11 3<br>Avg. Price: 185K<br>Sales Volume: 151
2024,SA11 4,146000,56,Wales,SA11 4<br>Avg. Price: 146K<br>Sales Volume: 56
2024,SA11 5,174000,85,Wales,SA11 5<br>Avg. Price: 174K<br>Sales Volume: 85
2024,SA12 6,165000,206,Wales,SA12 6<br>Avg. Price: 165K<br>Sales Volume: 206
2024,SA12 7,157000,78,Wales,SA12 7<br>Avg. Price: 157K<br>Sales Volume: 78
2024,SA12 8,213000,111,Wales,SA12 8<br>Avg. Price: 213K<br>Sales Volume: 111
2024,SA12 9,160000,80,Wales,SA12 9<br>Avg. Price: 160K<br>Sales Volume: 80
2024,SA13 1,130000,99,Wales,SA13 1<br>Avg. Price: 130K<br>Sales Volume: 99
2024,SA13 2,192000,107,Wales,SA13 2<br>Avg. Price: 192K<br>Sales Volume: 107
2024,SA13 3,109000,59,Wales,SA13 3<br>Avg. Price: 109K<br>Sales Volume: 59
2024,SA14 6,199000,111,Wales,SA14 6<br>Avg. Price: 199K<br>Sales Volume: 111
2024,SA14 7,214000,126,Wales,SA14 7<br>Avg. Price: 214K<br>Sales Volume: 126
2024,SA14 8,189000,178,Wales,SA14 8<br>Avg. Price: 189K<br>Sales Volume: 178
2024,SA14 9,198000,110,Wales,SA14 9<br>Avg. Price: 198K<br>Sales Volume: 110
2024,SA15 1,124000,115,Wales,SA15 1<br>Avg. Price: 124K<br>Sales Volume: 115
2024,SA15 2,142000,111,Wales,SA15 2<br>Avg. Price: 142K<br>Sales Volume: 111
2024,SA15 3,171000,101,Wales,SA15 3<br>Avg. Price: 171K<br>Sales Volume: 101
2024,SA15 4,229000,83,Wales,SA15 4<br>Avg. Price: 229K<br>Sales Volume: 83
2024,SA15 5,219000,101,Wales,SA15 5<br>Avg. Price: 219K<br>Sales Volume: 101
2024,SA16 0,202000,147,Wales,SA16 0<br>Avg. Price: 202K<br>Sales Volume: 147
2024,SA17 4,202000,102,Wales,SA17 4<br>Avg. Price: 202K<br>Sales Volume: 102
2024,SA17 5,214000,34,Wales,SA17 5<br>Avg. Price: 214K<br>Sales Volume: 34
2024,SA18 1,160000,111,Wales,SA18 1<br>Avg. Price: 160K<br>Sales Volume: 111
2024,SA18 2,218000,107,Wales,SA18 2<br>Avg. Price: 218K<br>Sales Volume: 107
2024,SA18 3,205000,139,Wales,SA18 3<br>Avg. Price: 205K<br>Sales Volume: 139
2024,SA19 6,264000,44,Wales,SA19 6<br>Avg. Price: 264K<br>Sales Volume: 44
2024,SA19 7,322000,30,Wales,SA19 7<br>Avg. Price: 322K<br>Sales Volume: 30
2024,SA19 8,343000,13,Wales,SA19 8<br>Avg. Price: 343K<br>Sales Volume: 13
2024,SA19 9,436000,10,Wales,SA19 9<br>Avg. Price: 436K<br>Sales Volume: 10
2024,SA2 0,240000,189,Wales,SA2 0<br>Avg. Price: 240K<br>Sales Volume: 189
2024,SA2 7,292000,177,Wales,SA2 7<br>Avg. Price: 292K<br>Sales Volume: 177
2024,SA2 8,358000,70,Wales,SA2 8<br>Avg. Price: 358K<br>Sales Volume: 70
2024,SA2 9,272000,103,Wales,SA2 9<br>Avg. Price: 272K<br>Sales Volume: 103
2024,SA20 0,232000,27,Wales,SA20 0<br>Avg. Price: 232K<br>Sales Volume: 27
2024,SA3 1,531000,33,Wales,SA3 1<br>Avg. Price: 531K<br>Sales Volume: 33
2024,SA3 2,423000,34,Wales,SA3 2<br>Avg. Price: 423K<br>Sales Volume: 34
2024,SA3 3,355000,57,Wales,SA3 3<br>Avg. Price: 355K<br>Sales Volume: 57
2024,SA3 4,429000,145,Wales,SA3 4<br>Avg. Price: 429K<br>Sales Volume: 145
2024,SA3 5,350000,135,Wales,SA3 5<br>Avg. Price: 350K<br>Sales Volume: 135
2024,SA31 1,152000,67,Wales,SA31 1<br>Avg. Price: 152K<br>Sales Volume: 67
2024,SA31 2,266000,59,Wales,SA31 2<br>Avg. Price: 266K<br>Sales Volume: 59
2024,SA31 3,219000,111,Wales,SA31 3<br>Avg. Price: 219K<br>Sales Volume: 111
2024,SA32 7,343000,35,Wales,SA32 7<br>Avg. Price: 343K<br>Sales Volume: 35
2024,SA32 8,329000,32,Wales,SA32 8<br>Avg. Price: 329K<br>Sales Volume: 32
2024,SA33 4,248000,58,Wales,SA33 4<br>Avg. Price: 248K<br>Sales Volume: 58
2024,SA33 5,346000,32,Wales,SA33 5<br>Avg. Price: 346K<br>Sales Volume: 32
2024,SA33 6,269000,24,Wales,SA33 6<br>Avg. Price: 269K<br>Sales Volume: 24
2024,SA34 0,272000,41,Wales,SA34 0<br>Avg. Price: 272K<br>Sales Volume: 41
2024,SA35 0,296000,7,Wales,SA35 0<br>Avg. Price: 296K<br>Sales Volume: 7
2024,SA36 0,210000,8,Wales,SA36 0<br>Avg. Price: 210K<br>Sales Volume: 8
2024,SA37 0,332000,14,Wales,SA37 0<br>Avg. Price: 332K<br>Sales Volume: 14
2024,SA38 9,269000,53,Wales,SA38 9<br>Avg. Price: 269K<br>Sales Volume: 53
2024,SA39 9,274000,21,Wales,SA39 9<br>Avg. Price: 274K<br>Sales Volume: 21
2024,SA4 0,241000,50,Wales,SA4 0<br>Avg. Price: 241K<br>Sales Volume: 50
2024,SA4 3,264000,140,Wales,SA4 3<br>Avg. Price: 264K<br>Sales Volume: 140
2024,SA4 4,185000,176,Wales,SA4 4<br>Avg. Price: 185K<br>Sales Volume: 176
2024,SA4 6,199000,88,Wales,SA4 6<br>Avg. Price: 199K<br>Sales Volume: 88
2024,SA4 8,198000,121,Wales,SA4 8<br>Avg. Price: 198K<br>Sales Volume: 121
2024,SA4 9,272000,157,Wales,SA4 9<br>Avg. Price: 272K<br>Sales Volume: 157
2024,SA40 9,216000,35,Wales,SA40 9<br>Avg. Price: 216K<br>Sales Volume: 35
2024,SA41 3,225000,14,Wales,SA41 3<br>Avg. Price: 225K<br>Sales Volume: 14
2024,SA42 0,366000,41,Wales,SA42 0<br>Avg. Price: 366K<br>Sales Volume: 41
2024,SA43 1,246000,69,Wales,SA43 1<br>Avg. Price: 246K<br>Sales Volume: 69
2024,SA43 2,295000,79,Wales,SA43 2<br>Avg. Price: 295K<br>Sales Volume: 79
2024,SA43 3,264000,27,Wales,SA43 3<br>Avg. Price: 264K<br>Sales Volume: 27
2024,SA44 4,205000,38,Wales,SA44 4<br>Avg. Price: 205K<br>Sales Volume: 38
2024,SA44 5,278000,60,Wales,SA44 5<br>Avg. Price: 278K<br>Sales Volume: 60
2024,SA44 6,304000,36,Wales,SA44 6<br>Avg. Price: 304K<br>Sales Volume: 36
2024,SA45 9,309000,30,Wales,SA45 9<br>Avg. Price: 309K<br>Sales Volume: 30
2024,SA46 0,297000,32,Wales,SA46 0<br>Avg. Price: 297K<br>Sales Volume: 32
2024,SA47 0,227000,11,Wales,SA47 0<br>Avg. Price: 227K<br>Sales Volume: 11
2024,SA48 7,225000,53,Wales,SA48 7<br>Avg. Price: 225K<br>Sales Volume: 53
2024,SA48 8,289000,54,Wales,SA48 8<br>Avg. Price: 289K<br>Sales Volume: 54
2024,SA5 4,180000,58,Wales,SA5 4<br>Avg. Price: 180K<br>Sales Volume: 58
2024,SA5 5,147000,51,Wales,SA5 5<br>Avg. Price: 147K<br>Sales Volume: 51
2024,SA5 7,179000,50,Wales,SA5 7<br>Avg. Price: 179K<br>Sales Volume: 50
2024,SA5 8,143000,106,Wales,SA5 8<br>Avg. Price: 143K<br>Sales Volume: 106
2024,SA5 9,149000,121,Wales,SA5 9<br>Avg. Price: 149K<br>Sales Volume: 121
2024,SA6 5,183000,106,Wales,SA6 5<br>Avg. Price: 183K<br>Sales Volume: 106
2024,SA6 6,204000,182,Wales,SA6 6<br>Avg. Price: 204K<br>Sales Volume: 182
2024,SA6 7,161000,64,Wales,SA6 7<br>Avg. Price: 161K<br>Sales Volume: 64
2024,SA6 8,122000,76,Wales,SA6 8<br>Avg. Price: 122K<br>Sales Volume: 76
2024,SA61 1,224000,117,Wales,SA61 1<br>Avg. Price: 224K<br>Sales Volume: 117
2024,SA61 2,178000,93,Wales,SA61 2<br>Avg. Price: 178K<br>Sales Volume: 93
2024,SA62 3,272000,64,Wales,SA62 3<br>Avg. Price: 272K<br>Sales Volume: 64
2024,SA62 4,315000,60,Wales,SA62 4<br>Avg. Price: 315K<br>Sales Volume: 60
2024,SA62 5,281000,61,Wales,SA62 5<br>Avg. Price: 281K<br>Sales Volume: 61
2024,SA62 6,344000,65,Wales,SA62 6<br>Avg. Price: 344K<br>Sales Volume: 65
2024,SA63 4,294000,14,Wales,SA63 4<br>Avg. Price: 294K<br>Sales Volume: 14
2024,SA64 0,224000,27,Wales,SA64 0<br>Avg. Price: 224K<br>Sales Volume: 27
2024,SA65 9,197000,44,Wales,SA65 9<br>Avg. Price: 197K<br>Sales Volume: 44
2024,SA66 7,281000,30,Wales,SA66 7<br>Avg. Price: 281K<br>Sales Volume: 30
2024,SA67 7,234000,42,Wales,SA67 7<br>Avg. Price: 234K<br>Sales Volume: 42
2024,SA67 8,332000,65,Wales,SA67 8<br>Avg. Price: 332K<br>Sales Volume: 65
2024,SA68 0,270000,83,Wales,SA68 0<br>Avg. Price: 270K<br>Sales Volume: 83
2024,SA69 9,326000,77,Wales,SA69 9<br>Avg. Price: 326K<br>Sales Volume: 77
2024,SA7 0,252000,34,Wales,SA7 0<br>Avg. Price: 252K<br>Sales Volume: 34
2024,SA7 9,185000,171,Wales,SA7 9<br>Avg. Price: 185K<br>Sales Volume: 171
2024,SA70 7,329000,65,Wales,SA70 7<br>Avg. Price: 329K<br>Sales Volume: 65
2024,SA70 8,272000,109,Wales,SA70 8<br>Avg. Price: 272K<br>Sales Volume: 109
2024,SA71 4,194000,92,Wales,SA71 4<br>Avg. Price: 194K<br>Sales Volume: 92
2024,SA71 5,295000,66,Wales,SA71 5<br>Avg. Price: 295K<br>Sales Volume: 66
2024,SA72 4,273000,7,Wales,SA72 4<br>Avg. Price: 273K<br>Sales Volume: 7
2024,SA72 6,157000,100,Wales,SA72 6<br>Avg. Price: 157K<br>Sales Volume: 100
2024,SA73 1,237000,122,Wales,SA73 1<br>Avg. Price: 237K<br>Sales Volume: 122
2024,SA73 2,168000,89,Wales,SA73 2<br>Avg. Price: 168K<br>Sales Volume: 89
2024,SA73 3,182000,86,Wales,SA73 3<br>Avg. Price: 182K<br>Sales Volume: 86
2024,SA8 3,239000,77,Wales,SA8 3<br>Avg. Price: 239K<br>Sales Volume: 77
2024,SA8 4,189000,94,Wales,SA8 4<br>Avg. Price: 189K<br>Sales Volume: 94
2024,SA9 1,224000,130,Wales,SA9 1<br>Avg. Price: 224K<br>Sales Volume: 130
2024,SA9 2,158000,109,Wales,SA9 2<br>Avg. Price: 158K<br>Sales Volume: 109
2024,SE1 0,723000,75,Greater London,SE1 0<br>Avg. Price: 723K<br>Sales Volume: 75
2024,SE1 1,647000,33,Greater London,SE1 1<br>Avg. Price: 647K<br>Sales Volume: 33
2024,SE1 2,775000,150,Greater London,SE1 2<br>Avg. Price: 775K<br>Sales Volume: 150
2024,SE1 3,613000,110,Greater London,SE1 3<br>Avg. Price: 613K<br>Sales Volume: 110
2024,SE1 4,631000,122,Greater London,SE1 4<br>Avg. Price: 631K<br>Sales Volume: 122
2024,SE1 5,457000,74,Greater London,SE1 5<br>Avg. Price: 457K<br>Sales Volume: 74
2024,SE1 6,576000,94,Greater London,SE1 6<br>Avg. Price: 576K<br>Sales Volume: 94
2024,SE1 7,1104000,93,Greater London,"SE1 7<br>Avg. Price: 1,104K<br>Sales Volume: 93"
2024,SE1 8,861000,46,Greater London,SE1 8<br>Avg. Price: 861K<br>Sales Volume: 46
2024,SE1 9,1498000,53,Greater London,"SE1 9<br>Avg. Price: 1,498K<br>Sales Volume: 53"
2024,SE10 0,558000,397,Greater London,SE10 0<br>Avg. Price: 558K<br>Sales Volume: 397
2024,SE10 8,655000,172,Greater London,SE10 8<br>Avg. Price: 655K<br>Sales Volume: 172
2024,SE10 9,569000,185,Greater London,SE10 9<br>Avg. Price: 569K<br>Sales Volume: 185
2024,SE11 4,714000,103,Greater London,SE11 4<br>Avg. Price: 714K<br>Sales Volume: 103
2024,SE11 5,521000,134,Greater London,SE11 5<br>Avg. Price: 521K<br>Sales Volume: 134
2024,SE11 6,513000,54,Greater London,SE11 6<br>Avg. Price: 513K<br>Sales Volume: 54
2024,SE12 0,445000,99,Greater London,SE12 0<br>Avg. Price: 445K<br>Sales Volume: 99
2024,SE12 8,570000,113,Greater London,SE12 8<br>Avg. Price: 570K<br>Sales Volume: 113
2024,SE12 9,472000,98,Greater London,SE12 9<br>Avg. Price: 472K<br>Sales Volume: 98
2024,SE13 5,579000,194,Greater London,SE13 5<br>Avg. Price: 579K<br>Sales Volume: 194
2024,SE13 6,457000,168,Greater London,SE13 6<br>Avg. Price: 457K<br>Sales Volume: 168
2024,SE13 7,468000,222,Greater London,SE13 7<br>Avg. Price: 468K<br>Sales Volume: 222
2024,SE14 5,546000,178,Greater London,SE14 5<br>Avg. Price: 546K<br>Sales Volume: 178
2024,SE14 6,441000,132,Greater London,SE14 6<br>Avg. Price: 441K<br>Sales Volume: 132
2024,SE15 1,455000,39,Greater London,SE15 1<br>Avg. Price: 455K<br>Sales Volume: 39
2024,SE15 2,530000,142,Greater London,SE15 2<br>Avg. Price: 530K<br>Sales Volume: 142
2024,SE15 3,644000,178,Greater London,SE15 3<br>Avg. Price: 644K<br>Sales Volume: 178
2024,SE15 4,750000,139,Greater London,SE15 4<br>Avg. Price: 750K<br>Sales Volume: 139
2024,SE15 5,646000,74,Greater London,SE15 5<br>Avg. Price: 646K<br>Sales Volume: 74
2024,SE15 6,375000,75,Greater London,SE15 6<br>Avg. Price: 375K<br>Sales Volume: 75
2024,SE16 2,439000,44,Greater London,SE16 2<br>Avg. Price: 439K<br>Sales Volume: 44
2024,SE16 3,472000,127,Greater London,SE16 3<br>Avg. Price: 472K<br>Sales Volume: 127
2024,SE16 4,516000,71,Greater London,SE16 4<br>Avg. Price: 516K<br>Sales Volume: 71
2024,SE16 5,559000,83,Greater London,SE16 5<br>Avg. Price: 559K<br>Sales Volume: 83
2024,SE16 6,590000,67,Greater London,SE16 6<br>Avg. Price: 590K<br>Sales Volume: 67
2024,SE16 7,515000,150,Greater London,SE16 7<br>Avg. Price: 515K<br>Sales Volume: 150
2024,SE17 1,694000,288,Greater London,SE17 1<br>Avg. Price: 694K<br>Sales Volume: 288
2024,SE17 2,449000,50,Greater London,SE17 2<br>Avg. Price: 449K<br>Sales Volume: 50
2024,SE17 3,565000,138,Greater London,SE17 3<br>Avg. Price: 565K<br>Sales Volume: 138
2024,SE18 1,374000,111,Greater London,SE18 1<br>Avg. Price: 374K<br>Sales Volume: 111
2024,SE18 2,412000,103,Greater London,SE18 2<br>Avg. Price: 412K<br>Sales Volume: 103
2024,SE18 3,435000,110,Greater London,SE18 3<br>Avg. Price: 435K<br>Sales Volume: 110
2024,SE18 4,374000,58,Greater London,SE18 4<br>Avg. Price: 374K<br>Sales Volume: 58
2024,SE18 5,338000,32,Greater London,SE18 5<br>Avg. Price: 338K<br>Sales Volume: 32
2024,SE18 6,507000,397,Greater London,SE18 6<br>Avg. Price: 507K<br>Sales Volume: 397
2024,SE18 7,362000,75,Greater London,SE18 7<br>Avg. Price: 362K<br>Sales Volume: 75
2024,SE19 1,526000,127,Greater London,SE19 1<br>Avg. Price: 526K<br>Sales Volume: 127
2024,SE19 2,486000,161,Greater London,SE19 2<br>Avg. Price: 486K<br>Sales Volume: 161
2024,SE19 3,507000,154,Greater London,SE19 3<br>Avg. Price: 507K<br>Sales Volume: 154
2024,SE2 0,422000,137,Greater London,SE2 0<br>Avg. Price: 422K<br>Sales Volume: 137
2024,SE2 9,356000,96,Greater London,SE2 9<br>Avg. Price: 356K<br>Sales Volume: 96
2024,SE20 7,477000,167,Greater London,SE20 7<br>Avg. Price: 477K<br>Sales Volume: 167
2024,SE20 8,395000,164,Greater London,SE20 8<br>Avg. Price: 395K<br>Sales Volume: 164
2024,SE21 7,2039000,40,Greater London,"SE21 7<br>Avg. Price: 2,039K<br>Sales Volume: 40"
2024,SE21 8,798000,162,Greater London,SE21 8<br>Avg. Price: 798K<br>Sales Volume: 162
2024,SE22 0,797000,156,Greater London,SE22 0<br>Avg. Price: 797K<br>Sales Volume: 156
2024,SE22 8,828000,182,Greater London,SE22 8<br>Avg. Price: 828K<br>Sales Volume: 182
2024,SE22 9,781000,166,Greater London,SE22 9<br>Avg. Price: 781K<br>Sales Volume: 166
2024,SE23 1,536000,140,Greater London,SE23 1<br>Avg. Price: 536K<br>Sales Volume: 140
2024,SE23 2,554000,189,Greater London,SE23 2<br>Avg. Price: 554K<br>Sales Volume: 189
2024,SE23 3,601000,167,Greater London,SE23 3<br>Avg. Price: 601K<br>Sales Volume: 167
2024,SE24 0,860000,123,Greater London,SE24 0<br>Avg. Price: 860K<br>Sales Volume: 123
2024,SE24 9,986000,121,Greater London,SE24 9<br>Avg. Price: 986K<br>Sales Volume: 121
2024,SE25 4,394000,170,Greater London,SE25 4<br>Avg. Price: 394K<br>Sales Volume: 170
2024,SE25 5,340000,122,Greater London,SE25 5<br>Avg. Price: 340K<br>Sales Volume: 122
2024,SE25 6,375000,165,Greater London,SE25 6<br>Avg. Price: 375K<br>Sales Volume: 165
2024,SE26 4,539000,142,Greater London,SE26 4<br>Avg. Price: 539K<br>Sales Volume: 142
2024,SE26 5,490000,188,Greater London,SE26 5<br>Avg. Price: 490K<br>Sales Volume: 188
2024,SE26 6,572000,126,Greater London,SE26 6<br>Avg. Price: 572K<br>Sales Volume: 126
2024,SE27 0,573000,153,Greater London,SE27 0<br>Avg. Price: 573K<br>Sales Volume: 153
2024,SE27 9,553000,149,Greater London,SE27 9<br>Avg. Price: 553K<br>Sales Volume: 149
2024,SE28 0,368000,197,Greater London,SE28 0<br>Avg. Price: 368K<br>Sales Volume: 197
2024,SE28 8,310000,93,Greater London,SE28 8<br>Avg. Price: 310K<br>Sales Volume: 93
2024,SE3 0,792000,88,Greater London,SE3 0<br>Avg. Price: 792K<br>Sales Volume: 88
2024,SE3 7,716000,160,Greater London,SE3 7<br>Avg. Price: 716K<br>Sales Volume: 160
2024,SE3 8,535000,112,Greater London,SE3 8<br>Avg. Price: 535K<br>Sales Volume: 112
2024,SE3 9,578000,295,Greater London,SE3 9<br>Avg. Price: 578K<br>Sales Volume: 295
2024,SE4 1,634000,236,Greater London,SE4 1<br>Avg. Price: 634K<br>Sales Volume: 236
2024,SE4 2,581000,138,Greater London,SE4 2<br>Avg. Price: 581K<br>Sales Volume: 138
2024,SE5 0,498000,87,Greater London,SE5 0<br>Avg. Price: 498K<br>Sales Volume: 87
2024,SE5 7,490000,102,Greater London,SE5 7<br>Avg. Price: 490K<br>Sales Volume: 102
2024,SE5 8,689000,181,Greater London,SE5 8<br>Avg. Price: 689K<br>Sales Volume: 181
2024,SE5 9,597000,110,Greater London,SE5 9<br>Avg. Price: 597K<br>Sales Volume: 110
2024,SE6 1,529000,180,Greater London,SE6 1<br>Avg. Price: 529K<br>Sales Volume: 180
2024,SE6 2,447000,134,Greater London,SE6 2<br>Avg. Price: 447K<br>Sales Volume: 134
2024,SE6 3,387000,80,Greater London,SE6 3<br>Avg. Price: 387K<br>Sales Volume: 80
2024,SE6 4,456000,178,Greater London,SE6 4<br>Avg. Price: 456K<br>Sales Volume: 178
2024,SE7 7,478000,112,Greater London,SE7 7<br>Avg. Price: 478K<br>Sales Volume: 112
2024,SE7 8,526000,60,Greater London,SE7 8<br>Avg. Price: 526K<br>Sales Volume: 60
2024,SE8 3,447000,99,Greater London,SE8 3<br>Avg. Price: 447K<br>Sales Volume: 99
2024,SE8 4,448000,79,Greater London,SE8 4<br>Avg. Price: 448K<br>Sales Volume: 79
2024,SE8 5,472000,112,Greater London,SE8 5<br>Avg. Price: 472K<br>Sales Volume: 112
2024,SE9 1,605000,161,Greater London,SE9 1<br>Avg. Price: 605K<br>Sales Volume: 161
2024,SE9 2,447000,112,Greater London,SE9 2<br>Avg. Price: 447K<br>Sales Volume: 112
2024,SE9 3,491000,127,Greater London,SE9 3<br>Avg. Price: 491K<br>Sales Volume: 127
2024,SE9 4,419000,129,Greater London,SE9 4<br>Avg. Price: 419K<br>Sales Volume: 129
2024,SE9 5,455000,76,Greater London,SE9 5<br>Avg. Price: 455K<br>Sales Volume: 76
2024,SE9 6,460000,102,Greater London,SE9 6<br>Avg. Price: 460K<br>Sales Volume: 102
2024,SG1 1,247000,81,South East,SG1 1<br>Avg. Price: 247K<br>Sales Volume: 81
2024,SG1 2,410000,119,South East,SG1 2<br>Avg. Price: 410K<br>Sales Volume: 119
2024,SG1 3,381000,89,South East,SG1 3<br>Avg. Price: 381K<br>Sales Volume: 89
2024,SG1 4,351000,175,South East,SG1 4<br>Avg. Price: 351K<br>Sales Volume: 175
2024,SG1 5,309000,109,South East,SG1 5<br>Avg. Price: 309K<br>Sales Volume: 109
2024,SG1 6,368000,107,South East,SG1 6<br>Avg. Price: 368K<br>Sales Volume: 107
2024,SG10 6,707000,23,South East,SG10 6<br>Avg. Price: 707K<br>Sales Volume: 23
2024,SG11 1,493000,63,South East,SG11 1<br>Avg. Price: 493K<br>Sales Volume: 63
2024,SG11 2,724000,27,South East,SG11 2<br>Avg. Price: 724K<br>Sales Volume: 27
2024,SG12 0,436000,137,South East,SG12 0<br>Avg. Price: 436K<br>Sales Volume: 137
2024,SG12 7,440000,121,South East,SG12 7<br>Avg. Price: 440K<br>Sales Volume: 121
2024,SG12 8,491000,85,South East,SG12 8<br>Avg. Price: 491K<br>Sales Volume: 85
2024,SG12 9,363000,143,South East,SG12 9<br>Avg. Price: 363K<br>Sales Volume: 143
2024,SG13 7,483000,206,South East,SG13 7<br>Avg. Price: 483K<br>Sales Volume: 206
2024,SG13 8,663000,106,South East,SG13 8<br>Avg. Price: 663K<br>Sales Volume: 106
2024,SG14 1,415000,104,South East,SG14 1<br>Avg. Price: 415K<br>Sales Volume: 104
2024,SG14 2,507000,131,South East,SG14 2<br>Avg. Price: 507K<br>Sales Volume: 131
2024,SG14 3,528000,127,South East,SG14 3<br>Avg. Price: 528K<br>Sales Volume: 127
2024,SG15 6,322000,99,South East,SG15 6<br>Avg. Price: 322K<br>Sales Volume: 99
2024,SG16 6,416000,145,South East,SG16 6<br>Avg. Price: 416K<br>Sales Volume: 145
2024,SG17 5,420000,263,South East,SG17 5<br>Avg. Price: 420K<br>Sales Volume: 263
2024,SG18 0,338000,164,South East,SG18 0<br>Avg. Price: 338K<br>Sales Volume: 164
2024,SG18 8,363000,266,South East,SG18 8<br>Avg. Price: 363K<br>Sales Volume: 266
2024,SG18 9,474000,139,South East,SG18 9<br>Avg. Price: 474K<br>Sales Volume: 139
2024,SG19 1,294000,134,South East,SG19 1<br>Avg. Price: 294K<br>Sales Volume: 134
2024,SG19 2,379000,140,South East,SG19 2<br>Avg. Price: 379K<br>Sales Volume: 140
2024,SG19 3,440000,86,South East,SG19 3<br>Avg. Price: 440K<br>Sales Volume: 86
2024,SG2 0,328000,96,South East,SG2 0<br>Avg. Price: 328K<br>Sales Volume: 96
2024,SG2 7,513000,91,South East,SG2 7<br>Avg. Price: 513K<br>Sales Volume: 91
2024,SG2 8,361000,138,South East,SG2 8<br>Avg. Price: 361K<br>Sales Volume: 138
2024,SG2 9,326000,147,South East,SG2 9<br>Avg. Price: 326K<br>Sales Volume: 147
2024,SG3 6,494000,128,South East,SG3 6<br>Avg. Price: 494K<br>Sales Volume: 128
2024,SG4 0,471000,208,South East,SG4 0<br>Avg. Price: 471K<br>Sales Volume: 208
2024,SG4 7,683000,82,South East,SG4 7<br>Avg. Price: 683K<br>Sales Volume: 82
2024,SG4 8,575000,123,South East,SG4 8<br>Avg. Price: 575K<br>Sales Volume: 123
2024,SG4 9,581000,165,South East,SG4 9<br>Avg. Price: 581K<br>Sales Volume: 165
2024,SG5 1,440000,134,South East,SG5 1<br>Avg. Price: 440K<br>Sales Volume: 134
2024,SG5 2,498000,103,South East,SG5 2<br>Avg. Price: 498K<br>Sales Volume: 103
2024,SG5 3,575000,111,South East,SG5 3<br>Avg. Price: 575K<br>Sales Volume: 111
2024,SG5 4,430000,240,South East,SG5 4<br>Avg. Price: 430K<br>Sales Volume: 240
2024,SG6 1,376000,101,South East,SG6 1<br>Avg. Price: 376K<br>Sales Volume: 101
2024,SG6 2,464000,91,South East,SG6 2<br>Avg. Price: 464K<br>Sales Volume: 91
2024,SG6 3,529000,75,South East,SG6 3<br>Avg. Price: 529K<br>Sales Volume: 75
2024,SG6 4,385000,154,South East,SG6 4<br>Avg. Price: 385K<br>Sales Volume: 154
2024,SG7 5,503000,61,South East,SG7 5<br>Avg. Price: 503K<br>Sales Volume: 61
2024,SG7 6,348000,118,South East,SG7 6<br>Avg. Price: 348K<br>Sales Volume: 118
2024,SG8 0,622000,56,South East,SG8 0<br>Avg. Price: 622K<br>Sales Volume: 56
2024,SG8 5,390000,165,South East,SG8 5<br>Avg. Price: 390K<br>Sales Volume: 165
2024,SG8 6,507000,94,South East,SG8 6<br>Avg. Price: 507K<br>Sales Volume: 94
2024,SG8 7,450000,154,South East,SG8 7<br>Avg. Price: 450K<br>Sales Volume: 154
2024,SG8 8,621000,47,South East,SG8 8<br>Avg. Price: 621K<br>Sales Volume: 47
2024,SG8 9,418000,132,South East,SG8 9<br>Avg. Price: 418K<br>Sales Volume: 132
2024,SG9 0,768000,23,South East,SG9 0<br>Avg. Price: 768K<br>Sales Volume: 23
2024,SG9 9,484000,137,South East,SG9 9<br>Avg. Price: 484K<br>Sales Volume: 137
2024,SK1 1,168000,28,North England,SK1 1<br>Avg. Price: 168K<br>Sales Volume: 28
2024,SK1 2,183000,143,North England,SK1 2<br>Avg. Price: 183K<br>Sales Volume: 143
2024,SK1 3,152000,38,North England,SK1 3<br>Avg. Price: 152K<br>Sales Volume: 38
2024,SK1 4,212000,134,North England,SK1 4<br>Avg. Price: 212K<br>Sales Volume: 134
2024,SK10 1,334000,145,North England,SK10 1<br>Avg. Price: 334K<br>Sales Volume: 145
2024,SK10 2,337000,179,North England,SK10 2<br>Avg. Price: 337K<br>Sales Volume: 179
2024,SK10 3,323000,188,North England,SK10 3<br>Avg. Price: 323K<br>Sales Volume: 188
2024,SK10 4,1042000,110,North England,"SK10 4<br>Avg. Price: 1,042K<br>Sales Volume: 110"
2024,SK10 5,331000,155,North England,SK10 5<br>Avg. Price: 331K<br>Sales Volume: 155
2024,SK11 0,391000,66,North England,SK11 0<br>Avg. Price: 391K<br>Sales Volume: 66
2024,SK11 6,188000,110,North England,SK11 6<br>Avg. Price: 188K<br>Sales Volume: 110
2024,SK11 7,257000,223,North England,SK11 7<br>Avg. Price: 257K<br>Sales Volume: 223
2024,SK11 8,285000,197,North England,SK11 8<br>Avg. Price: 285K<br>Sales Volume: 197
2024,SK11 9,564000,60,North England,SK11 9<br>Avg. Price: 564K<br>Sales Volume: 60
2024,SK12 1,460000,301,North England,SK12 1<br>Avg. Price: 460K<br>Sales Volume: 301
2024,SK12 2,391000,88,North England,SK12 2<br>Avg. Price: 391K<br>Sales Volume: 88
2024,SK13 0,126000,13,North England,SK13 0<br>Avg. Price: 126K<br>Sales Volume: 13
2024,SK13 1,249000,83,North England,SK13 1<br>Avg. Price: 249K<br>Sales Volume: 83
2024,SK13 2,253000,54,North England,SK13 2<br>Avg. Price: 253K<br>Sales Volume: 54
2024,SK13 5,298000,37,North England,SK13 5<br>Avg. Price: 298K<br>Sales Volume: 37
2024,SK13 6,319000,76,North England,SK13 6<br>Avg. Price: 319K<br>Sales Volume: 76
2024,SK13 7,322000,63,North England,SK13 7<br>Avg. Price: 322K<br>Sales Volume: 63
2024,SK13 8,257000,161,North England,SK13 8<br>Avg. Price: 257K<br>Sales Volume: 161
2024,SK14 1,176000,51,North England,SK14 1<br>Avg. Price: 176K<br>Sales Volume: 51
2024,SK14 2,193000,95,North England,SK14 2<br>Avg. Price: 193K<br>Sales Volume: 95
2024,SK14 3,226000,84,North England,SK14 3<br>Avg. Price: 226K<br>Sales Volume: 84
2024,SK14 4,239000,251,North England,SK14 4<br>Avg. Price: 239K<br>Sales Volume: 251
2024,SK14 5,239000,172,North England,SK14 5<br>Avg. Price: 239K<br>Sales Volume: 172
2024,SK14 6,284000,68,North England,SK14 6<br>Avg. Price: 284K<br>Sales Volume: 68
2024,SK14 8,216000,48,North England,SK14 8<br>Avg. Price: 216K<br>Sales Volume: 48
2024,SK15 1,180000,98,North England,SK15 1<br>Avg. Price: 180K<br>Sales Volume: 98
2024,SK15 2,259000,147,North England,SK15 2<br>Avg. Price: 259K<br>Sales Volume: 147
2024,SK15 3,219000,121,North England,SK15 3<br>Avg. Price: 219K<br>Sales Volume: 121
2024,SK16 4,177000,105,North England,SK16 4<br>Avg. Price: 177K<br>Sales Volume: 105
2024,SK16 5,229000,158,North England,SK16 5<br>Avg. Price: 229K<br>Sales Volume: 158
2024,SK17 0,423000,18,North England,SK17 0<br>Avg. Price: 423K<br>Sales Volume: 18
2024,SK17 6,277000,172,North England,SK17 6<br>Avg. Price: 277K<br>Sales Volume: 172
2024,SK17 7,218000,107,North England,SK17 7<br>Avg. Price: 218K<br>Sales Volume: 107
2024,SK17 8,312000,71,North England,SK17 8<br>Avg. Price: 312K<br>Sales Volume: 71
2024,SK17 9,300000,195,North England,SK17 9<br>Avg. Price: 300K<br>Sales Volume: 195
2024,SK2 5,272000,218,North England,SK2 5<br>Avg. Price: 272K<br>Sales Volume: 218
2024,SK2 6,271000,144,North England,SK2 6<br>Avg. Price: 271K<br>Sales Volume: 144
2024,SK2 7,279000,138,North England,SK2 7<br>Avg. Price: 279K<br>Sales Volume: 138
2024,SK22 1,302000,18,North England,SK22 1<br>Avg. Price: 302K<br>Sales Volume: 18
2024,SK22 2,315000,37,North England,SK22 2<br>Avg. Price: 315K<br>Sales Volume: 37
2024,SK22 3,316000,35,North England,SK22 3<br>Avg. Price: 316K<br>Sales Volume: 35
2024,SK22 4,268000,121,North England,SK22 4<br>Avg. Price: 268K<br>Sales Volume: 121
2024,SK23 0,281000,88,North England,SK23 0<br>Avg. Price: 281K<br>Sales Volume: 88
2024,SK23 6,355000,64,North England,SK23 6<br>Avg. Price: 355K<br>Sales Volume: 64
2024,SK23 7,301000,135,North England,SK23 7<br>Avg. Price: 301K<br>Sales Volume: 135
2024,SK23 9,382000,35,North England,SK23 9<br>Avg. Price: 382K<br>Sales Volume: 35
2024,SK3 0,256000,109,North England,SK3 0<br>Avg. Price: 256K<br>Sales Volume: 109
2024,SK3 8,283000,163,North England,SK3 8<br>Avg. Price: 283K<br>Sales Volume: 163
2024,SK3 9,227000,167,North England,SK3 9<br>Avg. Price: 227K<br>Sales Volume: 167
2024,SK4 1,201000,72,North England,SK4 1<br>Avg. Price: 201K<br>Sales Volume: 72
2024,SK4 2,331000,128,North England,SK4 2<br>Avg. Price: 331K<br>Sales Volume: 128
2024,SK4 3,416000,135,North England,SK4 3<br>Avg. Price: 416K<br>Sales Volume: 135
2024,SK4 4,447000,140,North England,SK4 4<br>Avg. Price: 447K<br>Sales Volume: 140
2024,SK4 5,342000,103,North England,SK4 5<br>Avg. Price: 342K<br>Sales Volume: 103
2024,SK5 6,197000,218,North England,SK5 6<br>Avg. Price: 197K<br>Sales Volume: 218
2024,SK5 7,237000,104,North England,SK5 7<br>Avg. Price: 237K<br>Sales Volume: 104
2024,SK5 8,198000,67,North England,SK5 8<br>Avg. Price: 198K<br>Sales Volume: 67
2024,SK6 1,257000,130,North England,SK6 1<br>Avg. Price: 257K<br>Sales Volume: 130
2024,SK6 2,227000,113,North England,SK6 2<br>Avg. Price: 227K<br>Sales Volume: 113
2024,SK6 3,258000,94,North England,SK6 3<br>Avg. Price: 258K<br>Sales Volume: 94
2024,SK6 4,354000,95,North England,SK6 4<br>Avg. Price: 354K<br>Sales Volume: 95
2024,SK6 5,452000,80,North England,SK6 5<br>Avg. Price: 452K<br>Sales Volume: 80
2024,SK6 6,424000,93,North England,SK6 6<br>Avg. Price: 424K<br>Sales Volume: 93
2024,SK6 7,338000,115,North England,SK6 7<br>Avg. Price: 338K<br>Sales Volume: 115
2024,SK6 8,400000,67,North England,SK6 8<br>Avg. Price: 400K<br>Sales Volume: 67
2024,SK7 1,627000,196,North England,SK7 1<br>Avg. Price: 627K<br>Sales Volume: 196
2024,SK7 2,542000,126,North England,SK7 2<br>Avg. Price: 542K<br>Sales Volume: 126
2024,SK7 3,481000,100,North England,SK7 3<br>Avg. Price: 481K<br>Sales Volume: 100
2024,SK7 4,261000,145,North England,SK7 4<br>Avg. Price: 261K<br>Sales Volume: 145
2024,SK7 5,356000,112,North England,SK7 5<br>Avg. Price: 356K<br>Sales Volume: 112
2024,SK7 6,385000,104,North England,SK7 6<br>Avg. Price: 385K<br>Sales Volume: 104
2024,SK8 1,382000,80,North England,SK8 1<br>Avg. Price: 382K<br>Sales Volume: 80
2024,SK8 2,292000,109,North England,SK8 2<br>Avg. Price: 292K<br>Sales Volume: 109
2024,SK8 3,374000,242,North England,SK8 3<br>Avg. Price: 374K<br>Sales Volume: 242
2024,SK8 4,408000,96,North England,SK8 4<br>Avg. Price: 408K<br>Sales Volume: 96
2024,SK8 5,346000,149,North England,SK8 5<br>Avg. Price: 346K<br>Sales Volume: 149
2024,SK8 6,396000,106,North England,SK8 6<br>Avg. Price: 396K<br>Sales Volume: 106
2024,SK8 7,483000,105,North England,SK8 7<br>Avg. Price: 483K<br>Sales Volume: 105
2024,SK9 1,483000,69,North England,SK9 1<br>Avg. Price: 483K<br>Sales Volume: 69
2024,SK9 2,560000,161,North England,SK9 2<br>Avg. Price: 560K<br>Sales Volume: 161
2024,SK9 3,354000,191,North England,SK9 3<br>Avg. Price: 354K<br>Sales Volume: 191
2024,SK9 4,478000,78,North England,SK9 4<br>Avg. Price: 478K<br>Sales Volume: 78
2024,SK9 5,529000,120,North England,SK9 5<br>Avg. Price: 529K<br>Sales Volume: 120
2024,SK9 6,583000,116,North England,SK9 6<br>Avg. Price: 583K<br>Sales Volume: 116
2024,SK9 7,798000,122,North England,SK9 7<br>Avg. Price: 798K<br>Sales Volume: 122
2024,SL0 0,624000,83,South East,SL0 0<br>Avg. Price: 624K<br>Sales Volume: 83
2024,SL0 9,571000,66,South East,SL0 9<br>Avg. Price: 571K<br>Sales Volume: 66
2024,SL1 1,295000,39,South East,SL1 1<br>Avg. Price: 295K<br>Sales Volume: 39
2024,SL1 2,328000,159,South East,SL1 2<br>Avg. Price: 328K<br>Sales Volume: 159
2024,SL1 3,335000,262,South East,SL1 3<br>Avg. Price: 335K<br>Sales Volume: 262
2024,SL1 4,225000,8,South East,SL1 4<br>Avg. Price: 225K<br>Sales Volume: 8
2024,SL1 5,392000,138,South East,SL1 5<br>Avg. Price: 392K<br>Sales Volume: 138
2024,SL1 6,401000,91,South East,SL1 6<br>Avg. Price: 401K<br>Sales Volume: 91
2024,SL1 7,485000,41,South East,SL1 7<br>Avg. Price: 485K<br>Sales Volume: 41
2024,SL1 8,633000,57,South East,SL1 8<br>Avg. Price: 633K<br>Sales Volume: 57
2024,SL1 9,275000,44,South East,SL1 9<br>Avg. Price: 275K<br>Sales Volume: 44
2024,SL2 1,330000,79,South East,SL2 1<br>Avg. Price: 330K<br>Sales Volume: 79
2024,SL2 2,389000,97,South East,SL2 2<br>Avg. Price: 389K<br>Sales Volume: 97
2024,SL2 3,712000,103,South East,SL2 3<br>Avg. Price: 712K<br>Sales Volume: 103
2024,SL2 4,820000,54,South East,SL2 4<br>Avg. Price: 820K<br>Sales Volume: 54
2024,SL2 5,369000,122,South East,SL2 5<br>Avg. Price: 369K<br>Sales Volume: 122
2024,SL3 0,320000,50,South East,SL3 0<br>Avg. Price: 320K<br>Sales Volume: 50
2024,SL3 6,761000,22,South East,SL3 6<br>Avg. Price: 761K<br>Sales Volume: 22
2024,SL3 7,548000,117,South East,SL3 7<br>Avg. Price: 548K<br>Sales Volume: 117
2024,SL3 8,427000,188,South East,SL3 8<br>Avg. Price: 427K<br>Sales Volume: 188
2024,SL3 9,533000,56,South East,SL3 9<br>Avg. Price: 533K<br>Sales Volume: 56
2024,SL4 1,552000,56,South East,SL4 1<br>Avg. Price: 552K<br>Sales Volume: 56
2024,SL4 2,767000,76,South East,SL4 2<br>Avg. Price: 767K<br>Sales Volume: 76
2024,SL4 3,527000,166,South East,SL4 3<br>Avg. Price: 527K<br>Sales Volume: 166
2024,SL4 4,675000,107,South East,SL4 4<br>Avg. Price: 675K<br>Sales Volume: 107
2024,SL4 5,579000,174,South East,SL4 5<br>Avg. Price: 579K<br>Sales Volume: 174
2024,SL4 6,593000,47,South East,SL4 6<br>Avg. Price: 593K<br>Sales Volume: 47
2024,SL5 0,1070000,121,South East,"SL5 0<br>Avg. Price: 1,070K<br>Sales Volume: 121"
2024,SL5 7,808000,98,South East,SL5 7<br>Avg. Price: 808K<br>Sales Volume: 98
2024,SL5 8,604000,118,South East,SL5 8<br>Avg. Price: 604K<br>Sales Volume: 118
2024,SL5 9,1105000,135,South East,"SL5 9<br>Avg. Price: 1,105K<br>Sales Volume: 135"
2024,SL6 0,506000,139,South East,SL6 0<br>Avg. Price: 506K<br>Sales Volume: 139
2024,SL6 1,433000,147,South East,SL6 1<br>Avg. Price: 433K<br>Sales Volume: 147
2024,SL6 2,694000,140,South East,SL6 2<br>Avg. Price: 694K<br>Sales Volume: 140
2024,SL6 3,600000,113,South East,SL6 3<br>Avg. Price: 600K<br>Sales Volume: 113
2024,SL6 4,577000,116,South East,SL6 4<br>Avg. Price: 577K<br>Sales Volume: 116
2024,SL6 5,651000,60,South East,SL6 5<br>Avg. Price: 651K<br>Sales Volume: 60
2024,SL6 6,701000,147,South East,SL6 6<br>Avg. Price: 701K<br>Sales Volume: 147
2024,SL6 7,413000,162,South East,SL6 7<br>Avg. Price: 413K<br>Sales Volume: 162
2024,SL6 8,571000,151,South East,SL6 8<br>Avg. Price: 571K<br>Sales Volume: 151
2024,SL6 9,947000,74,South East,SL6 9<br>Avg. Price: 947K<br>Sales Volume: 74
2024,SL7 1,675000,148,South East,SL7 1<br>Avg. Price: 675K<br>Sales Volume: 148
2024,SL7 2,1209000,64,South East,"SL7 2<br>Avg. Price: 1,209K<br>Sales Volume: 64"
2024,SL7 3,716000,109,South East,SL7 3<br>Avg. Price: 716K<br>Sales Volume: 109
2024,SL8 5,648000,99,South East,SL8 5<br>Avg. Price: 648K<br>Sales Volume: 99
2024,SL9 0,801000,79,South East,SL9 0<br>Avg. Price: 801K<br>Sales Volume: 79
2024,SL9 7,1309000,74,South East,"SL9 7<br>Avg. Price: 1,309K<br>Sales Volume: 74"
2024,SL9 8,1117000,66,South East,"SL9 8<br>Avg. Price: 1,117K<br>Sales Volume: 66"
2024,SL9 9,651000,77,South East,SL9 9<br>Avg. Price: 651K<br>Sales Volume: 77
2024,SM1 1,448000,43,Greater London,SM1 1<br>Avg. Price: 448K<br>Sales Volume: 43
2024,SM1 2,471000,221,Greater London,SM1 2<br>Avg. Price: 471K<br>Sales Volume: 221
2024,SM1 3,489000,156,Greater London,SM1 3<br>Avg. Price: 489K<br>Sales Volume: 156
2024,SM1 4,371000,172,Greater London,SM1 4<br>Avg. Price: 371K<br>Sales Volume: 172
2024,SM2 5,512000,182,Greater London,SM2 5<br>Avg. Price: 512K<br>Sales Volume: 182
2024,SM2 6,467000,193,Greater London,SM2 6<br>Avg. Price: 467K<br>Sales Volume: 193
2024,SM2 7,1020000,55,Greater London,"SM2 7<br>Avg. Price: 1,020K<br>Sales Volume: 55"
2024,SM3 8,518000,101,Greater London,SM3 8<br>Avg. Price: 518K<br>Sales Volume: 101
2024,SM3 9,492000,153,Greater London,SM3 9<br>Avg. Price: 492K<br>Sales Volume: 153
2024,SM4 4,553000,150,Greater London,SM4 4<br>Avg. Price: 553K<br>Sales Volume: 150
2024,SM4 5,465000,97,Greater London,SM4 5<br>Avg. Price: 465K<br>Sales Volume: 97
2024,SM4 6,446000,129,Greater London,SM4 6<br>Avg. Price: 446K<br>Sales Volume: 129
2024,SM5 1,402000,96,Greater London,SM5 1<br>Avg. Price: 402K<br>Sales Volume: 96
2024,SM5 2,421000,176,Greater London,SM5 2<br>Avg. Price: 421K<br>Sales Volume: 176
2024,SM5 3,594000,99,Greater London,SM5 3<br>Avg. Price: 594K<br>Sales Volume: 99
2024,SM5 4,652000,67,Greater London,SM5 4<br>Avg. Price: 652K<br>Sales Volume: 67
2024,SM6 0,415000,104,Greater London,SM6 0<br>Avg. Price: 415K<br>Sales Volume: 104
2024,SM6 7,400000,118,Greater London,SM6 7<br>Avg. Price: 400K<br>Sales Volume: 118
2024,SM6 8,437000,134,Greater London,SM6 8<br>Avg. Price: 437K<br>Sales Volume: 134
2024,SM6 9,518000,111,Greater London,SM6 9<br>Avg. Price: 518K<br>Sales Volume: 111
2024,SM7 1,776000,80,Greater London,SM7 1<br>Avg. Price: 776K<br>Sales Volume: 80
2024,SM7 2,598000,114,Greater London,SM7 2<br>Avg. Price: 598K<br>Sales Volume: 114
2024,SM7 3,716000,59,Greater London,SM7 3<br>Avg. Price: 716K<br>Sales Volume: 59
2024,SN1 1,184000,12,South West,SN1 1<br>Avg. Price: 184K<br>Sales Volume: 12
2024,SN1 2,221000,116,South West,SN1 2<br>Avg. Price: 221K<br>Sales Volume: 116
2024,SN1 3,226000,127,South West,SN1 3<br>Avg. Price: 226K<br>Sales Volume: 127
2024,SN1 4,307000,154,South West,SN1 4<br>Avg. Price: 307K<br>Sales Volume: 154
2024,SN1 5,196000,94,South West,SN1 5<br>Avg. Price: 196K<br>Sales Volume: 94
2024,SN1 7,313000,250,South West,SN1 7<br>Avg. Price: 313K<br>Sales Volume: 250
2024,SN10 1,285000,87,South West,SN10 1<br>Avg. Price: 285K<br>Sales Volume: 87
2024,SN10 2,330000,115,South West,SN10 2<br>Avg. Price: 330K<br>Sales Volume: 115
2024,SN10 3,359000,95,South West,SN10 3<br>Avg. Price: 359K<br>Sales Volume: 95
2024,SN10 4,466000,85,South West,SN10 4<br>Avg. Price: 466K<br>Sales Volume: 85
2024,SN10 5,348000,117,South West,SN10 5<br>Avg. Price: 348K<br>Sales Volume: 117
2024,SN11 0,328000,142,South West,SN11 0<br>Avg. Price: 328K<br>Sales Volume: 142
2024,SN11 8,305000,174,South West,SN11 8<br>Avg. Price: 305K<br>Sales Volume: 174
2024,SN11 9,291000,120,South West,SN11 9<br>Avg. Price: 291K<br>Sales Volume: 120
2024,SN12 6,313000,175,South West,SN12 6<br>Avg. Price: 313K<br>Sales Volume: 175
2024,SN12 7,281000,192,South West,SN12 7<br>Avg. Price: 281K<br>Sales Volume: 192
2024,SN12 8,371000,85,South West,SN12 8<br>Avg. Price: 371K<br>Sales Volume: 85
2024,SN13 0,304000,71,South West,SN13 0<br>Avg. Price: 304K<br>Sales Volume: 71
2024,SN13 8,590000,35,South West,SN13 8<br>Avg. Price: 590K<br>Sales Volume: 35
2024,SN13 9,362000,169,South West,SN13 9<br>Avg. Price: 362K<br>Sales Volume: 169
2024,SN14 0,311000,236,South West,SN14 0<br>Avg. Price: 311K<br>Sales Volume: 236
2024,SN14 6,472000,92,South West,SN14 6<br>Avg. Price: 472K<br>Sales Volume: 92
2024,SN14 7,540000,35,South West,SN14 7<br>Avg. Price: 540K<br>Sales Volume: 35
2024,SN14 8,539000,60,South West,SN14 8<br>Avg. Price: 539K<br>Sales Volume: 60
2024,SN15 1,321000,166,South West,SN15 1<br>Avg. Price: 321K<br>Sales Volume: 166
2024,SN15 2,428000,122,South West,SN15 2<br>Avg. Price: 428K<br>Sales Volume: 122
2024,SN15 3,270000,213,South West,SN15 3<br>Avg. Price: 270K<br>Sales Volume: 213
2024,SN15 4,449000,100,South West,SN15 4<br>Avg. Price: 449K<br>Sales Volume: 100
2024,SN15 5,607000,56,South West,SN15 5<br>Avg. Price: 607K<br>Sales Volume: 56
2024,SN16 0,457000,168,South West,SN16 0<br>Avg. Price: 457K<br>Sales Volume: 168
2024,SN16 9,483000,132,South West,SN16 9<br>Avg. Price: 483K<br>Sales Volume: 132
2024,SN2 1,229000,166,South West,SN2 1<br>Avg. Price: 229K<br>Sales Volume: 166
2024,SN2 2,218000,209,South West,SN2 2<br>Avg. Price: 218K<br>Sales Volume: 209
2024,SN2 5,196000,21,South West,SN2 5<br>Avg. Price: 196K<br>Sales Volume: 21
2024,SN2 7,268000,130,South West,SN2 7<br>Avg. Price: 268K<br>Sales Volume: 130
2024,SN2 8,218000,28,South West,SN2 8<br>Avg. Price: 218K<br>Sales Volume: 28
2024,SN25 1,260000,172,South West,SN25 1<br>Avg. Price: 260K<br>Sales Volume: 172
2024,SN25 2,283000,297,South West,SN25 2<br>Avg. Price: 283K<br>Sales Volume: 297
2024,SN25 3,293000,110,South West,SN25 3<br>Avg. Price: 293K<br>Sales Volume: 110
2024,SN25 4,320000,144,South West,SN25 4<br>Avg. Price: 320K<br>Sales Volume: 144
2024,SN25 5,275000,1,South West,SN25 5<br>Avg. Price: 275K<br>Sales Volume: 1
2024,SN26 7,450000,42,South West,SN26 7<br>Avg. Price: 450K<br>Sales Volume: 42
2024,SN26 8,424000,21,South West,SN26 8<br>Avg. Price: 424K<br>Sales Volume: 21
2024,SN3 0,386000,68,South West,SN3 0<br>Avg. Price: 386K<br>Sales Volume: 68
2024,SN3 1,330000,152,South West,SN3 1<br>Avg. Price: 330K<br>Sales Volume: 152
2024,SN3 2,214000,82,South West,SN3 2<br>Avg. Price: 214K<br>Sales Volume: 82
2024,SN3 3,263000,115,South West,SN3 3<br>Avg. Price: 263K<br>Sales Volume: 115
2024,SN3 4,308000,265,South West,SN3 4<br>Avg. Price: 308K<br>Sales Volume: 265
2024,SN3 5,298000,88,South West,SN3 5<br>Avg. Price: 298K<br>Sales Volume: 88
2024,SN3 6,322000,186,South West,SN3 6<br>Avg. Price: 322K<br>Sales Volume: 186
2024,SN4 0,460000,121,South West,SN4 0<br>Avg. Price: 460K<br>Sales Volume: 121
2024,SN4 7,314000,109,South West,SN4 7<br>Avg. Price: 314K<br>Sales Volume: 109
2024,SN4 8,312000,116,South West,SN4 8<br>Avg. Price: 312K<br>Sales Volume: 116
2024,SN4 9,368000,99,South West,SN4 9<br>Avg. Price: 368K<br>Sales Volume: 99
2024,SN5 3,511000,15,South West,SN5 3<br>Avg. Price: 511K<br>Sales Volume: 15
2024,SN5 4,340000,97,South West,SN5 4<br>Avg. Price: 340K<br>Sales Volume: 97
2024,SN5 5,308000,149,South West,SN5 5<br>Avg. Price: 308K<br>Sales Volume: 149
2024,SN5 6,291000,77,South West,SN5 6<br>Avg. Price: 291K<br>Sales Volume: 77
2024,SN5 7,252000,60,South West,SN5 7<br>Avg. Price: 252K<br>Sales Volume: 60
2024,SN5 8,252000,130,South West,SN5 8<br>Avg. Price: 252K<br>Sales Volume: 130
2024,SN6 6,435000,100,South West,SN6 6<br>Avg. Price: 435K<br>Sales Volume: 100
2024,SN6 7,318000,123,South West,SN6 7<br>Avg. Price: 318K<br>Sales Volume: 123
2024,SN6 8,423000,122,South West,SN6 8<br>Avg. Price: 423K<br>Sales Volume: 122
2024,SN7 7,363000,222,South West,SN7 7<br>Avg. Price: 363K<br>Sales Volume: 222
2024,SN7 8,417000,94,South West,SN7 8<br>Avg. Price: 417K<br>Sales Volume: 94
2024,SN8 1,495000,78,South West,SN8 1<br>Avg. Price: 495K<br>Sales Volume: 78
2024,SN8 2,606000,64,South West,SN8 2<br>Avg. Price: 606K<br>Sales Volume: 64
2024,SN8 3,653000,79,South West,SN8 3<br>Avg. Price: 653K<br>Sales Volume: 79
2024,SN8 4,412000,60,South West,SN8 4<br>Avg. Price: 412K<br>Sales Volume: 60
2024,SN9 5,426000,68,South West,SN9 5<br>Avg. Price: 426K<br>Sales Volume: 68
2024,SN9 6,429000,27,South West,SN9 6<br>Avg. Price: 429K<br>Sales Volume: 27
2024,SO14 0,208000,56,South East,SO14 0<br>Avg. Price: 208K<br>Sales Volume: 56
2024,SO14 1,156000,7,South East,SO14 1<br>Avg. Price: 156K<br>Sales Volume: 7
2024,SO14 2,249000,18,South East,SO14 2<br>Avg. Price: 249K<br>Sales Volume: 18
2024,SO14 3,257000,118,South East,SO14 3<br>Avg. Price: 257K<br>Sales Volume: 118
2024,SO14 5,167000,28,South East,SO14 5<br>Avg. Price: 167K<br>Sales Volume: 28
2024,SO14 6,266000,53,South East,SO14 6<br>Avg. Price: 266K<br>Sales Volume: 53
2024,SO14 7,187000,7,South East,SO14 7<br>Avg. Price: 187K<br>Sales Volume: 7
2024,SO15 0,211000,21,South East,SO15 0<br>Avg. Price: 211K<br>Sales Volume: 21
2024,SO15 1,187000,43,South East,SO15 1<br>Avg. Price: 187K<br>Sales Volume: 43
2024,SO15 2,233000,175,South East,SO15 2<br>Avg. Price: 233K<br>Sales Volume: 175
2024,SO15 3,215000,100,South East,SO15 3<br>Avg. Price: 215K<br>Sales Volume: 100
2024,SO15 4,323000,46,South East,SO15 4<br>Avg. Price: 323K<br>Sales Volume: 46
2024,SO15 5,303000,157,South East,SO15 5<br>Avg. Price: 303K<br>Sales Volume: 157
2024,SO15 7,420000,36,South East,SO15 7<br>Avg. Price: 420K<br>Sales Volume: 36
2024,SO15 8,248000,53,South East,SO15 8<br>Avg. Price: 248K<br>Sales Volume: 53
2024,SO16 0,399000,36,South East,SO16 0<br>Avg. Price: 399K<br>Sales Volume: 36
2024,SO16 2,300000,13,South East,SO16 2<br>Avg. Price: 300K<br>Sales Volume: 13
2024,SO16 3,339000,96,South East,SO16 3<br>Avg. Price: 339K<br>Sales Volume: 96
2024,SO16 4,218000,92,South East,SO16 4<br>Avg. Price: 218K<br>Sales Volume: 92
2024,SO16 5,244000,81,South East,SO16 5<br>Avg. Price: 244K<br>Sales Volume: 81
2024,SO16 6,251000,76,South East,SO16 6<br>Avg. Price: 251K<br>Sales Volume: 76
2024,SO16 7,513000,98,South East,SO16 7<br>Avg. Price: 513K<br>Sales Volume: 98
2024,SO16 8,353000,159,South East,SO16 8<br>Avg. Price: 353K<br>Sales Volume: 159
2024,SO16 9,237000,94,South East,SO16 9<br>Avg. Price: 237K<br>Sales Volume: 94
2024,SO17 1,389000,76,South East,SO17 1<br>Avg. Price: 389K<br>Sales Volume: 76
2024,SO17 2,215000,81,South East,SO17 2<br>Avg. Price: 215K<br>Sales Volume: 81
2024,SO17 3,292000,33,South East,SO17 3<br>Avg. Price: 292K<br>Sales Volume: 33
2024,SO18 1,257000,160,South East,SO18 1<br>Avg. Price: 257K<br>Sales Volume: 160
2024,SO18 2,259000,112,South East,SO18 2<br>Avg. Price: 259K<br>Sales Volume: 112
2024,SO18 3,285000,80,South East,SO18 3<br>Avg. Price: 285K<br>Sales Volume: 80
2024,SO18 4,248000,63,South East,SO18 4<br>Avg. Price: 248K<br>Sales Volume: 63
2024,SO18 5,264000,93,South East,SO18 5<br>Avg. Price: 264K<br>Sales Volume: 93
2024,SO18 6,235000,48,South East,SO18 6<br>Avg. Price: 235K<br>Sales Volume: 48
2024,SO19 0,248000,32,South East,SO19 0<br>Avg. Price: 248K<br>Sales Volume: 32
2024,SO19 1,254000,50,South East,SO19 1<br>Avg. Price: 254K<br>Sales Volume: 50
2024,SO19 2,259000,109,South East,SO19 2<br>Avg. Price: 259K<br>Sales Volume: 109
2024,SO19 4,335000,14,South East,SO19 4<br>Avg. Price: 335K<br>Sales Volume: 14
2024,SO19 5,306000,26,South East,SO19 5<br>Avg. Price: 306K<br>Sales Volume: 26
2024,SO19 6,251000,77,South East,SO19 6<br>Avg. Price: 251K<br>Sales Volume: 77
2024,SO19 7,275000,115,South East,SO19 7<br>Avg. Price: 275K<br>Sales Volume: 115
2024,SO19 8,260000,142,South East,SO19 8<br>Avg. Price: 260K<br>Sales Volume: 142
2024,SO19 9,239000,216,South East,SO19 9<br>Avg. Price: 239K<br>Sales Volume: 216
2024,SO20 6,701000,66,South East,SO20 6<br>Avg. Price: 701K<br>Sales Volume: 66
2024,SO20 8,825000,29,South East,SO20 8<br>Avg. Price: 825K<br>Sales Volume: 29
2024,SO21 1,655000,82,South East,SO21 1<br>Avg. Price: 655K<br>Sales Volume: 82
2024,SO21 2,923000,64,South East,SO21 2<br>Avg. Price: 923K<br>Sales Volume: 64
2024,SO21 3,568000,63,South East,SO21 3<br>Avg. Price: 568K<br>Sales Volume: 63
2024,SO22 4,531000,143,South East,SO22 4<br>Avg. Price: 531K<br>Sales Volume: 143
2024,SO22 5,783000,166,South East,SO22 5<br>Avg. Price: 783K<br>Sales Volume: 166
2024,SO22 6,668000,226,South East,SO22 6<br>Avg. Price: 668K<br>Sales Volume: 226
2024,SO23 0,477000,66,South East,SO23 0<br>Avg. Price: 477K<br>Sales Volume: 66
2024,SO23 7,549000,152,South East,SO23 7<br>Avg. Price: 549K<br>Sales Volume: 152
2024,SO23 8,456000,55,South East,SO23 8<br>Avg. Price: 456K<br>Sales Volume: 55
2024,SO23 9,697000,71,South East,SO23 9<br>Avg. Price: 697K<br>Sales Volume: 71
2024,SO24 0,827000,40,South East,SO24 0<br>Avg. Price: 827K<br>Sales Volume: 40
2024,SO24 9,668000,110,South East,SO24 9<br>Avg. Price: 668K<br>Sales Volume: 110
2024,SO30 0,357000,130,South East,SO30 0<br>Avg. Price: 357K<br>Sales Volume: 130
2024,SO30 2,355000,290,South East,SO30 2<br>Avg. Price: 355K<br>Sales Volume: 290
2024,SO30 3,336000,100,South East,SO30 3<br>Avg. Price: 336K<br>Sales Volume: 100
2024,SO30 4,347000,88,South East,SO30 4<br>Avg. Price: 347K<br>Sales Volume: 88
2024,SO31 1,384000,44,South East,SO31 1<br>Avg. Price: 384K<br>Sales Volume: 44
2024,SO31 4,400000,87,South East,SO31 4<br>Avg. Price: 400K<br>Sales Volume: 87
2024,SO31 5,351000,103,South East,SO31 5<br>Avg. Price: 351K<br>Sales Volume: 103
2024,SO31 6,388000,175,South East,SO31 6<br>Avg. Price: 388K<br>Sales Volume: 175
2024,SO31 7,448000,122,South East,SO31 7<br>Avg. Price: 448K<br>Sales Volume: 122
2024,SO31 8,346000,134,South East,SO31 8<br>Avg. Price: 346K<br>Sales Volume: 134
2024,SO31 9,511000,149,South East,SO31 9<br>Avg. Price: 511K<br>Sales Volume: 149
2024,SO32 1,463000,105,South East,SO32 1<br>Avg. Price: 463K<br>Sales Volume: 105
2024,SO32 2,482000,327,South East,SO32 2<br>Avg. Price: 482K<br>Sales Volume: 327
2024,SO32 3,669000,31,South East,SO32 3<br>Avg. Price: 669K<br>Sales Volume: 31
2024,SO40 2,395000,115,South East,SO40 2<br>Avg. Price: 395K<br>Sales Volume: 115
2024,SO40 3,314000,125,South East,SO40 3<br>Avg. Price: 314K<br>Sales Volume: 125
2024,SO40 4,338000,99,South East,SO40 4<br>Avg. Price: 338K<br>Sales Volume: 99
2024,SO40 7,468000,101,South East,SO40 7<br>Avg. Price: 468K<br>Sales Volume: 101
2024,SO40 8,319000,153,South East,SO40 8<br>Avg. Price: 319K<br>Sales Volume: 153
2024,SO40 9,307000,69,South East,SO40 9<br>Avg. Price: 307K<br>Sales Volume: 69
2024,SO41 0,600000,162,South East,SO41 0<br>Avg. Price: 600K<br>Sales Volume: 162
2024,SO41 3,834000,56,South East,SO41 3<br>Avg. Price: 834K<br>Sales Volume: 56
2024,SO41 5,1378000,11,South East,"SO41 5<br>Avg. Price: 1,378K<br>Sales Volume: 11"
2024,SO41 6,827000,48,South East,SO41 6<br>Avg. Price: 827K<br>Sales Volume: 48
2024,SO41 8,564000,109,South East,SO41 8<br>Avg. Price: 564K<br>Sales Volume: 109
2024,SO41 9,441000,133,South East,SO41 9<br>Avg. Price: 441K<br>Sales Volume: 133
2024,SO42 7,829000,59,South East,SO42 7<br>Avg. Price: 829K<br>Sales Volume: 59
2024,SO43 7,709000,65,South East,SO43 7<br>Avg. Price: 709K<br>Sales Volume: 65
2024,SO45 1,396000,82,South East,SO45 1<br>Avg. Price: 396K<br>Sales Volume: 82
2024,SO45 2,325000,93,South East,SO45 2<br>Avg. Price: 325K<br>Sales Volume: 93
2024,SO45 3,324000,47,South East,SO45 3<br>Avg. Price: 324K<br>Sales Volume: 47
2024,SO45 4,422000,68,South East,SO45 4<br>Avg. Price: 422K<br>Sales Volume: 68
2024,SO45 5,330000,107,South East,SO45 5<br>Avg. Price: 330K<br>Sales Volume: 107
2024,SO45 6,350000,48,South East,SO45 6<br>Avg. Price: 350K<br>Sales Volume: 48
2024,SO50 4,308000,113,South East,SO50 4<br>Avg. Price: 308K<br>Sales Volume: 113
2024,SO50 5,253000,141,South East,SO50 5<br>Avg. Price: 253K<br>Sales Volume: 141
2024,SO50 6,364000,82,South East,SO50 6<br>Avg. Price: 364K<br>Sales Volume: 82
2024,SO50 7,388000,153,South East,SO50 7<br>Avg. Price: 388K<br>Sales Volume: 153
2024,SO50 8,345000,98,South East,SO50 8<br>Avg. Price: 345K<br>Sales Volume: 98
2024,SO50 9,335000,165,South East,SO50 9<br>Avg. Price: 335K<br>Sales Volume: 165
2024,SO51 0,547000,129,South East,SO51 0<br>Avg. Price: 547K<br>Sales Volume: 129
2024,SO51 5,410000,73,South East,SO51 5<br>Avg. Price: 410K<br>Sales Volume: 73
2024,SO51 6,665000,40,South East,SO51 6<br>Avg. Price: 665K<br>Sales Volume: 40
2024,SO51 7,411000,119,South East,SO51 7<br>Avg. Price: 411K<br>Sales Volume: 119
2024,SO51 8,377000,97,South East,SO51 8<br>Avg. Price: 377K<br>Sales Volume: 97
2024,SO51 9,1222000,12,South East,"SO51 9<br>Avg. Price: 1,222K<br>Sales Volume: 12"
2024,SO52 9,403000,125,South East,SO52 9<br>Avg. Price: 403K<br>Sales Volume: 125
2024,SO53 1,498000,73,South East,SO53 1<br>Avg. Price: 498K<br>Sales Volume: 73
2024,SO53 2,372000,146,South East,SO53 2<br>Avg. Price: 372K<br>Sales Volume: 146
2024,SO53 3,374000,68,South East,SO53 3<br>Avg. Price: 374K<br>Sales Volume: 68
2024,SO53 4,457000,97,South East,SO53 4<br>Avg. Price: 457K<br>Sales Volume: 97
2024,SO53 5,542000,73,South East,SO53 5<br>Avg. Price: 542K<br>Sales Volume: 73
2024,SP1 1,328000,95,South West,SP1 1<br>Avg. Price: 328K<br>Sales Volume: 95
2024,SP1 2,333000,73,South West,SP1 2<br>Avg. Price: 333K<br>Sales Volume: 73
2024,SP1 3,347000,254,South West,SP1 3<br>Avg. Price: 347K<br>Sales Volume: 254
2024,SP10 1,248000,56,South West,SP10 1<br>Avg. Price: 248K<br>Sales Volume: 56
2024,SP10 2,299000,137,South West,SP10 2<br>Avg. Price: 299K<br>Sales Volume: 137
2024,SP10 3,306000,179,South West,SP10 3<br>Avg. Price: 306K<br>Sales Volume: 179
2024,SP10 4,326000,85,South West,SP10 4<br>Avg. Price: 326K<br>Sales Volume: 85
2024,SP10 5,243000,55,South West,SP10 5<br>Avg. Price: 243K<br>Sales Volume: 55
2024,SP11 0,875000,36,South West,SP11 0<br>Avg. Price: 875K<br>Sales Volume: 36
2024,SP11 6,339000,269,South West,SP11 6<br>Avg. Price: 339K<br>Sales Volume: 269
2024,SP11 7,604000,58,South West,SP11 7<br>Avg. Price: 604K<br>Sales Volume: 58
2024,SP11 8,534000,41,South West,SP11 8<br>Avg. Price: 534K<br>Sales Volume: 41
2024,SP11 9,309000,136,South West,SP11 9<br>Avg. Price: 309K<br>Sales Volume: 136
2024,SP2 0,331000,98,South West,SP2 0<br>Avg. Price: 331K<br>Sales Volume: 98
2024,SP2 7,269000,162,South West,SP2 7<br>Avg. Price: 269K<br>Sales Volume: 162
2024,SP2 8,425000,127,South West,SP2 8<br>Avg. Price: 425K<br>Sales Volume: 127
2024,SP2 9,313000,152,South West,SP2 9<br>Avg. Price: 313K<br>Sales Volume: 152
2024,SP3 4,428000,50,South West,SP3 4<br>Avg. Price: 428K<br>Sales Volume: 50
2024,SP3 5,681000,35,South West,SP3 5<br>Avg. Price: 681K<br>Sales Volume: 35
2024,SP3 6,534000,56,South West,SP3 6<br>Avg. Price: 534K<br>Sales Volume: 56
2024,SP4 0,458000,47,South West,SP4 0<br>Avg. Price: 458K<br>Sales Volume: 47
2024,SP4 6,398000,110,South West,SP4 6<br>Avg. Price: 398K<br>Sales Volume: 110
2024,SP4 7,305000,231,South West,SP4 7<br>Avg. Price: 305K<br>Sales Volume: 231
2024,SP4 8,311000,64,South West,SP4 8<br>Avg. Price: 311K<br>Sales Volume: 64
2024,SP4 9,309000,32,South West,SP4 9<br>Avg. Price: 309K<br>Sales Volume: 32
2024,SP5 1,581000,48,South West,SP5 1<br>Avg. Price: 581K<br>Sales Volume: 48
2024,SP5 2,666000,53,South West,SP5 2<br>Avg. Price: 666K<br>Sales Volume: 53
2024,SP5 3,429000,91,South West,SP5 3<br>Avg. Price: 429K<br>Sales Volume: 91
2024,SP5 4,557000,13,South West,SP5 4<br>Avg. Price: 557K<br>Sales Volume: 13
2024,SP5 5,594000,27,South West,SP5 5<br>Avg. Price: 594K<br>Sales Volume: 27
2024,SP6 1,401000,132,South West,SP6 1<br>Avg. Price: 401K<br>Sales Volume: 132
2024,SP6 2,681000,33,South West,SP6 2<br>Avg. Price: 681K<br>Sales Volume: 33
2024,SP6 3,473000,58,South West,SP6 3<br>Avg. Price: 473K<br>Sales Volume: 58
2024,SP7 0,616000,34,South West,SP7 0<br>Avg. Price: 616K<br>Sales Volume: 34
2024,SP7 8,321000,247,South West,SP7 8<br>Avg. Price: 321K<br>Sales Volume: 247
2024,SP7 9,505000,52,South West,SP7 9<br>Avg. Price: 505K<br>Sales Volume: 52
2024,SP8 4,265000,232,South West,SP8 4<br>Avg. Price: 265K<br>Sales Volume: 232
2024,SP8 5,489000,60,South West,SP8 5<br>Avg. Price: 489K<br>Sales Volume: 60
2024,SP9 7,260000,77,South West,SP9 7<br>Avg. Price: 260K<br>Sales Volume: 77
2024,SR1 1,55000,39,North England,SR1 1<br>Avg. Price: 55K<br>Sales Volume: 39
2024,SR1 2,93000,16,North England,SR1 2<br>Avg. Price: 93K<br>Sales Volume: 16
2024,SR1 3,89000,18,North England,SR1 3<br>Avg. Price: 89K<br>Sales Volume: 18
2024,SR2 0,177000,229,North England,SR2 0<br>Avg. Price: 177K<br>Sales Volume: 229
2024,SR2 7,164000,176,North England,SR2 7<br>Avg. Price: 164K<br>Sales Volume: 176
2024,SR2 8,83000,149,North England,SR2 8<br>Avg. Price: 83K<br>Sales Volume: 149
2024,SR2 9,174000,104,North England,SR2 9<br>Avg. Price: 174K<br>Sales Volume: 104
2024,SR3 1,190000,188,North England,SR3 1<br>Avg. Price: 190K<br>Sales Volume: 188
2024,SR3 2,239000,217,North England,SR3 2<br>Avg. Price: 239K<br>Sales Volume: 217
2024,SR3 3,156000,114,North England,SR3 3<br>Avg. Price: 156K<br>Sales Volume: 114
2024,SR3 4,108000,59,North England,SR3 4<br>Avg. Price: 108K<br>Sales Volume: 59
2024,SR4 0,134000,92,North England,SR4 0<br>Avg. Price: 134K<br>Sales Volume: 92
2024,SR4 6,83000,163,North England,SR4 6<br>Avg. Price: 83K<br>Sales Volume: 163
2024,SR4 7,117000,233,North England,SR4 7<br>Avg. Price: 117K<br>Sales Volume: 233
2024,SR4 8,140000,112,North England,SR4 8<br>Avg. Price: 140K<br>Sales Volume: 112
2024,SR4 9,157000,74,North England,SR4 9<br>Avg. Price: 157K<br>Sales Volume: 74
2024,SR5 1,165000,70,North England,SR5 1<br>Avg. Price: 165K<br>Sales Volume: 70
2024,SR5 2,71000,69,North England,SR5 2<br>Avg. Price: 71K<br>Sales Volume: 69
2024,SR5 3,123000,86,North England,SR5 3<br>Avg. Price: 123K<br>Sales Volume: 86
2024,SR5 4,88000,68,North England,SR5 4<br>Avg. Price: 88K<br>Sales Volume: 68
2024,SR5 5,110000,57,North England,SR5 5<br>Avg. Price: 110K<br>Sales Volume: 57
2024,SR6 0,156000,80,North England,SR6 0<br>Avg. Price: 156K<br>Sales Volume: 80
2024,SR6 7,315000,170,North England,SR6 7<br>Avg. Price: 315K<br>Sales Volume: 170
2024,SR6 8,250000,105,North England,SR6 8<br>Avg. Price: 250K<br>Sales Volume: 105
2024,SR6 9,186000,162,North England,SR6 9<br>Avg. Price: 186K<br>Sales Volume: 162
2024,SR7 0,163000,95,North England,SR7 0<br>Avg. Price: 163K<br>Sales Volume: 95
2024,SR7 7,145000,199,North England,SR7 7<br>Avg. Price: 145K<br>Sales Volume: 199
2024,SR7 8,170000,118,North England,SR7 8<br>Avg. Price: 170K<br>Sales Volume: 118
2024,SR7 9,108000,116,North England,SR7 9<br>Avg. Price: 108K<br>Sales Volume: 116
2024,SR8 1,169000,62,North England,SR8 1<br>Avg. Price: 169K<br>Sales Volume: 62
2024,SR8 2,103000,107,North England,SR8 2<br>Avg. Price: 103K<br>Sales Volume: 107
2024,SR8 3,78000,273,North England,SR8 3<br>Avg. Price: 78K<br>Sales Volume: 273
2024,SR8 4,54000,247,North England,SR8 4<br>Avg. Price: 54K<br>Sales Volume: 247
2024,SR8 5,88000,136,North England,SR8 5<br>Avg. Price: 88K<br>Sales Volume: 136
2024,SS0 0,369000,117,South East,SS0 0<br>Avg. Price: 369K<br>Sales Volume: 117
2024,SS0 7,276000,196,South East,SS0 7<br>Avg. Price: 276K<br>Sales Volume: 196
2024,SS0 8,409000,131,South East,SS0 8<br>Avg. Price: 409K<br>Sales Volume: 131
2024,SS0 9,275000,237,South East,SS0 9<br>Avg. Price: 275K<br>Sales Volume: 237
2024,SS1 1,266000,53,South East,SS1 1<br>Avg. Price: 266K<br>Sales Volume: 53
2024,SS1 2,256000,206,South East,SS1 2<br>Avg. Price: 256K<br>Sales Volume: 206
2024,SS1 3,556000,156,South East,SS1 3<br>Avg. Price: 556K<br>Sales Volume: 156
2024,SS11 7,437000,150,South East,SS11 7<br>Avg. Price: 437K<br>Sales Volume: 150
2024,SS11 8,377000,162,South East,SS11 8<br>Avg. Price: 377K<br>Sales Volume: 162
2024,SS12 0,424000,101,South East,SS12 0<br>Avg. Price: 424K<br>Sales Volume: 101
2024,SS12 9,358000,164,South East,SS12 9<br>Avg. Price: 358K<br>Sales Volume: 164
2024,SS13 1,268000,117,South East,SS13 1<br>Avg. Price: 268K<br>Sales Volume: 117
2024,SS13 2,389000,53,South East,SS13 2<br>Avg. Price: 389K<br>Sales Volume: 53
2024,SS13 3,280000,70,South East,SS13 3<br>Avg. Price: 280K<br>Sales Volume: 70
2024,SS14 1,291000,114,South East,SS14 1<br>Avg. Price: 291K<br>Sales Volume: 114
2024,SS14 2,298000,166,South East,SS14 2<br>Avg. Price: 298K<br>Sales Volume: 166
2024,SS14 3,336000,83,South East,SS14 3<br>Avg. Price: 336K<br>Sales Volume: 83
2024,SS15 4,366000,89,South East,SS15 4<br>Avg. Price: 366K<br>Sales Volume: 89
2024,SS15 5,297000,198,South East,SS15 5<br>Avg. Price: 297K<br>Sales Volume: 198
2024,SS15 6,342000,140,South East,SS15 6<br>Avg. Price: 342K<br>Sales Volume: 140
2024,SS16 4,271000,116,South East,SS16 4<br>Avg. Price: 271K<br>Sales Volume: 116
2024,SS16 5,404000,197,South East,SS16 5<br>Avg. Price: 404K<br>Sales Volume: 197
2024,SS16 6,430000,99,South East,SS16 6<br>Avg. Price: 430K<br>Sales Volume: 99
2024,SS17 0,332000,130,South East,SS17 0<br>Avg. Price: 332K<br>Sales Volume: 130
2024,SS17 7,357000,154,South East,SS17 7<br>Avg. Price: 357K<br>Sales Volume: 154
2024,SS17 8,436000,115,South East,SS17 8<br>Avg. Price: 436K<br>Sales Volume: 115
2024,SS17 9,444000,92,South East,SS17 9<br>Avg. Price: 444K<br>Sales Volume: 92
2024,SS2 4,309000,196,South East,SS2 4<br>Avg. Price: 309K<br>Sales Volume: 196
2024,SS2 5,248000,120,South East,SS2 5<br>Avg. Price: 248K<br>Sales Volume: 120
2024,SS2 6,287000,223,South East,SS2 6<br>Avg. Price: 287K<br>Sales Volume: 223
2024,SS3 0,366000,108,South East,SS3 0<br>Avg. Price: 366K<br>Sales Volume: 108
2024,SS3 8,391000,81,South East,SS3 8<br>Avg. Price: 391K<br>Sales Volume: 81
2024,SS3 9,363000,194,South East,SS3 9<br>Avg. Price: 363K<br>Sales Volume: 194
2024,SS4 1,377000,263,South East,SS4 1<br>Avg. Price: 377K<br>Sales Volume: 263
2024,SS4 2,361000,9,South East,SS4 2<br>Avg. Price: 361K<br>Sales Volume: 9
2024,SS4 3,380000,124,South East,SS4 3<br>Avg. Price: 380K<br>Sales Volume: 124
2024,SS5 4,468000,143,South East,SS5 4<br>Avg. Price: 468K<br>Sales Volume: 143
2024,SS5 5,464000,89,South East,SS5 5<br>Avg. Price: 464K<br>Sales Volume: 89
2024,SS5 6,430000,150,South East,SS5 6<br>Avg. Price: 430K<br>Sales Volume: 150
2024,SS6 7,421000,132,South East,SS6 7<br>Avg. Price: 421K<br>Sales Volume: 132
2024,SS6 8,429000,183,South East,SS6 8<br>Avg. Price: 429K<br>Sales Volume: 183
2024,SS6 9,445000,252,South East,SS6 9<br>Avg. Price: 445K<br>Sales Volume: 252
2024,SS7 1,472000,142,South East,SS7 1<br>Avg. Price: 472K<br>Sales Volume: 142
2024,SS7 2,435000,156,South East,SS7 2<br>Avg. Price: 435K<br>Sales Volume: 156
2024,SS7 3,380000,170,South East,SS7 3<br>Avg. Price: 380K<br>Sales Volume: 170
2024,SS7 4,361000,115,South East,SS7 4<br>Avg. Price: 361K<br>Sales Volume: 115
2024,SS7 5,397000,183,South East,SS7 5<br>Avg. Price: 397K<br>Sales Volume: 183
2024,SS8 0,350000,92,South East,SS8 0<br>Avg. Price: 350K<br>Sales Volume: 92
2024,SS8 7,335000,131,South East,SS8 7<br>Avg. Price: 335K<br>Sales Volume: 131
2024,SS8 8,313000,128,South East,SS8 8<br>Avg. Price: 313K<br>Sales Volume: 128
2024,SS8 9,310000,196,South East,SS8 9<br>Avg. Price: 310K<br>Sales Volume: 196
2024,SS9 1,441000,184,South East,SS9 1<br>Avg. Price: 441K<br>Sales Volume: 184
2024,SS9 2,504000,150,South East,SS9 2<br>Avg. Price: 504K<br>Sales Volume: 150
2024,SS9 3,492000,169,South East,SS9 3<br>Avg. Price: 492K<br>Sales Volume: 169
2024,SS9 4,361000,140,South East,SS9 4<br>Avg. Price: 361K<br>Sales Volume: 140
2024,SS9 5,396000,180,South East,SS9 5<br>Avg. Price: 396K<br>Sales Volume: 180
2024,ST1 1,294000,2,Midlands,ST1 1<br>Avg. Price: 294K<br>Sales Volume: 2
2024,ST1 2,90000,55,Midlands,ST1 2<br>Avg. Price: 90K<br>Sales Volume: 55
2024,ST1 3,109000,133,Midlands,ST1 3<br>Avg. Price: 109K<br>Sales Volume: 133
2024,ST1 4,85000,41,Midlands,ST1 4<br>Avg. Price: 85K<br>Sales Volume: 41
2024,ST1 5,105000,64,Midlands,ST1 5<br>Avg. Price: 105K<br>Sales Volume: 64
2024,ST1 6,146000,206,Midlands,ST1 6<br>Avg. Price: 146K<br>Sales Volume: 206
2024,ST10 1,224000,216,Midlands,ST10 1<br>Avg. Price: 224K<br>Sales Volume: 216
2024,ST10 2,259000,47,Midlands,ST10 2<br>Avg. Price: 259K<br>Sales Volume: 47
2024,ST10 3,296000,16,Midlands,ST10 3<br>Avg. Price: 296K<br>Sales Volume: 16
2024,ST10 4,313000,109,Midlands,ST10 4<br>Avg. Price: 313K<br>Sales Volume: 109
2024,ST11 9,262000,183,Midlands,ST11 9<br>Avg. Price: 262K<br>Sales Volume: 183
2024,ST12 9,365000,57,Midlands,ST12 9<br>Avg. Price: 365K<br>Sales Volume: 57
2024,ST13 5,210000,124,Midlands,ST13 5<br>Avg. Price: 210K<br>Sales Volume: 124
2024,ST13 6,178000,97,Midlands,ST13 6<br>Avg. Price: 178K<br>Sales Volume: 97
2024,ST13 7,266000,119,Midlands,ST13 7<br>Avg. Price: 266K<br>Sales Volume: 119
2024,ST13 8,251000,114,Midlands,ST13 8<br>Avg. Price: 251K<br>Sales Volume: 114
2024,ST14 5,279000,135,Midlands,ST14 5<br>Avg. Price: 279K<br>Sales Volume: 135
2024,ST14 7,225000,134,Midlands,ST14 7<br>Avg. Price: 225K<br>Sales Volume: 134
2024,ST14 8,304000,200,Midlands,ST14 8<br>Avg. Price: 304K<br>Sales Volume: 200
2024,ST15 0,282000,203,Midlands,ST15 0<br>Avg. Price: 282K<br>Sales Volume: 203
2024,ST15 8,312000,186,Midlands,ST15 8<br>Avg. Price: 312K<br>Sales Volume: 186
2024,ST16 1,277000,407,Midlands,ST16 1<br>Avg. Price: 277K<br>Sales Volume: 407
2024,ST16 2,141000,70,Midlands,ST16 2<br>Avg. Price: 141K<br>Sales Volume: 70
2024,ST16 3,188000,260,Midlands,ST16 3<br>Avg. Price: 188K<br>Sales Volume: 260
2024,ST17 0,375000,164,Midlands,ST17 0<br>Avg. Price: 375K<br>Sales Volume: 164
2024,ST17 4,228000,248,Midlands,ST17 4<br>Avg. Price: 228K<br>Sales Volume: 248
2024,ST17 9,214000,198,Midlands,ST17 9<br>Avg. Price: 214K<br>Sales Volume: 198
2024,ST18 0,343000,155,Midlands,ST18 0<br>Avg. Price: 343K<br>Sales Volume: 155
2024,ST18 9,345000,59,Midlands,ST18 9<br>Avg. Price: 345K<br>Sales Volume: 59
2024,ST19 5,292000,125,Midlands,ST19 5<br>Avg. Price: 292K<br>Sales Volume: 125
2024,ST19 9,373000,78,Midlands,ST19 9<br>Avg. Price: 373K<br>Sales Volume: 78
2024,ST2 0,118000,54,Midlands,ST2 0<br>Avg. Price: 118K<br>Sales Volume: 54
2024,ST2 7,186000,144,Midlands,ST2 7<br>Avg. Price: 186K<br>Sales Volume: 144
2024,ST2 8,149000,87,Midlands,ST2 8<br>Avg. Price: 149K<br>Sales Volume: 87
2024,ST2 9,165000,94,Midlands,ST2 9<br>Avg. Price: 165K<br>Sales Volume: 94
2024,ST20 0,295000,79,Midlands,ST20 0<br>Avg. Price: 295K<br>Sales Volume: 79
2024,ST21 6,344000,79,Midlands,ST21 6<br>Avg. Price: 344K<br>Sales Volume: 79
2024,ST3 1,143000,69,Midlands,ST3 1<br>Avg. Price: 143K<br>Sales Volume: 69
2024,ST3 2,160000,104,Midlands,ST3 2<br>Avg. Price: 160K<br>Sales Volume: 104
2024,ST3 3,150000,69,Midlands,ST3 3<br>Avg. Price: 150K<br>Sales Volume: 69
2024,ST3 4,160000,122,Midlands,ST3 4<br>Avg. Price: 160K<br>Sales Volume: 122
2024,ST3 5,166000,186,Midlands,ST3 5<br>Avg. Price: 166K<br>Sales Volume: 186
2024,ST3 6,177000,194,Midlands,ST3 6<br>Avg. Price: 177K<br>Sales Volume: 194
2024,ST3 7,238000,160,Midlands,ST3 7<br>Avg. Price: 238K<br>Sales Volume: 160
2024,ST4 1,99000,17,Midlands,ST4 1<br>Avg. Price: 99K<br>Sales Volume: 17
2024,ST4 2,114000,96,Midlands,ST4 2<br>Avg. Price: 114K<br>Sales Volume: 96
2024,ST4 3,94000,155,Midlands,ST4 3<br>Avg. Price: 94K<br>Sales Volume: 155
2024,ST4 4,107000,165,Midlands,ST4 4<br>Avg. Price: 107K<br>Sales Volume: 165
2024,ST4 5,148000,116,Midlands,ST4 5<br>Avg. Price: 148K<br>Sales Volume: 116
2024,ST4 6,171000,123,Midlands,ST4 6<br>Avg. Price: 171K<br>Sales Volume: 123
2024,ST4 7,172000,157,Midlands,ST4 7<br>Avg. Price: 172K<br>Sales Volume: 157
2024,ST4 8,281000,255,Midlands,ST4 8<br>Avg. Price: 281K<br>Sales Volume: 255
2024,ST5 0,190000,182,Midlands,ST5 0<br>Avg. Price: 190K<br>Sales Volume: 182
2024,ST5 1,138000,80,Midlands,ST5 1<br>Avg. Price: 138K<br>Sales Volume: 80
2024,ST5 2,196000,188,Midlands,ST5 2<br>Avg. Price: 196K<br>Sales Volume: 188
2024,ST5 3,273000,163,Midlands,ST5 3<br>Avg. Price: 273K<br>Sales Volume: 163
2024,ST5 4,267000,96,Midlands,ST5 4<br>Avg. Price: 267K<br>Sales Volume: 96
2024,ST5 5,437000,39,Midlands,ST5 5<br>Avg. Price: 437K<br>Sales Volume: 39
2024,ST5 6,160000,138,Midlands,ST5 6<br>Avg. Price: 160K<br>Sales Volume: 138
2024,ST5 7,154000,140,Midlands,ST5 7<br>Avg. Price: 154K<br>Sales Volume: 140
2024,ST5 8,193000,184,Midlands,ST5 8<br>Avg. Price: 193K<br>Sales Volume: 184
2024,ST5 9,188000,136,Midlands,ST5 9<br>Avg. Price: 188K<br>Sales Volume: 136
2024,ST6 1,100000,123,Midlands,ST6 1<br>Avg. Price: 100K<br>Sales Volume: 123
2024,ST6 2,124000,96,Midlands,ST6 2<br>Avg. Price: 124K<br>Sales Volume: 96
2024,ST6 3,98000,42,Midlands,ST6 3<br>Avg. Price: 98K<br>Sales Volume: 42
2024,ST6 4,105000,76,Midlands,ST6 4<br>Avg. Price: 105K<br>Sales Volume: 76
2024,ST6 5,140000,178,Midlands,ST6 5<br>Avg. Price: 140K<br>Sales Volume: 178
2024,ST6 6,128000,191,Midlands,ST6 6<br>Avg. Price: 128K<br>Sales Volume: 191
2024,ST6 7,161000,87,Midlands,ST6 7<br>Avg. Price: 161K<br>Sales Volume: 87
2024,ST6 8,187000,183,Midlands,ST6 8<br>Avg. Price: 187K<br>Sales Volume: 183
2024,ST7 1,161000,202,Midlands,ST7 1<br>Avg. Price: 161K<br>Sales Volume: 202
2024,ST7 2,273000,292,Midlands,ST7 2<br>Avg. Price: 273K<br>Sales Volume: 292
2024,ST7 3,291000,104,Midlands,ST7 3<br>Avg. Price: 291K<br>Sales Volume: 104
2024,ST7 4,195000,208,Midlands,ST7 4<br>Avg. Price: 195K<br>Sales Volume: 208
2024,ST7 8,220000,114,Midlands,ST7 8<br>Avg. Price: 220K<br>Sales Volume: 114
2024,ST8 6,186000,162,Midlands,ST8 6<br>Avg. Price: 186K<br>Sales Volume: 162
2024,ST8 7,258000,135,Midlands,ST8 7<br>Avg. Price: 258K<br>Sales Volume: 135
2024,ST9 0,224000,87,Midlands,ST9 0<br>Avg. Price: 224K<br>Sales Volume: 87
2024,ST9 9,359000,80,Midlands,ST9 9<br>Avg. Price: 359K<br>Sales Volume: 80
2024,SW10 0,1764000,123,Greater London,"SW10 0<br>Avg. Price: 1,764K<br>Sales Volume: 123"
2024,SW10 9,1733000,161,Greater London,"SW10 9<br>Avg. Price: 1,733K<br>Sales Volume: 161"
2024,SW11 1,879000,168,Greater London,SW11 1<br>Avg. Price: 879K<br>Sales Volume: 168
2024,SW11 2,651000,159,Greater London,SW11 2<br>Avg. Price: 651K<br>Sales Volume: 159
2024,SW11 3,676000,248,Greater London,SW11 3<br>Avg. Price: 676K<br>Sales Volume: 248
2024,SW11 4,1235000,269,Greater London,"SW11 4<br>Avg. Price: 1,235K<br>Sales Volume: 269"
2024,SW11 5,753000,228,Greater London,SW11 5<br>Avg. Price: 753K<br>Sales Volume: 228
2024,SW11 6,1481000,155,Greater London,"SW11 6<br>Avg. Price: 1,481K<br>Sales Volume: 155"
2024,SW11 7,926000,78,Greater London,SW11 7<br>Avg. Price: 926K<br>Sales Volume: 78
2024,SW11 8,1304000,250,Greater London,"SW11 8<br>Avg. Price: 1,304K<br>Sales Volume: 250"
2024,SW12 0,772000,163,Greater London,SW12 0<br>Avg. Price: 772K<br>Sales Volume: 163
2024,SW12 8,995000,252,Greater London,SW12 8<br>Avg. Price: 995K<br>Sales Volume: 252
2024,SW12 9,759000,207,Greater London,SW12 9<br>Avg. Price: 759K<br>Sales Volume: 207
2024,SW13 0,1425000,127,Greater London,"SW13 0<br>Avg. Price: 1,425K<br>Sales Volume: 127"
2024,SW13 8,1206000,40,Greater London,"SW13 8<br>Avg. Price: 1,206K<br>Sales Volume: 40"
2024,SW13 9,1811000,89,Greater London,"SW13 9<br>Avg. Price: 1,811K<br>Sales Volume: 89"
2024,SW14 7,1148000,102,Greater London,"SW14 7<br>Avg. Price: 1,148K<br>Sales Volume: 102"
2024,SW14 8,951000,165,Greater London,SW14 8<br>Avg. Price: 951K<br>Sales Volume: 165
2024,SW15 1,926000,167,Greater London,SW15 1<br>Avg. Price: 926K<br>Sales Volume: 167
2024,SW15 2,738000,231,Greater London,SW15 2<br>Avg. Price: 738K<br>Sales Volume: 231
2024,SW15 3,664000,166,Greater London,SW15 3<br>Avg. Price: 664K<br>Sales Volume: 166
2024,SW15 4,353000,43,Greater London,SW15 4<br>Avg. Price: 353K<br>Sales Volume: 43
2024,SW15 5,783000,99,Greater London,SW15 5<br>Avg. Price: 783K<br>Sales Volume: 99
2024,SW15 6,875000,156,Greater London,SW15 6<br>Avg. Price: 875K<br>Sales Volume: 156
2024,SW16 1,663000,144,Greater London,SW16 1<br>Avg. Price: 663K<br>Sales Volume: 144
2024,SW16 2,514000,250,Greater London,SW16 2<br>Avg. Price: 514K<br>Sales Volume: 250
2024,SW16 3,680000,111,Greater London,SW16 3<br>Avg. Price: 680K<br>Sales Volume: 111
2024,SW16 4,451000,114,Greater London,SW16 4<br>Avg. Price: 451K<br>Sales Volume: 114
2024,SW16 5,549000,256,Greater London,SW16 5<br>Avg. Price: 549K<br>Sales Volume: 256
2024,SW16 6,558000,222,Greater London,SW16 6<br>Avg. Price: 558K<br>Sales Volume: 222
2024,SW17 0,594000,316,Greater London,SW17 0<br>Avg. Price: 594K<br>Sales Volume: 316
2024,SW17 6,483000,33,Greater London,SW17 6<br>Avg. Price: 483K<br>Sales Volume: 33
2024,SW17 7,760000,225,Greater London,SW17 7<br>Avg. Price: 760K<br>Sales Volume: 225
2024,SW17 8,847000,231,Greater London,SW17 8<br>Avg. Price: 847K<br>Sales Volume: 231
2024,SW17 9,579000,223,Greater London,SW17 9<br>Avg. Price: 579K<br>Sales Volume: 223
2024,SW18 1,721000,317,Greater London,SW18 1<br>Avg. Price: 721K<br>Sales Volume: 317
2024,SW18 2,808000,207,Greater London,SW18 2<br>Avg. Price: 808K<br>Sales Volume: 207
2024,SW18 3,1050000,256,Greater London,"SW18 3<br>Avg. Price: 1,050K<br>Sales Volume: 256"
2024,SW18 4,589000,258,Greater London,SW18 4<br>Avg. Price: 589K<br>Sales Volume: 258
2024,SW18 5,916000,235,Greater London,SW18 5<br>Avg. Price: 916K<br>Sales Volume: 235
2024,SW19 1,662000,190,Greater London,SW19 1<br>Avg. Price: 662K<br>Sales Volume: 190
2024,SW19 2,488000,226,Greater London,SW19 2<br>Avg. Price: 488K<br>Sales Volume: 226
2024,SW19 3,852000,170,Greater London,SW19 3<br>Avg. Price: 852K<br>Sales Volume: 170
2024,SW19 4,1029000,128,Greater London,"SW19 4<br>Avg. Price: 1,029K<br>Sales Volume: 128"
2024,SW19 5,2091000,59,Greater London,"SW19 5<br>Avg. Price: 2,091K<br>Sales Volume: 59"
2024,SW19 6,541000,144,Greater London,SW19 6<br>Avg. Price: 541K<br>Sales Volume: 144
2024,SW19 7,1524000,89,Greater London,"SW19 7<br>Avg. Price: 1,524K<br>Sales Volume: 89"
2024,SW19 8,810000,238,Greater London,SW19 8<br>Avg. Price: 810K<br>Sales Volume: 238
2024,SW1A 1,7000000,1,Greater London,"SW1A 1<br>Avg. Price: 7,000K<br>Sales Volume: 1"
2024,SW1A 2,5003000,12,Greater London,"SW1A 2<br>Avg. Price: 5,003K<br>Sales Volume: 12"
2024,SW1E 5,2911000,3,Greater London,"SW1E 5<br>Avg. Price: 2,911K<br>Sales Volume: 3"
2024,SW1E 6,3155000,16,Greater London,"SW1E 6<br>Avg. Price: 3,155K<br>Sales Volume: 16"
2024,SW1H 0,2627000,7,Greater London,"SW1H 0<br>Avg. Price: 2,627K<br>Sales Volume: 7"
2024,SW1H 9,4254000,10,Greater London,"SW1H 9<br>Avg. Price: 4,254K<br>Sales Volume: 10"
2024,SW1P 1,1000000,30,Greater London,"SW1P 1<br>Avg. Price: 1,000K<br>Sales Volume: 30"
2024,SW1P 2,1169000,42,Greater London,"SW1P 2<br>Avg. Price: 1,169K<br>Sales Volume: 42"
2024,SW1P 3,1971000,10,Greater London,"SW1P 3<br>Avg. Price: 1,971K<br>Sales Volume: 10"
2024,SW1P 4,943000,79,Greater London,SW1P 4<br>Avg. Price: 943K<br>Sales Volume: 79
2024,SW1V 1,1180000,29,Greater London,"SW1V 1<br>Avg. Price: 1,180K<br>Sales Volume: 29"
2024,SW1V 2,903000,94,Greater London,SW1V 2<br>Avg. Price: 903K<br>Sales Volume: 94
2024,SW1V 3,825000,60,Greater London,SW1V 3<br>Avg. Price: 825K<br>Sales Volume: 60
2024,SW1V 4,865000,85,Greater London,SW1V 4<br>Avg. Price: 865K<br>Sales Volume: 85
2024,SW1W 0,4518000,10,Greater London,"SW1W 0<br>Avg. Price: 4,518K<br>Sales Volume: 10"
2024,SW1W 8,2893000,68,Greater London,"SW1W 8<br>Avg. Price: 2,893K<br>Sales Volume: 68"
2024,SW1W 9,2803000,51,Greater London,"SW1W 9<br>Avg. Price: 2,803K<br>Sales Volume: 51"
2024,SW1X 0,2998000,41,Greater London,"SW1X 0<br>Avg. Price: 2,998K<br>Sales Volume: 41"
2024,SW1X 7,13133000,27,Greater London,"SW1X 7<br>Avg. Price: 13,133K<br>Sales Volume: 27"
2024,SW1X 8,4134000,38,Greater London,"SW1X 8<br>Avg. Price: 4,134K<br>Sales Volume: 38"
2024,SW1X 9,2884000,26,Greater London,"SW1X 9<br>Avg. Price: 2,884K<br>Sales Volume: 26"
2024,SW1Y 4,3648000,2,Greater London,"SW1Y 4<br>Avg. Price: 3,648K<br>Sales Volume: 2"
2024,SW1Y 5,16800000,2,Greater London,"SW1Y 5<br>Avg. Price: 16,800K<br>Sales Volume: 2"
2024,SW1Y 6,2694000,9,Greater London,"SW1Y 6<br>Avg. Price: 2,694K<br>Sales Volume: 9"
2024,SW2 1,557000,75,Greater London,SW2 1<br>Avg. Price: 557K<br>Sales Volume: 75
2024,SW2 2,656000,148,Greater London,SW2 2<br>Avg. Price: 656K<br>Sales Volume: 148
2024,SW2 3,554000,181,Greater London,SW2 3<br>Avg. Price: 554K<br>Sales Volume: 181
2024,SW2 4,553000,161,Greater London,SW2 4<br>Avg. Price: 553K<br>Sales Volume: 161
2024,SW2 5,606000,156,Greater London,SW2 5<br>Avg. Price: 606K<br>Sales Volume: 156
2024,SW20 0,1133000,127,Greater London,"SW20 0<br>Avg. Price: 1,133K<br>Sales Volume: 127"
2024,SW20 8,669000,221,Greater London,SW20 8<br>Avg. Price: 669K<br>Sales Volume: 221
2024,SW20 9,687000,105,Greater London,SW20 9<br>Avg. Price: 687K<br>Sales Volume: 105
2024,SW3 1,2497000,32,Greater London,"SW3 1<br>Avg. Price: 2,497K<br>Sales Volume: 32"
2024,SW3 2,2213000,67,Greater London,"SW3 2<br>Avg. Price: 2,213K<br>Sales Volume: 67"
2024,SW3 3,1380000,75,Greater London,"SW3 3<br>Avg. Price: 1,380K<br>Sales Volume: 75"
2024,SW3 4,2363000,76,Greater London,"SW3 4<br>Avg. Price: 2,363K<br>Sales Volume: 76"
2024,SW3 5,2111000,107,Greater London,"SW3 5<br>Avg. Price: 2,111K<br>Sales Volume: 107"
2024,SW3 6,4207000,54,Greater London,"SW3 6<br>Avg. Price: 4,207K<br>Sales Volume: 54"
2024,SW4 0,902000,101,Greater London,SW4 0<br>Avg. Price: 902K<br>Sales Volume: 101
2024,SW4 6,662000,105,Greater London,SW4 6<br>Avg. Price: 662K<br>Sales Volume: 105
2024,SW4 7,644000,108,Greater London,SW4 7<br>Avg. Price: 644K<br>Sales Volume: 108
2024,SW4 8,730000,69,Greater London,SW4 8<br>Avg. Price: 730K<br>Sales Volume: 69
2024,SW4 9,1085000,183,Greater London,"SW4 9<br>Avg. Price: 1,085K<br>Sales Volume: 183"
2024,SW5 0,1531000,93,Greater London,"SW5 0<br>Avg. Price: 1,531K<br>Sales Volume: 93"
2024,SW5 9,805000,123,Greater London,SW5 9<br>Avg. Price: 805K<br>Sales Volume: 123
2024,SW6 1,935000,95,Greater London,SW6 1<br>Avg. Price: 935K<br>Sales Volume: 95
2024,SW6 2,1186000,382,Greater London,"SW6 2<br>Avg. Price: 1,186K<br>Sales Volume: 382"
2024,SW6 3,1933000,143,Greater London,"SW6 3<br>Avg. Price: 1,933K<br>Sales Volume: 143"
2024,SW6 4,1192000,122,Greater London,"SW6 4<br>Avg. Price: 1,192K<br>Sales Volume: 122"
2024,SW6 5,991000,104,Greater London,SW6 5<br>Avg. Price: 991K<br>Sales Volume: 104
2024,SW6 6,1185000,190,Greater London,"SW6 6<br>Avg. Price: 1,185K<br>Sales Volume: 190"
2024,SW6 7,1012000,160,Greater London,"SW6 7<br>Avg. Price: 1,012K<br>Sales Volume: 160"
2024,SW7 1,4813000,43,Greater London,"SW7 1<br>Avg. Price: 4,813K<br>Sales Volume: 43"
2024,SW7 2,3793000,29,Greater London,"SW7 2<br>Avg. Price: 3,793K<br>Sales Volume: 29"
2024,SW7 3,1786000,63,Greater London,"SW7 3<br>Avg. Price: 1,786K<br>Sales Volume: 63"
2024,SW7 4,1419000,94,Greater London,"SW7 4<br>Avg. Price: 1,419K<br>Sales Volume: 94"
2024,SW7 5,2089000,87,Greater London,"SW7 5<br>Avg. Price: 2,089K<br>Sales Volume: 87"
2024,SW8 1,808000,126,Greater London,SW8 1<br>Avg. Price: 808K<br>Sales Volume: 126
2024,SW8 2,625000,137,Greater London,SW8 2<br>Avg. Price: 625K<br>Sales Volume: 137
2024,SW8 3,631000,81,Greater London,SW8 3<br>Avg. Price: 631K<br>Sales Volume: 81
2024,SW8 4,871000,61,Greater London,SW8 4<br>Avg. Price: 871K<br>Sales Volume: 61
2024,SW8 5,1336000,138,Greater London,"SW8 5<br>Avg. Price: 1,336K<br>Sales Volume: 138"
2024,SW9 0,576000,135,Greater London,SW9 0<br>Avg. Price: 576K<br>Sales Volume: 135
2024,SW9 6,521000,71,Greater London,SW9 6<br>Avg. Price: 521K<br>Sales Volume: 71
2024,SW9 7,457000,42,Greater London,SW9 7<br>Avg. Price: 457K<br>Sales Volume: 42
2024,SW9 8,515000,42,Greater London,SW9 8<br>Avg. Price: 515K<br>Sales Volume: 42
2024,SW9 9,657000,156,Greater London,SW9 9<br>Avg. Price: 657K<br>Sales Volume: 156
2024,SY1 1,292000,40,Wales,SY1 1<br>Avg. Price: 292K<br>Sales Volume: 40
2024,SY1 2,224000,135,Wales,SY1 2<br>Avg. Price: 224K<br>Sales Volume: 135
2024,SY1 3,225000,75,Wales,SY1 3<br>Avg. Price: 225K<br>Sales Volume: 75
2024,SY1 4,214000,115,Wales,SY1 4<br>Avg. Price: 214K<br>Sales Volume: 115
2024,SY10 0,325000,42,Wales,SY10 0<br>Avg. Price: 325K<br>Sales Volume: 42
2024,SY10 7,282000,59,Wales,SY10 7<br>Avg. Price: 282K<br>Sales Volume: 59
2024,SY10 8,406000,40,Wales,SY10 8<br>Avg. Price: 406K<br>Sales Volume: 40
2024,SY10 9,331000,68,Wales,SY10 9<br>Avg. Price: 331K<br>Sales Volume: 68
2024,SY11 1,229000,107,Wales,SY11 1<br>Avg. Price: 229K<br>Sales Volume: 107
2024,SY11 2,233000,138,Wales,SY11 2<br>Avg. Price: 233K<br>Sales Volume: 138
2024,SY11 3,252000,122,Wales,SY11 3<br>Avg. Price: 252K<br>Sales Volume: 122
2024,SY11 4,281000,67,Wales,SY11 4<br>Avg. Price: 281K<br>Sales Volume: 67
2024,SY12 0,246000,108,Wales,SY12 0<br>Avg. Price: 246K<br>Sales Volume: 108
2024,SY12 9,309000,52,Wales,SY12 9<br>Avg. Price: 309K<br>Sales Volume: 52
2024,SY13 1,228000,203,Wales,SY13 1<br>Avg. Price: 228K<br>Sales Volume: 203
2024,SY13 2,322000,72,Wales,SY13 2<br>Avg. Price: 322K<br>Sales Volume: 72
2024,SY13 3,355000,44,Wales,SY13 3<br>Avg. Price: 355K<br>Sales Volume: 44
2024,SY13 4,400000,43,Wales,SY13 4<br>Avg. Price: 400K<br>Sales Volume: 43
2024,SY14 7,439000,40,Wales,SY14 7<br>Avg. Price: 439K<br>Sales Volume: 40
2024,SY14 8,376000,54,Wales,SY14 8<br>Avg. Price: 376K<br>Sales Volume: 54
2024,SY15 6,331000,60,Wales,SY15 6<br>Avg. Price: 331K<br>Sales Volume: 60
2024,SY16 1,154000,64,Wales,SY16 1<br>Avg. Price: 154K<br>Sales Volume: 64
2024,SY16 2,197000,63,Wales,SY16 2<br>Avg. Price: 197K<br>Sales Volume: 63
2024,SY16 3,300000,36,Wales,SY16 3<br>Avg. Price: 300K<br>Sales Volume: 36
2024,SY16 4,237000,66,Wales,SY16 4<br>Avg. Price: 237K<br>Sales Volume: 66
2024,SY17 5,248000,42,Wales,SY17 5<br>Avg. Price: 248K<br>Sales Volume: 42
2024,SY18 6,201000,49,Wales,SY18 6<br>Avg. Price: 201K<br>Sales Volume: 49
2024,SY19 7,250000,11,Wales,SY19 7<br>Avg. Price: 250K<br>Sales Volume: 11
2024,SY2 5,307000,209,Wales,SY2 5<br>Avg. Price: 307K<br>Sales Volume: 209
2024,SY2 6,285000,193,Wales,SY2 6<br>Avg. Price: 285K<br>Sales Volume: 193
2024,SY20 8,217000,61,Wales,SY20 8<br>Avg. Price: 217K<br>Sales Volume: 61
2024,SY20 9,220000,42,Wales,SY20 9<br>Avg. Price: 220K<br>Sales Volume: 42
2024,SY21 0,288000,38,Wales,SY21 0<br>Avg. Price: 288K<br>Sales Volume: 38
2024,SY21 7,199000,56,Wales,SY21 7<br>Avg. Price: 199K<br>Sales Volume: 56
2024,SY21 8,296000,52,Wales,SY21 8<br>Avg. Price: 296K<br>Sales Volume: 52
2024,SY21 9,312000,34,Wales,SY21 9<br>Avg. Price: 312K<br>Sales Volume: 34
2024,SY22 5,267000,15,Wales,SY22 5<br>Avg. Price: 267K<br>Sales Volume: 15
2024,SY22 6,313000,93,Wales,SY22 6<br>Avg. Price: 313K<br>Sales Volume: 93
2024,SY23 1,227000,88,Wales,SY23 1<br>Avg. Price: 227K<br>Sales Volume: 88
2024,SY23 2,251000,48,Wales,SY23 2<br>Avg. Price: 251K<br>Sales Volume: 48
2024,SY23 3,246000,119,Wales,SY23 3<br>Avg. Price: 246K<br>Sales Volume: 119
2024,SY23 4,297000,61,Wales,SY23 4<br>Avg. Price: 297K<br>Sales Volume: 61
2024,SY23 5,252000,47,Wales,SY23 5<br>Avg. Price: 252K<br>Sales Volume: 47
2024,SY24 5,251000,58,Wales,SY24 5<br>Avg. Price: 251K<br>Sales Volume: 58
2024,SY25 6,218000,36,Wales,SY25 6<br>Avg. Price: 218K<br>Sales Volume: 36
2024,SY3 0,332000,85,Wales,SY3 0<br>Avg. Price: 332K<br>Sales Volume: 85
2024,SY3 5,275000,161,Wales,SY3 5<br>Avg. Price: 275K<br>Sales Volume: 161
2024,SY3 6,263000,34,Wales,SY3 6<br>Avg. Price: 263K<br>Sales Volume: 34
2024,SY3 7,328000,118,Wales,SY3 7<br>Avg. Price: 328K<br>Sales Volume: 118
2024,SY3 8,385000,166,Wales,SY3 8<br>Avg. Price: 385K<br>Sales Volume: 166
2024,SY3 9,380000,76,Wales,SY3 9<br>Avg. Price: 380K<br>Sales Volume: 76
2024,SY4 1,371000,62,Wales,SY4 1<br>Avg. Price: 371K<br>Sales Volume: 62
2024,SY4 2,362000,78,Wales,SY4 2<br>Avg. Price: 362K<br>Sales Volume: 78
2024,SY4 3,428000,49,Wales,SY4 3<br>Avg. Price: 428K<br>Sales Volume: 49
2024,SY4 4,368000,66,Wales,SY4 4<br>Avg. Price: 368K<br>Sales Volume: 66
2024,SY4 5,292000,126,Wales,SY4 5<br>Avg. Price: 292K<br>Sales Volume: 126
2024,SY5 0,355000,90,Wales,SY5 0<br>Avg. Price: 355K<br>Sales Volume: 90
2024,SY5 6,380000,50,Wales,SY5 6<br>Avg. Price: 380K<br>Sales Volume: 50
2024,SY5 7,425000,31,Wales,SY5 7<br>Avg. Price: 425K<br>Sales Volume: 31
2024,SY5 8,358000,48,Wales,SY5 8<br>Avg. Price: 358K<br>Sales Volume: 48
2024,SY5 9,344000,41,Wales,SY5 9<br>Avg. Price: 344K<br>Sales Volume: 41
2024,SY6 6,382000,67,Wales,SY6 6<br>Avg. Price: 382K<br>Sales Volume: 67
2024,SY6 7,533000,31,Wales,SY6 7<br>Avg. Price: 533K<br>Sales Volume: 31
2024,SY7 0,342000,58,Wales,SY7 0<br>Avg. Price: 342K<br>Sales Volume: 58
2024,SY7 8,410000,32,Wales,SY7 8<br>Avg. Price: 410K<br>Sales Volume: 32
2024,SY7 9,324000,47,Wales,SY7 9<br>Avg. Price: 324K<br>Sales Volume: 47
2024,SY8 1,311000,175,Wales,SY8 1<br>Avg. Price: 311K<br>Sales Volume: 175
2024,SY8 2,315000,58,Wales,SY8 2<br>Avg. Price: 315K<br>Sales Volume: 58
2024,SY8 3,306000,35,Wales,SY8 3<br>Avg. Price: 306K<br>Sales Volume: 35
2024,SY8 4,436000,53,Wales,SY8 4<br>Avg. Price: 436K<br>Sales Volume: 53
2024,SY9 5,314000,44,Wales,SY9 5<br>Avg. Price: 314K<br>Sales Volume: 44
2024,TA1 1,204000,139,South West,TA1 1<br>Avg. Price: 204K<br>Sales Volume: 139
2024,TA1 2,236000,143,South West,TA1 2<br>Avg. Price: 236K<br>Sales Volume: 143
2024,TA1 3,322000,190,South West,TA1 3<br>Avg. Price: 322K<br>Sales Volume: 190
2024,TA1 4,271000,184,South West,TA1 4<br>Avg. Price: 271K<br>Sales Volume: 184
2024,TA1 5,352000,83,South West,TA1 5<br>Avg. Price: 352K<br>Sales Volume: 83
2024,TA10 0,401000,63,South West,TA10 0<br>Avg. Price: 401K<br>Sales Volume: 63
2024,TA10 9,372000,82,South West,TA10 9<br>Avg. Price: 372K<br>Sales Volume: 82
2024,TA11 6,360000,123,South West,TA11 6<br>Avg. Price: 360K<br>Sales Volume: 123
2024,TA11 7,481000,37,South West,TA11 7<br>Avg. Price: 481K<br>Sales Volume: 37
2024,TA12 6,281000,98,South West,TA12 6<br>Avg. Price: 281K<br>Sales Volume: 98
2024,TA13 5,371000,72,South West,TA13 5<br>Avg. Price: 371K<br>Sales Volume: 72
2024,TA14 6,321000,48,South West,TA14 6<br>Avg. Price: 321K<br>Sales Volume: 48
2024,TA15 6,463000,7,South West,TA15 6<br>Avg. Price: 463K<br>Sales Volume: 7
2024,TA16 5,343000,30,South West,TA16 5<br>Avg. Price: 343K<br>Sales Volume: 30
2024,TA17 8,500000,15,South West,TA17 8<br>Avg. Price: 500K<br>Sales Volume: 15
2024,TA18 7,286000,73,South West,TA18 7<br>Avg. Price: 286K<br>Sales Volume: 73
2024,TA18 8,254000,156,South West,TA18 8<br>Avg. Price: 254K<br>Sales Volume: 156
2024,TA19 0,354000,104,South West,TA19 0<br>Avg. Price: 354K<br>Sales Volume: 104
2024,TA19 9,371000,83,South West,TA19 9<br>Avg. Price: 371K<br>Sales Volume: 83
2024,TA2 6,268000,174,South West,TA2 6<br>Avg. Price: 268K<br>Sales Volume: 174
2024,TA2 7,242000,117,South West,TA2 7<br>Avg. Price: 242K<br>Sales Volume: 117
2024,TA2 8,348000,216,South West,TA2 8<br>Avg. Price: 348K<br>Sales Volume: 216
2024,TA20 1,240000,178,South West,TA20 1<br>Avg. Price: 240K<br>Sales Volume: 178
2024,TA20 2,275000,128,South West,TA20 2<br>Avg. Price: 275K<br>Sales Volume: 128
2024,TA20 3,505000,29,South West,TA20 3<br>Avg. Price: 505K<br>Sales Volume: 29
2024,TA20 4,480000,24,South West,TA20 4<br>Avg. Price: 480K<br>Sales Volume: 24
2024,TA21 0,391000,45,South West,TA21 0<br>Avg. Price: 391K<br>Sales Volume: 45
2024,TA21 8,262000,126,South West,TA21 8<br>Avg. Price: 262K<br>Sales Volume: 126
2024,TA21 9,313000,162,South West,TA21 9<br>Avg. Price: 313K<br>Sales Volume: 162
2024,TA22 9,396000,32,South West,TA22 9<br>Avg. Price: 396K<br>Sales Volume: 32
2024,TA23 0,301000,107,South West,TA23 0<br>Avg. Price: 301K<br>Sales Volume: 107
2024,TA24 5,257000,118,South West,TA24 5<br>Avg. Price: 257K<br>Sales Volume: 118
2024,TA24 6,334000,70,South West,TA24 6<br>Avg. Price: 334K<br>Sales Volume: 70
2024,TA24 7,396000,20,South West,TA24 7<br>Avg. Price: 396K<br>Sales Volume: 20
2024,TA24 8,310000,74,South West,TA24 8<br>Avg. Price: 310K<br>Sales Volume: 74
2024,TA3 5,337000,77,South West,TA3 5<br>Avg. Price: 337K<br>Sales Volume: 77
2024,TA3 6,447000,49,South West,TA3 6<br>Avg. Price: 447K<br>Sales Volume: 49
2024,TA3 7,491000,54,South West,TA3 7<br>Avg. Price: 491K<br>Sales Volume: 54
2024,TA4 1,333000,134,South West,TA4 1<br>Avg. Price: 333K<br>Sales Volume: 134
2024,TA4 2,376000,51,South West,TA4 2<br>Avg. Price: 376K<br>Sales Volume: 51
2024,TA4 3,405000,106,South West,TA4 3<br>Avg. Price: 405K<br>Sales Volume: 106
2024,TA4 4,302000,57,South West,TA4 4<br>Avg. Price: 302K<br>Sales Volume: 57
2024,TA5 1,330000,124,South West,TA5 1<br>Avg. Price: 330K<br>Sales Volume: 124
2024,TA5 2,311000,117,South West,TA5 2<br>Avg. Price: 311K<br>Sales Volume: 117
2024,TA6 3,196000,145,South West,TA6 3<br>Avg. Price: 196K<br>Sales Volume: 145
2024,TA6 4,225000,231,South West,TA6 4<br>Avg. Price: 225K<br>Sales Volume: 231
2024,TA6 5,195000,104,South West,TA6 5<br>Avg. Price: 195K<br>Sales Volume: 104
2024,TA6 6,252000,223,South West,TA6 6<br>Avg. Price: 252K<br>Sales Volume: 223
2024,TA6 7,320000,127,South West,TA6 7<br>Avg. Price: 320K<br>Sales Volume: 127
2024,TA7 0,363000,64,South West,TA7 0<br>Avg. Price: 363K<br>Sales Volume: 64
2024,TA7 8,303000,105,South West,TA7 8<br>Avg. Price: 303K<br>Sales Volume: 105
2024,TA7 9,437000,45,South West,TA7 9<br>Avg. Price: 437K<br>Sales Volume: 45
2024,TA8 1,259000,160,South West,TA8 1<br>Avg. Price: 259K<br>Sales Volume: 160
2024,TA8 2,296000,195,South West,TA8 2<br>Avg. Price: 296K<br>Sales Volume: 195
2024,TA9 3,262000,183,South West,TA9 3<br>Avg. Price: 262K<br>Sales Volume: 183
2024,TA9 4,382000,47,South West,TA9 4<br>Avg. Price: 382K<br>Sales Volume: 47
2024,TD12 4,284000,11,Scotland,TD12 4<br>Avg. Price: 284K<br>Sales Volume: 11
2024,TD15 1,234000,90,Scotland,TD15 1<br>Avg. Price: 234K<br>Sales Volume: 90
2024,TD15 2,232000,166,Scotland,TD15 2<br>Avg. Price: 232K<br>Sales Volume: 166
2024,TF1 1,175000,67,Midlands,TF1 1<br>Avg. Price: 175K<br>Sales Volume: 67
2024,TF1 2,241000,126,Midlands,TF1 2<br>Avg. Price: 241K<br>Sales Volume: 126
2024,TF1 3,249000,112,Midlands,TF1 3<br>Avg. Price: 249K<br>Sales Volume: 112
2024,TF1 5,197000,186,Midlands,TF1 5<br>Avg. Price: 197K<br>Sales Volume: 186
2024,TF1 6,241000,123,Midlands,TF1 6<br>Avg. Price: 241K<br>Sales Volume: 123
2024,TF10 7,263000,204,Midlands,TF10 7<br>Avg. Price: 263K<br>Sales Volume: 204
2024,TF10 8,410000,43,Midlands,TF10 8<br>Avg. Price: 410K<br>Sales Volume: 43
2024,TF10 9,349000,37,Midlands,TF10 9<br>Avg. Price: 349K<br>Sales Volume: 37
2024,TF11 8,296000,118,Midlands,TF11 8<br>Avg. Price: 296K<br>Sales Volume: 118
2024,TF11 9,336000,59,Midlands,TF11 9<br>Avg. Price: 336K<br>Sales Volume: 59
2024,TF12 5,283000,75,Midlands,TF12 5<br>Avg. Price: 283K<br>Sales Volume: 75
2024,TF13 6,392000,46,Midlands,TF13 6<br>Avg. Price: 392K<br>Sales Volume: 46
2024,TF2 0,197000,26,Midlands,TF2 0<br>Avg. Price: 197K<br>Sales Volume: 26
2024,TF2 5,295000,61,Midlands,TF2 5<br>Avg. Price: 295K<br>Sales Volume: 61
2024,TF2 6,201000,96,Midlands,TF2 6<br>Avg. Price: 201K<br>Sales Volume: 96
2024,TF2 7,205000,118,Midlands,TF2 7<br>Avg. Price: 205K<br>Sales Volume: 118
2024,TF2 8,245000,126,Midlands,TF2 8<br>Avg. Price: 245K<br>Sales Volume: 126
2024,TF2 9,288000,275,Midlands,TF2 9<br>Avg. Price: 288K<br>Sales Volume: 275
2024,TF3 1,161000,116,Midlands,TF3 1<br>Avg. Price: 161K<br>Sales Volume: 116
2024,TF3 2,161000,114,Midlands,TF3 2<br>Avg. Price: 161K<br>Sales Volume: 114
2024,TF3 5,225000,110,Midlands,TF3 5<br>Avg. Price: 225K<br>Sales Volume: 110
2024,TF4 2,230000,227,Midlands,TF4 2<br>Avg. Price: 230K<br>Sales Volume: 227
2024,TF4 3,227000,192,Midlands,TF4 3<br>Avg. Price: 227K<br>Sales Volume: 192
2024,TF5 0,351000,69,Midlands,TF5 0<br>Avg. Price: 351K<br>Sales Volume: 69
2024,TF6 5,295000,97,Midlands,TF6 5<br>Avg. Price: 295K<br>Sales Volume: 97
2024,TF6 6,359000,82,Midlands,TF6 6<br>Avg. Price: 359K<br>Sales Volume: 82
2024,TF7 4,152000,85,Midlands,TF7 4<br>Avg. Price: 152K<br>Sales Volume: 85
2024,TF7 5,154000,191,Midlands,TF7 5<br>Avg. Price: 154K<br>Sales Volume: 191
2024,TF8 7,280000,55,Midlands,TF8 7<br>Avg. Price: 280K<br>Sales Volume: 55
2024,TF9 1,232000,94,Midlands,TF9 1<br>Avg. Price: 232K<br>Sales Volume: 94
2024,TF9 2,372000,70,Midlands,TF9 2<br>Avg. Price: 372K<br>Sales Volume: 70
2024,TF9 3,267000,162,Midlands,TF9 3<br>Avg. Price: 267K<br>Sales Volume: 162
2024,TF9 4,361000,114,Midlands,TF9 4<br>Avg. Price: 361K<br>Sales Volume: 114
2024,TN1 1,489000,113,South East,TN1 1<br>Avg. Price: 489K<br>Sales Volume: 113
2024,TN1 2,440000,137,South East,TN1 2<br>Avg. Price: 440K<br>Sales Volume: 137
2024,TN10 3,499000,82,South East,TN10 3<br>Avg. Price: 499K<br>Sales Volume: 82
2024,TN10 4,512000,93,South East,TN10 4<br>Avg. Price: 512K<br>Sales Volume: 93
2024,TN11 0,471000,58,South East,TN11 0<br>Avg. Price: 471K<br>Sales Volume: 58
2024,TN11 8,843000,24,South East,TN11 8<br>Avg. Price: 843K<br>Sales Volume: 24
2024,TN11 9,753000,97,South East,TN11 9<br>Avg. Price: 753K<br>Sales Volume: 97
2024,TN12 0,400000,89,South East,TN12 0<br>Avg. Price: 400K<br>Sales Volume: 89
2024,TN12 5,435000,33,South East,TN12 5<br>Avg. Price: 435K<br>Sales Volume: 33
2024,TN12 6,464000,271,South East,TN12 6<br>Avg. Price: 464K<br>Sales Volume: 271
2024,TN12 7,592000,27,South East,TN12 7<br>Avg. Price: 592K<br>Sales Volume: 27
2024,TN12 8,604000,29,South East,TN12 8<br>Avg. Price: 604K<br>Sales Volume: 29
2024,TN12 9,446000,82,South East,TN12 9<br>Avg. Price: 446K<br>Sales Volume: 82
2024,TN13 1,852000,116,South East,TN13 1<br>Avg. Price: 852K<br>Sales Volume: 116
2024,TN13 2,907000,115,South East,TN13 2<br>Avg. Price: 907K<br>Sales Volume: 115
2024,TN13 3,832000,155,South East,TN13 3<br>Avg. Price: 832K<br>Sales Volume: 155
2024,TN14 5,557000,117,South East,TN14 5<br>Avg. Price: 557K<br>Sales Volume: 117
2024,TN14 6,869000,37,South East,TN14 6<br>Avg. Price: 869K<br>Sales Volume: 37
2024,TN14 7,694000,63,South East,TN14 7<br>Avg. Price: 694K<br>Sales Volume: 63
2024,TN15 0,831000,53,South East,TN15 0<br>Avg. Price: 831K<br>Sales Volume: 53
2024,TN15 6,572000,115,South East,TN15 6<br>Avg. Price: 572K<br>Sales Volume: 115
2024,TN15 7,641000,38,South East,TN15 7<br>Avg. Price: 641K<br>Sales Volume: 38
2024,TN15 8,485000,104,South East,TN15 8<br>Avg. Price: 485K<br>Sales Volume: 104
2024,TN15 9,951000,21,South East,TN15 9<br>Avg. Price: 951K<br>Sales Volume: 21
2024,TN16 1,627000,76,South East,TN16 1<br>Avg. Price: 627K<br>Sales Volume: 76
2024,TN16 2,616000,25,South East,TN16 2<br>Avg. Price: 616K<br>Sales Volume: 25
2024,TN16 3,471000,194,South East,TN16 3<br>Avg. Price: 471K<br>Sales Volume: 194
2024,TN17 1,716000,30,South East,TN17 1<br>Avg. Price: 716K<br>Sales Volume: 30
2024,TN17 2,556000,42,South East,TN17 2<br>Avg. Price: 556K<br>Sales Volume: 42
2024,TN17 3,443000,74,South East,TN17 3<br>Avg. Price: 443K<br>Sales Volume: 74
2024,TN17 4,628000,34,South East,TN17 4<br>Avg. Price: 628K<br>Sales Volume: 34
2024,TN18 4,454000,56,South East,TN18 4<br>Avg. Price: 454K<br>Sales Volume: 56
2024,TN18 5,629000,30,South East,TN18 5<br>Avg. Price: 629K<br>Sales Volume: 30
2024,TN19 7,533000,58,South East,TN19 7<br>Avg. Price: 533K<br>Sales Volume: 58
2024,TN2 3,396000,172,South East,TN2 3<br>Avg. Price: 396K<br>Sales Volume: 172
2024,TN2 4,561000,108,South East,TN2 4<br>Avg. Price: 561K<br>Sales Volume: 108
2024,TN2 5,627000,170,South East,TN2 5<br>Avg. Price: 627K<br>Sales Volume: 170
2024,TN20 6,621000,46,South East,TN20 6<br>Avg. Price: 621K<br>Sales Volume: 46
2024,TN21 0,455000,122,South East,TN21 0<br>Avg. Price: 455K<br>Sales Volume: 122
2024,TN21 8,361000,130,South East,TN21 8<br>Avg. Price: 361K<br>Sales Volume: 130
2024,TN21 9,554000,36,South East,TN21 9<br>Avg. Price: 554K<br>Sales Volume: 36
2024,TN22 1,331000,131,South East,TN22 1<br>Avg. Price: 331K<br>Sales Volume: 131
2024,TN22 2,582000,54,South East,TN22 2<br>Avg. Price: 582K<br>Sales Volume: 54
2024,TN22 3,779000,65,South East,TN22 3<br>Avg. Price: 779K<br>Sales Volume: 65
2024,TN22 4,623000,38,South East,TN22 4<br>Avg. Price: 623K<br>Sales Volume: 38
2024,TN22 5,488000,203,South East,TN22 5<br>Avg. Price: 488K<br>Sales Volume: 203
2024,TN23 1,242000,20,South East,TN23 1<br>Avg. Price: 242K<br>Sales Volume: 20
2024,TN23 3,358000,242,South East,TN23 3<br>Avg. Price: 358K<br>Sales Volume: 242
2024,TN23 4,259000,84,South East,TN23 4<br>Avg. Price: 259K<br>Sales Volume: 84
2024,TN23 5,261000,185,South East,TN23 5<br>Avg. Price: 261K<br>Sales Volume: 185
2024,TN23 6,276000,17,South East,TN23 6<br>Avg. Price: 276K<br>Sales Volume: 17
2024,TN23 7,267000,87,South East,TN23 7<br>Avg. Price: 267K<br>Sales Volume: 87
2024,TN23 8,559000,28,South East,TN23 8<br>Avg. Price: 559K<br>Sales Volume: 28
2024,TN24 0,289000,201,South East,TN24 0<br>Avg. Price: 289K<br>Sales Volume: 201
2024,TN24 8,296000,101,South East,TN24 8<br>Avg. Price: 296K<br>Sales Volume: 101
2024,TN24 9,374000,226,South East,TN24 9<br>Avg. Price: 374K<br>Sales Volume: 226
2024,TN25 4,549000,76,South East,TN25 4<br>Avg. Price: 549K<br>Sales Volume: 76
2024,TN25 5,500000,48,South East,TN25 5<br>Avg. Price: 500K<br>Sales Volume: 48
2024,TN25 6,493000,82,South East,TN25 6<br>Avg. Price: 493K<br>Sales Volume: 82
2024,TN25 7,389000,119,South East,TN25 7<br>Avg. Price: 389K<br>Sales Volume: 119
2024,TN26 1,469000,33,South East,TN26 1<br>Avg. Price: 469K<br>Sales Volume: 33
2024,TN26 2,460000,76,South East,TN26 2<br>Avg. Price: 460K<br>Sales Volume: 76
2024,TN26 3,598000,60,South East,TN26 3<br>Avg. Price: 598K<br>Sales Volume: 60
2024,TN27 0,585000,62,South East,TN27 0<br>Avg. Price: 585K<br>Sales Volume: 62
2024,TN27 8,449000,28,South East,TN27 8<br>Avg. Price: 449K<br>Sales Volume: 28
2024,TN27 9,449000,95,South East,TN27 9<br>Avg. Price: 449K<br>Sales Volume: 95
2024,TN28 8,343000,164,South East,TN28 8<br>Avg. Price: 343K<br>Sales Volume: 164
2024,TN29 0,313000,110,South East,TN29 0<br>Avg. Price: 313K<br>Sales Volume: 110
2024,TN29 9,344000,64,South East,TN29 9<br>Avg. Price: 344K<br>Sales Volume: 64
2024,TN3 0,727000,59,South East,TN3 0<br>Avg. Price: 727K<br>Sales Volume: 59
2024,TN3 8,844000,14,South East,TN3 8<br>Avg. Price: 844K<br>Sales Volume: 14
2024,TN3 9,662000,56,South East,TN3 9<br>Avg. Price: 662K<br>Sales Volume: 56
2024,TN30 6,444000,99,South East,TN30 6<br>Avg. Price: 444K<br>Sales Volume: 99
2024,TN30 7,566000,83,South East,TN30 7<br>Avg. Price: 566K<br>Sales Volume: 83
2024,TN31 6,536000,104,South East,TN31 6<br>Avg. Price: 536K<br>Sales Volume: 104
2024,TN31 7,441000,144,South East,TN31 7<br>Avg. Price: 441K<br>Sales Volume: 144
2024,TN32 5,536000,52,South East,TN32 5<br>Avg. Price: 536K<br>Sales Volume: 52
2024,TN33 0,449000,86,South East,TN33 0<br>Avg. Price: 449K<br>Sales Volume: 86
2024,TN33 9,491000,43,South East,TN33 9<br>Avg. Price: 491K<br>Sales Volume: 43
2024,TN34 1,266000,144,South East,TN34 1<br>Avg. Price: 266K<br>Sales Volume: 144
2024,TN34 2,355000,195,South East,TN34 2<br>Avg. Price: 355K<br>Sales Volume: 195
2024,TN34 3,281000,223,South East,TN34 3<br>Avg. Price: 281K<br>Sales Volume: 223
2024,TN35 4,436000,82,South East,TN35 4<br>Avg. Price: 436K<br>Sales Volume: 82
2024,TN35 5,279000,154,South East,TN35 5<br>Avg. Price: 279K<br>Sales Volume: 154
2024,TN36 4,570000,44,South East,TN36 4<br>Avg. Price: 570K<br>Sales Volume: 44
2024,TN37 6,228000,181,South East,TN37 6<br>Avg. Price: 228K<br>Sales Volume: 181
2024,TN37 7,339000,165,South East,TN37 7<br>Avg. Price: 339K<br>Sales Volume: 165
2024,TN38 0,291000,279,South East,TN38 0<br>Avg. Price: 291K<br>Sales Volume: 279
2024,TN38 8,295000,66,South East,TN38 8<br>Avg. Price: 295K<br>Sales Volume: 66
2024,TN38 9,327000,136,South East,TN38 9<br>Avg. Price: 327K<br>Sales Volume: 136
2024,TN39 3,388000,238,South East,TN39 3<br>Avg. Price: 388K<br>Sales Volume: 238
2024,TN39 4,416000,237,South East,TN39 4<br>Avg. Price: 416K<br>Sales Volume: 237
2024,TN39 5,318000,82,South East,TN39 5<br>Avg. Price: 318K<br>Sales Volume: 82
2024,TN4 0,507000,146,South East,TN4 0<br>Avg. Price: 507K<br>Sales Volume: 146
2024,TN4 8,665000,141,South East,TN4 8<br>Avg. Price: 665K<br>Sales Volume: 141
2024,TN4 9,522000,227,South East,TN4 9<br>Avg. Price: 522K<br>Sales Volume: 227
2024,TN40 1,249000,209,South East,TN40 1<br>Avg. Price: 249K<br>Sales Volume: 209
2024,TN40 2,321000,220,South East,TN40 2<br>Avg. Price: 321K<br>Sales Volume: 220
2024,TN5 6,567000,74,South East,TN5 6<br>Avg. Price: 567K<br>Sales Volume: 74
2024,TN5 7,570000,79,South East,TN5 7<br>Avg. Price: 570K<br>Sales Volume: 79
2024,TN6 1,522000,155,South East,TN6 1<br>Avg. Price: 522K<br>Sales Volume: 155
2024,TN6 2,438000,191,South East,TN6 2<br>Avg. Price: 438K<br>Sales Volume: 191
2024,TN6 3,494000,125,South East,TN6 3<br>Avg. Price: 494K<br>Sales Volume: 125
2024,TN7 4,728000,16,South East,TN7 4<br>Avg. Price: 728K<br>Sales Volume: 16
2024,TN8 5,448000,75,South East,TN8 5<br>Avg. Price: 448K<br>Sales Volume: 75
2024,TN8 6,509000,67,South East,TN8 6<br>Avg. Price: 509K<br>Sales Volume: 67
2024,TN8 7,808000,21,South East,TN8 7<br>Avg. Price: 808K<br>Sales Volume: 21
2024,TN9 1,368000,147,South East,TN9 1<br>Avg. Price: 368K<br>Sales Volume: 147
2024,TN9 2,437000,179,South East,TN9 2<br>Avg. Price: 437K<br>Sales Volume: 179
2024,TQ1 1,233000,130,South West,TQ1 1<br>Avg. Price: 233K<br>Sales Volume: 130
2024,TQ1 2,413000,89,South West,TQ1 2<br>Avg. Price: 413K<br>Sales Volume: 89
2024,TQ1 3,233000,182,South West,TQ1 3<br>Avg. Price: 233K<br>Sales Volume: 182
2024,TQ1 4,243000,163,South West,TQ1 4<br>Avg. Price: 243K<br>Sales Volume: 163
2024,TQ10 9,372000,43,South West,TQ10 9<br>Avg. Price: 372K<br>Sales Volume: 43
2024,TQ11 0,317000,59,South West,TQ11 0<br>Avg. Price: 317K<br>Sales Volume: 59
2024,TQ12 1,268000,248,South West,TQ12 1<br>Avg. Price: 268K<br>Sales Volume: 248
2024,TQ12 2,194000,104,South West,TQ12 2<br>Avg. Price: 194K<br>Sales Volume: 104
2024,TQ12 3,307000,204,South West,TQ12 3<br>Avg. Price: 307K<br>Sales Volume: 204
2024,TQ12 4,326000,122,South West,TQ12 4<br>Avg. Price: 326K<br>Sales Volume: 122
2024,TQ12 5,361000,134,South West,TQ12 5<br>Avg. Price: 361K<br>Sales Volume: 134
2024,TQ12 6,349000,98,South West,TQ12 6<br>Avg. Price: 349K<br>Sales Volume: 98
2024,TQ13 0,326000,107,South West,TQ13 0<br>Avg. Price: 326K<br>Sales Volume: 107
2024,TQ13 7,334000,60,South West,TQ13 7<br>Avg. Price: 334K<br>Sales Volume: 60
2024,TQ13 8,568000,56,South West,TQ13 8<br>Avg. Price: 568K<br>Sales Volume: 56
2024,TQ13 9,470000,151,South West,TQ13 9<br>Avg. Price: 470K<br>Sales Volume: 151
2024,TQ14 0,537000,49,South West,TQ14 0<br>Avg. Price: 537K<br>Sales Volume: 49
2024,TQ14 8,322000,180,South West,TQ14 8<br>Avg. Price: 322K<br>Sales Volume: 180
2024,TQ14 9,336000,150,South West,TQ14 9<br>Avg. Price: 336K<br>Sales Volume: 150
2024,TQ2 5,197000,84,South West,TQ2 5<br>Avg. Price: 197K<br>Sales Volume: 84
2024,TQ2 6,301000,134,South West,TQ2 6<br>Avg. Price: 301K<br>Sales Volume: 134
2024,TQ2 7,277000,173,South West,TQ2 7<br>Avg. Price: 277K<br>Sales Volume: 173
2024,TQ2 8,284000,94,South West,TQ2 8<br>Avg. Price: 284K<br>Sales Volume: 94
2024,TQ3 1,359000,141,South West,TQ3 1<br>Avg. Price: 359K<br>Sales Volume: 141
2024,TQ3 2,252000,162,South West,TQ3 2<br>Avg. Price: 252K<br>Sales Volume: 162
2024,TQ3 3,213000,224,South West,TQ3 3<br>Avg. Price: 213K<br>Sales Volume: 224
2024,TQ4 5,243000,88,South West,TQ4 5<br>Avg. Price: 243K<br>Sales Volume: 88
2024,TQ4 6,341000,92,South West,TQ4 6<br>Avg. Price: 341K<br>Sales Volume: 92
2024,TQ4 7,298000,207,South West,TQ4 7<br>Avg. Price: 298K<br>Sales Volume: 207
2024,TQ5 0,371000,75,South West,TQ5 0<br>Avg. Price: 371K<br>Sales Volume: 75
2024,TQ5 8,302000,97,South West,TQ5 8<br>Avg. Price: 302K<br>Sales Volume: 97
2024,TQ5 9,329000,156,South West,TQ5 9<br>Avg. Price: 329K<br>Sales Volume: 156
2024,TQ6 0,557000,73,South West,TQ6 0<br>Avg. Price: 557K<br>Sales Volume: 73
2024,TQ6 9,437000,123,South West,TQ6 9<br>Avg. Price: 437K<br>Sales Volume: 123
2024,TQ7 1,390000,119,South West,TQ7 1<br>Avg. Price: 390K<br>Sales Volume: 119
2024,TQ7 2,503000,83,South West,TQ7 2<br>Avg. Price: 503K<br>Sales Volume: 83
2024,TQ7 3,604000,81,South West,TQ7 3<br>Avg. Price: 604K<br>Sales Volume: 81
2024,TQ7 4,590000,43,South West,TQ7 4<br>Avg. Price: 590K<br>Sales Volume: 43
2024,TQ8 8,995000,72,South West,TQ8 8<br>Avg. Price: 995K<br>Sales Volume: 72
2024,TQ9 5,428000,173,South West,TQ9 5<br>Avg. Price: 428K<br>Sales Volume: 173
2024,TQ9 6,567000,104,South West,TQ9 6<br>Avg. Price: 567K<br>Sales Volume: 104
2024,TQ9 7,545000,74,South West,TQ9 7<br>Avg. Price: 545K<br>Sales Volume: 74
2024,TR1 1,372000,146,South West,TR1 1<br>Avg. Price: 372K<br>Sales Volume: 146
2024,TR1 2,359000,96,South West,TR1 2<br>Avg. Price: 359K<br>Sales Volume: 96
2024,TR1 3,334000,123,South West,TR1 3<br>Avg. Price: 334K<br>Sales Volume: 123
2024,TR10 8,290000,121,South West,TR10 8<br>Avg. Price: 290K<br>Sales Volume: 121
2024,TR10 9,368000,56,South West,TR10 9<br>Avg. Price: 368K<br>Sales Volume: 56
2024,TR11 2,352000,118,South West,TR11 2<br>Avg. Price: 352K<br>Sales Volume: 118
2024,TR11 3,383000,60,South West,TR11 3<br>Avg. Price: 383K<br>Sales Volume: 60
2024,TR11 4,466000,142,South West,TR11 4<br>Avg. Price: 466K<br>Sales Volume: 142
2024,TR11 5,517000,246,South West,TR11 5<br>Avg. Price: 517K<br>Sales Volume: 246
2024,TR12 6,509000,53,South West,TR12 6<br>Avg. Price: 509K<br>Sales Volume: 53
2024,TR12 7,376000,64,South West,TR12 7<br>Avg. Price: 376K<br>Sales Volume: 64
2024,TR13 0,336000,55,South West,TR13 0<br>Avg. Price: 336K<br>Sales Volume: 55
2024,TR13 8,265000,177,South West,TR13 8<br>Avg. Price: 265K<br>Sales Volume: 177
2024,TR13 9,398000,97,South West,TR13 9<br>Avg. Price: 398K<br>Sales Volume: 97
2024,TR14 0,314000,98,South West,TR14 0<br>Avg. Price: 314K<br>Sales Volume: 98
2024,TR14 7,263000,130,South West,TR14 7<br>Avg. Price: 263K<br>Sales Volume: 130
2024,TR14 8,191000,154,South West,TR14 8<br>Avg. Price: 191K<br>Sales Volume: 154
2024,TR14 9,287000,46,South West,TR14 9<br>Avg. Price: 287K<br>Sales Volume: 46
2024,TR15 1,208000,112,South West,TR15 1<br>Avg. Price: 208K<br>Sales Volume: 112
2024,TR15 2,249000,102,South West,TR15 2<br>Avg. Price: 249K<br>Sales Volume: 102
2024,TR15 3,261000,125,South West,TR15 3<br>Avg. Price: 261K<br>Sales Volume: 125
2024,TR16 4,329000,97,South West,TR16 4<br>Avg. Price: 329K<br>Sales Volume: 97
2024,TR16 5,339000,89,South West,TR16 5<br>Avg. Price: 339K<br>Sales Volume: 89
2024,TR16 6,273000,56,South West,TR16 6<br>Avg. Price: 273K<br>Sales Volume: 56
2024,TR17 0,807000,9,South West,TR17 0<br>Avg. Price: 807K<br>Sales Volume: 9
2024,TR18 2,230000,105,South West,TR18 2<br>Avg. Price: 230K<br>Sales Volume: 105
2024,TR18 3,296000,74,South West,TR18 3<br>Avg. Price: 296K<br>Sales Volume: 74
2024,TR18 4,374000,90,South West,TR18 4<br>Avg. Price: 374K<br>Sales Volume: 90
2024,TR18 5,372000,49,South West,TR18 5<br>Avg. Price: 372K<br>Sales Volume: 49
2024,TR19 6,511000,71,South West,TR19 6<br>Avg. Price: 511K<br>Sales Volume: 71
2024,TR19 7,342000,78,South West,TR19 7<br>Avg. Price: 342K<br>Sales Volume: 78
2024,TR2 4,331000,78,South West,TR2 4<br>Avg. Price: 331K<br>Sales Volume: 78
2024,TR2 5,793000,57,South West,TR2 5<br>Avg. Price: 793K<br>Sales Volume: 57
2024,TR20 8,365000,66,South West,TR20 8<br>Avg. Price: 365K<br>Sales Volume: 66
2024,TR20 9,413000,60,South West,TR20 9<br>Avg. Price: 413K<br>Sales Volume: 60
2024,TR21 0,517000,19,South West,TR21 0<br>Avg. Price: 517K<br>Sales Volume: 19
2024,TR26 1,423000,66,South West,TR26 1<br>Avg. Price: 423K<br>Sales Volume: 66
2024,TR26 2,517000,115,South West,TR26 2<br>Avg. Price: 517K<br>Sales Volume: 115
2024,TR26 3,494000,27,South West,TR26 3<br>Avg. Price: 494K<br>Sales Volume: 27
2024,TR27 4,294000,105,South West,TR27 4<br>Avg. Price: 294K<br>Sales Volume: 105
2024,TR27 5,371000,56,South West,TR27 5<br>Avg. Price: 371K<br>Sales Volume: 56
2024,TR27 6,350000,57,South West,TR27 6<br>Avg. Price: 350K<br>Sales Volume: 57
2024,TR3 6,477000,110,South West,TR3 6<br>Avg. Price: 477K<br>Sales Volume: 110
2024,TR3 7,399000,58,South West,TR3 7<br>Avg. Price: 399K<br>Sales Volume: 58
2024,TR4 8,360000,77,South West,TR4 8<br>Avg. Price: 360K<br>Sales Volume: 77
2024,TR4 9,361000,81,South West,TR4 9<br>Avg. Price: 361K<br>Sales Volume: 81
2024,TR5 0,594000,61,South West,TR5 0<br>Avg. Price: 594K<br>Sales Volume: 61
2024,TR6 0,456000,58,South West,TR6 0<br>Avg. Price: 456K<br>Sales Volume: 58
2024,TR7 1,412000,155,South West,TR7 1<br>Avg. Price: 412K<br>Sales Volume: 155
2024,TR7 2,311000,162,South West,TR7 2<br>Avg. Price: 311K<br>Sales Volume: 162
2024,TR7 3,341000,145,South West,TR7 3<br>Avg. Price: 341K<br>Sales Volume: 145
2024,TR8 4,446000,185,South West,TR8 4<br>Avg. Price: 446K<br>Sales Volume: 185
2024,TR8 5,427000,71,South West,TR8 5<br>Avg. Price: 427K<br>Sales Volume: 71
2024,TR9 6,275000,94,South West,TR9 6<br>Avg. Price: 275K<br>Sales Volume: 94
2024,TS1 1,74000,2,North England,TS1 1<br>Avg. Price: 74K<br>Sales Volume: 2
2024,TS1 2,97000,13,North England,TS1 2<br>Avg. Price: 97K<br>Sales Volume: 13
2024,TS1 3,87000,75,North England,TS1 3<br>Avg. Price: 87K<br>Sales Volume: 75
2024,TS1 4,70000,257,North England,TS1 4<br>Avg. Price: 70K<br>Sales Volume: 257
2024,TS1 5,326000,4,North England,TS1 5<br>Avg. Price: 326K<br>Sales Volume: 4
2024,TS10 1,127000,122,North England,TS10 1<br>Avg. Price: 127K<br>Sales Volume: 122
2024,TS10 2,197000,196,North England,TS10 2<br>Avg. Price: 197K<br>Sales Volume: 196
2024,TS10 3,136000,96,North England,TS10 3<br>Avg. Price: 136K<br>Sales Volume: 96
2024,TS10 4,161000,119,North England,TS10 4<br>Avg. Price: 161K<br>Sales Volume: 119
2024,TS10 5,137000,103,North England,TS10 5<br>Avg. Price: 137K<br>Sales Volume: 103
2024,TS11 6,196000,52,North England,TS11 6<br>Avg. Price: 196K<br>Sales Volume: 52
2024,TS11 7,201000,63,North England,TS11 7<br>Avg. Price: 201K<br>Sales Volume: 63
2024,TS11 8,189000,42,North England,TS11 8<br>Avg. Price: 189K<br>Sales Volume: 42
2024,TS12 1,285000,133,North England,TS12 1<br>Avg. Price: 285K<br>Sales Volume: 133
2024,TS12 2,169000,204,North England,TS12 2<br>Avg. Price: 169K<br>Sales Volume: 204
2024,TS12 3,135000,39,North England,TS12 3<br>Avg. Price: 135K<br>Sales Volume: 39
2024,TS13 4,124000,117,North England,TS13 4<br>Avg. Price: 124K<br>Sales Volume: 117
2024,TS13 5,309000,34,North England,TS13 5<br>Avg. Price: 309K<br>Sales Volume: 34
2024,TS14 6,140000,98,North England,TS14 6<br>Avg. Price: 140K<br>Sales Volume: 98
2024,TS14 7,194000,79,North England,TS14 7<br>Avg. Price: 194K<br>Sales Volume: 79
2024,TS14 8,297000,95,North England,TS14 8<br>Avg. Price: 297K<br>Sales Volume: 95
2024,TS15 0,489000,33,North England,TS15 0<br>Avg. Price: 489K<br>Sales Volume: 33
2024,TS15 9,326000,275,North England,TS15 9<br>Avg. Price: 326K<br>Sales Volume: 275
2024,TS16 0,268000,253,North England,TS16 0<br>Avg. Price: 268K<br>Sales Volume: 253
2024,TS16 9,256000,53,North England,TS16 9<br>Avg. Price: 256K<br>Sales Volume: 53
2024,TS17 0,214000,236,North England,TS17 0<br>Avg. Price: 214K<br>Sales Volume: 236
2024,TS17 5,243000,248,North England,TS17 5<br>Avg. Price: 243K<br>Sales Volume: 248
2024,TS17 6,78000,67,North England,TS17 6<br>Avg. Price: 78K<br>Sales Volume: 67
2024,TS17 7,73000,31,North England,TS17 7<br>Avg. Price: 73K<br>Sales Volume: 31
2024,TS17 8,117000,91,North England,TS17 8<br>Avg. Price: 117K<br>Sales Volume: 91
2024,TS17 9,126000,76,North England,TS17 9<br>Avg. Price: 126K<br>Sales Volume: 76
2024,TS18 1,92000,38,North England,TS18 1<br>Avg. Price: 92K<br>Sales Volume: 38
2024,TS18 2,146000,43,North England,TS18 2<br>Avg. Price: 146K<br>Sales Volume: 43
2024,TS18 3,127000,153,North England,TS18 3<br>Avg. Price: 127K<br>Sales Volume: 153
2024,TS18 4,178000,81,North England,TS18 4<br>Avg. Price: 178K<br>Sales Volume: 81
2024,TS18 5,211000,100,North England,TS18 5<br>Avg. Price: 211K<br>Sales Volume: 100
2024,TS19 0,133000,158,North England,TS19 0<br>Avg. Price: 133K<br>Sales Volume: 158
2024,TS19 7,179000,119,North England,TS19 7<br>Avg. Price: 179K<br>Sales Volume: 119
2024,TS19 8,159000,190,North England,TS19 8<br>Avg. Price: 159K<br>Sales Volume: 190
2024,TS19 9,107000,60,North England,TS19 9<br>Avg. Price: 107K<br>Sales Volume: 60
2024,TS2 1,52000,13,North England,TS2 1<br>Avg. Price: 52K<br>Sales Volume: 13
2024,TS20 1,171000,161,North England,TS20 1<br>Avg. Price: 171K<br>Sales Volume: 161
2024,TS20 2,110000,181,North England,TS20 2<br>Avg. Price: 110K<br>Sales Volume: 181
2024,TS21 1,258000,168,North England,TS21 1<br>Avg. Price: 258K<br>Sales Volume: 168
2024,TS21 2,261000,29,North England,TS21 2<br>Avg. Price: 261K<br>Sales Volume: 29
2024,TS21 3,222000,53,North England,TS21 3<br>Avg. Price: 222K<br>Sales Volume: 53
2024,TS21 4,124000,38,North England,TS21 4<br>Avg. Price: 124K<br>Sales Volume: 38
2024,TS22 5,350000,306,North England,TS22 5<br>Avg. Price: 350K<br>Sales Volume: 306
2024,TS23 1,134000,82,North England,TS23 1<br>Avg. Price: 134K<br>Sales Volume: 82
2024,TS23 2,115000,114,North England,TS23 2<br>Avg. Price: 115K<br>Sales Volume: 114
2024,TS23 3,147000,197,North England,TS23 3<br>Avg. Price: 147K<br>Sales Volume: 197
2024,TS23 4,118000,16,North England,TS23 4<br>Avg. Price: 118K<br>Sales Volume: 16
2024,TS24 0,137000,141,North England,TS24 0<br>Avg. Price: 137K<br>Sales Volume: 141
2024,TS24 7,73000,21,North England,TS24 7<br>Avg. Price: 73K<br>Sales Volume: 21
2024,TS24 8,76000,129,North England,TS24 8<br>Avg. Price: 76K<br>Sales Volume: 129
2024,TS24 9,109000,86,North England,TS24 9<br>Avg. Price: 109K<br>Sales Volume: 86
2024,TS25 1,139000,131,North England,TS25 1<br>Avg. Price: 139K<br>Sales Volume: 131
2024,TS25 2,172000,182,North England,TS25 2<br>Avg. Price: 172K<br>Sales Volume: 182
2024,TS25 3,96000,57,North England,TS25 3<br>Avg. Price: 96K<br>Sales Volume: 57
2024,TS25 4,84000,69,North England,TS25 4<br>Avg. Price: 84K<br>Sales Volume: 69
2024,TS25 5,82000,295,North England,TS25 5<br>Avg. Price: 82K<br>Sales Volume: 295
2024,TS26 0,233000,333,North England,TS26 0<br>Avg. Price: 233K<br>Sales Volume: 333
2024,TS26 8,76000,171,North England,TS26 8<br>Avg. Price: 76K<br>Sales Volume: 171
2024,TS26 9,123000,131,North England,TS26 9<br>Avg. Price: 123K<br>Sales Volume: 131
2024,TS27 3,207000,146,North England,TS27 3<br>Avg. Price: 207K<br>Sales Volume: 146
2024,TS27 4,108000,183,North England,TS27 4<br>Avg. Price: 108K<br>Sales Volume: 183
2024,TS28 5,145000,134,North England,TS28 5<br>Avg. Price: 145K<br>Sales Volume: 134
2024,TS29 6,102000,114,North England,TS29 6<br>Avg. Price: 102K<br>Sales Volume: 114
2024,TS3 0,92000,83,North England,TS3 0<br>Avg. Price: 92K<br>Sales Volume: 83
2024,TS3 6,61000,133,North England,TS3 6<br>Avg. Price: 61K<br>Sales Volume: 133
2024,TS3 7,89000,76,North England,TS3 7<br>Avg. Price: 89K<br>Sales Volume: 76
2024,TS3 8,89000,56,North England,TS3 8<br>Avg. Price: 89K<br>Sales Volume: 56
2024,TS3 9,91000,62,North England,TS3 9<br>Avg. Price: 91K<br>Sales Volume: 62
2024,TS4 2,104000,108,North England,TS4 2<br>Avg. Price: 104K<br>Sales Volume: 108
2024,TS4 3,177000,157,North England,TS4 3<br>Avg. Price: 177K<br>Sales Volume: 157
2024,TS5 4,125000,131,North England,TS5 4<br>Avg. Price: 125K<br>Sales Volume: 131
2024,TS5 5,154000,113,North England,TS5 5<br>Avg. Price: 154K<br>Sales Volume: 113
2024,TS5 6,121000,143,North England,TS5 6<br>Avg. Price: 121K<br>Sales Volume: 143
2024,TS5 7,170000,87,North England,TS5 7<br>Avg. Price: 170K<br>Sales Volume: 87
2024,TS5 8,186000,189,North England,TS5 8<br>Avg. Price: 186K<br>Sales Volume: 189
2024,TS6 0,174000,223,North England,TS6 0<br>Avg. Price: 174K<br>Sales Volume: 223
2024,TS6 6,66000,53,North England,TS6 6<br>Avg. Price: 66K<br>Sales Volume: 53
2024,TS6 7,81000,51,North England,TS6 7<br>Avg. Price: 81K<br>Sales Volume: 51
2024,TS6 8,91000,29,North England,TS6 8<br>Avg. Price: 91K<br>Sales Volume: 29
2024,TS6 9,138000,155,North England,TS6 9<br>Avg. Price: 138K<br>Sales Volume: 155
2024,TS7 0,314000,172,North England,TS7 0<br>Avg. Price: 314K<br>Sales Volume: 172
2024,TS7 8,212000,173,North England,TS7 8<br>Avg. Price: 212K<br>Sales Volume: 173
2024,TS7 9,128000,82,North England,TS7 9<br>Avg. Price: 128K<br>Sales Volume: 82
2024,TS8 0,199000,96,North England,TS8 0<br>Avg. Price: 199K<br>Sales Volume: 96
2024,TS8 9,198000,357,North England,TS8 9<br>Avg. Price: 198K<br>Sales Volume: 357
2024,TS9 5,308000,99,North England,TS9 5<br>Avg. Price: 308K<br>Sales Volume: 99
2024,TS9 6,288000,79,North England,TS9 6<br>Avg. Price: 288K<br>Sales Volume: 79
2024,TS9 7,553000,28,North England,TS9 7<br>Avg. Price: 553K<br>Sales Volume: 28
2024,TW1 1,894000,138,Greater London,TW1 1<br>Avg. Price: 894K<br>Sales Volume: 138
2024,TW1 2,1012000,118,Greater London,"TW1 2<br>Avg. Price: 1,012K<br>Sales Volume: 118"
2024,TW1 3,961000,63,Greater London,TW1 3<br>Avg. Price: 961K<br>Sales Volume: 63
2024,TW1 4,882000,105,Greater London,TW1 4<br>Avg. Price: 882K<br>Sales Volume: 105
2024,TW10 5,1007000,59,Greater London,"TW10 5<br>Avg. Price: 1,007K<br>Sales Volume: 59"
2024,TW10 6,1161000,155,Greater London,"TW10 6<br>Avg. Price: 1,161K<br>Sales Volume: 155"
2024,TW10 7,1016000,69,Greater London,"TW10 7<br>Avg. Price: 1,016K<br>Sales Volume: 69"
2024,TW11 0,827000,94,Greater London,TW11 0<br>Avg. Price: 827K<br>Sales Volume: 94
2024,TW11 8,765000,143,Greater London,TW11 8<br>Avg. Price: 765K<br>Sales Volume: 143
2024,TW11 9,955000,128,Greater London,TW11 9<br>Avg. Price: 955K<br>Sales Volume: 128
2024,TW12 1,691000,100,Greater London,TW12 1<br>Avg. Price: 691K<br>Sales Volume: 100
2024,TW12 2,738000,96,Greater London,TW12 2<br>Avg. Price: 738K<br>Sales Volume: 96
2024,TW12 3,626000,96,Greater London,TW12 3<br>Avg. Price: 626K<br>Sales Volume: 96
2024,TW13 4,329000,136,Greater London,TW13 4<br>Avg. Price: 329K<br>Sales Volume: 136
2024,TW13 5,419000,97,Greater London,TW13 5<br>Avg. Price: 419K<br>Sales Volume: 97
2024,TW13 6,403000,75,Greater London,TW13 6<br>Avg. Price: 403K<br>Sales Volume: 75
2024,TW13 7,409000,49,Greater London,TW13 7<br>Avg. Price: 409K<br>Sales Volume: 49
2024,TW14 0,392000,47,Greater London,TW14 0<br>Avg. Price: 392K<br>Sales Volume: 47
2024,TW14 8,360000,75,Greater London,TW14 8<br>Avg. Price: 360K<br>Sales Volume: 75
2024,TW14 9,417000,89,Greater London,TW14 9<br>Avg. Price: 417K<br>Sales Volume: 89
2024,TW15 1,430000,207,Greater London,TW15 1<br>Avg. Price: 430K<br>Sales Volume: 207
2024,TW15 2,425000,119,Greater London,TW15 2<br>Avg. Price: 425K<br>Sales Volume: 119
2024,TW15 3,454000,123,Greater London,TW15 3<br>Avg. Price: 454K<br>Sales Volume: 123
2024,TW16 5,591000,95,Greater London,TW16 5<br>Avg. Price: 591K<br>Sales Volume: 95
2024,TW16 6,670000,77,Greater London,TW16 6<br>Avg. Price: 670K<br>Sales Volume: 77
2024,TW16 7,368000,128,Greater London,TW16 7<br>Avg. Price: 368K<br>Sales Volume: 128
2024,TW17 0,490000,73,Greater London,TW17 0<br>Avg. Price: 490K<br>Sales Volume: 73
2024,TW17 8,513000,88,Greater London,TW17 8<br>Avg. Price: 513K<br>Sales Volume: 88
2024,TW17 9,700000,45,Greater London,TW17 9<br>Avg. Price: 700K<br>Sales Volume: 45
2024,TW18 1,481000,96,Greater London,TW18 1<br>Avg. Price: 481K<br>Sales Volume: 96
2024,TW18 2,491000,108,Greater London,TW18 2<br>Avg. Price: 491K<br>Sales Volume: 108
2024,TW18 3,470000,73,Greater London,TW18 3<br>Avg. Price: 470K<br>Sales Volume: 73
2024,TW18 4,408000,244,Greater London,TW18 4<br>Avg. Price: 408K<br>Sales Volume: 244
2024,TW19 5,704000,35,Greater London,TW19 5<br>Avg. Price: 704K<br>Sales Volume: 35
2024,TW19 6,424000,25,Greater London,TW19 6<br>Avg. Price: 424K<br>Sales Volume: 25
2024,TW19 7,391000,137,Greater London,TW19 7<br>Avg. Price: 391K<br>Sales Volume: 137
2024,TW2 5,631000,158,Greater London,TW2 5<br>Avg. Price: 631K<br>Sales Volume: 158
2024,TW2 6,657000,149,Greater London,TW2 6<br>Avg. Price: 657K<br>Sales Volume: 149
2024,TW2 7,620000,118,Greater London,TW2 7<br>Avg. Price: 620K<br>Sales Volume: 118
2024,TW20 0,736000,103,Greater London,TW20 0<br>Avg. Price: 736K<br>Sales Volume: 103
2024,TW20 8,478000,90,Greater London,TW20 8<br>Avg. Price: 478K<br>Sales Volume: 90
2024,TW20 9,492000,98,Greater London,TW20 9<br>Avg. Price: 492K<br>Sales Volume: 98
2024,TW3 1,427000,71,Greater London,TW3 1<br>Avg. Price: 427K<br>Sales Volume: 71
2024,TW3 2,483000,98,Greater London,TW3 2<br>Avg. Price: 483K<br>Sales Volume: 98
2024,TW3 3,373000,68,Greater London,TW3 3<br>Avg. Price: 373K<br>Sales Volume: 68
2024,TW3 4,427000,102,Greater London,TW3 4<br>Avg. Price: 427K<br>Sales Volume: 102
2024,TW4 5,410000,88,Greater London,TW4 5<br>Avg. Price: 410K<br>Sales Volume: 88
2024,TW4 6,474000,42,Greater London,TW4 6<br>Avg. Price: 474K<br>Sales Volume: 42
2024,TW4 7,415000,33,Greater London,TW4 7<br>Avg. Price: 415K<br>Sales Volume: 33
2024,TW5 0,530000,84,Greater London,TW5 0<br>Avg. Price: 530K<br>Sales Volume: 84
2024,TW5 9,543000,80,Greater London,TW5 9<br>Avg. Price: 543K<br>Sales Volume: 80
2024,TW7 4,496000,98,Greater London,TW7 4<br>Avg. Price: 496K<br>Sales Volume: 98
2024,TW7 5,527000,75,Greater London,TW7 5<br>Avg. Price: 527K<br>Sales Volume: 75
2024,TW7 6,508000,130,Greater London,TW7 6<br>Avg. Price: 508K<br>Sales Volume: 130
2024,TW7 7,567000,108,Greater London,TW7 7<br>Avg. Price: 567K<br>Sales Volume: 108
2024,TW8 0,412000,219,Greater London,TW8 0<br>Avg. Price: 412K<br>Sales Volume: 219
2024,TW8 8,577000,119,Greater London,TW8 8<br>Avg. Price: 577K<br>Sales Volume: 119
2024,TW8 9,549000,49,Greater London,TW8 9<br>Avg. Price: 549K<br>Sales Volume: 49
2024,TW9 1,834000,93,Greater London,TW9 1<br>Avg. Price: 834K<br>Sales Volume: 93
2024,TW9 2,843000,113,Greater London,TW9 2<br>Avg. Price: 843K<br>Sales Volume: 113
2024,TW9 3,988000,69,Greater London,TW9 3<br>Avg. Price: 988K<br>Sales Volume: 69
2024,TW9 4,881000,95,Greater London,TW9 4<br>Avg. Price: 881K<br>Sales Volume: 95
2024,UB1 1,431000,123,Greater London,UB1 1<br>Avg. Price: 431K<br>Sales Volume: 123
2024,UB1 2,454000,83,Greater London,UB1 2<br>Avg. Price: 454K<br>Sales Volume: 83
2024,UB1 3,447000,42,Greater London,UB1 3<br>Avg. Price: 447K<br>Sales Volume: 42
2024,UB10 0,479000,138,Greater London,UB10 0<br>Avg. Price: 479K<br>Sales Volume: 138
2024,UB10 8,645000,156,Greater London,UB10 8<br>Avg. Price: 645K<br>Sales Volume: 156
2024,UB10 9,528000,122,Greater London,UB10 9<br>Avg. Price: 528K<br>Sales Volume: 122
2024,UB2 4,444000,107,Greater London,UB2 4<br>Avg. Price: 444K<br>Sales Volume: 107
2024,UB2 5,410000,112,Greater London,UB2 5<br>Avg. Price: 410K<br>Sales Volume: 112
2024,UB3 1,373000,131,Greater London,UB3 1<br>Avg. Price: 373K<br>Sales Volume: 131
2024,UB3 2,428000,114,Greater London,UB3 2<br>Avg. Price: 428K<br>Sales Volume: 114
2024,UB3 3,457000,43,Greater London,UB3 3<br>Avg. Price: 457K<br>Sales Volume: 43
2024,UB3 4,419000,65,Greater London,UB3 4<br>Avg. Price: 419K<br>Sales Volume: 65
2024,UB3 5,330000,55,Greater London,UB3 5<br>Avg. Price: 330K<br>Sales Volume: 55
2024,UB4 0,478000,77,Greater London,UB4 0<br>Avg. Price: 478K<br>Sales Volume: 77
2024,UB4 8,469000,142,Greater London,UB4 8<br>Avg. Price: 469K<br>Sales Volume: 142
2024,UB4 9,379000,98,Greater London,UB4 9<br>Avg. Price: 379K<br>Sales Volume: 98
2024,UB5 4,422000,147,Greater London,UB5 4<br>Avg. Price: 422K<br>Sales Volume: 147
2024,UB5 5,384000,82,Greater London,UB5 5<br>Avg. Price: 384K<br>Sales Volume: 82
2024,UB5 6,364000,152,Greater London,UB5 6<br>Avg. Price: 364K<br>Sales Volume: 152
2024,UB6 0,510000,90,Greater London,UB6 0<br>Avg. Price: 510K<br>Sales Volume: 90
2024,UB6 7,522000,61,Greater London,UB6 7<br>Avg. Price: 522K<br>Sales Volume: 61
2024,UB6 8,521000,130,Greater London,UB6 8<br>Avg. Price: 521K<br>Sales Volume: 130
2024,UB6 9,473000,119,Greater London,UB6 9<br>Avg. Price: 473K<br>Sales Volume: 119
2024,UB7 0,503000,38,Greater London,UB7 0<br>Avg. Price: 503K<br>Sales Volume: 38
2024,UB7 7,415000,109,Greater London,UB7 7<br>Avg. Price: 415K<br>Sales Volume: 109
2024,UB7 8,393000,79,Greater London,UB7 8<br>Avg. Price: 393K<br>Sales Volume: 79
2024,UB7 9,409000,140,Greater London,UB7 9<br>Avg. Price: 409K<br>Sales Volume: 140
2024,UB8 1,484000,89,Greater London,UB8 1<br>Avg. Price: 484K<br>Sales Volume: 89
2024,UB8 2,406000,125,Greater London,UB8 2<br>Avg. Price: 406K<br>Sales Volume: 125
2024,UB8 3,462000,185,Greater London,UB8 3<br>Avg. Price: 462K<br>Sales Volume: 185
2024,UB9 4,534000,30,Greater London,UB9 4<br>Avg. Price: 534K<br>Sales Volume: 30
2024,UB9 5,593000,72,Greater London,UB9 5<br>Avg. Price: 593K<br>Sales Volume: 72
2024,UB9 6,440000,100,Greater London,UB9 6<br>Avg. Price: 440K<br>Sales Volume: 100
2024,W10 4,728000,68,Greater London,W10 4<br>Avg. Price: 728K<br>Sales Volume: 68
2024,W10 5,1232000,49,Greater London,"W10 5<br>Avg. Price: 1,232K<br>Sales Volume: 49"
2024,W10 6,1194000,73,Greater London,"W10 6<br>Avg. Price: 1,194K<br>Sales Volume: 73"
2024,W11 1,1031000,73,Greater London,"W11 1<br>Avg. Price: 1,031K<br>Sales Volume: 73"
2024,W11 2,2296000,98,Greater London,"W11 2<br>Avg. Price: 2,296K<br>Sales Volume: 98"
2024,W11 3,2886000,79,Greater London,"W11 3<br>Avg. Price: 2,886K<br>Sales Volume: 79"
2024,W11 4,2109000,51,Greater London,"W11 4<br>Avg. Price: 2,109K<br>Sales Volume: 51"
2024,W12 0,633000,91,Greater London,W12 0<br>Avg. Price: 633K<br>Sales Volume: 91
2024,W12 7,1056000,266,Greater London,"W12 7<br>Avg. Price: 1,056K<br>Sales Volume: 266"
2024,W12 8,676000,97,Greater London,W12 8<br>Avg. Price: 676K<br>Sales Volume: 97
2024,W12 9,788000,140,Greater London,W12 9<br>Avg. Price: 788K<br>Sales Volume: 140
2024,W13 0,729000,131,Greater London,W13 0<br>Avg. Price: 729K<br>Sales Volume: 131
2024,W13 8,837000,104,Greater London,W13 8<br>Avg. Price: 837K<br>Sales Volume: 104
2024,W13 9,718000,185,Greater London,W13 9<br>Avg. Price: 718K<br>Sales Volume: 185
2024,W14 0,921000,171,Greater London,W14 0<br>Avg. Price: 921K<br>Sales Volume: 171
2024,W14 8,2300000,150,Greater London,"W14 8<br>Avg. Price: 2,300K<br>Sales Volume: 150"
2024,W14 9,647000,164,Greater London,W14 9<br>Avg. Price: 647K<br>Sales Volume: 164
2024,W1B 1,6112000,12,Greater London,"W1B 1<br>Avg. Price: 6,112K<br>Sales Volume: 12"
2024,W1D 4,3720000,1,Greater London,"W1D 4<br>Avg. Price: 3,720K<br>Sales Volume: 1"
2024,W1D 7,1750000,1,Greater London,"W1D 7<br>Avg. Price: 1,750K<br>Sales Volume: 1"
2024,W1F 0,1689000,6,Greater London,"W1F 0<br>Avg. Price: 1,689K<br>Sales Volume: 6"
2024,W1F 7,472000,2,Greater London,W1F 7<br>Avg. Price: 472K<br>Sales Volume: 2
2024,W1F 8,1723000,12,Greater London,"W1F 8<br>Avg. Price: 1,723K<br>Sales Volume: 12"
2024,W1F 9,618000,7,Greater London,W1F 9<br>Avg. Price: 618K<br>Sales Volume: 7
2024,W1G 0,1733000,3,Greater London,"W1G 0<br>Avg. Price: 1,733K<br>Sales Volume: 3"
2024,W1G 6,2235000,11,Greater London,"W1G 6<br>Avg. Price: 2,235K<br>Sales Volume: 11"
2024,W1G 7,2335000,8,Greater London,"W1G 7<br>Avg. Price: 2,335K<br>Sales Volume: 8"
2024,W1G 8,1677000,13,Greater London,"W1G 8<br>Avg. Price: 1,677K<br>Sales Volume: 13"
2024,W1G 9,3855000,15,Greater London,"W1G 9<br>Avg. Price: 3,855K<br>Sales Volume: 15"
2024,W1H 1,1478000,18,Greater London,"W1H 1<br>Avg. Price: 1,478K<br>Sales Volume: 18"
2024,W1H 2,1786000,30,Greater London,"W1H 2<br>Avg. Price: 1,786K<br>Sales Volume: 30"
2024,W1H 4,1162000,7,Greater London,"W1H 4<br>Avg. Price: 1,162K<br>Sales Volume: 7"
2024,W1H 5,1538000,41,Greater London,"W1H 5<br>Avg. Price: 1,538K<br>Sales Volume: 41"
2024,W1H 6,2725000,6,Greater London,"W1H 6<br>Avg. Price: 2,725K<br>Sales Volume: 6"
2024,W1H 7,2100000,29,Greater London,"W1H 7<br>Avg. Price: 2,100K<br>Sales Volume: 29"
2024,W1J 0,2388000,2,Greater London,"W1J 0<br>Avg. Price: 2,388K<br>Sales Volume: 2"
2024,W1J 5,3933000,13,Greater London,"W1J 5<br>Avg. Price: 3,933K<br>Sales Volume: 13"
2024,W1J 6,1670000,1,Greater London,"W1J 6<br>Avg. Price: 1,670K<br>Sales Volume: 1"
2024,W1J 7,3655000,17,Greater London,"W1J 7<br>Avg. Price: 3,655K<br>Sales Volume: 17"
2024,W1J 8,11398000,18,Greater London,"W1J 8<br>Avg. Price: 11,398K<br>Sales Volume: 18"
2024,W1K 1,12231000,4,Greater London,"W1K 1<br>Avg. Price: 12,231K<br>Sales Volume: 4"
2024,W1K 2,7556000,19,Greater London,"W1K 2<br>Avg. Price: 7,556K<br>Sales Volume: 19"
2024,W1K 3,4061000,8,Greater London,"W1K 3<br>Avg. Price: 4,061K<br>Sales Volume: 8"
2024,W1K 4,6196000,7,Greater London,"W1K 4<br>Avg. Price: 6,196K<br>Sales Volume: 7"
2024,W1K 5,953000,5,Greater London,W1K 5<br>Avg. Price: 953K<br>Sales Volume: 5
2024,W1K 6,5333000,10,Greater London,"W1K 6<br>Avg. Price: 5,333K<br>Sales Volume: 10"
2024,W1K 7,4603000,13,Greater London,"W1K 7<br>Avg. Price: 4,603K<br>Sales Volume: 13"
2024,W1S 1,2002000,3,Greater London,"W1S 1<br>Avg. Price: 2,002K<br>Sales Volume: 3"
2024,W1S 3,1850000,1,Greater London,"W1S 3<br>Avg. Price: 1,850K<br>Sales Volume: 1"
2024,W1S 4,15804000,7,Greater London,"W1S 4<br>Avg. Price: 15,804K<br>Sales Volume: 7"
2024,W1T 1,1714000,9,Greater London,"W1T 1<br>Avg. Price: 1,714K<br>Sales Volume: 9"
2024,W1T 2,1456000,6,Greater London,"W1T 2<br>Avg. Price: 1,456K<br>Sales Volume: 6"
2024,W1T 3,1607000,14,Greater London,"W1T 3<br>Avg. Price: 1,607K<br>Sales Volume: 14"
2024,W1T 4,1207000,17,Greater London,"W1T 4<br>Avg. Price: 1,207K<br>Sales Volume: 17"
2024,W1T 5,909000,10,Greater London,W1T 5<br>Avg. Price: 909K<br>Sales Volume: 10
2024,W1T 6,806000,7,Greater London,W1T 6<br>Avg. Price: 806K<br>Sales Volume: 7
2024,W1U 1,1943000,8,Greater London,"W1U 1<br>Avg. Price: 1,943K<br>Sales Volume: 8"
2024,W1U 2,1263000,3,Greater London,"W1U 2<br>Avg. Price: 1,263K<br>Sales Volume: 3"
2024,W1U 3,1762000,13,Greater London,"W1U 3<br>Avg. Price: 1,762K<br>Sales Volume: 13"
2024,W1U 4,3841000,31,Greater London,"W1U 4<br>Avg. Price: 3,841K<br>Sales Volume: 31"
2024,W1U 5,1289000,15,Greater London,"W1U 5<br>Avg. Price: 1,289K<br>Sales Volume: 15"
2024,W1U 6,1407000,27,Greater London,"W1U 6<br>Avg. Price: 1,407K<br>Sales Volume: 27"
2024,W1U 7,1100000,3,Greater London,"W1U 7<br>Avg. Price: 1,100K<br>Sales Volume: 3"
2024,W1U 8,1634000,9,Greater London,"W1U 8<br>Avg. Price: 1,634K<br>Sales Volume: 9"
2024,W1W 5,1845000,27,Greater London,"W1W 5<br>Avg. Price: 1,845K<br>Sales Volume: 27"
2024,W1W 6,1849000,12,Greater London,"W1W 6<br>Avg. Price: 1,849K<br>Sales Volume: 12"
2024,W1W 7,1068000,8,Greater London,"W1W 7<br>Avg. Price: 1,068K<br>Sales Volume: 8"
2024,W1W 8,1525000,1,Greater London,"W1W 8<br>Avg. Price: 1,525K<br>Sales Volume: 1"
2024,W2 1,1346000,78,Greater London,"W2 1<br>Avg. Price: 1,346K<br>Sales Volume: 78"
2024,W2 2,1412000,94,Greater London,"W2 2<br>Avg. Price: 1,412K<br>Sales Volume: 94"
2024,W2 3,1679000,101,Greater London,"W2 3<br>Avg. Price: 1,679K<br>Sales Volume: 101"
2024,W2 4,2238000,132,Greater London,"W2 4<br>Avg. Price: 2,238K<br>Sales Volume: 132"
2024,W2 5,1586000,102,Greater London,"W2 5<br>Avg. Price: 1,586K<br>Sales Volume: 102"
2024,W2 6,939000,85,Greater London,W2 6<br>Avg. Price: 939K<br>Sales Volume: 85
2024,W3 0,660000,69,Greater London,W3 0<br>Avg. Price: 660K<br>Sales Volume: 69
2024,W3 6,557000,335,Greater London,W3 6<br>Avg. Price: 557K<br>Sales Volume: 335
2024,W3 7,539000,170,Greater London,W3 7<br>Avg. Price: 539K<br>Sales Volume: 170
2024,W3 8,697000,140,Greater London,W3 8<br>Avg. Price: 697K<br>Sales Volume: 140
2024,W3 9,787000,117,Greater London,W3 9<br>Avg. Price: 787K<br>Sales Volume: 117
2024,W4 1,1121000,132,Greater London,"W4 1<br>Avg. Price: 1,121K<br>Sales Volume: 132"
2024,W4 2,1213000,136,Greater London,"W4 2<br>Avg. Price: 1,213K<br>Sales Volume: 136"
2024,W4 3,998000,138,Greater London,W4 3<br>Avg. Price: 998K<br>Sales Volume: 138
2024,W4 4,805000,94,Greater London,W4 4<br>Avg. Price: 805K<br>Sales Volume: 94
2024,W4 5,832000,209,Greater London,W4 5<br>Avg. Price: 832K<br>Sales Volume: 209
2024,W5 1,800000,122,Greater London,W5 1<br>Avg. Price: 800K<br>Sales Volume: 122
2024,W5 2,889000,190,Greater London,W5 2<br>Avg. Price: 889K<br>Sales Volume: 190
2024,W5 3,744000,161,Greater London,W5 3<br>Avg. Price: 744K<br>Sales Volume: 161
2024,W5 4,733000,180,Greater London,W5 4<br>Avg. Price: 733K<br>Sales Volume: 180
2024,W5 5,1007000,107,Greater London,"W5 5<br>Avg. Price: 1,007K<br>Sales Volume: 107"
2024,W6 0,936000,163,Greater London,W6 0<br>Avg. Price: 936K<br>Sales Volume: 163
2024,W6 7,1106000,75,Greater London,"W6 7<br>Avg. Price: 1,106K<br>Sales Volume: 75"
2024,W6 8,815000,92,Greater London,W6 8<br>Avg. Price: 815K<br>Sales Volume: 92
2024,W6 9,929000,125,Greater London,W6 9<br>Avg. Price: 929K<br>Sales Volume: 125
2024,W7 1,543000,64,Greater London,W7 1<br>Avg. Price: 543K<br>Sales Volume: 64
2024,W7 2,645000,75,Greater London,W7 2<br>Avg. Price: 645K<br>Sales Volume: 75
2024,W7 3,522000,158,Greater London,W7 3<br>Avg. Price: 522K<br>Sales Volume: 158
2024,W8 4,3386000,71,Greater London,"W8 4<br>Avg. Price: 3,386K<br>Sales Volume: 71"
2024,W8 5,3431000,76,Greater London,"W8 5<br>Avg. Price: 3,431K<br>Sales Volume: 76"
2024,W8 6,2436000,81,Greater London,"W8 6<br>Avg. Price: 2,436K<br>Sales Volume: 81"
2024,W8 7,2832000,86,Greater London,"W8 7<br>Avg. Price: 2,832K<br>Sales Volume: 86"
2024,W9 1,1302000,181,Greater London,"W9 1<br>Avg. Price: 1,302K<br>Sales Volume: 181"
2024,W9 2,854000,140,Greater London,W9 2<br>Avg. Price: 854K<br>Sales Volume: 140
2024,W9 3,572000,171,Greater London,W9 3<br>Avg. Price: 572K<br>Sales Volume: 171
2024,WA1 1,260000,64,North England,WA1 1<br>Avg. Price: 260K<br>Sales Volume: 64
2024,WA1 2,148000,48,North England,WA1 2<br>Avg. Price: 148K<br>Sales Volume: 48
2024,WA1 3,198000,166,North England,WA1 3<br>Avg. Price: 198K<br>Sales Volume: 166
2024,WA1 4,248000,92,North England,WA1 4<br>Avg. Price: 248K<br>Sales Volume: 92
2024,WA10 1,98000,48,North England,WA10 1<br>Avg. Price: 98K<br>Sales Volume: 48
2024,WA10 2,116000,77,North England,WA10 2<br>Avg. Price: 116K<br>Sales Volume: 77
2024,WA10 3,164000,139,North England,WA10 3<br>Avg. Price: 164K<br>Sales Volume: 139
2024,WA10 4,154000,163,North England,WA10 4<br>Avg. Price: 154K<br>Sales Volume: 163
2024,WA10 5,299000,96,North England,WA10 5<br>Avg. Price: 299K<br>Sales Volume: 96
2024,WA10 6,200000,101,North England,WA10 6<br>Avg. Price: 200K<br>Sales Volume: 101
2024,WA11 0,161000,229,North England,WA11 0<br>Avg. Price: 161K<br>Sales Volume: 229
2024,WA11 7,271000,91,North England,WA11 7<br>Avg. Price: 271K<br>Sales Volume: 91
2024,WA11 8,276000,102,North England,WA11 8<br>Avg. Price: 276K<br>Sales Volume: 102
2024,WA11 9,171000,121,North England,WA11 9<br>Avg. Price: 171K<br>Sales Volume: 121
2024,WA12 0,277000,42,North England,WA12 0<br>Avg. Price: 277K<br>Sales Volume: 42
2024,WA12 8,203000,107,North England,WA12 8<br>Avg. Price: 203K<br>Sales Volume: 107
2024,WA12 9,204000,193,North England,WA12 9<br>Avg. Price: 204K<br>Sales Volume: 193
2024,WA13 0,443000,99,North England,WA13 0<br>Avg. Price: 443K<br>Sales Volume: 99
2024,WA13 9,431000,99,North England,WA13 9<br>Avg. Price: 431K<br>Sales Volume: 99
2024,WA14 1,341000,101,North England,WA14 1<br>Avg. Price: 341K<br>Sales Volume: 101
2024,WA14 2,648000,124,North England,WA14 2<br>Avg. Price: 648K<br>Sales Volume: 124
2024,WA14 3,1030000,50,North England,"WA14 3<br>Avg. Price: 1,030K<br>Sales Volume: 50"
2024,WA14 4,515000,114,North England,WA14 4<br>Avg. Price: 515K<br>Sales Volume: 114
2024,WA14 5,353000,145,North England,WA14 5<br>Avg. Price: 353K<br>Sales Volume: 145
2024,WA15 0,997000,67,North England,WA15 0<br>Avg. Price: 997K<br>Sales Volume: 67
2024,WA15 6,437000,187,North England,WA15 6<br>Avg. Price: 437K<br>Sales Volume: 187
2024,WA15 7,405000,154,North England,WA15 7<br>Avg. Price: 405K<br>Sales Volume: 154
2024,WA15 8,585000,151,North England,WA15 8<br>Avg. Price: 585K<br>Sales Volume: 151
2024,WA15 9,757000,98,North England,WA15 9<br>Avg. Price: 757K<br>Sales Volume: 98
2024,WA16 0,493000,137,North England,WA16 0<br>Avg. Price: 493K<br>Sales Volume: 137
2024,WA16 6,613000,61,North England,WA16 6<br>Avg. Price: 613K<br>Sales Volume: 61
2024,WA16 7,544000,47,North England,WA16 7<br>Avg. Price: 544K<br>Sales Volume: 47
2024,WA16 8,529000,196,North England,WA16 8<br>Avg. Price: 529K<br>Sales Volume: 196
2024,WA16 9,660000,46,North England,WA16 9<br>Avg. Price: 660K<br>Sales Volume: 46
2024,WA2 0,219000,163,North England,WA2 0<br>Avg. Price: 219K<br>Sales Volume: 163
2024,WA2 7,128000,152,North England,WA2 7<br>Avg. Price: 128K<br>Sales Volume: 152
2024,WA2 8,324000,80,North England,WA2 8<br>Avg. Price: 324K<br>Sales Volume: 80
2024,WA2 9,172000,102,North England,WA2 9<br>Avg. Price: 172K<br>Sales Volume: 102
2024,WA3 1,301000,53,North England,WA3 1<br>Avg. Price: 301K<br>Sales Volume: 53
2024,WA3 2,263000,184,North England,WA3 2<br>Avg. Price: 263K<br>Sales Volume: 184
2024,WA3 3,191000,185,North England,WA3 3<br>Avg. Price: 191K<br>Sales Volume: 185
2024,WA3 4,431000,67,North England,WA3 4<br>Avg. Price: 431K<br>Sales Volume: 67
2024,WA3 5,309000,73,North England,WA3 5<br>Avg. Price: 309K<br>Sales Volume: 73
2024,WA3 6,236000,116,North England,WA3 6<br>Avg. Price: 236K<br>Sales Volume: 116
2024,WA3 7,303000,55,North England,WA3 7<br>Avg. Price: 303K<br>Sales Volume: 55
2024,WA4 1,163000,172,North England,WA4 1<br>Avg. Price: 163K<br>Sales Volume: 172
2024,WA4 2,340000,196,North England,WA4 2<br>Avg. Price: 340K<br>Sales Volume: 196
2024,WA4 3,366000,69,North England,WA4 3<br>Avg. Price: 366K<br>Sales Volume: 69
2024,WA4 4,432000,124,North England,WA4 4<br>Avg. Price: 432K<br>Sales Volume: 124
2024,WA4 5,504000,149,North England,WA4 5<br>Avg. Price: 504K<br>Sales Volume: 149
2024,WA4 6,325000,134,North England,WA4 6<br>Avg. Price: 325K<br>Sales Volume: 134
2024,WA5 0,150000,65,North England,WA5 0<br>Avg. Price: 150K<br>Sales Volume: 65
2024,WA5 1,187000,187,North England,WA5 1<br>Avg. Price: 187K<br>Sales Volume: 187
2024,WA5 2,266000,137,North England,WA5 2<br>Avg. Price: 266K<br>Sales Volume: 137
2024,WA5 3,314000,253,North England,WA5 3<br>Avg. Price: 314K<br>Sales Volume: 253
2024,WA5 4,185000,72,North England,WA5 4<br>Avg. Price: 185K<br>Sales Volume: 72
2024,WA5 7,331000,17,North England,WA5 7<br>Avg. Price: 331K<br>Sales Volume: 17
2024,WA5 8,310000,104,North England,WA5 8<br>Avg. Price: 310K<br>Sales Volume: 104
2024,WA5 9,269000,71,North England,WA5 9<br>Avg. Price: 269K<br>Sales Volume: 71
2024,WA6 0,239000,73,North England,WA6 0<br>Avg. Price: 239K<br>Sales Volume: 73
2024,WA6 6,402000,87,North England,WA6 6<br>Avg. Price: 402K<br>Sales Volume: 87
2024,WA6 7,262000,97,North England,WA6 7<br>Avg. Price: 262K<br>Sales Volume: 97
2024,WA6 8,483000,34,North England,WA6 8<br>Avg. Price: 483K<br>Sales Volume: 34
2024,WA6 9,454000,32,North England,WA6 9<br>Avg. Price: 454K<br>Sales Volume: 32
2024,WA7 1,219000,149,North England,WA7 1<br>Avg. Price: 219K<br>Sales Volume: 149
2024,WA7 2,136000,247,North England,WA7 2<br>Avg. Price: 136K<br>Sales Volume: 247
2024,WA7 3,237000,47,North England,WA7 3<br>Avg. Price: 237K<br>Sales Volume: 47
2024,WA7 4,197000,146,North England,WA7 4<br>Avg. Price: 197K<br>Sales Volume: 146
2024,WA7 5,156000,156,North England,WA7 5<br>Avg. Price: 156K<br>Sales Volume: 156
2024,WA7 6,168000,131,North England,WA7 6<br>Avg. Price: 168K<br>Sales Volume: 131
2024,WA8 0,125000,49,North England,WA8 0<br>Avg. Price: 125K<br>Sales Volume: 49
2024,WA8 3,232000,95,North England,WA8 3<br>Avg. Price: 232K<br>Sales Volume: 95
2024,WA8 4,197000,79,North England,WA8 4<br>Avg. Price: 197K<br>Sales Volume: 79
2024,WA8 5,332000,66,North England,WA8 5<br>Avg. Price: 332K<br>Sales Volume: 66
2024,WA8 6,141000,139,North England,WA8 6<br>Avg. Price: 141K<br>Sales Volume: 139
2024,WA8 7,192000,127,North England,WA8 7<br>Avg. Price: 192K<br>Sales Volume: 127
2024,WA8 8,163000,139,North England,WA8 8<br>Avg. Price: 163K<br>Sales Volume: 139
2024,WA8 9,292000,194,North England,WA8 9<br>Avg. Price: 292K<br>Sales Volume: 194
2024,WA9 1,140000,93,North England,WA9 1<br>Avg. Price: 140K<br>Sales Volume: 93
2024,WA9 2,107000,74,North England,WA9 2<br>Avg. Price: 107K<br>Sales Volume: 74
2024,WA9 3,169000,239,North England,WA9 3<br>Avg. Price: 169K<br>Sales Volume: 239
2024,WA9 4,177000,202,North England,WA9 4<br>Avg. Price: 177K<br>Sales Volume: 202
2024,WA9 5,223000,279,North England,WA9 5<br>Avg. Price: 223K<br>Sales Volume: 279
2024,WC1A 1,3449000,13,Greater London,"WC1A 1<br>Avg. Price: 3,449K<br>Sales Volume: 13"
2024,WC1A 2,849000,7,Greater London,WC1A 2<br>Avg. Price: 849K<br>Sales Volume: 7
2024,WC1B 3,1687000,7,Greater London,"WC1B 3<br>Avg. Price: 1,687K<br>Sales Volume: 7"
2024,WC1B 4,1172000,2,Greater London,"WC1B 4<br>Avg. Price: 1,172K<br>Sales Volume: 2"
2024,WC1B 5,588000,2,Greater London,WC1B 5<br>Avg. Price: 588K<br>Sales Volume: 2
2024,WC1E 6,1004000,8,Greater London,"WC1E 6<br>Avg. Price: 1,004K<br>Sales Volume: 8"
2024,WC1E 7,1470000,6,Greater London,"WC1E 7<br>Avg. Price: 1,470K<br>Sales Volume: 6"
2024,WC1H 0,318000,39,Greater London,WC1H 0<br>Avg. Price: 318K<br>Sales Volume: 39
2024,WC1H 8,808000,11,Greater London,WC1H 8<br>Avg. Price: 808K<br>Sales Volume: 11
2024,WC1H 9,493000,32,Greater London,WC1H 9<br>Avg. Price: 493K<br>Sales Volume: 32
2024,WC1N 1,696000,25,Greater London,WC1N 1<br>Avg. Price: 696K<br>Sales Volume: 25
2024,WC1N 2,1451000,14,Greater London,"WC1N 2<br>Avg. Price: 1,451K<br>Sales Volume: 14"
2024,WC1N 3,1943000,5,Greater London,"WC1N 3<br>Avg. Price: 1,943K<br>Sales Volume: 5"
2024,WC1R 4,1249000,5,Greater London,"WC1R 4<br>Avg. Price: 1,249K<br>Sales Volume: 5"
2024,WC1R 5,1350000,2,Greater London,"WC1R 5<br>Avg. Price: 1,350K<br>Sales Volume: 2"
2024,WC1V 6,972000,1,Greater London,WC1V 6<br>Avg. Price: 972K<br>Sales Volume: 1
2024,WC1V 7,630000,2,Greater London,WC1V 7<br>Avg. Price: 630K<br>Sales Volume: 2
2024,WC1X 0,1096000,63,Greater London,"WC1X 0<br>Avg. Price: 1,096K<br>Sales Volume: 63"
2024,WC1X 8,700000,14,Greater London,WC1X 8<br>Avg. Price: 700K<br>Sales Volume: 14
2024,WC1X 9,1148000,18,Greater London,"WC1X 9<br>Avg. Price: 1,148K<br>Sales Volume: 18"
2024,WC2A 1,525000,1,Greater London,WC2A 1<br>Avg. Price: 525K<br>Sales Volume: 1
2024,WC2A 2,1040000,2,Greater London,"WC2A 2<br>Avg. Price: 1,040K<br>Sales Volume: 2"
2024,WC2B 4,1475000,1,Greater London,"WC2B 4<br>Avg. Price: 1,475K<br>Sales Volume: 1"
2024,WC2B 5,1346000,23,Greater London,"WC2B 5<br>Avg. Price: 1,346K<br>Sales Volume: 23"
2024,WC2B 6,2200000,1,Greater London,"WC2B 6<br>Avg. Price: 2,200K<br>Sales Volume: 1"
2024,WC2E 7,1110000,6,Greater London,"WC2E 7<br>Avg. Price: 1,110K<br>Sales Volume: 6"
2024,WC2E 8,3975000,1,Greater London,"WC2E 8<br>Avg. Price: 3,975K<br>Sales Volume: 1"
2024,WC2E 9,1891000,5,Greater London,"WC2E 9<br>Avg. Price: 1,891K<br>Sales Volume: 5"
2024,WC2H 0,528000,2,Greater London,WC2H 0<br>Avg. Price: 528K<br>Sales Volume: 2
2024,WC2H 7,618000,8,Greater London,WC2H 7<br>Avg. Price: 618K<br>Sales Volume: 8
2024,WC2H 8,981000,7,Greater London,WC2H 8<br>Avg. Price: 981K<br>Sales Volume: 7
2024,WC2H 9,1389000,15,Greater London,"WC2H 9<br>Avg. Price: 1,389K<br>Sales Volume: 15"
2024,WC2N 4,2304000,5,Greater London,"WC2N 4<br>Avg. Price: 2,304K<br>Sales Volume: 5"
2024,WC2N 5,1820000,2,Greater London,"WC2N 5<br>Avg. Price: 1,820K<br>Sales Volume: 2"
2024,WC2N 6,1353000,5,Greater London,"WC2N 6<br>Avg. Price: 1,353K<br>Sales Volume: 5"
2024,WC2R 0,820000,1,Greater London,WC2R 0<br>Avg. Price: 820K<br>Sales Volume: 1
2024,WC2R 1,1728000,7,Greater London,"WC2R 1<br>Avg. Price: 1,728K<br>Sales Volume: 7"
2024,WC2R 3,1900000,1,Greater London,"WC2R 3<br>Avg. Price: 1,900K<br>Sales Volume: 1"
2024,WD17 1,313000,39,Greater London,WD17 1<br>Avg. Price: 313K<br>Sales Volume: 39
2024,WD17 2,329000,66,Greater London,WD17 2<br>Avg. Price: 329K<br>Sales Volume: 66
2024,WD17 3,1018000,53,Greater London,"WD17 3<br>Avg. Price: 1,018K<br>Sales Volume: 53"
2024,WD17 4,532000,113,Greater London,WD17 4<br>Avg. Price: 532K<br>Sales Volume: 113
2024,WD18 0,398000,150,Greater London,WD18 0<br>Avg. Price: 398K<br>Sales Volume: 150
2024,WD18 6,309000,37,Greater London,WD18 6<br>Avg. Price: 309K<br>Sales Volume: 37
2024,WD18 7,441000,164,Greater London,WD18 7<br>Avg. Price: 441K<br>Sales Volume: 164
2024,WD18 8,440000,10,Greater London,WD18 8<br>Avg. Price: 440K<br>Sales Volume: 10
2024,WD18 9,618000,3,Greater London,WD18 9<br>Avg. Price: 618K<br>Sales Volume: 3
2024,WD19 4,610000,132,Greater London,WD19 4<br>Avg. Price: 610K<br>Sales Volume: 132
2024,WD19 5,498000,69,Greater London,WD19 5<br>Avg. Price: 498K<br>Sales Volume: 69
2024,WD19 6,399000,60,Greater London,WD19 6<br>Avg. Price: 399K<br>Sales Volume: 60
2024,WD19 7,389000,95,Greater London,WD19 7<br>Avg. Price: 389K<br>Sales Volume: 95
2024,WD23 1,595000,101,Greater London,WD23 1<br>Avg. Price: 595K<br>Sales Volume: 101
2024,WD23 2,536000,120,Greater London,WD23 2<br>Avg. Price: 536K<br>Sales Volume: 120
2024,WD23 3,489000,96,Greater London,WD23 3<br>Avg. Price: 489K<br>Sales Volume: 96
2024,WD23 4,611000,85,Greater London,WD23 4<br>Avg. Price: 611K<br>Sales Volume: 85
2024,WD24 4,398000,70,Greater London,WD24 4<br>Avg. Price: 398K<br>Sales Volume: 70
2024,WD24 5,379000,113,Greater London,WD24 5<br>Avg. Price: 379K<br>Sales Volume: 113
2024,WD24 6,384000,76,Greater London,WD24 6<br>Avg. Price: 384K<br>Sales Volume: 76
2024,WD24 7,459000,57,Greater London,WD24 7<br>Avg. Price: 459K<br>Sales Volume: 57
2024,WD25 0,463000,95,Greater London,WD25 0<br>Avg. Price: 463K<br>Sales Volume: 95
2024,WD25 7,470000,86,Greater London,WD25 7<br>Avg. Price: 470K<br>Sales Volume: 86
2024,WD25 8,899000,16,Greater London,WD25 8<br>Avg. Price: 899K<br>Sales Volume: 16
2024,WD25 9,410000,118,Greater London,WD25 9<br>Avg. Price: 410K<br>Sales Volume: 118
2024,WD3 1,605000,74,Greater London,WD3 1<br>Avg. Price: 605K<br>Sales Volume: 74
2024,WD3 3,686000,195,Greater London,WD3 3<br>Avg. Price: 686K<br>Sales Volume: 195
2024,WD3 4,1452000,43,Greater London,"WD3 4<br>Avg. Price: 1,452K<br>Sales Volume: 43"
2024,WD3 5,867000,107,Greater London,WD3 5<br>Avg. Price: 867K<br>Sales Volume: 107
2024,WD3 6,691000,15,Greater London,WD3 6<br>Avg. Price: 691K<br>Sales Volume: 15
2024,WD3 7,908000,45,Greater London,WD3 7<br>Avg. Price: 908K<br>Sales Volume: 45
2024,WD3 8,495000,73,Greater London,WD3 8<br>Avg. Price: 495K<br>Sales Volume: 73
2024,WD3 9,460000,32,Greater London,WD3 9<br>Avg. Price: 460K<br>Sales Volume: 32
2024,WD4 8,477000,156,Greater London,WD4 8<br>Avg. Price: 477K<br>Sales Volume: 156
2024,WD4 9,967000,52,Greater London,WD4 9<br>Avg. Price: 967K<br>Sales Volume: 52
2024,WD5 0,494000,156,Greater London,WD5 0<br>Avg. Price: 494K<br>Sales Volume: 156
2024,WD6 1,438000,104,Greater London,WD6 1<br>Avg. Price: 438K<br>Sales Volume: 104
2024,WD6 2,487000,78,Greater London,WD6 2<br>Avg. Price: 487K<br>Sales Volume: 78
2024,WD6 3,953000,59,Greater London,WD6 3<br>Avg. Price: 953K<br>Sales Volume: 59
2024,WD6 4,439000,61,Greater London,WD6 4<br>Avg. Price: 439K<br>Sales Volume: 61
2024,WD6 5,443000,89,Greater London,WD6 5<br>Avg. Price: 443K<br>Sales Volume: 89
2024,WD7 7,1319000,53,Greater London,"WD7 7<br>Avg. Price: 1,319K<br>Sales Volume: 53"
2024,WD7 8,1402000,93,Greater London,"WD7 8<br>Avg. Price: 1,402K<br>Sales Volume: 93"
2024,WD7 9,609000,46,Greater London,WD7 9<br>Avg. Price: 609K<br>Sales Volume: 46
2024,WF1 1,227000,37,North England,WF1 1<br>Avg. Price: 227K<br>Sales Volume: 37
2024,WF1 2,245000,260,North England,WF1 2<br>Avg. Price: 245K<br>Sales Volume: 260
2024,WF1 3,216000,95,North England,WF1 3<br>Avg. Price: 216K<br>Sales Volume: 95
2024,WF1 4,208000,105,North England,WF1 4<br>Avg. Price: 208K<br>Sales Volume: 105
2024,WF1 5,195000,147,North England,WF1 5<br>Avg. Price: 195K<br>Sales Volume: 147
2024,WF10 1,196000,99,North England,WF10 1<br>Avg. Price: 196K<br>Sales Volume: 99
2024,WF10 2,176000,131,North England,WF10 2<br>Avg. Price: 176K<br>Sales Volume: 131
2024,WF10 3,193000,147,North England,WF10 3<br>Avg. Price: 193K<br>Sales Volume: 147
2024,WF10 4,157000,177,North England,WF10 4<br>Avg. Price: 157K<br>Sales Volume: 177
2024,WF10 5,207000,336,North England,WF10 5<br>Avg. Price: 207K<br>Sales Volume: 336
2024,WF11 0,179000,161,North England,WF11 0<br>Avg. Price: 179K<br>Sales Volume: 161
2024,WF11 8,148000,88,North England,WF11 8<br>Avg. Price: 148K<br>Sales Volume: 88
2024,WF11 9,222000,62,North England,WF11 9<br>Avg. Price: 222K<br>Sales Volume: 62
2024,WF12 0,210000,104,North England,WF12 0<br>Avg. Price: 210K<br>Sales Volume: 104
2024,WF12 7,229000,206,North England,WF12 7<br>Avg. Price: 229K<br>Sales Volume: 206
2024,WF12 8,160000,101,North England,WF12 8<br>Avg. Price: 160K<br>Sales Volume: 101
2024,WF12 9,192000,62,North England,WF12 9<br>Avg. Price: 192K<br>Sales Volume: 62
2024,WF13 1,108000,8,North England,WF13 1<br>Avg. Price: 108K<br>Sales Volume: 8
2024,WF13 2,133000,40,North England,WF13 2<br>Avg. Price: 133K<br>Sales Volume: 40
2024,WF13 3,146000,79,North England,WF13 3<br>Avg. Price: 146K<br>Sales Volume: 79
2024,WF13 4,166000,89,North England,WF13 4<br>Avg. Price: 166K<br>Sales Volume: 89
2024,WF14 0,234000,132,North England,WF14 0<br>Avg. Price: 234K<br>Sales Volume: 132
2024,WF14 8,262000,121,North England,WF14 8<br>Avg. Price: 262K<br>Sales Volume: 121
2024,WF14 9,247000,129,North England,WF14 9<br>Avg. Price: 247K<br>Sales Volume: 129
2024,WF15 6,185000,75,North England,WF15 6<br>Avg. Price: 185K<br>Sales Volume: 75
2024,WF15 7,211000,128,North England,WF15 7<br>Avg. Price: 211K<br>Sales Volume: 128
2024,WF15 8,275000,75,North England,WF15 8<br>Avg. Price: 275K<br>Sales Volume: 75
2024,WF16 0,155000,60,North England,WF16 0<br>Avg. Price: 155K<br>Sales Volume: 60
2024,WF16 9,169000,97,North England,WF16 9<br>Avg. Price: 169K<br>Sales Volume: 97
2024,WF17 0,262000,94,North England,WF17 0<br>Avg. Price: 262K<br>Sales Volume: 94
2024,WF17 5,108000,19,North England,WF17 5<br>Avg. Price: 108K<br>Sales Volume: 19
2024,WF17 6,223000,132,North England,WF17 6<br>Avg. Price: 223K<br>Sales Volume: 132
2024,WF17 7,164000,64,North England,WF17 7<br>Avg. Price: 164K<br>Sales Volume: 64
2024,WF17 8,165000,98,North England,WF17 8<br>Avg. Price: 165K<br>Sales Volume: 98
2024,WF17 9,181000,77,North England,WF17 9<br>Avg. Price: 181K<br>Sales Volume: 77
2024,WF2 0,231000,157,North England,WF2 0<br>Avg. Price: 231K<br>Sales Volume: 157
2024,WF2 6,447000,120,North England,WF2 6<br>Avg. Price: 447K<br>Sales Volume: 120
2024,WF2 7,249000,99,North England,WF2 7<br>Avg. Price: 249K<br>Sales Volume: 99
2024,WF2 8,206000,173,North England,WF2 8<br>Avg. Price: 206K<br>Sales Volume: 173
2024,WF2 9,159000,135,North England,WF2 9<br>Avg. Price: 159K<br>Sales Volume: 135
2024,WF3 1,269000,191,North England,WF3 1<br>Avg. Price: 269K<br>Sales Volume: 191
2024,WF3 2,252000,160,North England,WF3 2<br>Avg. Price: 252K<br>Sales Volume: 160
2024,WF3 3,262000,206,North England,WF3 3<br>Avg. Price: 262K<br>Sales Volume: 206
2024,WF3 4,264000,215,North England,WF3 4<br>Avg. Price: 264K<br>Sales Volume: 215
2024,WF4 1,218000,92,North England,WF4 1<br>Avg. Price: 218K<br>Sales Volume: 92
2024,WF4 2,260000,92,North England,WF4 2<br>Avg. Price: 260K<br>Sales Volume: 92
2024,WF4 3,222000,149,North England,WF4 3<br>Avg. Price: 222K<br>Sales Volume: 149
2024,WF4 4,302000,113,North England,WF4 4<br>Avg. Price: 302K<br>Sales Volume: 113
2024,WF4 5,247000,65,North England,WF4 5<br>Avg. Price: 247K<br>Sales Volume: 65
2024,WF4 6,217000,58,North England,WF4 6<br>Avg. Price: 217K<br>Sales Volume: 58
2024,WF5 0,242000,100,North England,WF5 0<br>Avg. Price: 242K<br>Sales Volume: 100
2024,WF5 8,229000,110,North England,WF5 8<br>Avg. Price: 229K<br>Sales Volume: 110
2024,WF5 9,184000,123,North England,WF5 9<br>Avg. Price: 184K<br>Sales Volume: 123
2024,WF6 1,179000,150,North England,WF6 1<br>Avg. Price: 179K<br>Sales Volume: 150
2024,WF6 2,195000,156,North England,WF6 2<br>Avg. Price: 195K<br>Sales Volume: 156
2024,WF7 5,171000,117,North England,WF7 5<br>Avg. Price: 171K<br>Sales Volume: 117
2024,WF7 6,171000,83,North England,WF7 6<br>Avg. Price: 171K<br>Sales Volume: 83
2024,WF7 7,248000,122,North England,WF7 7<br>Avg. Price: 248K<br>Sales Volume: 122
2024,WF8 1,167000,90,North England,WF8 1<br>Avg. Price: 167K<br>Sales Volume: 90
2024,WF8 2,193000,216,North England,WF8 2<br>Avg. Price: 193K<br>Sales Volume: 216
2024,WF8 3,340000,99,North England,WF8 3<br>Avg. Price: 340K<br>Sales Volume: 99
2024,WF8 4,244000,164,North England,WF8 4<br>Avg. Price: 244K<br>Sales Volume: 164
2024,WF9 1,197000,93,North England,WF9 1<br>Avg. Price: 197K<br>Sales Volume: 93
2024,WF9 2,146000,155,North England,WF9 2<br>Avg. Price: 146K<br>Sales Volume: 155
2024,WF9 3,163000,91,North England,WF9 3<br>Avg. Price: 163K<br>Sales Volume: 91
2024,WF9 4,149000,127,North England,WF9 4<br>Avg. Price: 149K<br>Sales Volume: 127
2024,WF9 5,157000,78,North England,WF9 5<br>Avg. Price: 157K<br>Sales Volume: 78
2024,WN1 1,167000,21,North England,WN1 1<br>Avg. Price: 167K<br>Sales Volume: 21
2024,WN1 2,256000,178,North England,WN1 2<br>Avg. Price: 256K<br>Sales Volume: 178
2024,WN1 3,132000,128,North England,WN1 3<br>Avg. Price: 132K<br>Sales Volume: 128
2024,WN2 1,216000,106,North England,WN2 1<br>Avg. Price: 216K<br>Sales Volume: 106
2024,WN2 2,201000,181,North England,WN2 2<br>Avg. Price: 201K<br>Sales Volume: 181
2024,WN2 3,151000,144,North England,WN2 3<br>Avg. Price: 151K<br>Sales Volume: 144
2024,WN2 4,188000,219,North England,WN2 4<br>Avg. Price: 188K<br>Sales Volume: 219
2024,WN2 5,156000,212,North England,WN2 5<br>Avg. Price: 156K<br>Sales Volume: 212
2024,WN3 4,132000,83,North England,WN3 4<br>Avg. Price: 132K<br>Sales Volume: 83
2024,WN3 5,176000,157,North England,WN3 5<br>Avg. Price: 176K<br>Sales Volume: 157
2024,WN3 6,221000,153,North England,WN3 6<br>Avg. Price: 221K<br>Sales Volume: 153
2024,WN4 0,192000,117,North England,WN4 0<br>Avg. Price: 192K<br>Sales Volume: 117
2024,WN4 8,217000,123,North England,WN4 8<br>Avg. Price: 217K<br>Sales Volume: 123
2024,WN4 9,186000,172,North England,WN4 9<br>Avg. Price: 186K<br>Sales Volume: 172
2024,WN5 0,142000,93,North England,WN5 0<br>Avg. Price: 142K<br>Sales Volume: 93
2024,WN5 7,238000,159,North England,WN5 7<br>Avg. Price: 238K<br>Sales Volume: 159
2024,WN5 8,211000,196,North England,WN5 8<br>Avg. Price: 211K<br>Sales Volume: 196
2024,WN5 9,143000,144,North England,WN5 9<br>Avg. Price: 143K<br>Sales Volume: 144
2024,WN6 0,262000,349,North England,WN6 0<br>Avg. Price: 262K<br>Sales Volume: 349
2024,WN6 7,151000,158,North England,WN6 7<br>Avg. Price: 151K<br>Sales Volume: 158
2024,WN6 8,209000,171,North England,WN6 8<br>Avg. Price: 209K<br>Sales Volume: 171
2024,WN6 9,312000,81,North England,WN6 9<br>Avg. Price: 312K<br>Sales Volume: 81
2024,WN7 1,163000,182,North England,WN7 1<br>Avg. Price: 163K<br>Sales Volume: 182
2024,WN7 2,191000,157,North England,WN7 2<br>Avg. Price: 191K<br>Sales Volume: 157
2024,WN7 3,206000,167,North England,WN7 3<br>Avg. Price: 206K<br>Sales Volume: 167
2024,WN7 4,139000,173,North England,WN7 4<br>Avg. Price: 139K<br>Sales Volume: 173
2024,WN7 5,172000,236,North England,WN7 5<br>Avg. Price: 172K<br>Sales Volume: 236
2024,WN8 0,265000,88,North England,WN8 0<br>Avg. Price: 265K<br>Sales Volume: 88
2024,WN8 6,173000,228,North England,WN8 6<br>Avg. Price: 173K<br>Sales Volume: 228
2024,WN8 7,387000,69,North England,WN8 7<br>Avg. Price: 387K<br>Sales Volume: 69
2024,WN8 8,175000,193,North England,WN8 8<br>Avg. Price: 175K<br>Sales Volume: 193
2024,WN8 9,114000,92,North England,WN8 9<br>Avg. Price: 114K<br>Sales Volume: 92
2024,WR1 1,212000,113,Midlands,WR1 1<br>Avg. Price: 212K<br>Sales Volume: 113
2024,WR1 2,194000,56,Midlands,WR1 2<br>Avg. Price: 194K<br>Sales Volume: 56
2024,WR1 3,308000,57,Midlands,WR1 3<br>Avg. Price: 308K<br>Sales Volume: 57
2024,WR10 1,327000,136,Midlands,WR10 1<br>Avg. Price: 327K<br>Sales Volume: 136
2024,WR10 2,400000,166,Midlands,WR10 2<br>Avg. Price: 400K<br>Sales Volume: 166
2024,WR10 3,524000,51,Midlands,WR10 3<br>Avg. Price: 524K<br>Sales Volume: 51
2024,WR11 1,299000,85,Midlands,WR11 1<br>Avg. Price: 299K<br>Sales Volume: 85
2024,WR11 2,308000,165,Midlands,WR11 2<br>Avg. Price: 308K<br>Sales Volume: 165
2024,WR11 3,266000,106,Midlands,WR11 3<br>Avg. Price: 266K<br>Sales Volume: 106
2024,WR11 4,318000,116,Midlands,WR11 4<br>Avg. Price: 318K<br>Sales Volume: 116
2024,WR11 7,403000,125,Midlands,WR11 7<br>Avg. Price: 403K<br>Sales Volume: 125
2024,WR11 8,400000,114,Midlands,WR11 8<br>Avg. Price: 400K<br>Sales Volume: 114
2024,WR12 7,681000,106,Midlands,WR12 7<br>Avg. Price: 681K<br>Sales Volume: 106
2024,WR13 5,496000,59,Midlands,WR13 5<br>Avg. Price: 496K<br>Sales Volume: 59
2024,WR13 6,519000,60,Midlands,WR13 6<br>Avg. Price: 519K<br>Sales Volume: 60
2024,WR14 1,293000,221,Midlands,WR14 1<br>Avg. Price: 293K<br>Sales Volume: 221
2024,WR14 2,317000,146,Midlands,WR14 2<br>Avg. Price: 317K<br>Sales Volume: 146
2024,WR14 3,363000,170,Midlands,WR14 3<br>Avg. Price: 363K<br>Sales Volume: 170
2024,WR14 4,439000,93,Midlands,WR14 4<br>Avg. Price: 439K<br>Sales Volume: 93
2024,WR15 8,352000,98,Midlands,WR15 8<br>Avg. Price: 352K<br>Sales Volume: 98
2024,WR2 4,329000,154,Midlands,WR2 4<br>Avg. Price: 329K<br>Sales Volume: 154
2024,WR2 5,289000,319,Midlands,WR2 5<br>Avg. Price: 289K<br>Sales Volume: 319
2024,WR2 6,388000,174,Midlands,WR2 6<br>Avg. Price: 388K<br>Sales Volume: 174
2024,WR3 7,345000,169,Midlands,WR3 7<br>Avg. Price: 345K<br>Sales Volume: 169
2024,WR3 8,282000,153,Midlands,WR3 8<br>Avg. Price: 282K<br>Sales Volume: 153
2024,WR4 0,299000,159,Midlands,WR4 0<br>Avg. Price: 299K<br>Sales Volume: 159
2024,WR4 9,199000,161,Midlands,WR4 9<br>Avg. Price: 199K<br>Sales Volume: 161
2024,WR5 1,257000,146,Midlands,WR5 1<br>Avg. Price: 257K<br>Sales Volume: 146
2024,WR5 2,330000,196,Midlands,WR5 2<br>Avg. Price: 330K<br>Sales Volume: 196
2024,WR5 3,306000,232,Midlands,WR5 3<br>Avg. Price: 306K<br>Sales Volume: 232
2024,WR6 5,431000,53,Midlands,WR6 5<br>Avg. Price: 431K<br>Sales Volume: 53
2024,WR6 6,468000,86,Midlands,WR6 6<br>Avg. Price: 468K<br>Sales Volume: 86
2024,WR7 4,553000,64,Midlands,WR7 4<br>Avg. Price: 553K<br>Sales Volume: 64
2024,WR8 0,354000,76,Midlands,WR8 0<br>Avg. Price: 354K<br>Sales Volume: 76
2024,WR8 9,493000,28,Midlands,WR8 9<br>Avg. Price: 493K<br>Sales Volume: 28
2024,WR9 0,452000,69,Midlands,WR9 0<br>Avg. Price: 452K<br>Sales Volume: 69
2024,WR9 7,361000,203,Midlands,WR9 7<br>Avg. Price: 361K<br>Sales Volume: 203
2024,WR9 8,258000,158,Midlands,WR9 8<br>Avg. Price: 258K<br>Sales Volume: 158
2024,WR9 9,212000,42,Midlands,WR9 9<br>Avg. Price: 212K<br>Sales Volume: 42
2024,WS1 1,104000,15,Midlands,WS1 1<br>Avg. Price: 104K<br>Sales Volume: 15
2024,WS1 2,248000,76,Midlands,WS1 2<br>Avg. Price: 248K<br>Sales Volume: 76
2024,WS1 3,228000,58,Midlands,WS1 3<br>Avg. Price: 228K<br>Sales Volume: 58
2024,WS1 4,176000,43,Midlands,WS1 4<br>Avg. Price: 176K<br>Sales Volume: 43
2024,WS10 0,193000,131,Midlands,WS10 0<br>Avg. Price: 193K<br>Sales Volume: 131
2024,WS10 7,189000,74,Midlands,WS10 7<br>Avg. Price: 189K<br>Sales Volume: 74
2024,WS10 8,165000,111,Midlands,WS10 8<br>Avg. Price: 165K<br>Sales Volume: 111
2024,WS10 9,172000,128,Midlands,WS10 9<br>Avg. Price: 172K<br>Sales Volume: 128
2024,WS11 0,176000,57,Midlands,WS11 0<br>Avg. Price: 176K<br>Sales Volume: 57
2024,WS11 1,292000,137,Midlands,WS11 1<br>Avg. Price: 292K<br>Sales Volume: 137
2024,WS11 4,186000,49,Midlands,WS11 4<br>Avg. Price: 186K<br>Sales Volume: 49
2024,WS11 5,205000,73,Midlands,WS11 5<br>Avg. Price: 205K<br>Sales Volume: 73
2024,WS11 6,212000,49,Midlands,WS11 6<br>Avg. Price: 212K<br>Sales Volume: 49
2024,WS11 7,229000,59,Midlands,WS11 7<br>Avg. Price: 229K<br>Sales Volume: 59
2024,WS11 8,209000,26,Midlands,WS11 8<br>Avg. Price: 209K<br>Sales Volume: 26
2024,WS11 9,244000,139,Midlands,WS11 9<br>Avg. Price: 244K<br>Sales Volume: 139
2024,WS12 0,244000,35,Midlands,WS12 0<br>Avg. Price: 244K<br>Sales Volume: 35
2024,WS12 1,201000,81,Midlands,WS12 1<br>Avg. Price: 201K<br>Sales Volume: 81
2024,WS12 2,236000,98,Midlands,WS12 2<br>Avg. Price: 236K<br>Sales Volume: 98
2024,WS12 3,225000,58,Midlands,WS12 3<br>Avg. Price: 225K<br>Sales Volume: 58
2024,WS12 4,233000,326,Midlands,WS12 4<br>Avg. Price: 233K<br>Sales Volume: 326
2024,WS13 6,309000,222,Midlands,WS13 6<br>Avg. Price: 309K<br>Sales Volume: 222
2024,WS13 7,316000,128,Midlands,WS13 7<br>Avg. Price: 316K<br>Sales Volume: 128
2024,WS13 8,397000,244,Midlands,WS13 8<br>Avg. Price: 397K<br>Sales Volume: 244
2024,WS14 0,488000,116,Midlands,WS14 0<br>Avg. Price: 488K<br>Sales Volume: 116
2024,WS14 9,378000,267,Midlands,WS14 9<br>Avg. Price: 378K<br>Sales Volume: 267
2024,WS15 1,232000,170,Midlands,WS15 1<br>Avg. Price: 232K<br>Sales Volume: 170
2024,WS15 2,229000,184,Midlands,WS15 2<br>Avg. Price: 229K<br>Sales Volume: 184
2024,WS15 3,483000,45,Midlands,WS15 3<br>Avg. Price: 483K<br>Sales Volume: 45
2024,WS15 4,263000,115,Midlands,WS15 4<br>Avg. Price: 263K<br>Sales Volume: 115
2024,WS2 0,172000,75,Midlands,WS2 0<br>Avg. Price: 172K<br>Sales Volume: 75
2024,WS2 7,175000,81,Midlands,WS2 7<br>Avg. Price: 175K<br>Sales Volume: 81
2024,WS2 8,184000,133,Midlands,WS2 8<br>Avg. Price: 184K<br>Sales Volume: 133
2024,WS2 9,159000,86,Midlands,WS2 9<br>Avg. Price: 159K<br>Sales Volume: 86
2024,WS3 1,224000,258,Midlands,WS3 1<br>Avg. Price: 224K<br>Sales Volume: 258
2024,WS3 2,167000,129,Midlands,WS3 2<br>Avg. Price: 167K<br>Sales Volume: 129
2024,WS3 3,226000,166,Midlands,WS3 3<br>Avg. Price: 226K<br>Sales Volume: 166
2024,WS3 4,229000,105,Midlands,WS3 4<br>Avg. Price: 229K<br>Sales Volume: 105
2024,WS3 5,223000,17,Midlands,WS3 5<br>Avg. Price: 223K<br>Sales Volume: 17
2024,WS4 1,209000,165,Midlands,WS4 1<br>Avg. Price: 209K<br>Sales Volume: 165
2024,WS4 2,271000,53,Midlands,WS4 2<br>Avg. Price: 271K<br>Sales Volume: 53
2024,WS5 3,379000,119,Midlands,WS5 3<br>Avg. Price: 379K<br>Sales Volume: 119
2024,WS5 4,220000,97,Midlands,WS5 4<br>Avg. Price: 220K<br>Sales Volume: 97
2024,WS6 6,248000,96,Midlands,WS6 6<br>Avg. Price: 248K<br>Sales Volume: 96
2024,WS6 7,280000,109,Midlands,WS6 7<br>Avg. Price: 280K<br>Sales Volume: 109
2024,WS7 0,307000,63,Midlands,WS7 0<br>Avg. Price: 307K<br>Sales Volume: 63
2024,WS7 1,241000,76,Midlands,WS7 1<br>Avg. Price: 241K<br>Sales Volume: 76
2024,WS7 2,246000,60,Midlands,WS7 2<br>Avg. Price: 246K<br>Sales Volume: 60
2024,WS7 3,228000,41,Midlands,WS7 3<br>Avg. Price: 228K<br>Sales Volume: 41
2024,WS7 4,215000,85,Midlands,WS7 4<br>Avg. Price: 215K<br>Sales Volume: 85
2024,WS7 9,336000,72,Midlands,WS7 9<br>Avg. Price: 336K<br>Sales Volume: 72
2024,WS8 6,203000,78,Midlands,WS8 6<br>Avg. Price: 203K<br>Sales Volume: 78
2024,WS8 7,217000,115,Midlands,WS8 7<br>Avg. Price: 217K<br>Sales Volume: 115
2024,WS9 0,350000,116,Midlands,WS9 0<br>Avg. Price: 350K<br>Sales Volume: 116
2024,WS9 8,264000,149,Midlands,WS9 8<br>Avg. Price: 264K<br>Sales Volume: 149
2024,WS9 9,287000,75,Midlands,WS9 9<br>Avg. Price: 287K<br>Sales Volume: 75
2024,WV1 1,75000,1,Midlands,WV1 1<br>Avg. Price: 75K<br>Sales Volume: 1
2024,WV1 2,165000,69,Midlands,WV1 2<br>Avg. Price: 165K<br>Sales Volume: 69
2024,WV1 3,103000,13,Midlands,WV1 3<br>Avg. Price: 103K<br>Sales Volume: 13
2024,WV1 4,177000,29,Midlands,WV1 4<br>Avg. Price: 177K<br>Sales Volume: 29
2024,WV10 0,166000,105,Midlands,WV10 0<br>Avg. Price: 166K<br>Sales Volume: 105
2024,WV10 6,217000,221,Midlands,WV10 6<br>Avg. Price: 217K<br>Sales Volume: 221
2024,WV10 7,269000,77,Midlands,WV10 7<br>Avg. Price: 269K<br>Sales Volume: 77
2024,WV10 8,218000,144,Midlands,WV10 8<br>Avg. Price: 218K<br>Sales Volume: 144
2024,WV10 9,158000,95,Midlands,WV10 9<br>Avg. Price: 158K<br>Sales Volume: 95
2024,WV11 1,190000,118,Midlands,WV11 1<br>Avg. Price: 190K<br>Sales Volume: 118
2024,WV11 2,214000,138,Midlands,WV11 2<br>Avg. Price: 214K<br>Sales Volume: 138
2024,WV11 3,217000,141,Midlands,WV11 3<br>Avg. Price: 217K<br>Sales Volume: 141
2024,WV12 4,204000,115,Midlands,WV12 4<br>Avg. Price: 204K<br>Sales Volume: 115
2024,WV12 5,208000,156,Midlands,WV12 5<br>Avg. Price: 208K<br>Sales Volume: 156
2024,WV13 1,170000,82,Midlands,WV13 1<br>Avg. Price: 170K<br>Sales Volume: 82
2024,WV13 2,175000,59,Midlands,WV13 2<br>Avg. Price: 175K<br>Sales Volume: 59
2024,WV13 3,182000,77,Midlands,WV13 3<br>Avg. Price: 182K<br>Sales Volume: 77
2024,WV14 0,190000,46,Midlands,WV14 0<br>Avg. Price: 190K<br>Sales Volume: 46
2024,WV14 6,191000,64,Midlands,WV14 6<br>Avg. Price: 191K<br>Sales Volume: 64
2024,WV14 7,162000,47,Midlands,WV14 7<br>Avg. Price: 162K<br>Sales Volume: 47
2024,WV14 8,192000,168,Midlands,WV14 8<br>Avg. Price: 192K<br>Sales Volume: 168
2024,WV14 9,185000,124,Midlands,WV14 9<br>Avg. Price: 185K<br>Sales Volume: 124
2024,WV15 5,349000,51,Midlands,WV15 5<br>Avg. Price: 349K<br>Sales Volume: 51
2024,WV15 6,318000,70,Midlands,WV15 6<br>Avg. Price: 318K<br>Sales Volume: 70
2024,WV16 4,325000,111,Midlands,WV16 4<br>Avg. Price: 325K<br>Sales Volume: 111
2024,WV16 5,367000,62,Midlands,WV16 5<br>Avg. Price: 367K<br>Sales Volume: 62
2024,WV16 6,262000,67,Midlands,WV16 6<br>Avg. Price: 262K<br>Sales Volume: 67
2024,WV2 1,162000,36,Midlands,WV2 1<br>Avg. Price: 162K<br>Sales Volume: 36
2024,WV2 2,173000,69,Midlands,WV2 2<br>Avg. Price: 173K<br>Sales Volume: 69
2024,WV2 3,165000,26,Midlands,WV2 3<br>Avg. Price: 165K<br>Sales Volume: 26
2024,WV2 4,146000,29,Midlands,WV2 4<br>Avg. Price: 146K<br>Sales Volume: 29
2024,WV3 0,157000,71,Midlands,WV3 0<br>Avg. Price: 157K<br>Sales Volume: 71
2024,WV3 7,231000,114,Midlands,WV3 7<br>Avg. Price: 231K<br>Sales Volume: 114
2024,WV3 8,315000,76,Midlands,WV3 8<br>Avg. Price: 315K<br>Sales Volume: 76
2024,WV3 9,245000,128,Midlands,WV3 9<br>Avg. Price: 245K<br>Sales Volume: 128
2024,WV4 4,253000,123,Midlands,WV4 4<br>Avg. Price: 253K<br>Sales Volume: 123
2024,WV4 5,281000,119,Midlands,WV4 5<br>Avg. Price: 281K<br>Sales Volume: 119
2024,WV4 6,189000,131,Midlands,WV4 6<br>Avg. Price: 189K<br>Sales Volume: 131
2024,WV5 0,297000,91,Midlands,WV5 0<br>Avg. Price: 297K<br>Sales Volume: 91
2024,WV5 7,552000,30,Midlands,WV5 7<br>Avg. Price: 552K<br>Sales Volume: 30
2024,WV5 8,327000,56,Midlands,WV5 8<br>Avg. Price: 327K<br>Sales Volume: 56
2024,WV5 9,303000,52,Midlands,WV5 9<br>Avg. Price: 303K<br>Sales Volume: 52
2024,WV6 0,177000,122,Midlands,WV6 0<br>Avg. Price: 177K<br>Sales Volume: 122
2024,WV6 7,332000,175,Midlands,WV6 7<br>Avg. Price: 332K<br>Sales Volume: 175
2024,WV6 8,363000,176,Midlands,WV6 8<br>Avg. Price: 363K<br>Sales Volume: 176
2024,WV6 9,302000,107,Midlands,WV6 9<br>Avg. Price: 302K<br>Sales Volume: 107
2024,WV7 3,317000,114,Midlands,WV7 3<br>Avg. Price: 317K<br>Sales Volume: 114
2024,WV8 1,301000,124,Midlands,WV8 1<br>Avg. Price: 301K<br>Sales Volume: 124
2024,WV8 2,390000,59,Midlands,WV8 2<br>Avg. Price: 390K<br>Sales Volume: 59
2024,WV9 5,248000,82,Midlands,WV9 5<br>Avg. Price: 248K<br>Sales Volume: 82
2024,YO1 6,372000,51,North England,YO1 6<br>Avg. Price: 372K<br>Sales Volume: 51
2024,YO1 7,474000,30,North England,YO1 7<br>Avg. Price: 474K<br>Sales Volume: 30
2024,YO1 8,264000,5,North England,YO1 8<br>Avg. Price: 264K<br>Sales Volume: 5
2024,YO1 9,356000,45,North England,YO1 9<br>Avg. Price: 356K<br>Sales Volume: 45
2024,YO10 3,276000,159,North England,YO10 3<br>Avg. Price: 276K<br>Sales Volume: 159
2024,YO10 4,361000,105,North England,YO10 4<br>Avg. Price: 361K<br>Sales Volume: 105
2024,YO10 5,311000,55,North England,YO10 5<br>Avg. Price: 311K<br>Sales Volume: 55
2024,YO11 1,146000,83,North England,YO11 1<br>Avg. Price: 146K<br>Sales Volume: 83
2024,YO11 2,173000,214,North England,YO11 2<br>Avg. Price: 173K<br>Sales Volume: 214
2024,YO11 3,216000,299,North England,YO11 3<br>Avg. Price: 216K<br>Sales Volume: 299
2024,YO12 4,204000,188,North England,YO12 4<br>Avg. Price: 204K<br>Sales Volume: 188
2024,YO12 5,214000,156,North England,YO12 5<br>Avg. Price: 214K<br>Sales Volume: 156
2024,YO12 6,234000,160,North England,YO12 6<br>Avg. Price: 234K<br>Sales Volume: 160
2024,YO12 7,156000,221,North England,YO12 7<br>Avg. Price: 156K<br>Sales Volume: 221
2024,YO13 0,323000,131,North England,YO13 0<br>Avg. Price: 323K<br>Sales Volume: 131
2024,YO13 9,339000,75,North England,YO13 9<br>Avg. Price: 339K<br>Sales Volume: 75
2024,YO14 0,245000,137,North England,YO14 0<br>Avg. Price: 245K<br>Sales Volume: 137
2024,YO14 9,218000,147,North England,YO14 9<br>Avg. Price: 218K<br>Sales Volume: 147
2024,YO15 1,242000,74,North England,YO15 1<br>Avg. Price: 242K<br>Sales Volume: 74
2024,YO15 2,152000,107,North England,YO15 2<br>Avg. Price: 152K<br>Sales Volume: 107
2024,YO15 3,215000,150,North England,YO15 3<br>Avg. Price: 215K<br>Sales Volume: 150
2024,YO16 4,149000,142,North England,YO16 4<br>Avg. Price: 149K<br>Sales Volume: 142
2024,YO16 6,225000,215,North England,YO16 6<br>Avg. Price: 225K<br>Sales Volume: 215
2024,YO16 7,166000,159,North England,YO16 7<br>Avg. Price: 166K<br>Sales Volume: 159
2024,YO17 6,368000,44,North England,YO17 6<br>Avg. Price: 368K<br>Sales Volume: 44
2024,YO17 7,318000,82,North England,YO17 7<br>Avg. Price: 318K<br>Sales Volume: 82
2024,YO17 8,285000,81,North England,YO17 8<br>Avg. Price: 285K<br>Sales Volume: 81
2024,YO17 9,262000,109,North England,YO17 9<br>Avg. Price: 262K<br>Sales Volume: 109
2024,YO18 7,322000,155,North England,YO18 7<br>Avg. Price: 322K<br>Sales Volume: 155
2024,YO18 8,300000,83,North England,YO18 8<br>Avg. Price: 300K<br>Sales Volume: 83
2024,YO19 4,353000,71,North England,YO19 4<br>Avg. Price: 353K<br>Sales Volume: 71
2024,YO19 5,379000,42,North England,YO19 5<br>Avg. Price: 379K<br>Sales Volume: 42
2024,YO19 6,481000,92,North England,YO19 6<br>Avg. Price: 481K<br>Sales Volume: 92
2024,YO21 1,282000,114,North England,YO21 1<br>Avg. Price: 282K<br>Sales Volume: 114
2024,YO21 2,341000,34,North England,YO21 2<br>Avg. Price: 341K<br>Sales Volume: 34
2024,YO21 3,279000,109,North England,YO21 3<br>Avg. Price: 279K<br>Sales Volume: 109
2024,YO22 4,271000,134,North England,YO22 4<br>Avg. Price: 271K<br>Sales Volume: 134
2024,YO22 5,347000,50,North England,YO22 5<br>Avg. Price: 347K<br>Sales Volume: 50
2024,YO23 1,366000,195,North England,YO23 1<br>Avg. Price: 366K<br>Sales Volume: 195
2024,YO23 2,461000,72,North England,YO23 2<br>Avg. Price: 461K<br>Sales Volume: 72
2024,YO23 3,426000,72,North England,YO23 3<br>Avg. Price: 426K<br>Sales Volume: 72
2024,YO23 7,555000,9,North England,YO23 7<br>Avg. Price: 555K<br>Sales Volume: 9
2024,YO24 1,536000,107,North England,YO24 1<br>Avg. Price: 536K<br>Sales Volume: 107
2024,YO24 2,307000,137,North England,YO24 2<br>Avg. Price: 307K<br>Sales Volume: 137
2024,YO24 3,263000,133,North England,YO24 3<br>Avg. Price: 263K<br>Sales Volume: 133
2024,YO24 4,278000,138,North England,YO24 4<br>Avg. Price: 278K<br>Sales Volume: 138
2024,YO25 3,234000,23,North England,YO25 3<br>Avg. Price: 234K<br>Sales Volume: 23
2024,YO25 4,253000,79,North England,YO25 4<br>Avg. Price: 253K<br>Sales Volume: 79
2024,YO25 5,209000,233,North England,YO25 5<br>Avg. Price: 209K<br>Sales Volume: 233
2024,YO25 6,203000,119,North England,YO25 6<br>Avg. Price: 203K<br>Sales Volume: 119
2024,YO25 8,282000,93,North England,YO25 8<br>Avg. Price: 282K<br>Sales Volume: 93
2024,YO25 9,282000,115,North England,YO25 9<br>Avg. Price: 282K<br>Sales Volume: 115
2024,YO26 4,228000,121,North England,YO26 4<br>Avg. Price: 228K<br>Sales Volume: 121
2024,YO26 5,322000,153,North England,YO26 5<br>Avg. Price: 322K<br>Sales Volume: 153
2024,YO26 6,470000,115,North England,YO26 6<br>Avg. Price: 470K<br>Sales Volume: 115
2024,YO26 7,276000,65,North England,YO26 7<br>Avg. Price: 276K<br>Sales Volume: 65
2024,YO26 8,502000,62,North England,YO26 8<br>Avg. Price: 502K<br>Sales Volume: 62
2024,YO26 9,597000,29,North England,YO26 9<br>Avg. Price: 597K<br>Sales Volume: 29
2024,YO30 1,443000,40,North England,YO30 1<br>Avg. Price: 443K<br>Sales Volume: 40
2024,YO30 2,361000,22,North England,YO30 2<br>Avg. Price: 361K<br>Sales Volume: 22
2024,YO30 4,249000,38,North England,YO30 4<br>Avg. Price: 249K<br>Sales Volume: 38
2024,YO30 5,329000,106,North England,YO30 5<br>Avg. Price: 329K<br>Sales Volume: 106
2024,YO30 6,351000,101,North England,YO30 6<br>Avg. Price: 351K<br>Sales Volume: 101
2024,YO30 7,440000,74,North England,YO30 7<br>Avg. Price: 440K<br>Sales Volume: 74
2024,YO31 0,270000,136,North England,YO31 0<br>Avg. Price: 270K<br>Sales Volume: 136
2024,YO31 1,447000,80,North England,YO31 1<br>Avg. Price: 447K<br>Sales Volume: 80
2024,YO31 7,331000,114,North England,YO31 7<br>Avg. Price: 331K<br>Sales Volume: 114
2024,YO31 8,306000,232,North England,YO31 8<br>Avg. Price: 306K<br>Sales Volume: 232
2024,YO31 9,278000,111,North England,YO31 9<br>Avg. Price: 278K<br>Sales Volume: 111
2024,YO32 2,319000,85,North England,YO32 2<br>Avg. Price: 319K<br>Sales Volume: 85
2024,YO32 3,395000,84,North England,YO32 3<br>Avg. Price: 395K<br>Sales Volume: 84
2024,YO32 4,271000,20,North England,YO32 4<br>Avg. Price: 271K<br>Sales Volume: 20
2024,YO32 5,367000,80,North England,YO32 5<br>Avg. Price: 367K<br>Sales Volume: 80
2024,YO32 9,341000,109,North England,YO32 9<br>Avg. Price: 341K<br>Sales Volume: 109
2024,YO41 1,329000,97,North England,YO41 1<br>Avg. Price: 329K<br>Sales Volume: 97
2024,YO41 4,421000,23,North England,YO41 4<br>Avg. Price: 421K<br>Sales Volume: 23
2024,YO41 5,410000,37,North England,YO41 5<br>Avg. Price: 410K<br>Sales Volume: 37
2024,YO42 1,367000,33,North England,YO42 1<br>Avg. Price: 367K<br>Sales Volume: 33
2024,YO42 2,292000,265,North England,YO42 2<br>Avg. Price: 292K<br>Sales Volume: 265
2024,YO42 4,398000,54,North England,YO42 4<br>Avg. Price: 398K<br>Sales Volume: 54
2024,YO43 3,235000,148,North England,YO43 3<br>Avg. Price: 235K<br>Sales Volume: 148
2024,YO43 4,271000,72,North England,YO43 4<br>Avg. Price: 271K<br>Sales Volume: 72
2024,YO51 9,314000,171,North England,YO51 9<br>Avg. Price: 314K<br>Sales Volume: 171
2024,YO60 6,420000,21,North England,YO60 6<br>Avg. Price: 420K<br>Sales Volume: 21
2024,YO60 7,502000,31,North England,YO60 7<br>Avg. Price: 502K<br>Sales Volume: 31
2024,YO61 1,474000,77,North England,YO61 1<br>Avg. Price: 474K<br>Sales Volume: 77
2024,YO61 2,395000,36,North England,YO61 2<br>Avg. Price: 395K<br>Sales Volume: 36
2024,YO61 3,330000,162,North England,YO61 3<br>Avg. Price: 330K<br>Sales Volume: 162
2024,YO61 4,1476000,27,North England,"YO61 4<br>Avg. Price: 1,476K<br>Sales Volume: 27"
2024,YO62 4,398000,33,North England,YO62 4<br>Avg. Price: 398K<br>Sales Volume: 33
2024,YO62 5,423000,56,North England,YO62 5<br>Avg. Price: 423K<br>Sales Volume: 56
2024,YO62 6,330000,84,North England,YO62 6<br>Avg. Price: 330K<br>Sales Volume: 84
2024,YO62 7,429000,18,North England,YO62 7<br>Avg. Price: 429K<br>Sales Volume: 18
2024,YO7 1,236000,159,North England,YO7 1<br>Avg. Price: 236K<br>Sales Volume: 159
2024,YO7 2,508000,32,North England,YO7 2<br>Avg. Price: 508K<br>Sales Volume: 32
2024,YO7 3,295000,167,North England,YO7 3<br>Avg. Price: 295K<br>Sales Volume: 167
2024,YO7 4,403000,43,North England,YO7 4<br>Avg. Price: 403K<br>Sales Volume: 43
2024,YO8 3,245000,85,North England,YO8 3<br>Avg. Price: 245K<br>Sales Volume: 85
2024,YO8 4,239000,127,North England,YO8 4<br>Avg. Price: 239K<br>Sales Volume: 127
2024,YO8 5,247000,119,North England,YO8 5<br>Avg. Price: 247K<br>Sales Volume: 119
2024,YO8 6,347000,74,North England,YO8 6<br>Avg. Price: 347K<br>Sales Volume: 74
2024,YO8 8,212000,196,North England,YO8 8<br>Avg. Price: 212K<br>Sales Volume: 196
2024,YO8 9,256000,224,North England,YO8 9<br>Avg. Price: 256K<br>Sales Volume: 224
