Year,Sector,Price,Volume,Region,text
2025,AL1 1,615000,119,South East,AL1 1<br>Avg. Price: 615K<br>Sales Volume: 119
2025,AL1 2,556000,67,South East,AL1 2<br>Avg. Price: 556K<br>Sales Volume: 67
2025,AL1 3,506000,116,South East,AL1 3<br>Avg. Price: 506K<br>Sales Volume: 116
2025,AL1 4,919000,104,South East,AL1 4<br>Avg. Price: 919K<br>Sales Volume: 104
2025,AL1 5,536000,153,South East,AL1 5<br>Avg. Price: 536K<br>Sales Volume: 153
2025,AL10 0,336000,81,South East,AL10 0<br>Avg. Price: 336K<br>Sales Volume: 81
2025,AL10 8,370000,133,South East,AL10 8<br>Avg. Price: 370K<br>Sales Volume: 133
2025,AL10 9,389000,149,South East,AL10 9<br>Avg. Price: 389K<br>Sales Volume: 149
2025,AL2 1,477000,142,South East,AL2 1<br>Avg. Price: 477K<br>Sales Volume: 142
2025,AL2 2,585000,69,South East,AL2 2<br>Avg. Price: 585K<br>Sales Volume: 69
2025,AL2 3,660000,97,South East,AL2 3<br>Avg. Price: 660K<br>Sales Volume: 97
2025,AL3 4,883000,87,South East,AL3 4<br>Avg. Price: 883K<br>Sales Volume: 87
2025,AL3 5,734000,105,South East,AL3 5<br>Avg. Price: 734K<br>Sales Volume: 105
2025,AL3 6,727000,47,South East,AL3 6<br>Avg. Price: 727K<br>Sales Volume: 47
2025,AL3 7,632000,73,South East,AL3 7<br>Avg. Price: 632K<br>Sales Volume: 73
2025,AL3 8,508000,65,South East,AL3 8<br>Avg. Price: 508K<br>Sales Volume: 65
2025,AL4 0,705000,109,South East,AL4 0<br>Avg. Price: 705K<br>Sales Volume: 109
2025,AL4 8,780000,85,South East,AL4 8<br>Avg. Price: 780K<br>Sales Volume: 85
2025,AL4 9,591000,145,South East,AL4 9<br>Avg. Price: 591K<br>Sales Volume: 145
2025,AL5 1,720000,81,South East,AL5 1<br>Avg. Price: 720K<br>Sales Volume: 81
2025,AL5 2,1534000,72,South East,"AL5 2<br>Avg. Price: 1,534K<br>Sales Volume: 72"
2025,AL5 3,1010000,70,South East,"AL5 3<br>Avg. Price: 1,010K<br>Sales Volume: 70"
2025,AL5 4,830000,111,South East,AL5 4<br>Avg. Price: 830K<br>Sales Volume: 111
2025,AL5 5,748000,108,South East,AL5 5<br>Avg. Price: 748K<br>Sales Volume: 108
2025,AL6 0,877000,79,South East,AL6 0<br>Avg. Price: 877K<br>Sales Volume: 79
2025,AL6 9,707000,53,South East,AL6 9<br>Avg. Price: 707K<br>Sales Volume: 53
2025,AL7 1,340000,87,South East,AL7 1<br>Avg. Price: 340K<br>Sales Volume: 87
2025,AL7 2,390000,79,South East,AL7 2<br>Avg. Price: 390K<br>Sales Volume: 79
2025,AL7 3,370000,119,South East,AL7 3<br>Avg. Price: 370K<br>Sales Volume: 119
2025,AL7 4,427000,113,South East,AL7 4<br>Avg. Price: 427K<br>Sales Volume: 113
2025,AL8 6,532000,75,South East,AL8 6<br>Avg. Price: 532K<br>Sales Volume: 75
2025,AL8 7,580000,71,South East,AL8 7<br>Avg. Price: 580K<br>Sales Volume: 71
2025,AL9 5,478000,38,South East,AL9 5<br>Avg. Price: 478K<br>Sales Volume: 38
2025,AL9 6,684000,10,South East,AL9 6<br>Avg. Price: 684K<br>Sales Volume: 10
2025,AL9 7,776000,67,South East,AL9 7<br>Avg. Price: 776K<br>Sales Volume: 67
2025,B1 1,141000,58,Midlands,B1 1<br>Avg. Price: 141K<br>Sales Volume: 58
2025,B1 2,251000,116,Midlands,B1 2<br>Avg. Price: 251K<br>Sales Volume: 116
2025,B1 3,251000,56,Midlands,B1 3<br>Avg. Price: 251K<br>Sales Volume: 56
2025,B10 0,182000,33,Midlands,B10 0<br>Avg. Price: 182K<br>Sales Volume: 33
2025,B10 9,214000,48,Midlands,B10 9<br>Avg. Price: 214K<br>Sales Volume: 48
2025,B11 1,188000,44,Midlands,B11 1<br>Avg. Price: 188K<br>Sales Volume: 44
2025,B11 2,208000,35,Midlands,B11 2<br>Avg. Price: 208K<br>Sales Volume: 35
2025,B11 3,191000,124,Midlands,B11 3<br>Avg. Price: 191K<br>Sales Volume: 124
2025,B11 4,241000,40,Midlands,B11 4<br>Avg. Price: 241K<br>Sales Volume: 40
2025,B12 0,267000,104,Midlands,B12 0<br>Avg. Price: 267K<br>Sales Volume: 104
2025,B12 8,162000,33,Midlands,B12 8<br>Avg. Price: 162K<br>Sales Volume: 33
2025,B12 9,244000,75,Midlands,B12 9<br>Avg. Price: 244K<br>Sales Volume: 75
2025,B13 0,270000,99,Midlands,B13 0<br>Avg. Price: 270K<br>Sales Volume: 99
2025,B13 8,371000,78,Midlands,B13 8<br>Avg. Price: 371K<br>Sales Volume: 78
2025,B13 9,340000,141,Midlands,B13 9<br>Avg. Price: 340K<br>Sales Volume: 141
2025,B14 4,230000,167,Midlands,B14 4<br>Avg. Price: 230K<br>Sales Volume: 167
2025,B14 5,231000,97,Midlands,B14 5<br>Avg. Price: 231K<br>Sales Volume: 97
2025,B14 6,289000,149,Midlands,B14 6<br>Avg. Price: 289K<br>Sales Volume: 149
2025,B14 7,305000,100,Midlands,B14 7<br>Avg. Price: 305K<br>Sales Volume: 100
2025,B15 1,208000,14,Midlands,B15 1<br>Avg. Price: 208K<br>Sales Volume: 14
2025,B15 2,385000,73,Midlands,B15 2<br>Avg. Price: 385K<br>Sales Volume: 73
2025,B15 3,480000,60,Midlands,B15 3<br>Avg. Price: 480K<br>Sales Volume: 60
2025,B16 0,285000,77,Midlands,B16 0<br>Avg. Price: 285K<br>Sales Volume: 77
2025,B16 8,161000,45,Midlands,B16 8<br>Avg. Price: 161K<br>Sales Volume: 45
2025,B16 9,290000,75,Midlands,B16 9<br>Avg. Price: 290K<br>Sales Volume: 75
2025,B17 0,337000,111,Midlands,B17 0<br>Avg. Price: 337K<br>Sales Volume: 111
2025,B17 8,386000,76,Midlands,B17 8<br>Avg. Price: 386K<br>Sales Volume: 76
2025,B17 9,412000,117,Midlands,B17 9<br>Avg. Price: 412K<br>Sales Volume: 117
2025,B18 4,142000,36,Midlands,B18 4<br>Avg. Price: 142K<br>Sales Volume: 36
2025,B18 5,196000,25,Midlands,B18 5<br>Avg. Price: 196K<br>Sales Volume: 25
2025,B18 6,181000,28,Midlands,B18 6<br>Avg. Price: 181K<br>Sales Volume: 28
2025,B18 7,176000,14,Midlands,B18 7<br>Avg. Price: 176K<br>Sales Volume: 14
2025,B19 1,223000,19,Midlands,B19 1<br>Avg. Price: 223K<br>Sales Volume: 19
2025,B19 2,162000,19,Midlands,B19 2<br>Avg. Price: 162K<br>Sales Volume: 19
2025,B19 3,134000,4,Midlands,B19 3<br>Avg. Price: 134K<br>Sales Volume: 4
2025,B2 4,135000,3,Midlands,B2 4<br>Avg. Price: 135K<br>Sales Volume: 3
2025,B2 5,2701000,2,Midlands,"B2 5<br>Avg. Price: 2,701K<br>Sales Volume: 2"
2025,B20 1,314000,41,Midlands,B20 1<br>Avg. Price: 314K<br>Sales Volume: 41
2025,B20 2,248000,71,Midlands,B20 2<br>Avg. Price: 248K<br>Sales Volume: 71
2025,B20 3,216000,66,Midlands,B20 3<br>Avg. Price: 216K<br>Sales Volume: 66
2025,B21 0,183000,57,Midlands,B21 0<br>Avg. Price: 183K<br>Sales Volume: 57
2025,B21 8,212000,56,Midlands,B21 8<br>Avg. Price: 212K<br>Sales Volume: 56
2025,B21 9,191000,51,Midlands,B21 9<br>Avg. Price: 191K<br>Sales Volume: 51
2025,B23 5,212000,184,Midlands,B23 5<br>Avg. Price: 212K<br>Sales Volume: 184
2025,B23 6,185000,145,Midlands,B23 6<br>Avg. Price: 185K<br>Sales Volume: 145
2025,B23 7,176000,175,Midlands,B23 7<br>Avg. Price: 176K<br>Sales Volume: 175
2025,B24 0,255000,135,Midlands,B24 0<br>Avg. Price: 255K<br>Sales Volume: 135
2025,B24 8,210000,71,Midlands,B24 8<br>Avg. Price: 210K<br>Sales Volume: 71
2025,B24 9,223000,144,Midlands,B24 9<br>Avg. Price: 223K<br>Sales Volume: 144
2025,B25 8,206000,134,Midlands,B25 8<br>Avg. Price: 206K<br>Sales Volume: 134
2025,B26 1,239000,173,Midlands,B26 1<br>Avg. Price: 239K<br>Sales Volume: 173
2025,B26 2,232000,144,Midlands,B26 2<br>Avg. Price: 232K<br>Sales Volume: 144
2025,B26 3,238000,204,Midlands,B26 3<br>Avg. Price: 238K<br>Sales Volume: 204
2025,B27 6,231000,100,Midlands,B27 6<br>Avg. Price: 231K<br>Sales Volume: 100
2025,B27 7,211000,139,Midlands,B27 7<br>Avg. Price: 211K<br>Sales Volume: 139
2025,B28 0,310000,182,Midlands,B28 0<br>Avg. Price: 310K<br>Sales Volume: 182
2025,B28 8,292000,96,Midlands,B28 8<br>Avg. Price: 292K<br>Sales Volume: 96
2025,B28 9,306000,77,Midlands,B28 9<br>Avg. Price: 306K<br>Sales Volume: 77
2025,B29 4,316000,38,Midlands,B29 4<br>Avg. Price: 316K<br>Sales Volume: 38
2025,B29 5,201000,94,Midlands,B29 5<br>Avg. Price: 201K<br>Sales Volume: 94
2025,B29 6,273000,115,Midlands,B29 6<br>Avg. Price: 273K<br>Sales Volume: 115
2025,B29 7,338000,122,Midlands,B29 7<br>Avg. Price: 338K<br>Sales Volume: 122
2025,B3 1,259000,100,Midlands,B3 1<br>Avg. Price: 259K<br>Sales Volume: 100
2025,B3 2,137000,3,Midlands,B3 2<br>Avg. Price: 137K<br>Sales Volume: 3
2025,B30 1,341000,95,Midlands,B30 1<br>Avg. Price: 341K<br>Sales Volume: 95
2025,B30 2,281000,149,Midlands,B30 2<br>Avg. Price: 281K<br>Sales Volume: 149
2025,B30 3,227000,130,Midlands,B30 3<br>Avg. Price: 227K<br>Sales Volume: 130
2025,B31 1,226000,132,Midlands,B31 1<br>Avg. Price: 226K<br>Sales Volume: 132
2025,B31 2,276000,204,Midlands,B31 2<br>Avg. Price: 276K<br>Sales Volume: 204
2025,B31 3,216000,122,Midlands,B31 3<br>Avg. Price: 216K<br>Sales Volume: 122
2025,B31 4,212000,132,Midlands,B31 4<br>Avg. Price: 212K<br>Sales Volume: 132
2025,B31 5,254000,137,Midlands,B31 5<br>Avg. Price: 254K<br>Sales Volume: 137
2025,B32 1,242000,92,Midlands,B32 1<br>Avg. Price: 242K<br>Sales Volume: 92
2025,B32 2,254000,124,Midlands,B32 2<br>Avg. Price: 254K<br>Sales Volume: 124
2025,B32 3,200000,110,Midlands,B32 3<br>Avg. Price: 200K<br>Sales Volume: 110
2025,B32 4,205000,32,Midlands,B32 4<br>Avg. Price: 205K<br>Sales Volume: 32
2025,B33 0,210000,93,Midlands,B33 0<br>Avg. Price: 210K<br>Sales Volume: 93
2025,B33 8,226000,65,Midlands,B33 8<br>Avg. Price: 226K<br>Sales Volume: 65
2025,B33 9,192000,96,Midlands,B33 9<br>Avg. Price: 192K<br>Sales Volume: 96
2025,B34 6,232000,103,Midlands,B34 6<br>Avg. Price: 232K<br>Sales Volume: 103
2025,B34 7,199000,92,Midlands,B34 7<br>Avg. Price: 199K<br>Sales Volume: 92
2025,B35 6,178000,35,Midlands,B35 6<br>Avg. Price: 178K<br>Sales Volume: 35
2025,B35 7,212000,28,Midlands,B35 7<br>Avg. Price: 212K<br>Sales Volume: 28
2025,B36 0,246000,121,Midlands,B36 0<br>Avg. Price: 246K<br>Sales Volume: 121
2025,B36 8,236000,89,Midlands,B36 8<br>Avg. Price: 236K<br>Sales Volume: 89
2025,B36 9,258000,123,Midlands,B36 9<br>Avg. Price: 258K<br>Sales Volume: 123
2025,B37 5,184000,80,Midlands,B37 5<br>Avg. Price: 184K<br>Sales Volume: 80
2025,B37 6,202000,102,Midlands,B37 6<br>Avg. Price: 202K<br>Sales Volume: 102
2025,B37 7,260000,161,Midlands,B37 7<br>Avg. Price: 260K<br>Sales Volume: 161
2025,B38 0,260000,17,Midlands,B38 0<br>Avg. Price: 260K<br>Sales Volume: 17
2025,B38 8,287000,124,Midlands,B38 8<br>Avg. Price: 287K<br>Sales Volume: 124
2025,B38 9,216000,106,Midlands,B38 9<br>Avg. Price: 216K<br>Sales Volume: 106
2025,B4 6,292000,26,Midlands,B4 6<br>Avg. Price: 292K<br>Sales Volume: 26
2025,B4 7,310000,2,Midlands,B4 7<br>Avg. Price: 310K<br>Sales Volume: 2
2025,B42 1,225000,110,Midlands,B42 1<br>Avg. Price: 225K<br>Sales Volume: 110
2025,B42 2,219000,200,Midlands,B42 2<br>Avg. Price: 219K<br>Sales Volume: 200
2025,B43 5,232000,128,Midlands,B43 5<br>Avg. Price: 232K<br>Sales Volume: 128
2025,B43 6,283000,68,Midlands,B43 6<br>Avg. Price: 283K<br>Sales Volume: 68
2025,B43 7,257000,195,Midlands,B43 7<br>Avg. Price: 257K<br>Sales Volume: 195
2025,B44 0,185000,142,Midlands,B44 0<br>Avg. Price: 185K<br>Sales Volume: 142
2025,B44 8,213000,156,Midlands,B44 8<br>Avg. Price: 213K<br>Sales Volume: 156
2025,B44 9,215000,149,Midlands,B44 9<br>Avg. Price: 215K<br>Sales Volume: 149
2025,B45 0,179000,62,Midlands,B45 0<br>Avg. Price: 179K<br>Sales Volume: 62
2025,B45 8,408000,169,Midlands,B45 8<br>Avg. Price: 408K<br>Sales Volume: 169
2025,B45 9,258000,148,Midlands,B45 9<br>Avg. Price: 258K<br>Sales Volume: 148
2025,B46 1,274000,118,Midlands,B46 1<br>Avg. Price: 274K<br>Sales Volume: 118
2025,B46 2,553000,22,Midlands,B46 2<br>Avg. Price: 553K<br>Sales Volume: 22
2025,B46 3,302000,63,Midlands,B46 3<br>Avg. Price: 302K<br>Sales Volume: 63
2025,B47 5,394000,70,Midlands,B47 5<br>Avg. Price: 394K<br>Sales Volume: 70
2025,B47 6,393000,44,Midlands,B47 6<br>Avg. Price: 393K<br>Sales Volume: 44
2025,B48 7,466000,66,Midlands,B48 7<br>Avg. Price: 466K<br>Sales Volume: 66
2025,B49 5,350000,78,Midlands,B49 5<br>Avg. Price: 350K<br>Sales Volume: 78
2025,B49 6,416000,67,Midlands,B49 6<br>Avg. Price: 416K<br>Sales Volume: 67
2025,B5 4,248000,72,Midlands,B5 4<br>Avg. Price: 248K<br>Sales Volume: 72
2025,B5 5,168000,5,Midlands,B5 5<br>Avg. Price: 168K<br>Sales Volume: 5
2025,B5 6,200000,13,Midlands,B5 6<br>Avg. Price: 200K<br>Sales Volume: 13
2025,B5 7,284000,49,Midlands,B5 7<br>Avg. Price: 284K<br>Sales Volume: 49
2025,B50 4,361000,92,Midlands,B50 4<br>Avg. Price: 361K<br>Sales Volume: 92
2025,B6 4,127000,4,Midlands,B6 4<br>Avg. Price: 127K<br>Sales Volume: 4
2025,B6 5,151000,8,Midlands,B6 5<br>Avg. Price: 151K<br>Sales Volume: 8
2025,B6 6,165000,37,Midlands,B6 6<br>Avg. Price: 165K<br>Sales Volume: 37
2025,B6 7,173000,17,Midlands,B6 7<br>Avg. Price: 173K<br>Sales Volume: 17
2025,B60 1,386000,97,Midlands,B60 1<br>Avg. Price: 386K<br>Sales Volume: 97
2025,B60 2,350000,114,Midlands,B60 2<br>Avg. Price: 350K<br>Sales Volume: 114
2025,B60 3,324000,127,Midlands,B60 3<br>Avg. Price: 324K<br>Sales Volume: 127
2025,B60 4,418000,47,Midlands,B60 4<br>Avg. Price: 418K<br>Sales Volume: 47
2025,B61 0,320000,174,Midlands,B61 0<br>Avg. Price: 320K<br>Sales Volume: 174
2025,B61 7,322000,53,Midlands,B61 7<br>Avg. Price: 322K<br>Sales Volume: 53
2025,B61 8,262000,84,Midlands,B61 8<br>Avg. Price: 262K<br>Sales Volume: 84
2025,B61 9,433000,26,Midlands,B61 9<br>Avg. Price: 433K<br>Sales Volume: 26
2025,B62 0,441000,67,Midlands,B62 0<br>Avg. Price: 441K<br>Sales Volume: 67
2025,B62 8,284000,108,Midlands,B62 8<br>Avg. Price: 284K<br>Sales Volume: 108
2025,B62 9,268000,138,Midlands,B62 9<br>Avg. Price: 268K<br>Sales Volume: 138
2025,B63 1,355000,70,Midlands,B63 1<br>Avg. Price: 355K<br>Sales Volume: 70
2025,B63 2,215000,155,Midlands,B63 2<br>Avg. Price: 215K<br>Sales Volume: 155
2025,B63 3,240000,131,Midlands,B63 3<br>Avg. Price: 240K<br>Sales Volume: 131
2025,B63 4,249000,112,Midlands,B63 4<br>Avg. Price: 249K<br>Sales Volume: 112
2025,B64 5,219000,60,Midlands,B64 5<br>Avg. Price: 219K<br>Sales Volume: 60
2025,B64 6,199000,75,Midlands,B64 6<br>Avg. Price: 199K<br>Sales Volume: 75
2025,B64 7,265000,62,Midlands,B64 7<br>Avg. Price: 265K<br>Sales Volume: 62
2025,B65 0,192000,83,Midlands,B65 0<br>Avg. Price: 192K<br>Sales Volume: 83
2025,B65 8,217000,80,Midlands,B65 8<br>Avg. Price: 217K<br>Sales Volume: 80
2025,B65 9,217000,97,Midlands,B65 9<br>Avg. Price: 217K<br>Sales Volume: 97
2025,B66 1,150000,6,Midlands,B66 1<br>Avg. Price: 150K<br>Sales Volume: 6
2025,B66 2,222000,12,Midlands,B66 2<br>Avg. Price: 222K<br>Sales Volume: 12
2025,B66 3,192000,37,Midlands,B66 3<br>Avg. Price: 192K<br>Sales Volume: 37
2025,B66 4,184000,65,Midlands,B66 4<br>Avg. Price: 184K<br>Sales Volume: 65
2025,B67 5,239000,157,Midlands,B67 5<br>Avg. Price: 239K<br>Sales Volume: 157
2025,B67 6,202000,75,Midlands,B67 6<br>Avg. Price: 202K<br>Sales Volume: 75
2025,B67 7,184000,61,Midlands,B67 7<br>Avg. Price: 184K<br>Sales Volume: 61
2025,B68 0,242000,122,Midlands,B68 0<br>Avg. Price: 242K<br>Sales Volume: 122
2025,B68 8,239000,79,Midlands,B68 8<br>Avg. Price: 239K<br>Sales Volume: 79
2025,B68 9,224000,102,Midlands,B68 9<br>Avg. Price: 224K<br>Sales Volume: 102
2025,B69 1,216000,145,Midlands,B69 1<br>Avg. Price: 216K<br>Sales Volume: 145
2025,B69 2,215000,67,Midlands,B69 2<br>Avg. Price: 215K<br>Sales Volume: 67
2025,B69 3,181000,50,Midlands,B69 3<br>Avg. Price: 181K<br>Sales Volume: 50
2025,B69 4,180000,55,Midlands,B69 4<br>Avg. Price: 180K<br>Sales Volume: 55
2025,B7 4,206000,5,Midlands,B7 4<br>Avg. Price: 206K<br>Sales Volume: 5
2025,B7 5,168000,13,Midlands,B7 5<br>Avg. Price: 168K<br>Sales Volume: 13
2025,B70 0,209000,43,Midlands,B70 0<br>Avg. Price: 209K<br>Sales Volume: 43
2025,B70 6,178000,31,Midlands,B70 6<br>Avg. Price: 178K<br>Sales Volume: 31
2025,B70 7,212000,21,Midlands,B70 7<br>Avg. Price: 212K<br>Sales Volume: 21
2025,B70 8,196000,33,Midlands,B70 8<br>Avg. Price: 196K<br>Sales Volume: 33
2025,B70 9,194000,46,Midlands,B70 9<br>Avg. Price: 194K<br>Sales Volume: 46
2025,B71 1,189000,54,Midlands,B71 1<br>Avg. Price: 189K<br>Sales Volume: 54
2025,B71 2,214000,72,Midlands,B71 2<br>Avg. Price: 214K<br>Sales Volume: 72
2025,B71 3,243000,107,Midlands,B71 3<br>Avg. Price: 243K<br>Sales Volume: 107
2025,B71 4,231000,33,Midlands,B71 4<br>Avg. Price: 231K<br>Sales Volume: 33
2025,B72 1,372000,149,Midlands,B72 1<br>Avg. Price: 372K<br>Sales Volume: 149
2025,B73 5,332000,209,Midlands,B73 5<br>Avg. Price: 332K<br>Sales Volume: 209
2025,B73 6,391000,154,Midlands,B73 6<br>Avg. Price: 391K<br>Sales Volume: 154
2025,B74 2,515000,125,Midlands,B74 2<br>Avg. Price: 515K<br>Sales Volume: 125
2025,B74 3,468000,142,Midlands,B74 3<br>Avg. Price: 468K<br>Sales Volume: 142
2025,B74 4,457000,162,Midlands,B74 4<br>Avg. Price: 457K<br>Sales Volume: 162
2025,B75 5,445000,115,Midlands,B75 5<br>Avg. Price: 445K<br>Sales Volume: 115
2025,B75 6,534000,104,Midlands,B75 6<br>Avg. Price: 534K<br>Sales Volume: 104
2025,B75 7,315000,158,Midlands,B75 7<br>Avg. Price: 315K<br>Sales Volume: 158
2025,B76 0,700000,1,Midlands,B76 0<br>Avg. Price: 700K<br>Sales Volume: 1
2025,B76 1,340000,151,Midlands,B76 1<br>Avg. Price: 340K<br>Sales Volume: 151
2025,B76 2,332000,91,Midlands,B76 2<br>Avg. Price: 332K<br>Sales Volume: 91
2025,B76 9,311000,43,Midlands,B76 9<br>Avg. Price: 311K<br>Sales Volume: 43
2025,B77 1,272000,149,Midlands,B77 1<br>Avg. Price: 272K<br>Sales Volume: 149
2025,B77 2,221000,149,Midlands,B77 2<br>Avg. Price: 221K<br>Sales Volume: 149
2025,B77 3,263000,115,Midlands,B77 3<br>Avg. Price: 263K<br>Sales Volume: 115
2025,B77 4,275000,213,Midlands,B77 4<br>Avg. Price: 275K<br>Sales Volume: 213
2025,B77 5,249000,135,Midlands,B77 5<br>Avg. Price: 249K<br>Sales Volume: 135
2025,B78 1,261000,135,Midlands,B78 1<br>Avg. Price: 261K<br>Sales Volume: 135
2025,B78 2,302000,57,Midlands,B78 2<br>Avg. Price: 302K<br>Sales Volume: 57
2025,B78 3,313000,149,Midlands,B78 3<br>Avg. Price: 313K<br>Sales Volume: 149
2025,B79 0,372000,87,Midlands,B79 0<br>Avg. Price: 372K<br>Sales Volume: 87
2025,B79 7,209000,100,Midlands,B79 7<br>Avg. Price: 209K<br>Sales Volume: 100
2025,B79 8,269000,122,Midlands,B79 8<br>Avg. Price: 269K<br>Sales Volume: 122
2025,B79 9,573000,21,Midlands,B79 9<br>Avg. Price: 573K<br>Sales Volume: 21
2025,B8 1,160000,26,Midlands,B8 1<br>Avg. Price: 160K<br>Sales Volume: 26
2025,B8 2,206000,57,Midlands,B8 2<br>Avg. Price: 206K<br>Sales Volume: 57
2025,B8 3,163000,58,Midlands,B8 3<br>Avg. Price: 163K<br>Sales Volume: 58
2025,B80 7,327000,96,Midlands,B80 7<br>Avg. Price: 327K<br>Sales Volume: 96
2025,B9 4,173000,25,Midlands,B9 4<br>Avg. Price: 173K<br>Sales Volume: 25
2025,B9 5,197000,101,Midlands,B9 5<br>Avg. Price: 197K<br>Sales Volume: 101
2025,B90 1,318000,193,Midlands,B90 1<br>Avg. Price: 318K<br>Sales Volume: 193
2025,B90 2,356000,197,Midlands,B90 2<br>Avg. Price: 356K<br>Sales Volume: 197
2025,B90 3,346000,152,Midlands,B90 3<br>Avg. Price: 346K<br>Sales Volume: 152
2025,B90 4,366000,189,Midlands,B90 4<br>Avg. Price: 366K<br>Sales Volume: 189
2025,B90 8,356000,31,Midlands,B90 8<br>Avg. Price: 356K<br>Sales Volume: 31
2025,B91 1,577000,144,Midlands,B91 1<br>Avg. Price: 577K<br>Sales Volume: 144
2025,B91 2,379000,160,Midlands,B91 2<br>Avg. Price: 379K<br>Sales Volume: 160
2025,B91 3,475000,154,Midlands,B91 3<br>Avg. Price: 475K<br>Sales Volume: 154
2025,B92 0,487000,71,Midlands,B92 0<br>Avg. Price: 487K<br>Sales Volume: 71
2025,B92 7,294000,183,Midlands,B92 7<br>Avg. Price: 294K<br>Sales Volume: 183
2025,B92 8,327000,149,Midlands,B92 8<br>Avg. Price: 327K<br>Sales Volume: 149
2025,B92 9,286000,97,Midlands,B92 9<br>Avg. Price: 286K<br>Sales Volume: 97
2025,B93 0,488000,64,Midlands,B93 0<br>Avg. Price: 488K<br>Sales Volume: 64
2025,B93 8,621000,119,Midlands,B93 8<br>Avg. Price: 621K<br>Sales Volume: 119
2025,B93 9,628000,88,Midlands,B93 9<br>Avg. Price: 628K<br>Sales Volume: 88
2025,B94 5,702000,35,Midlands,B94 5<br>Avg. Price: 702K<br>Sales Volume: 35
2025,B94 6,610000,48,Midlands,B94 6<br>Avg. Price: 610K<br>Sales Volume: 48
2025,B95 5,553000,77,Midlands,B95 5<br>Avg. Price: 553K<br>Sales Volume: 77
2025,B95 6,562000,16,Midlands,B95 6<br>Avg. Price: 562K<br>Sales Volume: 16
2025,B96 6,463000,59,Midlands,B96 6<br>Avg. Price: 463K<br>Sales Volume: 59
2025,B97 4,240000,105,Midlands,B97 4<br>Avg. Price: 240K<br>Sales Volume: 105
2025,B97 5,328000,269,Midlands,B97 5<br>Avg. Price: 328K<br>Sales Volume: 269
2025,B97 6,265000,167,Midlands,B97 6<br>Avg. Price: 265K<br>Sales Volume: 167
2025,B98 0,243000,142,Midlands,B98 0<br>Avg. Price: 243K<br>Sales Volume: 142
2025,B98 7,243000,213,Midlands,B98 7<br>Avg. Price: 243K<br>Sales Volume: 213
2025,B98 8,247000,79,Midlands,B98 8<br>Avg. Price: 247K<br>Sales Volume: 79
2025,B98 9,291000,54,Midlands,B98 9<br>Avg. Price: 291K<br>Sales Volume: 54
2025,BA1 1,476000,17,South West,BA1 1<br>Avg. Price: 476K<br>Sales Volume: 17
2025,BA1 2,623000,117,South West,BA1 2<br>Avg. Price: 623K<br>Sales Volume: 117
2025,BA1 3,490000,120,South West,BA1 3<br>Avg. Price: 490K<br>Sales Volume: 120
2025,BA1 4,489000,74,South West,BA1 4<br>Avg. Price: 489K<br>Sales Volume: 74
2025,BA1 5,736000,100,South West,BA1 5<br>Avg. Price: 736K<br>Sales Volume: 100
2025,BA1 6,451000,127,South West,BA1 6<br>Avg. Price: 451K<br>Sales Volume: 127
2025,BA1 7,599000,77,South West,BA1 7<br>Avg. Price: 599K<br>Sales Volume: 77
2025,BA1 8,530000,14,South West,BA1 8<br>Avg. Price: 530K<br>Sales Volume: 14
2025,BA1 9,728000,21,South West,BA1 9<br>Avg. Price: 728K<br>Sales Volume: 21
2025,BA10 0,419000,46,South West,BA10 0<br>Avg. Price: 419K<br>Sales Volume: 46
2025,BA11 1,349000,141,South West,BA11 1<br>Avg. Price: 349K<br>Sales Volume: 141
2025,BA11 2,386000,134,South West,BA11 2<br>Avg. Price: 386K<br>Sales Volume: 134
2025,BA11 3,375000,87,South West,BA11 3<br>Avg. Price: 375K<br>Sales Volume: 87
2025,BA11 4,345000,84,South West,BA11 4<br>Avg. Price: 345K<br>Sales Volume: 84
2025,BA11 5,418000,74,South West,BA11 5<br>Avg. Price: 418K<br>Sales Volume: 74
2025,BA11 6,480000,24,South West,BA11 6<br>Avg. Price: 480K<br>Sales Volume: 24
2025,BA12 0,424000,52,South West,BA12 0<br>Avg. Price: 424K<br>Sales Volume: 52
2025,BA12 6,414000,55,South West,BA12 6<br>Avg. Price: 414K<br>Sales Volume: 55
2025,BA12 7,421000,36,South West,BA12 7<br>Avg. Price: 421K<br>Sales Volume: 36
2025,BA12 8,294000,184,South West,BA12 8<br>Avg. Price: 294K<br>Sales Volume: 184
2025,BA12 9,288000,90,South West,BA12 9<br>Avg. Price: 288K<br>Sales Volume: 90
2025,BA13 2,370000,17,South West,BA13 2<br>Avg. Price: 370K<br>Sales Volume: 17
2025,BA13 3,253000,229,South West,BA13 3<br>Avg. Price: 253K<br>Sales Volume: 229
2025,BA13 4,375000,78,South West,BA13 4<br>Avg. Price: 375K<br>Sales Volume: 78
2025,BA14 0,275000,196,South West,BA14 0<br>Avg. Price: 275K<br>Sales Volume: 196
2025,BA14 6,424000,94,South West,BA14 6<br>Avg. Price: 424K<br>Sales Volume: 94
2025,BA14 7,326000,296,South West,BA14 7<br>Avg. Price: 326K<br>Sales Volume: 296
2025,BA14 8,220000,132,South West,BA14 8<br>Avg. Price: 220K<br>Sales Volume: 132
2025,BA14 9,307000,115,South West,BA14 9<br>Avg. Price: 307K<br>Sales Volume: 115
2025,BA15 1,434000,144,South West,BA15 1<br>Avg. Price: 434K<br>Sales Volume: 144
2025,BA15 2,506000,40,South West,BA15 2<br>Avg. Price: 506K<br>Sales Volume: 40
2025,BA16 0,295000,159,South West,BA16 0<br>Avg. Price: 295K<br>Sales Volume: 159
2025,BA16 9,257000,34,South West,BA16 9<br>Avg. Price: 257K<br>Sales Volume: 34
2025,BA2 0,401000,68,South West,BA2 0<br>Avg. Price: 401K<br>Sales Volume: 68
2025,BA2 1,391000,143,South West,BA2 1<br>Avg. Price: 391K<br>Sales Volume: 143
2025,BA2 2,433000,158,South West,BA2 2<br>Avg. Price: 433K<br>Sales Volume: 158
2025,BA2 3,440000,114,South West,BA2 3<br>Avg. Price: 440K<br>Sales Volume: 114
2025,BA2 4,675000,97,South West,BA2 4<br>Avg. Price: 675K<br>Sales Volume: 97
2025,BA2 5,563000,127,South West,BA2 5<br>Avg. Price: 563K<br>Sales Volume: 127
2025,BA2 6,839000,113,South West,BA2 6<br>Avg. Price: 839K<br>Sales Volume: 113
2025,BA2 7,671000,47,South West,BA2 7<br>Avg. Price: 671K<br>Sales Volume: 47
2025,BA2 8,400000,90,South West,BA2 8<br>Avg. Price: 400K<br>Sales Volume: 90
2025,BA2 9,743000,13,South West,BA2 9<br>Avg. Price: 743K<br>Sales Volume: 13
2025,BA20 1,167000,37,South West,BA20 1<br>Avg. Price: 167K<br>Sales Volume: 37
2025,BA20 2,300000,126,South West,BA20 2<br>Avg. Price: 300K<br>Sales Volume: 126
2025,BA21 3,255000,232,South West,BA21 3<br>Avg. Price: 255K<br>Sales Volume: 232
2025,BA21 4,226000,114,South West,BA21 4<br>Avg. Price: 226K<br>Sales Volume: 114
2025,BA21 5,215000,151,South West,BA21 5<br>Avg. Price: 215K<br>Sales Volume: 151
2025,BA22 7,426000,49,South West,BA22 7<br>Avg. Price: 426K<br>Sales Volume: 49
2025,BA22 8,277000,148,South West,BA22 8<br>Avg. Price: 277K<br>Sales Volume: 148
2025,BA22 9,371000,79,South West,BA22 9<br>Avg. Price: 371K<br>Sales Volume: 79
2025,BA3 2,332000,144,South West,BA3 2<br>Avg. Price: 332K<br>Sales Volume: 144
2025,BA3 3,277000,181,South West,BA3 3<br>Avg. Price: 277K<br>Sales Volume: 181
2025,BA3 4,398000,127,South West,BA3 4<br>Avg. Price: 398K<br>Sales Volume: 127
2025,BA3 5,434000,94,South West,BA3 5<br>Avg. Price: 434K<br>Sales Volume: 94
2025,BA4 4,379000,73,South West,BA4 4<br>Avg. Price: 379K<br>Sales Volume: 73
2025,BA4 5,282000,110,South West,BA4 5<br>Avg. Price: 282K<br>Sales Volume: 110
2025,BA4 6,464000,44,South West,BA4 6<br>Avg. Price: 464K<br>Sales Volume: 44
2025,BA5 1,396000,101,South West,BA5 1<br>Avg. Price: 396K<br>Sales Volume: 101
2025,BA5 2,350000,140,South West,BA5 2<br>Avg. Price: 350K<br>Sales Volume: 140
2025,BA5 3,426000,65,South West,BA5 3<br>Avg. Price: 426K<br>Sales Volume: 65
2025,BA6 8,404000,100,South West,BA6 8<br>Avg. Price: 404K<br>Sales Volume: 100
2025,BA6 9,264000,120,South West,BA6 9<br>Avg. Price: 264K<br>Sales Volume: 120
2025,BA7 7,322000,54,South West,BA7 7<br>Avg. Price: 322K<br>Sales Volume: 54
2025,BA8 0,315000,77,South West,BA8 0<br>Avg. Price: 315K<br>Sales Volume: 77
2025,BA9 8,445000,10,South West,BA9 8<br>Avg. Price: 445K<br>Sales Volume: 10
2025,BA9 9,283000,132,South West,BA9 9<br>Avg. Price: 283K<br>Sales Volume: 132
2025,BB1 1,111000,42,North England,BB1 1<br>Avg. Price: 111K<br>Sales Volume: 42
2025,BB1 2,140000,95,North England,BB1 2<br>Avg. Price: 140K<br>Sales Volume: 95
2025,BB1 3,152000,27,North England,BB1 3<br>Avg. Price: 152K<br>Sales Volume: 27
2025,BB1 4,131000,121,North England,BB1 4<br>Avg. Price: 131K<br>Sales Volume: 121
2025,BB1 5,156000,54,North England,BB1 5<br>Avg. Price: 156K<br>Sales Volume: 54
2025,BB1 6,138000,14,North England,BB1 6<br>Avg. Price: 138K<br>Sales Volume: 14
2025,BB1 7,161000,8,North England,BB1 7<br>Avg. Price: 161K<br>Sales Volume: 8
2025,BB1 8,209000,96,North England,BB1 8<br>Avg. Price: 209K<br>Sales Volume: 96
2025,BB1 9,246000,192,North England,BB1 9<br>Avg. Price: 246K<br>Sales Volume: 192
2025,BB10 1,97000,141,North England,BB10 1<br>Avg. Price: 97K<br>Sales Volume: 141
2025,BB10 2,183000,165,North England,BB10 2<br>Avg. Price: 183K<br>Sales Volume: 165
2025,BB10 3,160000,137,North England,BB10 3<br>Avg. Price: 160K<br>Sales Volume: 137
2025,BB10 4,155000,169,North England,BB10 4<br>Avg. Price: 155K<br>Sales Volume: 169
2025,BB11 1,108000,14,North England,BB11 1<br>Avg. Price: 108K<br>Sales Volume: 14
2025,BB11 2,124000,105,North England,BB11 2<br>Avg. Price: 124K<br>Sales Volume: 105
2025,BB11 3,93000,109,North England,BB11 3<br>Avg. Price: 93K<br>Sales Volume: 109
2025,BB11 4,101000,133,North England,BB11 4<br>Avg. Price: 101K<br>Sales Volume: 133
2025,BB11 5,171000,84,North England,BB11 5<br>Avg. Price: 171K<br>Sales Volume: 84
2025,BB12 0,153000,105,North England,BB12 0<br>Avg. Price: 153K<br>Sales Volume: 105
2025,BB12 6,132000,176,North England,BB12 6<br>Avg. Price: 132K<br>Sales Volume: 176
2025,BB12 7,189000,145,North England,BB12 7<br>Avg. Price: 189K<br>Sales Volume: 145
2025,BB12 8,140000,150,North England,BB12 8<br>Avg. Price: 140K<br>Sales Volume: 150
2025,BB12 9,296000,52,North England,BB12 9<br>Avg. Price: 296K<br>Sales Volume: 52
2025,BB18 5,180000,143,North England,BB18 5<br>Avg. Price: 180K<br>Sales Volume: 143
2025,BB18 6,176000,170,North England,BB18 6<br>Avg. Price: 176K<br>Sales Volume: 170
2025,BB2 1,113000,39,North England,BB2 1<br>Avg. Price: 113K<br>Sales Volume: 39
2025,BB2 2,128000,60,North England,BB2 2<br>Avg. Price: 128K<br>Sales Volume: 60
2025,BB2 3,150000,122,North England,BB2 3<br>Avg. Price: 150K<br>Sales Volume: 122
2025,BB2 4,141000,265,North England,BB2 4<br>Avg. Price: 141K<br>Sales Volume: 265
2025,BB2 5,277000,230,North England,BB2 5<br>Avg. Price: 277K<br>Sales Volume: 230
2025,BB2 6,171000,93,North England,BB2 6<br>Avg. Price: 171K<br>Sales Volume: 93
2025,BB2 7,316000,119,North England,BB2 7<br>Avg. Price: 316K<br>Sales Volume: 119
2025,BB3 0,172000,142,North England,BB3 0<br>Avg. Price: 172K<br>Sales Volume: 142
2025,BB3 1,143000,141,North England,BB3 1<br>Avg. Price: 143K<br>Sales Volume: 141
2025,BB3 2,170000,155,North England,BB3 2<br>Avg. Price: 170K<br>Sales Volume: 155
2025,BB3 3,191000,210,North England,BB3 3<br>Avg. Price: 191K<br>Sales Volume: 210
2025,BB4 4,282000,113,North England,BB4 4<br>Avg. Price: 282K<br>Sales Volume: 113
2025,BB4 5,148000,105,North England,BB4 5<br>Avg. Price: 148K<br>Sales Volume: 105
2025,BB4 6,255000,112,North England,BB4 6<br>Avg. Price: 255K<br>Sales Volume: 112
2025,BB4 7,244000,99,North England,BB4 7<br>Avg. Price: 244K<br>Sales Volume: 99
2025,BB4 8,246000,157,North England,BB4 8<br>Avg. Price: 246K<br>Sales Volume: 157
2025,BB4 9,206000,76,North England,BB4 9<br>Avg. Price: 206K<br>Sales Volume: 76
2025,BB5 0,100000,88,North England,BB5 0<br>Avg. Price: 100K<br>Sales Volume: 88
2025,BB5 1,79000,39,North England,BB5 1<br>Avg. Price: 79K<br>Sales Volume: 39
2025,BB5 2,189000,109,North England,BB5 2<br>Avg. Price: 189K<br>Sales Volume: 109
2025,BB5 3,139000,142,North England,BB5 3<br>Avg. Price: 139K<br>Sales Volume: 142
2025,BB5 4,138000,138,North England,BB5 4<br>Avg. Price: 138K<br>Sales Volume: 138
2025,BB5 5,149000,203,North England,BB5 5<br>Avg. Price: 149K<br>Sales Volume: 203
2025,BB5 6,145000,171,North England,BB5 6<br>Avg. Price: 145K<br>Sales Volume: 171
2025,BB6 7,159000,176,North England,BB6 7<br>Avg. Price: 159K<br>Sales Volume: 176
2025,BB6 8,396000,67,North England,BB6 8<br>Avg. Price: 396K<br>Sales Volume: 67
2025,BB7 1,229000,155,North England,BB7 1<br>Avg. Price: 229K<br>Sales Volume: 155
2025,BB7 2,263000,137,North England,BB7 2<br>Avg. Price: 263K<br>Sales Volume: 137
2025,BB7 3,534000,19,North England,BB7 3<br>Avg. Price: 534K<br>Sales Volume: 19
2025,BB7 4,386000,72,North England,BB7 4<br>Avg. Price: 386K<br>Sales Volume: 72
2025,BB7 9,389000,211,North England,BB7 9<br>Avg. Price: 389K<br>Sales Volume: 211
2025,BB8 0,124000,86,North England,BB8 0<br>Avg. Price: 124K<br>Sales Volume: 86
2025,BB8 7,252000,100,North England,BB8 7<br>Avg. Price: 252K<br>Sales Volume: 100
2025,BB8 8,185000,101,North England,BB8 8<br>Avg. Price: 185K<br>Sales Volume: 101
2025,BB8 9,133000,130,North England,BB8 9<br>Avg. Price: 133K<br>Sales Volume: 130
2025,BB9 0,137000,193,North England,BB9 0<br>Avg. Price: 137K<br>Sales Volume: 193
2025,BB9 5,134000,93,North England,BB9 5<br>Avg. Price: 134K<br>Sales Volume: 93
2025,BB9 6,238000,94,North England,BB9 6<br>Avg. Price: 238K<br>Sales Volume: 94
2025,BB9 7,90000,60,North England,BB9 7<br>Avg. Price: 90K<br>Sales Volume: 60
2025,BB9 8,125000,123,North England,BB9 8<br>Avg. Price: 125K<br>Sales Volume: 123
2025,BB9 9,102000,96,North England,BB9 9<br>Avg. Price: 102K<br>Sales Volume: 96
2025,BD1 1,46000,2,North England,BD1 1<br>Avg. Price: 46K<br>Sales Volume: 2
2025,BD1 2,82000,39,North England,BD1 2<br>Avg. Price: 82K<br>Sales Volume: 39
2025,BD1 3,148000,7,North England,BD1 3<br>Avg. Price: 148K<br>Sales Volume: 7
2025,BD1 4,104000,5,North England,BD1 4<br>Avg. Price: 104K<br>Sales Volume: 5
2025,BD1 5,101000,37,North England,BD1 5<br>Avg. Price: 101K<br>Sales Volume: 37
2025,BD10 0,238000,168,North England,BD10 0<br>Avg. Price: 238K<br>Sales Volume: 168
2025,BD10 8,231000,186,North England,BD10 8<br>Avg. Price: 231K<br>Sales Volume: 186
2025,BD10 9,171000,107,North England,BD10 9<br>Avg. Price: 171K<br>Sales Volume: 107
2025,BD11 1,287000,133,North England,BD11 1<br>Avg. Price: 287K<br>Sales Volume: 133
2025,BD11 2,269000,104,North England,BD11 2<br>Avg. Price: 269K<br>Sales Volume: 104
2025,BD12 0,178000,93,North England,BD12 0<br>Avg. Price: 178K<br>Sales Volume: 93
2025,BD12 7,207000,32,North England,BD12 7<br>Avg. Price: 207K<br>Sales Volume: 32
2025,BD12 8,164000,95,North England,BD12 8<br>Avg. Price: 164K<br>Sales Volume: 95
2025,BD12 9,182000,94,North England,BD12 9<br>Avg. Price: 182K<br>Sales Volume: 94
2025,BD13 1,191000,70,North England,BD13 1<br>Avg. Price: 191K<br>Sales Volume: 70
2025,BD13 2,194000,147,North England,BD13 2<br>Avg. Price: 194K<br>Sales Volume: 147
2025,BD13 3,194000,121,North England,BD13 3<br>Avg. Price: 194K<br>Sales Volume: 121
2025,BD13 4,190000,98,North England,BD13 4<br>Avg. Price: 190K<br>Sales Volume: 98
2025,BD13 5,272000,59,North England,BD13 5<br>Avg. Price: 272K<br>Sales Volume: 59
2025,BD14 6,194000,137,North England,BD14 6<br>Avg. Price: 194K<br>Sales Volume: 137
2025,BD15 0,287000,81,North England,BD15 0<br>Avg. Price: 287K<br>Sales Volume: 81
2025,BD15 7,144000,86,North England,BD15 7<br>Avg. Price: 144K<br>Sales Volume: 86
2025,BD15 8,225000,21,North England,BD15 8<br>Avg. Price: 225K<br>Sales Volume: 21
2025,BD15 9,186000,48,North England,BD15 9<br>Avg. Price: 186K<br>Sales Volume: 48
2025,BD16 1,231000,176,North England,BD16 1<br>Avg. Price: 231K<br>Sales Volume: 176
2025,BD16 2,197000,72,North England,BD16 2<br>Avg. Price: 197K<br>Sales Volume: 72
2025,BD16 3,362000,85,North England,BD16 3<br>Avg. Price: 362K<br>Sales Volume: 85
2025,BD16 4,244000,122,North England,BD16 4<br>Avg. Price: 244K<br>Sales Volume: 122
2025,BD17 5,306000,153,North England,BD17 5<br>Avg. Price: 306K<br>Sales Volume: 153
2025,BD17 6,285000,97,North England,BD17 6<br>Avg. Price: 285K<br>Sales Volume: 97
2025,BD17 7,228000,72,North England,BD17 7<br>Avg. Price: 228K<br>Sales Volume: 72
2025,BD18 1,198000,107,North England,BD18 1<br>Avg. Price: 198K<br>Sales Volume: 107
2025,BD18 2,151000,65,North England,BD18 2<br>Avg. Price: 151K<br>Sales Volume: 65
2025,BD18 3,200000,71,North England,BD18 3<br>Avg. Price: 200K<br>Sales Volume: 71
2025,BD18 4,264000,137,North England,BD18 4<br>Avg. Price: 264K<br>Sales Volume: 137
2025,BD19 3,189000,95,North England,BD19 3<br>Avg. Price: 189K<br>Sales Volume: 95
2025,BD19 4,242000,126,North England,BD19 4<br>Avg. Price: 242K<br>Sales Volume: 126
2025,BD19 5,203000,56,North England,BD19 5<br>Avg. Price: 203K<br>Sales Volume: 56
2025,BD19 6,244000,86,North England,BD19 6<br>Avg. Price: 244K<br>Sales Volume: 86
2025,BD2 1,180000,94,North England,BD2 1<br>Avg. Price: 180K<br>Sales Volume: 94
2025,BD2 2,171000,99,North England,BD2 2<br>Avg. Price: 171K<br>Sales Volume: 99
2025,BD2 3,186000,206,North England,BD2 3<br>Avg. Price: 186K<br>Sales Volume: 206
2025,BD2 4,165000,102,North England,BD2 4<br>Avg. Price: 165K<br>Sales Volume: 102
2025,BD20 0,234000,120,North England,BD20 0<br>Avg. Price: 234K<br>Sales Volume: 120
2025,BD20 5,263000,122,North England,BD20 5<br>Avg. Price: 263K<br>Sales Volume: 122
2025,BD20 6,240000,143,North England,BD20 6<br>Avg. Price: 240K<br>Sales Volume: 143
2025,BD20 7,249000,76,North England,BD20 7<br>Avg. Price: 249K<br>Sales Volume: 76
2025,BD20 8,300000,114,North England,BD20 8<br>Avg. Price: 300K<br>Sales Volume: 114
2025,BD20 9,316000,77,North England,BD20 9<br>Avg. Price: 316K<br>Sales Volume: 77
2025,BD21 1,113000,63,North England,BD21 1<br>Avg. Price: 113K<br>Sales Volume: 63
2025,BD21 2,115000,53,North England,BD21 2<br>Avg. Price: 115K<br>Sales Volume: 53
2025,BD21 3,98000,11,North England,BD21 3<br>Avg. Price: 98K<br>Sales Volume: 11
2025,BD21 4,150000,81,North England,BD21 4<br>Avg. Price: 150K<br>Sales Volume: 81
2025,BD21 5,150000,42,North England,BD21 5<br>Avg. Price: 150K<br>Sales Volume: 42
2025,BD22 0,245000,88,North England,BD22 0<br>Avg. Price: 245K<br>Sales Volume: 88
2025,BD22 6,186000,99,North England,BD22 6<br>Avg. Price: 186K<br>Sales Volume: 99
2025,BD22 7,191000,123,North England,BD22 7<br>Avg. Price: 191K<br>Sales Volume: 123
2025,BD22 8,208000,97,North England,BD22 8<br>Avg. Price: 208K<br>Sales Volume: 97
2025,BD22 9,228000,64,North England,BD22 9<br>Avg. Price: 228K<br>Sales Volume: 64
2025,BD23 1,319000,117,North England,BD23 1<br>Avg. Price: 319K<br>Sales Volume: 117
2025,BD23 2,231000,186,North England,BD23 2<br>Avg. Price: 231K<br>Sales Volume: 186
2025,BD23 3,359000,86,North England,BD23 3<br>Avg. Price: 359K<br>Sales Volume: 86
2025,BD23 4,333000,47,North England,BD23 4<br>Avg. Price: 333K<br>Sales Volume: 47
2025,BD23 5,433000,48,North England,BD23 5<br>Avg. Price: 433K<br>Sales Volume: 48
2025,BD23 6,474000,58,North England,BD23 6<br>Avg. Price: 474K<br>Sales Volume: 58
2025,BD24 0,428000,27,North England,BD24 0<br>Avg. Price: 428K<br>Sales Volume: 27
2025,BD24 9,272000,68,North England,BD24 9<br>Avg. Price: 272K<br>Sales Volume: 68
2025,BD3 0,97000,70,North England,BD3 0<br>Avg. Price: 97K<br>Sales Volume: 70
2025,BD3 7,157000,46,North England,BD3 7<br>Avg. Price: 157K<br>Sales Volume: 46
2025,BD3 8,106000,55,North England,BD3 8<br>Avg. Price: 106K<br>Sales Volume: 55
2025,BD3 9,103000,26,North England,BD3 9<br>Avg. Price: 103K<br>Sales Volume: 26
2025,BD4 0,165000,88,North England,BD4 0<br>Avg. Price: 165K<br>Sales Volume: 88
2025,BD4 6,161000,87,North England,BD4 6<br>Avg. Price: 161K<br>Sales Volume: 87
2025,BD4 7,109000,64,North England,BD4 7<br>Avg. Price: 109K<br>Sales Volume: 64
2025,BD4 8,150000,70,North England,BD4 8<br>Avg. Price: 150K<br>Sales Volume: 70
2025,BD4 9,107000,76,North England,BD4 9<br>Avg. Price: 107K<br>Sales Volume: 76
2025,BD5 0,106000,24,North England,BD5 0<br>Avg. Price: 106K<br>Sales Volume: 24
2025,BD5 7,101000,35,North England,BD5 7<br>Avg. Price: 101K<br>Sales Volume: 35
2025,BD5 8,128000,55,North England,BD5 8<br>Avg. Price: 128K<br>Sales Volume: 55
2025,BD5 9,117000,86,North England,BD5 9<br>Avg. Price: 117K<br>Sales Volume: 86
2025,BD6 1,148000,127,North England,BD6 1<br>Avg. Price: 148K<br>Sales Volume: 127
2025,BD6 2,167000,112,North England,BD6 2<br>Avg. Price: 167K<br>Sales Volume: 112
2025,BD6 3,175000,194,North England,BD6 3<br>Avg. Price: 175K<br>Sales Volume: 194
2025,BD7 1,162000,15,North England,BD7 1<br>Avg. Price: 162K<br>Sales Volume: 15
2025,BD7 2,143000,91,North England,BD7 2<br>Avg. Price: 143K<br>Sales Volume: 91
2025,BD7 3,101000,54,North England,BD7 3<br>Avg. Price: 101K<br>Sales Volume: 54
2025,BD7 4,153000,125,North England,BD7 4<br>Avg. Price: 153K<br>Sales Volume: 125
2025,BD8 0,152000,73,North England,BD8 0<br>Avg. Price: 152K<br>Sales Volume: 73
2025,BD8 7,144000,16,North England,BD8 7<br>Avg. Price: 144K<br>Sales Volume: 16
2025,BD8 8,119000,14,North England,BD8 8<br>Avg. Price: 119K<br>Sales Volume: 14
2025,BD8 9,109000,50,North England,BD8 9<br>Avg. Price: 109K<br>Sales Volume: 50
2025,BD9 4,164000,55,North England,BD9 4<br>Avg. Price: 164K<br>Sales Volume: 55
2025,BD9 5,180000,42,North England,BD9 5<br>Avg. Price: 180K<br>Sales Volume: 42
2025,BD9 6,191000,78,North England,BD9 6<br>Avg. Price: 191K<br>Sales Volume: 78
2025,BH1 1,186000,52,South West,BH1 1<br>Avg. Price: 186K<br>Sales Volume: 52
2025,BH1 2,246000,22,South West,BH1 2<br>Avg. Price: 246K<br>Sales Volume: 22
2025,BH1 3,273000,108,South West,BH1 3<br>Avg. Price: 273K<br>Sales Volume: 108
2025,BH1 4,228000,145,South West,BH1 4<br>Avg. Price: 228K<br>Sales Volume: 145
2025,BH10 4,318000,66,South West,BH10 4<br>Avg. Price: 318K<br>Sales Volume: 66
2025,BH10 5,353000,86,South West,BH10 5<br>Avg. Price: 353K<br>Sales Volume: 86
2025,BH10 6,409000,62,South West,BH10 6<br>Avg. Price: 409K<br>Sales Volume: 62
2025,BH10 7,341000,35,South West,BH10 7<br>Avg. Price: 341K<br>Sales Volume: 35
2025,BH11 8,278000,98,South West,BH11 8<br>Avg. Price: 278K<br>Sales Volume: 98
2025,BH11 9,346000,145,South West,BH11 9<br>Avg. Price: 346K<br>Sales Volume: 145
2025,BH12 1,350000,88,South West,BH12 1<br>Avg. Price: 350K<br>Sales Volume: 88
2025,BH12 2,322000,119,South West,BH12 2<br>Avg. Price: 322K<br>Sales Volume: 119
2025,BH12 3,300000,125,South West,BH12 3<br>Avg. Price: 300K<br>Sales Volume: 125
2025,BH12 4,302000,93,South West,BH12 4<br>Avg. Price: 302K<br>Sales Volume: 93
2025,BH12 5,383000,35,South West,BH12 5<br>Avg. Price: 383K<br>Sales Volume: 35
2025,BH13 6,587000,99,South West,BH13 6<br>Avg. Price: 587K<br>Sales Volume: 99
2025,BH13 7,1042000,66,South West,"BH13 7<br>Avg. Price: 1,042K<br>Sales Volume: 66"
2025,BH14 0,365000,114,South West,BH14 0<br>Avg. Price: 365K<br>Sales Volume: 114
2025,BH14 8,677000,170,South West,BH14 8<br>Avg. Price: 677K<br>Sales Volume: 170
2025,BH14 9,509000,113,South West,BH14 9<br>Avg. Price: 509K<br>Sales Volume: 113
2025,BH15 1,254000,102,South West,BH15 1<br>Avg. Price: 254K<br>Sales Volume: 102
2025,BH15 2,303000,125,South West,BH15 2<br>Avg. Price: 303K<br>Sales Volume: 125
2025,BH15 3,366000,145,South West,BH15 3<br>Avg. Price: 366K<br>Sales Volume: 145
2025,BH15 4,324000,158,South West,BH15 4<br>Avg. Price: 324K<br>Sales Volume: 158
2025,BH16 5,330000,149,South West,BH16 5<br>Avg. Price: 330K<br>Sales Volume: 149
2025,BH16 6,500000,56,South West,BH16 6<br>Avg. Price: 500K<br>Sales Volume: 56
2025,BH17 7,325000,128,South West,BH17 7<br>Avg. Price: 325K<br>Sales Volume: 128
2025,BH17 8,295000,113,South West,BH17 8<br>Avg. Price: 295K<br>Sales Volume: 113
2025,BH17 9,366000,76,South West,BH17 9<br>Avg. Price: 366K<br>Sales Volume: 76
2025,BH18 8,499000,81,South West,BH18 8<br>Avg. Price: 499K<br>Sales Volume: 81
2025,BH18 9,543000,91,South West,BH18 9<br>Avg. Price: 543K<br>Sales Volume: 91
2025,BH19 1,401000,96,South West,BH19 1<br>Avg. Price: 401K<br>Sales Volume: 96
2025,BH19 2,364000,76,South West,BH19 2<br>Avg. Price: 364K<br>Sales Volume: 76
2025,BH19 3,571000,14,South West,BH19 3<br>Avg. Price: 571K<br>Sales Volume: 14
2025,BH2 5,221000,72,South West,BH2 5<br>Avg. Price: 221K<br>Sales Volume: 72
2025,BH2 6,252000,92,South West,BH2 6<br>Avg. Price: 252K<br>Sales Volume: 92
2025,BH20 4,340000,72,South West,BH20 4<br>Avg. Price: 340K<br>Sales Volume: 72
2025,BH20 5,543000,44,South West,BH20 5<br>Avg. Price: 543K<br>Sales Volume: 44
2025,BH20 6,410000,57,South West,BH20 6<br>Avg. Price: 410K<br>Sales Volume: 57
2025,BH20 7,424000,58,South West,BH20 7<br>Avg. Price: 424K<br>Sales Volume: 58
2025,BH21 1,402000,181,South West,BH21 1<br>Avg. Price: 402K<br>Sales Volume: 181
2025,BH21 2,455000,167,South West,BH21 2<br>Avg. Price: 455K<br>Sales Volume: 167
2025,BH21 3,415000,138,South West,BH21 3<br>Avg. Price: 415K<br>Sales Volume: 138
2025,BH21 4,452000,51,South West,BH21 4<br>Avg. Price: 452K<br>Sales Volume: 51
2025,BH21 5,617000,11,South West,BH21 5<br>Avg. Price: 617K<br>Sales Volume: 11
2025,BH21 6,430000,22,South West,BH21 6<br>Avg. Price: 430K<br>Sales Volume: 22
2025,BH21 7,604000,28,South West,BH21 7<br>Avg. Price: 604K<br>Sales Volume: 28
2025,BH21 8,800000,1,South West,BH21 8<br>Avg. Price: 800K<br>Sales Volume: 1
2025,BH22 0,398000,152,South West,BH22 0<br>Avg. Price: 398K<br>Sales Volume: 152
2025,BH22 8,472000,195,South West,BH22 8<br>Avg. Price: 472K<br>Sales Volume: 195
2025,BH22 9,407000,213,South West,BH22 9<br>Avg. Price: 407K<br>Sales Volume: 213
2025,BH23 1,382000,103,South West,BH23 1<br>Avg. Price: 382K<br>Sales Volume: 103
2025,BH23 2,448000,181,South West,BH23 2<br>Avg. Price: 448K<br>Sales Volume: 181
2025,BH23 3,396000,108,South West,BH23 3<br>Avg. Price: 396K<br>Sales Volume: 108
2025,BH23 4,530000,199,South West,BH23 4<br>Avg. Price: 530K<br>Sales Volume: 199
2025,BH23 5,460000,177,South West,BH23 5<br>Avg. Price: 460K<br>Sales Volume: 177
2025,BH23 6,465000,1,South West,BH23 6<br>Avg. Price: 465K<br>Sales Volume: 1
2025,BH23 7,427000,60,South West,BH23 7<br>Avg. Price: 427K<br>Sales Volume: 60
2025,BH23 8,534000,64,South West,BH23 8<br>Avg. Price: 534K<br>Sales Volume: 64
2025,BH24 1,408000,167,South West,BH24 1<br>Avg. Price: 408K<br>Sales Volume: 167
2025,BH24 2,661000,96,South West,BH24 2<br>Avg. Price: 661K<br>Sales Volume: 96
2025,BH24 3,506000,43,South West,BH24 3<br>Avg. Price: 506K<br>Sales Volume: 43
2025,BH24 4,860000,14,South West,BH24 4<br>Avg. Price: 860K<br>Sales Volume: 14
2025,BH25 5,432000,166,South West,BH25 5<br>Avg. Price: 432K<br>Sales Volume: 166
2025,BH25 6,357000,129,South West,BH25 6<br>Avg. Price: 357K<br>Sales Volume: 129
2025,BH25 7,527000,118,South West,BH25 7<br>Avg. Price: 527K<br>Sales Volume: 118
2025,BH3 7,604000,69,South West,BH3 7<br>Avg. Price: 604K<br>Sales Volume: 69
2025,BH31 6,406000,164,South West,BH31 6<br>Avg. Price: 406K<br>Sales Volume: 164
2025,BH31 7,534000,52,South West,BH31 7<br>Avg. Price: 534K<br>Sales Volume: 52
2025,BH4 8,328000,109,South West,BH4 8<br>Avg. Price: 328K<br>Sales Volume: 109
2025,BH4 9,336000,73,South West,BH4 9<br>Avg. Price: 336K<br>Sales Volume: 73
2025,BH5 1,226000,117,South West,BH5 1<br>Avg. Price: 226K<br>Sales Volume: 117
2025,BH5 2,445000,50,South West,BH5 2<br>Avg. Price: 445K<br>Sales Volume: 50
2025,BH6 3,433000,165,South West,BH6 3<br>Avg. Price: 433K<br>Sales Volume: 165
2025,BH6 4,570000,71,South West,BH6 4<br>Avg. Price: 570K<br>Sales Volume: 71
2025,BH6 5,378000,151,South West,BH6 5<br>Avg. Price: 378K<br>Sales Volume: 151
2025,BH7 6,383000,108,South West,BH7 6<br>Avg. Price: 383K<br>Sales Volume: 108
2025,BH7 7,574000,49,South West,BH7 7<br>Avg. Price: 574K<br>Sales Volume: 49
2025,BH8 0,358000,75,South West,BH8 0<br>Avg. Price: 358K<br>Sales Volume: 75
2025,BH8 8,259000,156,South West,BH8 8<br>Avg. Price: 259K<br>Sales Volume: 156
2025,BH8 9,429000,97,South West,BH8 9<br>Avg. Price: 429K<br>Sales Volume: 97
2025,BH9 1,325000,155,South West,BH9 1<br>Avg. Price: 325K<br>Sales Volume: 155
2025,BH9 2,337000,124,South West,BH9 2<br>Avg. Price: 337K<br>Sales Volume: 124
2025,BH9 3,363000,125,South West,BH9 3<br>Avg. Price: 363K<br>Sales Volume: 125
2025,BL0 0,280000,98,North England,BL0 0<br>Avg. Price: 280K<br>Sales Volume: 98
2025,BL0 9,300000,181,North England,BL0 9<br>Avg. Price: 300K<br>Sales Volume: 181
2025,BL1 1,204000,5,North England,BL1 1<br>Avg. Price: 204K<br>Sales Volume: 5
2025,BL1 2,146000,31,North England,BL1 2<br>Avg. Price: 146K<br>Sales Volume: 31
2025,BL1 3,127000,102,North England,BL1 3<br>Avg. Price: 127K<br>Sales Volume: 102
2025,BL1 4,162000,108,North England,BL1 4<br>Avg. Price: 162K<br>Sales Volume: 108
2025,BL1 5,311000,159,North England,BL1 5<br>Avg. Price: 311K<br>Sales Volume: 159
2025,BL1 6,219000,138,North England,BL1 6<br>Avg. Price: 219K<br>Sales Volume: 138
2025,BL1 7,219000,139,North England,BL1 7<br>Avg. Price: 219K<br>Sales Volume: 139
2025,BL1 8,178000,137,North England,BL1 8<br>Avg. Price: 178K<br>Sales Volume: 137
2025,BL2 1,194000,37,North England,BL2 1<br>Avg. Price: 194K<br>Sales Volume: 37
2025,BL2 2,156000,112,North England,BL2 2<br>Avg. Price: 156K<br>Sales Volume: 112
2025,BL2 3,265000,143,North England,BL2 3<br>Avg. Price: 265K<br>Sales Volume: 143
2025,BL2 4,313000,68,North England,BL2 4<br>Avg. Price: 313K<br>Sales Volume: 68
2025,BL2 5,200000,100,North England,BL2 5<br>Avg. Price: 200K<br>Sales Volume: 100
2025,BL2 6,186000,148,North England,BL2 6<br>Avg. Price: 186K<br>Sales Volume: 148
2025,BL3 1,207000,136,North England,BL3 1<br>Avg. Price: 207K<br>Sales Volume: 136
2025,BL3 2,157000,70,North England,BL3 2<br>Avg. Price: 157K<br>Sales Volume: 70
2025,BL3 3,181000,143,North England,BL3 3<br>Avg. Price: 181K<br>Sales Volume: 143
2025,BL3 4,234000,158,North England,BL3 4<br>Avg. Price: 234K<br>Sales Volume: 158
2025,BL3 5,147000,33,North England,BL3 5<br>Avg. Price: 147K<br>Sales Volume: 33
2025,BL3 6,159000,25,North England,BL3 6<br>Avg. Price: 159K<br>Sales Volume: 25
2025,BL4 0,191000,122,North England,BL4 0<br>Avg. Price: 191K<br>Sales Volume: 122
2025,BL4 7,150000,85,North England,BL4 7<br>Avg. Price: 150K<br>Sales Volume: 85
2025,BL4 8,186000,120,North England,BL4 8<br>Avg. Price: 186K<br>Sales Volume: 120
2025,BL4 9,159000,75,North England,BL4 9<br>Avg. Price: 159K<br>Sales Volume: 75
2025,BL5 1,301000,40,North England,BL5 1<br>Avg. Price: 301K<br>Sales Volume: 40
2025,BL5 2,247000,162,North England,BL5 2<br>Avg. Price: 247K<br>Sales Volume: 162
2025,BL5 3,230000,304,North England,BL5 3<br>Avg. Price: 230K<br>Sales Volume: 304
2025,BL6 4,332000,162,North England,BL6 4<br>Avg. Price: 332K<br>Sales Volume: 162
2025,BL6 5,224000,177,North England,BL6 5<br>Avg. Price: 224K<br>Sales Volume: 177
2025,BL6 6,199000,115,North England,BL6 6<br>Avg. Price: 199K<br>Sales Volume: 115
2025,BL6 7,246000,105,North England,BL6 7<br>Avg. Price: 246K<br>Sales Volume: 105
2025,BL7 0,408000,44,North England,BL7 0<br>Avg. Price: 408K<br>Sales Volume: 44
2025,BL7 8,327000,9,North England,BL7 8<br>Avg. Price: 327K<br>Sales Volume: 9
2025,BL7 9,298000,187,North England,BL7 9<br>Avg. Price: 298K<br>Sales Volume: 187
2025,BL8 1,232000,180,North England,BL8 1<br>Avg. Price: 232K<br>Sales Volume: 180
2025,BL8 2,283000,136,North England,BL8 2<br>Avg. Price: 283K<br>Sales Volume: 136
2025,BL8 3,266000,107,North England,BL8 3<br>Avg. Price: 266K<br>Sales Volume: 107
2025,BL8 4,404000,61,North England,BL8 4<br>Avg. Price: 404K<br>Sales Volume: 61
2025,BL9 0,176000,42,North England,BL9 0<br>Avg. Price: 176K<br>Sales Volume: 42
2025,BL9 5,243000,71,North England,BL9 5<br>Avg. Price: 243K<br>Sales Volume: 71
2025,BL9 6,204000,152,North England,BL9 6<br>Avg. Price: 204K<br>Sales Volume: 152
2025,BL9 7,194000,111,North England,BL9 7<br>Avg. Price: 194K<br>Sales Volume: 111
2025,BL9 8,299000,124,North England,BL9 8<br>Avg. Price: 299K<br>Sales Volume: 124
2025,BL9 9,228000,163,North England,BL9 9<br>Avg. Price: 228K<br>Sales Volume: 163
2025,BN1 1,413000,11,South East,BN1 1<br>Avg. Price: 413K<br>Sales Volume: 11
2025,BN1 2,328000,65,South East,BN1 2<br>Avg. Price: 328K<br>Sales Volume: 65
2025,BN1 3,448000,190,South East,BN1 3<br>Avg. Price: 448K<br>Sales Volume: 190
2025,BN1 4,389000,126,South East,BN1 4<br>Avg. Price: 389K<br>Sales Volume: 126
2025,BN1 5,601000,167,South East,BN1 5<br>Avg. Price: 601K<br>Sales Volume: 167
2025,BN1 6,568000,232,South East,BN1 6<br>Avg. Price: 568K<br>Sales Volume: 232
2025,BN1 7,489000,91,South East,BN1 7<br>Avg. Price: 489K<br>Sales Volume: 91
2025,BN1 8,480000,168,South East,BN1 8<br>Avg. Price: 480K<br>Sales Volume: 168
2025,BN1 9,386000,29,South East,BN1 9<br>Avg. Price: 386K<br>Sales Volume: 29
2025,BN10 7,348000,155,South East,BN10 7<br>Avg. Price: 348K<br>Sales Volume: 155
2025,BN10 8,356000,172,South East,BN10 8<br>Avg. Price: 356K<br>Sales Volume: 172
2025,BN11 1,279000,93,South East,BN11 1<br>Avg. Price: 279K<br>Sales Volume: 93
2025,BN11 2,353000,140,South East,BN11 2<br>Avg. Price: 353K<br>Sales Volume: 140
2025,BN11 3,282000,95,South East,BN11 3<br>Avg. Price: 282K<br>Sales Volume: 95
2025,BN11 4,276000,176,South East,BN11 4<br>Avg. Price: 276K<br>Sales Volume: 176
2025,BN11 5,353000,111,South East,BN11 5<br>Avg. Price: 353K<br>Sales Volume: 111
2025,BN12 4,478000,122,South East,BN12 4<br>Avg. Price: 478K<br>Sales Volume: 122
2025,BN12 5,543000,93,South East,BN12 5<br>Avg. Price: 543K<br>Sales Volume: 93
2025,BN12 6,383000,144,South East,BN12 6<br>Avg. Price: 383K<br>Sales Volume: 144
2025,BN13 1,338000,121,South East,BN13 1<br>Avg. Price: 338K<br>Sales Volume: 121
2025,BN13 2,373000,149,South East,BN13 2<br>Avg. Price: 373K<br>Sales Volume: 149
2025,BN13 3,428000,148,South East,BN13 3<br>Avg. Price: 428K<br>Sales Volume: 148
2025,BN14 0,541000,77,South East,BN14 0<br>Avg. Price: 541K<br>Sales Volume: 77
2025,BN14 7,375000,149,South East,BN14 7<br>Avg. Price: 375K<br>Sales Volume: 149
2025,BN14 8,343000,94,South East,BN14 8<br>Avg. Price: 343K<br>Sales Volume: 94
2025,BN14 9,432000,103,South East,BN14 9<br>Avg. Price: 432K<br>Sales Volume: 103
2025,BN15 0,372000,121,South East,BN15 0<br>Avg. Price: 372K<br>Sales Volume: 121
2025,BN15 8,326000,137,South East,BN15 8<br>Avg. Price: 326K<br>Sales Volume: 137
2025,BN15 9,367000,169,South East,BN15 9<br>Avg. Price: 367K<br>Sales Volume: 169
2025,BN16 1,496000,136,South East,BN16 1<br>Avg. Price: 496K<br>Sales Volume: 136
2025,BN16 2,516000,161,South East,BN16 2<br>Avg. Price: 516K<br>Sales Volume: 161
2025,BN16 3,332000,137,South East,BN16 3<br>Avg. Price: 332K<br>Sales Volume: 137
2025,BN16 4,478000,178,South East,BN16 4<br>Avg. Price: 478K<br>Sales Volume: 178
2025,BN17 5,264000,123,South East,BN17 5<br>Avg. Price: 264K<br>Sales Volume: 123
2025,BN17 6,329000,219,South East,BN17 6<br>Avg. Price: 329K<br>Sales Volume: 219
2025,BN17 7,291000,165,South East,BN17 7<br>Avg. Price: 291K<br>Sales Volume: 165
2025,BN18 0,411000,205,South East,BN18 0<br>Avg. Price: 411K<br>Sales Volume: 205
2025,BN18 9,579000,73,South East,BN18 9<br>Avg. Price: 579K<br>Sales Volume: 73
2025,BN2 0,482000,88,South East,BN2 0<br>Avg. Price: 482K<br>Sales Volume: 88
2025,BN2 1,401000,147,South East,BN2 1<br>Avg. Price: 401K<br>Sales Volume: 147
2025,BN2 2,220000,1,South East,BN2 2<br>Avg. Price: 220K<br>Sales Volume: 1
2025,BN2 3,406000,177,South East,BN2 3<br>Avg. Price: 406K<br>Sales Volume: 177
2025,BN2 4,372000,130,South East,BN2 4<br>Avg. Price: 372K<br>Sales Volume: 130
2025,BN2 5,568000,101,South East,BN2 5<br>Avg. Price: 568K<br>Sales Volume: 101
2025,BN2 6,413000,103,South East,BN2 6<br>Avg. Price: 413K<br>Sales Volume: 103
2025,BN2 7,642000,63,South East,BN2 7<br>Avg. Price: 642K<br>Sales Volume: 63
2025,BN2 8,453000,158,South East,BN2 8<br>Avg. Price: 453K<br>Sales Volume: 158
2025,BN2 9,460000,161,South East,BN2 9<br>Avg. Price: 460K<br>Sales Volume: 161
2025,BN20 0,775000,13,South East,BN20 0<br>Avg. Price: 775K<br>Sales Volume: 13
2025,BN20 7,353000,119,South East,BN20 7<br>Avg. Price: 353K<br>Sales Volume: 119
2025,BN20 8,410000,95,South East,BN20 8<br>Avg. Price: 410K<br>Sales Volume: 95
2025,BN20 9,470000,79,South East,BN20 9<br>Avg. Price: 470K<br>Sales Volume: 79
2025,BN21 1,319000,134,South East,BN21 1<br>Avg. Price: 319K<br>Sales Volume: 134
2025,BN21 2,318000,147,South East,BN21 2<br>Avg. Price: 318K<br>Sales Volume: 147
2025,BN21 3,188000,112,South East,BN21 3<br>Avg. Price: 188K<br>Sales Volume: 112
2025,BN21 4,253000,92,South East,BN21 4<br>Avg. Price: 253K<br>Sales Volume: 92
2025,BN22 0,342000,154,South East,BN22 0<br>Avg. Price: 342K<br>Sales Volume: 154
2025,BN22 7,265000,86,South East,BN22 7<br>Avg. Price: 265K<br>Sales Volume: 86
2025,BN22 8,287000,146,South East,BN22 8<br>Avg. Price: 287K<br>Sales Volume: 146
2025,BN22 9,264000,89,South East,BN22 9<br>Avg. Price: 264K<br>Sales Volume: 89
2025,BN23 5,296000,159,South East,BN23 5<br>Avg. Price: 296K<br>Sales Volume: 159
2025,BN23 6,299000,104,South East,BN23 6<br>Avg. Price: 299K<br>Sales Volume: 104
2025,BN23 7,263000,123,South East,BN23 7<br>Avg. Price: 263K<br>Sales Volume: 123
2025,BN23 8,305000,85,South East,BN23 8<br>Avg. Price: 305K<br>Sales Volume: 85
2025,BN24 5,374000,135,South East,BN24 5<br>Avg. Price: 374K<br>Sales Volume: 135
2025,BN24 6,360000,53,South East,BN24 6<br>Avg. Price: 360K<br>Sales Volume: 53
2025,BN25 1,298000,85,South East,BN25 1<br>Avg. Price: 298K<br>Sales Volume: 85
2025,BN25 2,382000,133,South East,BN25 2<br>Avg. Price: 382K<br>Sales Volume: 133
2025,BN25 3,382000,134,South East,BN25 3<br>Avg. Price: 382K<br>Sales Volume: 134
2025,BN25 4,514000,66,South East,BN25 4<br>Avg. Price: 514K<br>Sales Volume: 66
2025,BN26 5,427000,78,South East,BN26 5<br>Avg. Price: 427K<br>Sales Volume: 78
2025,BN26 6,322000,113,South East,BN26 6<br>Avg. Price: 322K<br>Sales Volume: 113
2025,BN27 1,340000,142,South East,BN27 1<br>Avg. Price: 340K<br>Sales Volume: 142
2025,BN27 2,289000,71,South East,BN27 2<br>Avg. Price: 289K<br>Sales Volume: 71
2025,BN27 3,341000,204,South East,BN27 3<br>Avg. Price: 341K<br>Sales Volume: 204
2025,BN27 4,408000,111,South East,BN27 4<br>Avg. Price: 408K<br>Sales Volume: 111
2025,BN3 1,393000,212,South East,BN3 1<br>Avg. Price: 393K<br>Sales Volume: 212
2025,BN3 2,480000,147,South East,BN3 2<br>Avg. Price: 480K<br>Sales Volume: 147
2025,BN3 3,414000,218,South East,BN3 3<br>Avg. Price: 414K<br>Sales Volume: 218
2025,BN3 4,626000,138,South East,BN3 4<br>Avg. Price: 626K<br>Sales Volume: 138
2025,BN3 5,559000,168,South East,BN3 5<br>Avg. Price: 559K<br>Sales Volume: 168
2025,BN3 6,908000,152,South East,BN3 6<br>Avg. Price: 908K<br>Sales Volume: 152
2025,BN3 7,574000,107,South East,BN3 7<br>Avg. Price: 574K<br>Sales Volume: 107
2025,BN3 8,466000,86,South East,BN3 8<br>Avg. Price: 466K<br>Sales Volume: 86
2025,BN41 1,423000,77,South East,BN41 1<br>Avg. Price: 423K<br>Sales Volume: 77
2025,BN41 2,381000,177,South East,BN41 2<br>Avg. Price: 381K<br>Sales Volume: 177
2025,BN42 4,445000,128,South East,BN42 4<br>Avg. Price: 445K<br>Sales Volume: 128
2025,BN43 5,473000,147,South East,BN43 5<br>Avg. Price: 473K<br>Sales Volume: 147
2025,BN43 6,413000,138,South East,BN43 6<br>Avg. Price: 413K<br>Sales Volume: 138
2025,BN44 3,469000,140,South East,BN44 3<br>Avg. Price: 469K<br>Sales Volume: 140
2025,BN45 7,625000,6,South East,BN45 7<br>Avg. Price: 625K<br>Sales Volume: 6
2025,BN5 9,633000,94,South East,BN5 9<br>Avg. Price: 633K<br>Sales Volume: 94
2025,BN6 8,610000,119,South East,BN6 8<br>Avg. Price: 610K<br>Sales Volume: 119
2025,BN6 9,697000,148,South East,BN6 9<br>Avg. Price: 697K<br>Sales Volume: 148
2025,BN7 1,598000,125,South East,BN7 1<br>Avg. Price: 598K<br>Sales Volume: 125
2025,BN7 2,406000,116,South East,BN7 2<br>Avg. Price: 406K<br>Sales Volume: 116
2025,BN7 3,673000,40,South East,BN7 3<br>Avg. Price: 673K<br>Sales Volume: 40
2025,BN8 4,551000,79,South East,BN8 4<br>Avg. Price: 551K<br>Sales Volume: 79
2025,BN8 5,519000,59,South East,BN8 5<br>Avg. Price: 519K<br>Sales Volume: 59
2025,BN8 6,635000,46,South East,BN8 6<br>Avg. Price: 635K<br>Sales Volume: 46
2025,BN9 0,322000,58,South East,BN9 0<br>Avg. Price: 322K<br>Sales Volume: 58
2025,BN9 9,299000,126,South East,BN9 9<br>Avg. Price: 299K<br>Sales Volume: 126
2025,BR1 1,393000,42,Greater London,BR1 1<br>Avg. Price: 393K<br>Sales Volume: 42
2025,BR1 2,757000,130,Greater London,BR1 2<br>Avg. Price: 757K<br>Sales Volume: 130
2025,BR1 3,465000,193,Greater London,BR1 3<br>Avg. Price: 465K<br>Sales Volume: 193
2025,BR1 4,497000,167,Greater London,BR1 4<br>Avg. Price: 497K<br>Sales Volume: 167
2025,BR1 5,440000,128,Greater London,BR1 5<br>Avg. Price: 440K<br>Sales Volume: 128
2025,BR2 0,556000,197,Greater London,BR2 0<br>Avg. Price: 556K<br>Sales Volume: 197
2025,BR2 6,1220000,36,Greater London,"BR2 6<br>Avg. Price: 1,220K<br>Sales Volume: 36"
2025,BR2 7,670000,94,Greater London,BR2 7<br>Avg. Price: 670K<br>Sales Volume: 94
2025,BR2 8,580000,99,Greater London,BR2 8<br>Avg. Price: 580K<br>Sales Volume: 99
2025,BR2 9,526000,210,Greater London,BR2 9<br>Avg. Price: 526K<br>Sales Volume: 210
2025,BR3 1,512000,157,Greater London,BR3 1<br>Avg. Price: 512K<br>Sales Volume: 157
2025,BR3 3,637000,194,Greater London,BR3 3<br>Avg. Price: 637K<br>Sales Volume: 194
2025,BR3 4,552000,184,Greater London,BR3 4<br>Avg. Price: 552K<br>Sales Volume: 184
2025,BR3 5,522000,139,Greater London,BR3 5<br>Avg. Price: 522K<br>Sales Volume: 139
2025,BR3 6,736000,84,Greater London,BR3 6<br>Avg. Price: 736K<br>Sales Volume: 84
2025,BR4 0,630000,81,Greater London,BR4 0<br>Avg. Price: 630K<br>Sales Volume: 81
2025,BR4 9,685000,120,Greater London,BR4 9<br>Avg. Price: 685K<br>Sales Volume: 120
2025,BR5 1,756000,168,Greater London,BR5 1<br>Avg. Price: 756K<br>Sales Volume: 168
2025,BR5 2,439000,147,Greater London,BR5 2<br>Avg. Price: 439K<br>Sales Volume: 147
2025,BR5 3,405000,76,Greater London,BR5 3<br>Avg. Price: 405K<br>Sales Volume: 76
2025,BR5 4,410000,120,Greater London,BR5 4<br>Avg. Price: 410K<br>Sales Volume: 120
2025,BR6 0,537000,130,Greater London,BR6 0<br>Avg. Price: 537K<br>Sales Volume: 130
2025,BR6 6,637000,86,Greater London,BR6 6<br>Avg. Price: 637K<br>Sales Volume: 86
2025,BR6 7,597000,97,Greater London,BR6 7<br>Avg. Price: 597K<br>Sales Volume: 97
2025,BR6 8,758000,95,Greater London,BR6 8<br>Avg. Price: 758K<br>Sales Volume: 95
2025,BR6 9,594000,188,Greater London,BR6 9<br>Avg. Price: 594K<br>Sales Volume: 188
2025,BR7 5,862000,121,Greater London,BR7 5<br>Avg. Price: 862K<br>Sales Volume: 121
2025,BR7 6,729000,154,Greater London,BR7 6<br>Avg. Price: 729K<br>Sales Volume: 154
2025,BR8 7,402000,187,Greater London,BR8 7<br>Avg. Price: 402K<br>Sales Volume: 187
2025,BR8 8,442000,127,Greater London,BR8 8<br>Avg. Price: 442K<br>Sales Volume: 127
2025,BS1 1,180000,9,South West,BS1 1<br>Avg. Price: 180K<br>Sales Volume: 9
2025,BS1 2,407000,6,South West,BS1 2<br>Avg. Price: 407K<br>Sales Volume: 6
2025,BS1 3,361000,18,South West,BS1 3<br>Avg. Price: 361K<br>Sales Volume: 18
2025,BS1 4,379000,13,South West,BS1 4<br>Avg. Price: 379K<br>Sales Volume: 13
2025,BS1 5,397000,68,South West,BS1 5<br>Avg. Price: 397K<br>Sales Volume: 68
2025,BS1 6,352000,101,South West,BS1 6<br>Avg. Price: 352K<br>Sales Volume: 101
2025,BS10 5,376000,85,South West,BS10 5<br>Avg. Price: 376K<br>Sales Volume: 85
2025,BS10 6,341000,131,South West,BS10 6<br>Avg. Price: 341K<br>Sales Volume: 131
2025,BS10 7,367000,139,South West,BS10 7<br>Avg. Price: 367K<br>Sales Volume: 139
2025,BS11 0,279000,78,South West,BS11 0<br>Avg. Price: 279K<br>Sales Volume: 78
2025,BS11 9,301000,105,South West,BS11 9<br>Avg. Price: 301K<br>Sales Volume: 105
2025,BS13 0,250000,51,South West,BS13 0<br>Avg. Price: 250K<br>Sales Volume: 51
2025,BS13 7,346000,131,South West,BS13 7<br>Avg. Price: 346K<br>Sales Volume: 131
2025,BS13 8,282000,88,South West,BS13 8<br>Avg. Price: 282K<br>Sales Volume: 88
2025,BS13 9,250000,52,South West,BS13 9<br>Avg. Price: 250K<br>Sales Volume: 52
2025,BS14 0,317000,137,South West,BS14 0<br>Avg. Price: 317K<br>Sales Volume: 137
2025,BS14 8,296000,89,South West,BS14 8<br>Avg. Price: 296K<br>Sales Volume: 89
2025,BS14 9,294000,147,South West,BS14 9<br>Avg. Price: 294K<br>Sales Volume: 147
2025,BS15 1,279000,195,South West,BS15 1<br>Avg. Price: 279K<br>Sales Volume: 195
2025,BS15 3,393000,117,South West,BS15 3<br>Avg. Price: 393K<br>Sales Volume: 117
2025,BS15 4,292000,176,South West,BS15 4<br>Avg. Price: 292K<br>Sales Volume: 176
2025,BS15 8,295000,160,South West,BS15 8<br>Avg. Price: 295K<br>Sales Volume: 160
2025,BS15 9,324000,111,South West,BS15 9<br>Avg. Price: 324K<br>Sales Volume: 111
2025,BS16 1,388000,176,South West,BS16 1<br>Avg. Price: 388K<br>Sales Volume: 176
2025,BS16 2,367000,173,South West,BS16 2<br>Avg. Price: 367K<br>Sales Volume: 173
2025,BS16 3,293000,105,South West,BS16 3<br>Avg. Price: 293K<br>Sales Volume: 105
2025,BS16 4,296000,133,South West,BS16 4<br>Avg. Price: 296K<br>Sales Volume: 133
2025,BS16 5,330000,143,South West,BS16 5<br>Avg. Price: 330K<br>Sales Volume: 143
2025,BS16 6,458000,123,South West,BS16 6<br>Avg. Price: 458K<br>Sales Volume: 123
2025,BS16 7,369000,217,South West,BS16 7<br>Avg. Price: 369K<br>Sales Volume: 217
2025,BS16 9,347000,125,South West,BS16 9<br>Avg. Price: 347K<br>Sales Volume: 125
2025,BS2 0,250000,62,South West,BS2 0<br>Avg. Price: 250K<br>Sales Volume: 62
2025,BS2 8,317000,66,South West,BS2 8<br>Avg. Price: 317K<br>Sales Volume: 66
2025,BS2 9,398000,78,South West,BS2 9<br>Avg. Price: 398K<br>Sales Volume: 78
2025,BS20 0,403000,61,South West,BS20 0<br>Avg. Price: 403K<br>Sales Volume: 61
2025,BS20 6,353000,128,South West,BS20 6<br>Avg. Price: 353K<br>Sales Volume: 128
2025,BS20 7,409000,243,South West,BS20 7<br>Avg. Price: 409K<br>Sales Volume: 243
2025,BS20 8,475000,91,South West,BS20 8<br>Avg. Price: 475K<br>Sales Volume: 91
2025,BS21 5,316000,102,South West,BS21 5<br>Avg. Price: 316K<br>Sales Volume: 102
2025,BS21 6,373000,115,South West,BS21 6<br>Avg. Price: 373K<br>Sales Volume: 115
2025,BS21 7,478000,160,South West,BS21 7<br>Avg. Price: 478K<br>Sales Volume: 160
2025,BS22 6,255000,123,South West,BS22 6<br>Avg. Price: 255K<br>Sales Volume: 123
2025,BS22 7,285000,213,South West,BS22 7<br>Avg. Price: 285K<br>Sales Volume: 213
2025,BS22 8,268000,213,South West,BS22 8<br>Avg. Price: 268K<br>Sales Volume: 213
2025,BS22 9,354000,162,South West,BS22 9<br>Avg. Price: 354K<br>Sales Volume: 162
2025,BS23 1,196000,97,South West,BS23 1<br>Avg. Price: 196K<br>Sales Volume: 97
2025,BS23 2,221000,204,South West,BS23 2<br>Avg. Price: 221K<br>Sales Volume: 204
2025,BS23 3,202000,143,South West,BS23 3<br>Avg. Price: 202K<br>Sales Volume: 143
2025,BS23 4,296000,137,South West,BS23 4<br>Avg. Price: 296K<br>Sales Volume: 137
2025,BS24 0,425000,27,South West,BS24 0<br>Avg. Price: 425K<br>Sales Volume: 27
2025,BS24 6,792000,4,South West,BS24 6<br>Avg. Price: 792K<br>Sales Volume: 4
2025,BS24 7,278000,226,South West,BS24 7<br>Avg. Price: 278K<br>Sales Volume: 226
2025,BS24 8,288000,152,South West,BS24 8<br>Avg. Price: 288K<br>Sales Volume: 152
2025,BS24 9,321000,95,South West,BS24 9<br>Avg. Price: 321K<br>Sales Volume: 95
2025,BS25 1,473000,65,South West,BS25 1<br>Avg. Price: 473K<br>Sales Volume: 65
2025,BS25 5,540000,43,South West,BS25 5<br>Avg. Price: 540K<br>Sales Volume: 43
2025,BS26 2,391000,62,South West,BS26 2<br>Avg. Price: 391K<br>Sales Volume: 62
2025,BS27 3,406000,126,South West,BS27 3<br>Avg. Price: 406K<br>Sales Volume: 126
2025,BS28 4,608000,43,South West,BS28 4<br>Avg. Price: 608K<br>Sales Volume: 43
2025,BS29 6,324000,81,South West,BS29 6<br>Avg. Price: 324K<br>Sales Volume: 81
2025,BS3 1,395000,200,South West,BS3 1<br>Avg. Price: 395K<br>Sales Volume: 200
2025,BS3 2,450000,104,South West,BS3 2<br>Avg. Price: 450K<br>Sales Volume: 104
2025,BS3 3,379000,173,South West,BS3 3<br>Avg. Price: 379K<br>Sales Volume: 173
2025,BS3 4,365000,158,South West,BS3 4<br>Avg. Price: 365K<br>Sales Volume: 158
2025,BS3 5,355000,129,South West,BS3 5<br>Avg. Price: 355K<br>Sales Volume: 129
2025,BS30 5,421000,53,South West,BS30 5<br>Avg. Price: 421K<br>Sales Volume: 53
2025,BS30 6,434000,56,South West,BS30 6<br>Avg. Price: 434K<br>Sales Volume: 56
2025,BS30 7,331000,59,South West,BS30 7<br>Avg. Price: 331K<br>Sales Volume: 59
2025,BS30 8,311000,133,South West,BS30 8<br>Avg. Price: 311K<br>Sales Volume: 133
2025,BS30 9,371000,95,South West,BS30 9<br>Avg. Price: 371K<br>Sales Volume: 95
2025,BS31 1,400000,150,South West,BS31 1<br>Avg. Price: 400K<br>Sales Volume: 150
2025,BS31 2,404000,155,South West,BS31 2<br>Avg. Price: 404K<br>Sales Volume: 155
2025,BS31 3,648000,63,South West,BS31 3<br>Avg. Price: 648K<br>Sales Volume: 63
2025,BS32 0,343000,105,South West,BS32 0<br>Avg. Price: 343K<br>Sales Volume: 105
2025,BS32 4,633000,40,South West,BS32 4<br>Avg. Price: 633K<br>Sales Volume: 40
2025,BS32 8,391000,105,South West,BS32 8<br>Avg. Price: 391K<br>Sales Volume: 105
2025,BS32 9,322000,72,South West,BS32 9<br>Avg. Price: 322K<br>Sales Volume: 72
2025,BS34 4,363000,23,South West,BS34 4<br>Avg. Price: 363K<br>Sales Volume: 23
2025,BS34 5,296000,176,South West,BS34 5<br>Avg. Price: 296K<br>Sales Volume: 176
2025,BS34 6,334000,83,South West,BS34 6<br>Avg. Price: 334K<br>Sales Volume: 83
2025,BS34 7,307000,109,South West,BS34 7<br>Avg. Price: 307K<br>Sales Volume: 109
2025,BS34 8,400000,153,South West,BS34 8<br>Avg. Price: 400K<br>Sales Volume: 153
2025,BS35 1,366000,127,South West,BS35 1<br>Avg. Price: 366K<br>Sales Volume: 127
2025,BS35 2,345000,85,South West,BS35 2<br>Avg. Price: 345K<br>Sales Volume: 85
2025,BS35 3,439000,35,South West,BS35 3<br>Avg. Price: 439K<br>Sales Volume: 35
2025,BS35 4,338000,64,South West,BS35 4<br>Avg. Price: 338K<br>Sales Volume: 64
2025,BS35 5,509000,5,South West,BS35 5<br>Avg. Price: 509K<br>Sales Volume: 5
2025,BS36 1,469000,86,South West,BS36 1<br>Avg. Price: 469K<br>Sales Volume: 86
2025,BS36 2,471000,113,South West,BS36 2<br>Avg. Price: 471K<br>Sales Volume: 113
2025,BS37 4,286000,135,South West,BS37 4<br>Avg. Price: 286K<br>Sales Volume: 135
2025,BS37 5,318000,117,South West,BS37 5<br>Avg. Price: 318K<br>Sales Volume: 117
2025,BS37 6,408000,119,South West,BS37 6<br>Avg. Price: 408K<br>Sales Volume: 119
2025,BS37 7,369000,140,South West,BS37 7<br>Avg. Price: 369K<br>Sales Volume: 140
2025,BS37 8,281000,109,South West,BS37 8<br>Avg. Price: 281K<br>Sales Volume: 109
2025,BS37 9,591000,14,South West,BS37 9<br>Avg. Price: 591K<br>Sales Volume: 14
2025,BS39 4,514000,22,South West,BS39 4<br>Avg. Price: 514K<br>Sales Volume: 22
2025,BS39 5,471000,56,South West,BS39 5<br>Avg. Price: 471K<br>Sales Volume: 56
2025,BS39 6,420000,37,South West,BS39 6<br>Avg. Price: 420K<br>Sales Volume: 37
2025,BS39 7,298000,104,South West,BS39 7<br>Avg. Price: 298K<br>Sales Volume: 104
2025,BS4 1,267000,122,South West,BS4 1<br>Avg. Price: 267K<br>Sales Volume: 122
2025,BS4 2,415000,129,South West,BS4 2<br>Avg. Price: 415K<br>Sales Volume: 129
2025,BS4 3,366000,165,South West,BS4 3<br>Avg. Price: 366K<br>Sales Volume: 165
2025,BS4 4,314000,189,South West,BS4 4<br>Avg. Price: 314K<br>Sales Volume: 189
2025,BS4 5,349000,45,South West,BS4 5<br>Avg. Price: 349K<br>Sales Volume: 45
2025,BS40 5,395000,60,South West,BS40 5<br>Avg. Price: 395K<br>Sales Volume: 60
2025,BS40 6,711000,18,South West,BS40 6<br>Avg. Price: 711K<br>Sales Volume: 18
2025,BS40 7,577000,14,South West,BS40 7<br>Avg. Price: 577K<br>Sales Volume: 14
2025,BS40 8,708000,49,South West,BS40 8<br>Avg. Price: 708K<br>Sales Volume: 49
2025,BS40 9,369000,5,South West,BS40 9<br>Avg. Price: 369K<br>Sales Volume: 5
2025,BS41 8,556000,12,South West,BS41 8<br>Avg. Price: 556K<br>Sales Volume: 12
2025,BS41 9,587000,53,South West,BS41 9<br>Avg. Price: 587K<br>Sales Volume: 53
2025,BS48 1,459000,78,South West,BS48 1<br>Avg. Price: 459K<br>Sales Volume: 78
2025,BS48 2,363000,117,South West,BS48 2<br>Avg. Price: 363K<br>Sales Volume: 117
2025,BS48 3,575000,72,South West,BS48 3<br>Avg. Price: 575K<br>Sales Volume: 72
2025,BS48 4,437000,103,South West,BS48 4<br>Avg. Price: 437K<br>Sales Volume: 103
2025,BS49 4,381000,164,South West,BS49 4<br>Avg. Price: 381K<br>Sales Volume: 164
2025,BS49 5,466000,65,South West,BS49 5<br>Avg. Price: 466K<br>Sales Volume: 65
2025,BS5 0,322000,72,South West,BS5 0<br>Avg. Price: 322K<br>Sales Volume: 72
2025,BS5 6,346000,178,South West,BS5 6<br>Avg. Price: 346K<br>Sales Volume: 178
2025,BS5 7,324000,195,South West,BS5 7<br>Avg. Price: 324K<br>Sales Volume: 195
2025,BS5 8,321000,168,South West,BS5 8<br>Avg. Price: 321K<br>Sales Volume: 168
2025,BS5 9,332000,133,South West,BS5 9<br>Avg. Price: 332K<br>Sales Volume: 133
2025,BS6 5,466000,169,South West,BS6 5<br>Avg. Price: 466K<br>Sales Volume: 169
2025,BS6 6,487000,204,South West,BS6 6<br>Avg. Price: 487K<br>Sales Volume: 204
2025,BS6 7,729000,118,South West,BS6 7<br>Avg. Price: 729K<br>Sales Volume: 118
2025,BS7 0,368000,189,South West,BS7 0<br>Avg. Price: 368K<br>Sales Volume: 189
2025,BS7 8,619000,133,South West,BS7 8<br>Avg. Price: 619K<br>Sales Volume: 133
2025,BS7 9,457000,204,South West,BS7 9<br>Avg. Price: 457K<br>Sales Volume: 204
2025,BS8 1,399000,49,South West,BS8 1<br>Avg. Price: 399K<br>Sales Volume: 49
2025,BS8 2,498000,127,South West,BS8 2<br>Avg. Price: 498K<br>Sales Volume: 127
2025,BS8 3,759000,84,South West,BS8 3<br>Avg. Price: 759K<br>Sales Volume: 84
2025,BS8 4,528000,139,South West,BS8 4<br>Avg. Price: 528K<br>Sales Volume: 139
2025,BS9 1,710000,97,South West,BS9 1<br>Avg. Price: 710K<br>Sales Volume: 97
2025,BS9 2,539000,77,South West,BS9 2<br>Avg. Price: 539K<br>Sales Volume: 77
2025,BS9 3,665000,97,South West,BS9 3<br>Avg. Price: 665K<br>Sales Volume: 97
2025,BS9 4,623000,133,South West,BS9 4<br>Avg. Price: 623K<br>Sales Volume: 133
2025,CA1 1,207000,33,North England,CA1 1<br>Avg. Price: 207K<br>Sales Volume: 33
2025,CA1 2,140000,224,North England,CA1 2<br>Avg. Price: 140K<br>Sales Volume: 224
2025,CA1 3,170000,152,North England,CA1 3<br>Avg. Price: 170K<br>Sales Volume: 152
2025,CA10 1,317000,107,North England,CA10 1<br>Avg. Price: 317K<br>Sales Volume: 107
2025,CA10 2,339000,56,North England,CA10 2<br>Avg. Price: 339K<br>Sales Volume: 56
2025,CA10 3,253000,68,North England,CA10 3<br>Avg. Price: 253K<br>Sales Volume: 68
2025,CA11 0,427000,68,North England,CA11 0<br>Avg. Price: 427K<br>Sales Volume: 68
2025,CA11 7,225000,75,North England,CA11 7<br>Avg. Price: 225K<br>Sales Volume: 75
2025,CA11 8,231000,151,North England,CA11 8<br>Avg. Price: 231K<br>Sales Volume: 151
2025,CA11 9,219000,115,North England,CA11 9<br>Avg. Price: 219K<br>Sales Volume: 115
2025,CA12 4,387000,73,North England,CA12 4<br>Avg. Price: 387K<br>Sales Volume: 73
2025,CA12 5,360000,44,North England,CA12 5<br>Avg. Price: 360K<br>Sales Volume: 44
2025,CA13 0,262000,148,North England,CA13 0<br>Avg. Price: 262K<br>Sales Volume: 148
2025,CA13 9,274000,117,North England,CA13 9<br>Avg. Price: 274K<br>Sales Volume: 117
2025,CA14 1,221000,116,North England,CA14 1<br>Avg. Price: 221K<br>Sales Volume: 116
2025,CA14 2,106000,122,North England,CA14 2<br>Avg. Price: 106K<br>Sales Volume: 122
2025,CA14 3,133000,125,North England,CA14 3<br>Avg. Price: 133K<br>Sales Volume: 125
2025,CA14 4,246000,129,North England,CA14 4<br>Avg. Price: 246K<br>Sales Volume: 129
2025,CA14 5,160000,83,North England,CA14 5<br>Avg. Price: 160K<br>Sales Volume: 83
2025,CA15 6,179000,69,North England,CA15 6<br>Avg. Price: 179K<br>Sales Volume: 69
2025,CA15 7,182000,104,North England,CA15 7<br>Avg. Price: 182K<br>Sales Volume: 104
2025,CA15 8,107000,47,North England,CA15 8<br>Avg. Price: 107K<br>Sales Volume: 47
2025,CA16 6,269000,100,North England,CA16 6<br>Avg. Price: 269K<br>Sales Volume: 100
2025,CA17 4,312000,71,North England,CA17 4<br>Avg. Price: 312K<br>Sales Volume: 71
2025,CA18 1,223000,3,North England,CA18 1<br>Avg. Price: 223K<br>Sales Volume: 3
2025,CA19 1,314000,15,North England,CA19 1<br>Avg. Price: 314K<br>Sales Volume: 15
2025,CA2 4,163000,169,North England,CA2 4<br>Avg. Price: 163K<br>Sales Volume: 169
2025,CA2 5,128000,163,North England,CA2 5<br>Avg. Price: 128K<br>Sales Volume: 163
2025,CA2 6,175000,163,North England,CA2 6<br>Avg. Price: 175K<br>Sales Volume: 163
2025,CA2 7,156000,174,North England,CA2 7<br>Avg. Price: 156K<br>Sales Volume: 174
2025,CA20 1,242000,59,North England,CA20 1<br>Avg. Price: 242K<br>Sales Volume: 59
2025,CA21 2,266000,12,North England,CA21 2<br>Avg. Price: 266K<br>Sales Volume: 12
2025,CA22 2,160000,117,North England,CA22 2<br>Avg. Price: 160K<br>Sales Volume: 117
2025,CA23 3,131000,25,North England,CA23 3<br>Avg. Price: 131K<br>Sales Volume: 25
2025,CA24 3,131000,15,North England,CA24 3<br>Avg. Price: 131K<br>Sales Volume: 15
2025,CA25 5,151000,72,North England,CA25 5<br>Avg. Price: 151K<br>Sales Volume: 72
2025,CA26 3,148000,60,North England,CA26 3<br>Avg. Price: 148K<br>Sales Volume: 60
2025,CA27 0,241000,33,North England,CA27 0<br>Avg. Price: 241K<br>Sales Volume: 33
2025,CA28 6,195000,132,North England,CA28 6<br>Avg. Price: 195K<br>Sales Volume: 132
2025,CA28 7,150000,64,North England,CA28 7<br>Avg. Price: 150K<br>Sales Volume: 64
2025,CA28 8,166000,120,North England,CA28 8<br>Avg. Price: 166K<br>Sales Volume: 120
2025,CA28 9,190000,149,North England,CA28 9<br>Avg. Price: 190K<br>Sales Volume: 149
2025,CA3 0,232000,120,North England,CA3 0<br>Avg. Price: 232K<br>Sales Volume: 120
2025,CA3 8,121000,10,North England,CA3 8<br>Avg. Price: 121K<br>Sales Volume: 10
2025,CA3 9,220000,141,North England,CA3 9<br>Avg. Price: 220K<br>Sales Volume: 141
2025,CA4 0,268000,20,North England,CA4 0<br>Avg. Price: 268K<br>Sales Volume: 20
2025,CA4 8,313000,123,North England,CA4 8<br>Avg. Price: 313K<br>Sales Volume: 123
2025,CA4 9,347000,14,North England,CA4 9<br>Avg. Price: 347K<br>Sales Volume: 14
2025,CA5 6,288000,69,North England,CA5 6<br>Avg. Price: 288K<br>Sales Volume: 69
2025,CA5 7,322000,31,North England,CA5 7<br>Avg. Price: 322K<br>Sales Volume: 31
2025,CA6 4,305000,57,North England,CA6 4<br>Avg. Price: 305K<br>Sales Volume: 57
2025,CA6 5,179000,37,North England,CA6 5<br>Avg. Price: 179K<br>Sales Volume: 37
2025,CA6 6,324000,16,North England,CA6 6<br>Avg. Price: 324K<br>Sales Volume: 16
2025,CA7 0,310000,10,North England,CA7 0<br>Avg. Price: 310K<br>Sales Volume: 10
2025,CA7 1,339000,17,North England,CA7 1<br>Avg. Price: 339K<br>Sales Volume: 17
2025,CA7 2,248000,29,North England,CA7 2<br>Avg. Price: 248K<br>Sales Volume: 29
2025,CA7 3,182000,39,North England,CA7 3<br>Avg. Price: 182K<br>Sales Volume: 39
2025,CA7 4,216000,75,North England,CA7 4<br>Avg. Price: 216K<br>Sales Volume: 75
2025,CA7 5,227000,16,North England,CA7 5<br>Avg. Price: 227K<br>Sales Volume: 16
2025,CA7 8,381000,17,North England,CA7 8<br>Avg. Price: 381K<br>Sales Volume: 17
2025,CA7 9,189000,122,North England,CA7 9<br>Avg. Price: 189K<br>Sales Volume: 122
2025,CA8 1,226000,69,North England,CA8 1<br>Avg. Price: 226K<br>Sales Volume: 69
2025,CA8 2,314000,20,North England,CA8 2<br>Avg. Price: 314K<br>Sales Volume: 20
2025,CA8 7,231000,23,North England,CA8 7<br>Avg. Price: 231K<br>Sales Volume: 23
2025,CA8 9,383000,20,North England,CA8 9<br>Avg. Price: 383K<br>Sales Volume: 20
2025,CA9 3,215000,32,North England,CA9 3<br>Avg. Price: 215K<br>Sales Volume: 32
2025,CB1 1,559000,27,Midlands,CB1 1<br>Avg. Price: 559K<br>Sales Volume: 27
2025,CB1 2,556000,107,Midlands,CB1 2<br>Avg. Price: 556K<br>Sales Volume: 107
2025,CB1 3,499000,237,Midlands,CB1 3<br>Avg. Price: 499K<br>Sales Volume: 237
2025,CB1 7,856000,53,Midlands,CB1 7<br>Avg. Price: 856K<br>Sales Volume: 53
2025,CB1 8,610000,61,Midlands,CB1 8<br>Avg. Price: 610K<br>Sales Volume: 61
2025,CB1 9,419000,96,Midlands,CB1 9<br>Avg. Price: 419K<br>Sales Volume: 96
2025,CB10 1,556000,79,Midlands,CB10 1<br>Avg. Price: 556K<br>Sales Volume: 79
2025,CB10 2,525000,111,Midlands,CB10 2<br>Avg. Price: 525K<br>Sales Volume: 111
2025,CB11 3,511000,167,Midlands,CB11 3<br>Avg. Price: 511K<br>Sales Volume: 167
2025,CB11 4,584000,120,Midlands,CB11 4<br>Avg. Price: 584K<br>Sales Volume: 120
2025,CB2 0,678000,12,Midlands,CB2 0<br>Avg. Price: 678K<br>Sales Volume: 12
2025,CB2 1,748000,16,Midlands,CB2 1<br>Avg. Price: 748K<br>Sales Volume: 16
2025,CB2 7,1612000,2,Midlands,"CB2 7<br>Avg. Price: 1,612K<br>Sales Volume: 2"
2025,CB2 8,749000,49,Midlands,CB2 8<br>Avg. Price: 749K<br>Sales Volume: 49
2025,CB2 9,575000,126,Midlands,CB2 9<br>Avg. Price: 575K<br>Sales Volume: 126
2025,CB21 4,457000,109,Midlands,CB21 4<br>Avg. Price: 457K<br>Sales Volume: 109
2025,CB21 5,479000,92,Midlands,CB21 5<br>Avg. Price: 479K<br>Sales Volume: 92
2025,CB21 6,741000,17,Midlands,CB21 6<br>Avg. Price: 741K<br>Sales Volume: 17
2025,CB22 3,474000,88,Midlands,CB22 3<br>Avg. Price: 474K<br>Sales Volume: 88
2025,CB22 4,536000,58,Midlands,CB22 4<br>Avg. Price: 536K<br>Sales Volume: 58
2025,CB22 5,843000,102,Midlands,CB22 5<br>Avg. Price: 843K<br>Sales Volume: 102
2025,CB22 6,563000,16,Midlands,CB22 6<br>Avg. Price: 563K<br>Sales Volume: 16
2025,CB22 7,533000,41,Midlands,CB22 7<br>Avg. Price: 533K<br>Sales Volume: 41
2025,CB23 1,611000,35,Midlands,CB23 1<br>Avg. Price: 611K<br>Sales Volume: 35
2025,CB23 2,539000,22,Midlands,CB23 2<br>Avg. Price: 539K<br>Sales Volume: 22
2025,CB23 3,362000,57,Midlands,CB23 3<br>Avg. Price: 362K<br>Sales Volume: 57
2025,CB23 4,612000,11,Midlands,CB23 4<br>Avg. Price: 612K<br>Sales Volume: 11
2025,CB23 5,382000,39,Midlands,CB23 5<br>Avg. Price: 382K<br>Sales Volume: 39
2025,CB23 6,391000,138,Midlands,CB23 6<br>Avg. Price: 391K<br>Sales Volume: 138
2025,CB23 7,508000,110,Midlands,CB23 7<br>Avg. Price: 508K<br>Sales Volume: 110
2025,CB23 8,400000,63,Midlands,CB23 8<br>Avg. Price: 400K<br>Sales Volume: 63
2025,CB24 1,402000,85,Midlands,CB24 1<br>Avg. Price: 402K<br>Sales Volume: 85
2025,CB24 3,394000,57,Midlands,CB24 3<br>Avg. Price: 394K<br>Sales Volume: 57
2025,CB24 4,476000,46,Midlands,CB24 4<br>Avg. Price: 476K<br>Sales Volume: 46
2025,CB24 5,407000,105,Midlands,CB24 5<br>Avg. Price: 407K<br>Sales Volume: 105
2025,CB24 6,473000,61,Midlands,CB24 6<br>Avg. Price: 473K<br>Sales Volume: 61
2025,CB24 8,450000,125,Midlands,CB24 8<br>Avg. Price: 450K<br>Sales Volume: 125
2025,CB24 9,500000,93,Midlands,CB24 9<br>Avg. Price: 500K<br>Sales Volume: 93
2025,CB25 0,406000,108,Midlands,CB25 0<br>Avg. Price: 406K<br>Sales Volume: 108
2025,CB25 9,453000,135,Midlands,CB25 9<br>Avg. Price: 453K<br>Sales Volume: 135
2025,CB3 0,648000,100,Midlands,CB3 0<br>Avg. Price: 648K<br>Sales Volume: 100
2025,CB3 1,795000,9,Midlands,CB3 1<br>Avg. Price: 795K<br>Sales Volume: 9
2025,CB3 9,1061000,37,Midlands,"CB3 9<br>Avg. Price: 1,061K<br>Sales Volume: 37"
2025,CB4 1,508000,140,Midlands,CB4 1<br>Avg. Price: 508K<br>Sales Volume: 140
2025,CB4 2,414000,120,Midlands,CB4 2<br>Avg. Price: 414K<br>Sales Volume: 120
2025,CB4 3,512000,123,Midlands,CB4 3<br>Avg. Price: 512K<br>Sales Volume: 123
2025,CB5 8,463000,110,Midlands,CB5 8<br>Avg. Price: 463K<br>Sales Volume: 110
2025,CB5 9,400000,1,Midlands,CB5 9<br>Avg. Price: 400K<br>Sales Volume: 1
2025,CB6 1,341000,190,Midlands,CB6 1<br>Avg. Price: 341K<br>Sales Volume: 190
2025,CB6 2,376000,171,Midlands,CB6 2<br>Avg. Price: 376K<br>Sales Volume: 171
2025,CB6 3,385000,170,Midlands,CB6 3<br>Avg. Price: 385K<br>Sales Volume: 170
2025,CB7 4,334000,158,Midlands,CB7 4<br>Avg. Price: 334K<br>Sales Volume: 158
2025,CB7 5,328000,232,Midlands,CB7 5<br>Avg. Price: 328K<br>Sales Volume: 232
2025,CB7 6,393000,24,Midlands,CB7 6<br>Avg. Price: 393K<br>Sales Volume: 24
2025,CB7 7,324000,6,Midlands,CB7 7<br>Avg. Price: 324K<br>Sales Volume: 6
2025,CB8 0,302000,141,Midlands,CB8 0<br>Avg. Price: 302K<br>Sales Volume: 141
2025,CB8 7,392000,144,Midlands,CB8 7<br>Avg. Price: 392K<br>Sales Volume: 144
2025,CB8 8,400000,153,Midlands,CB8 8<br>Avg. Price: 400K<br>Sales Volume: 153
2025,CB8 9,493000,97,Midlands,CB8 9<br>Avg. Price: 493K<br>Sales Volume: 97
2025,CB9 0,275000,90,Midlands,CB9 0<br>Avg. Price: 275K<br>Sales Volume: 90
2025,CB9 7,370000,168,Midlands,CB9 7<br>Avg. Price: 370K<br>Sales Volume: 168
2025,CB9 8,243000,64,Midlands,CB9 8<br>Avg. Price: 243K<br>Sales Volume: 64
2025,CB9 9,272000,130,Midlands,CB9 9<br>Avg. Price: 272K<br>Sales Volume: 130
2025,CF10 1,147000,21,Wales,CF10 1<br>Avg. Price: 147K<br>Sales Volume: 21
2025,CF10 2,163000,12,Wales,CF10 2<br>Avg. Price: 163K<br>Sales Volume: 12
2025,CF10 3,351000,10,Wales,CF10 3<br>Avg. Price: 351K<br>Sales Volume: 10
2025,CF10 4,202000,93,Wales,CF10 4<br>Avg. Price: 202K<br>Sales Volume: 93
2025,CF10 5,197000,91,Wales,CF10 5<br>Avg. Price: 197K<br>Sales Volume: 91
2025,CF11 0,180000,75,Wales,CF11 0<br>Avg. Price: 180K<br>Sales Volume: 75
2025,CF11 6,241000,126,Wales,CF11 6<br>Avg. Price: 241K<br>Sales Volume: 126
2025,CF11 7,216000,122,Wales,CF11 7<br>Avg. Price: 216K<br>Sales Volume: 122
2025,CF11 8,266000,77,Wales,CF11 8<br>Avg. Price: 266K<br>Sales Volume: 77
2025,CF11 9,351000,138,Wales,CF11 9<br>Avg. Price: 351K<br>Sales Volume: 138
2025,CF14 0,575000,114,Wales,CF14 0<br>Avg. Price: 575K<br>Sales Volume: 114
2025,CF14 1,358000,135,Wales,CF14 1<br>Avg. Price: 358K<br>Sales Volume: 135
2025,CF14 2,328000,129,Wales,CF14 2<br>Avg. Price: 328K<br>Sales Volume: 129
2025,CF14 3,325000,102,Wales,CF14 3<br>Avg. Price: 325K<br>Sales Volume: 102
2025,CF14 4,378000,123,Wales,CF14 4<br>Avg. Price: 378K<br>Sales Volume: 123
2025,CF14 5,282000,121,Wales,CF14 5<br>Avg. Price: 282K<br>Sales Volume: 121
2025,CF14 6,393000,116,Wales,CF14 6<br>Avg. Price: 393K<br>Sales Volume: 116
2025,CF14 7,374000,38,Wales,CF14 7<br>Avg. Price: 374K<br>Sales Volume: 38
2025,CF14 9,300000,109,Wales,CF14 9<br>Avg. Price: 300K<br>Sales Volume: 109
2025,CF15 7,263000,73,Wales,CF15 7<br>Avg. Price: 263K<br>Sales Volume: 73
2025,CF15 8,394000,105,Wales,CF15 8<br>Avg. Price: 394K<br>Sales Volume: 105
2025,CF15 9,376000,58,Wales,CF15 9<br>Avg. Price: 376K<br>Sales Volume: 58
2025,CF23 5,424000,138,Wales,CF23 5<br>Avg. Price: 424K<br>Sales Volume: 138
2025,CF23 6,488000,104,Wales,CF23 6<br>Avg. Price: 488K<br>Sales Volume: 104
2025,CF23 7,222000,83,Wales,CF23 7<br>Avg. Price: 222K<br>Sales Volume: 83
2025,CF23 8,308000,101,Wales,CF23 8<br>Avg. Price: 308K<br>Sales Volume: 101
2025,CF23 9,256000,114,Wales,CF23 9<br>Avg. Price: 256K<br>Sales Volume: 114
2025,CF24 0,191000,37,Wales,CF24 0<br>Avg. Price: 191K<br>Sales Volume: 37
2025,CF24 1,211000,83,Wales,CF24 1<br>Avg. Price: 211K<br>Sales Volume: 83
2025,CF24 2,326000,174,Wales,CF24 2<br>Avg. Price: 326K<br>Sales Volume: 174
2025,CF24 3,275000,136,Wales,CF24 3<br>Avg. Price: 275K<br>Sales Volume: 136
2025,CF24 4,269000,172,Wales,CF24 4<br>Avg. Price: 269K<br>Sales Volume: 172
2025,CF24 5,239000,4,Wales,CF24 5<br>Avg. Price: 239K<br>Sales Volume: 4
2025,CF3 0,244000,153,Wales,CF3 0<br>Avg. Price: 244K<br>Sales Volume: 153
2025,CF3 1,217000,50,Wales,CF3 1<br>Avg. Price: 217K<br>Sales Volume: 50
2025,CF3 2,445000,36,Wales,CF3 2<br>Avg. Price: 445K<br>Sales Volume: 36
2025,CF3 3,243000,93,Wales,CF3 3<br>Avg. Price: 243K<br>Sales Volume: 93
2025,CF3 4,260000,66,Wales,CF3 4<br>Avg. Price: 260K<br>Sales Volume: 66
2025,CF3 5,241000,87,Wales,CF3 5<br>Avg. Price: 241K<br>Sales Volume: 87
2025,CF3 6,351000,105,Wales,CF3 6<br>Avg. Price: 351K<br>Sales Volume: 105
2025,CF31 1,214000,115,Wales,CF31 1<br>Avg. Price: 214K<br>Sales Volume: 115
2025,CF31 2,219000,182,Wales,CF31 2<br>Avg. Price: 219K<br>Sales Volume: 182
2025,CF31 3,261000,65,Wales,CF31 3<br>Avg. Price: 261K<br>Sales Volume: 65
2025,CF31 4,236000,213,Wales,CF31 4<br>Avg. Price: 236K<br>Sales Volume: 213
2025,CF31 5,293000,100,Wales,CF31 5<br>Avg. Price: 293K<br>Sales Volume: 100
2025,CF32 0,383000,61,Wales,CF32 0<br>Avg. Price: 383K<br>Sales Volume: 61
2025,CF32 7,160000,80,Wales,CF32 7<br>Avg. Price: 160K<br>Sales Volume: 80
2025,CF32 8,132000,79,Wales,CF32 8<br>Avg. Price: 132K<br>Sales Volume: 79
2025,CF32 9,220000,173,Wales,CF32 9<br>Avg. Price: 220K<br>Sales Volume: 173
2025,CF33 4,213000,81,Wales,CF33 4<br>Avg. Price: 213K<br>Sales Volume: 81
2025,CF33 6,176000,74,Wales,CF33 6<br>Avg. Price: 176K<br>Sales Volume: 74
2025,CF34 0,129000,133,Wales,CF34 0<br>Avg. Price: 129K<br>Sales Volume: 133
2025,CF34 9,178000,108,Wales,CF34 9<br>Avg. Price: 178K<br>Sales Volume: 108
2025,CF35 5,301000,79,Wales,CF35 5<br>Avg. Price: 301K<br>Sales Volume: 79
2025,CF35 6,270000,210,Wales,CF35 6<br>Avg. Price: 270K<br>Sales Volume: 210
2025,CF36 3,357000,158,Wales,CF36 3<br>Avg. Price: 357K<br>Sales Volume: 158
2025,CF36 5,309000,92,Wales,CF36 5<br>Avg. Price: 309K<br>Sales Volume: 92
2025,CF37 1,159000,163,Wales,CF37 1<br>Avg. Price: 159K<br>Sales Volume: 163
2025,CF37 2,166000,71,Wales,CF37 2<br>Avg. Price: 166K<br>Sales Volume: 71
2025,CF37 3,153000,65,Wales,CF37 3<br>Avg. Price: 153K<br>Sales Volume: 65
2025,CF37 4,152000,118,Wales,CF37 4<br>Avg. Price: 152K<br>Sales Volume: 118
2025,CF37 5,192000,99,Wales,CF37 5<br>Avg. Price: 192K<br>Sales Volume: 99
2025,CF38 1,282000,101,Wales,CF38 1<br>Avg. Price: 282K<br>Sales Volume: 101
2025,CF38 2,232000,155,Wales,CF38 2<br>Avg. Price: 232K<br>Sales Volume: 155
2025,CF39 0,124000,84,Wales,CF39 0<br>Avg. Price: 124K<br>Sales Volume: 84
2025,CF39 8,190000,181,Wales,CF39 8<br>Avg. Price: 190K<br>Sales Volume: 181
2025,CF39 9,115000,101,Wales,CF39 9<br>Avg. Price: 115K<br>Sales Volume: 101
2025,CF40 1,132000,118,Wales,CF40 1<br>Avg. Price: 132K<br>Sales Volume: 118
2025,CF40 2,113000,149,Wales,CF40 2<br>Avg. Price: 113K<br>Sales Volume: 149
2025,CF41 7,127000,141,Wales,CF41 7<br>Avg. Price: 127K<br>Sales Volume: 141
2025,CF42 5,112000,119,Wales,CF42 5<br>Avg. Price: 112K<br>Sales Volume: 119
2025,CF42 6,143000,115,Wales,CF42 6<br>Avg. Price: 143K<br>Sales Volume: 115
2025,CF43 3,89000,70,Wales,CF43 3<br>Avg. Price: 89K<br>Sales Volume: 70
2025,CF43 4,99000,95,Wales,CF43 4<br>Avg. Price: 99K<br>Sales Volume: 95
2025,CF44 0,202000,96,Wales,CF44 0<br>Avg. Price: 202K<br>Sales Volume: 96
2025,CF44 6,155000,140,Wales,CF44 6<br>Avg. Price: 155K<br>Sales Volume: 140
2025,CF44 7,118000,72,Wales,CF44 7<br>Avg. Price: 118K<br>Sales Volume: 72
2025,CF44 8,165000,142,Wales,CF44 8<br>Avg. Price: 165K<br>Sales Volume: 142
2025,CF44 9,193000,74,Wales,CF44 9<br>Avg. Price: 193K<br>Sales Volume: 74
2025,CF45 3,111000,138,Wales,CF45 3<br>Avg. Price: 111K<br>Sales Volume: 138
2025,CF45 4,149000,107,Wales,CF45 4<br>Avg. Price: 149K<br>Sales Volume: 107
2025,CF46 5,163000,76,Wales,CF46 5<br>Avg. Price: 163K<br>Sales Volume: 76
2025,CF46 6,185000,99,Wales,CF46 6<br>Avg. Price: 185K<br>Sales Volume: 99
2025,CF47 0,173000,99,Wales,CF47 0<br>Avg. Price: 173K<br>Sales Volume: 99
2025,CF47 8,171000,35,Wales,CF47 8<br>Avg. Price: 171K<br>Sales Volume: 35
2025,CF47 9,125000,81,Wales,CF47 9<br>Avg. Price: 125K<br>Sales Volume: 81
2025,CF48 1,200000,82,Wales,CF48 1<br>Avg. Price: 200K<br>Sales Volume: 82
2025,CF48 2,189000,68,Wales,CF48 2<br>Avg. Price: 189K<br>Sales Volume: 68
2025,CF48 3,114000,58,Wales,CF48 3<br>Avg. Price: 114K<br>Sales Volume: 58
2025,CF48 4,130000,93,Wales,CF48 4<br>Avg. Price: 130K<br>Sales Volume: 93
2025,CF5 1,320000,186,Wales,CF5 1<br>Avg. Price: 320K<br>Sales Volume: 186
2025,CF5 2,345000,165,Wales,CF5 2<br>Avg. Price: 345K<br>Sales Volume: 165
2025,CF5 3,241000,144,Wales,CF5 3<br>Avg. Price: 241K<br>Sales Volume: 144
2025,CF5 4,224000,123,Wales,CF5 4<br>Avg. Price: 224K<br>Sales Volume: 123
2025,CF5 5,215000,94,Wales,CF5 5<br>Avg. Price: 215K<br>Sales Volume: 94
2025,CF5 6,469000,126,Wales,CF5 6<br>Avg. Price: 469K<br>Sales Volume: 126
2025,CF61 1,311000,57,Wales,CF61 1<br>Avg. Price: 311K<br>Sales Volume: 57
2025,CF61 2,256000,65,Wales,CF61 2<br>Avg. Price: 256K<br>Sales Volume: 65
2025,CF62 3,367000,97,Wales,CF62 3<br>Avg. Price: 367K<br>Sales Volume: 97
2025,CF62 4,246000,73,Wales,CF62 4<br>Avg. Price: 246K<br>Sales Volume: 73
2025,CF62 5,253000,105,Wales,CF62 5<br>Avg. Price: 253K<br>Sales Volume: 105
2025,CF62 6,318000,81,Wales,CF62 6<br>Avg. Price: 318K<br>Sales Volume: 81
2025,CF62 7,254000,84,Wales,CF62 7<br>Avg. Price: 254K<br>Sales Volume: 84
2025,CF62 8,251000,101,Wales,CF62 8<br>Avg. Price: 251K<br>Sales Volume: 101
2025,CF62 9,231000,83,Wales,CF62 9<br>Avg. Price: 231K<br>Sales Volume: 83
2025,CF63 1,243000,100,Wales,CF63 1<br>Avg. Price: 243K<br>Sales Volume: 100
2025,CF63 2,183000,65,Wales,CF63 2<br>Avg. Price: 183K<br>Sales Volume: 65
2025,CF63 3,193000,25,Wales,CF63 3<br>Avg. Price: 193K<br>Sales Volume: 25
2025,CF63 4,188000,119,Wales,CF63 4<br>Avg. Price: 188K<br>Sales Volume: 119
2025,CF64 1,355000,127,Wales,CF64 1<br>Avg. Price: 355K<br>Sales Volume: 127
2025,CF64 2,344000,124,Wales,CF64 2<br>Avg. Price: 344K<br>Sales Volume: 124
2025,CF64 3,485000,104,Wales,CF64 3<br>Avg. Price: 485K<br>Sales Volume: 104
2025,CF64 4,386000,107,Wales,CF64 4<br>Avg. Price: 386K<br>Sales Volume: 107
2025,CF64 5,450000,111,Wales,CF64 5<br>Avg. Price: 450K<br>Sales Volume: 111
2025,CF71 7,508000,148,Wales,CF71 7<br>Avg. Price: 508K<br>Sales Volume: 148
2025,CF72 4,273000,81,Wales,CF72 4<br>Avg. Price: 273K<br>Sales Volume: 81
2025,CF72 8,279000,119,Wales,CF72 8<br>Avg. Price: 279K<br>Sales Volume: 119
2025,CF72 9,275000,200,Wales,CF72 9<br>Avg. Price: 275K<br>Sales Volume: 200
2025,CF81 8,155000,100,Wales,CF81 8<br>Avg. Price: 155K<br>Sales Volume: 100
2025,CF81 9,149000,69,Wales,CF81 9<br>Avg. Price: 149K<br>Sales Volume: 69
2025,CF82 6,264000,25,Wales,CF82 6<br>Avg. Price: 264K<br>Sales Volume: 25
2025,CF82 7,204000,151,Wales,CF82 7<br>Avg. Price: 204K<br>Sales Volume: 151
2025,CF82 8,215000,54,Wales,CF82 8<br>Avg. Price: 215K<br>Sales Volume: 54
2025,CF83 1,252000,177,Wales,CF83 1<br>Avg. Price: 252K<br>Sales Volume: 177
2025,CF83 2,253000,163,Wales,CF83 2<br>Avg. Price: 253K<br>Sales Volume: 163
2025,CF83 3,224000,162,Wales,CF83 3<br>Avg. Price: 224K<br>Sales Volume: 162
2025,CF83 4,159000,91,Wales,CF83 4<br>Avg. Price: 159K<br>Sales Volume: 91
2025,CF83 8,256000,142,Wales,CF83 8<br>Avg. Price: 256K<br>Sales Volume: 142
2025,CH1 1,263000,29,North England,CH1 1<br>Avg. Price: 263K<br>Sales Volume: 29
2025,CH1 2,330000,43,North England,CH1 2<br>Avg. Price: 330K<br>Sales Volume: 43
2025,CH1 3,181000,87,North England,CH1 3<br>Avg. Price: 181K<br>Sales Volume: 87
2025,CH1 4,220000,130,North England,CH1 4<br>Avg. Price: 220K<br>Sales Volume: 130
2025,CH1 5,213000,126,North England,CH1 5<br>Avg. Price: 213K<br>Sales Volume: 126
2025,CH1 6,381000,67,North England,CH1 6<br>Avg. Price: 381K<br>Sales Volume: 67
2025,CH2 1,345000,136,North England,CH2 1<br>Avg. Price: 345K<br>Sales Volume: 136
2025,CH2 2,280000,124,North England,CH2 2<br>Avg. Price: 280K<br>Sales Volume: 124
2025,CH2 3,311000,196,North England,CH2 3<br>Avg. Price: 311K<br>Sales Volume: 196
2025,CH2 4,281000,90,North England,CH2 4<br>Avg. Price: 281K<br>Sales Volume: 90
2025,CH3 5,295000,205,North England,CH3 5<br>Avg. Price: 295K<br>Sales Volume: 205
2025,CH3 6,377000,134,North England,CH3 6<br>Avg. Price: 377K<br>Sales Volume: 134
2025,CH3 7,491000,67,North England,CH3 7<br>Avg. Price: 491K<br>Sales Volume: 67
2025,CH3 8,408000,52,North England,CH3 8<br>Avg. Price: 408K<br>Sales Volume: 52
2025,CH3 9,429000,58,North England,CH3 9<br>Avg. Price: 429K<br>Sales Volume: 58
2025,CH4 0,251000,158,North England,CH4 0<br>Avg. Price: 251K<br>Sales Volume: 158
2025,CH4 7,388000,140,North England,CH4 7<br>Avg. Price: 388K<br>Sales Volume: 140
2025,CH4 8,287000,157,North England,CH4 8<br>Avg. Price: 287K<br>Sales Volume: 157
2025,CH4 9,402000,35,North England,CH4 9<br>Avg. Price: 402K<br>Sales Volume: 35
2025,CH41 0,147000,54,North England,CH41 0<br>Avg. Price: 147K<br>Sales Volume: 54
2025,CH41 1,97000,11,North England,CH41 1<br>Avg. Price: 97K<br>Sales Volume: 11
2025,CH41 2,146000,23,North England,CH41 2<br>Avg. Price: 146K<br>Sales Volume: 23
2025,CH41 3,101000,7,North England,CH41 3<br>Avg. Price: 101K<br>Sales Volume: 7
2025,CH41 4,95000,41,North England,CH41 4<br>Avg. Price: 95K<br>Sales Volume: 41
2025,CH41 5,114000,19,North England,CH41 5<br>Avg. Price: 114K<br>Sales Volume: 19
2025,CH41 6,77000,4,North England,CH41 6<br>Avg. Price: 77K<br>Sales Volume: 4
2025,CH41 7,106000,25,North England,CH41 7<br>Avg. Price: 106K<br>Sales Volume: 25
2025,CH41 8,135000,32,North England,CH41 8<br>Avg. Price: 135K<br>Sales Volume: 32
2025,CH41 9,101000,25,North England,CH41 9<br>Avg. Price: 101K<br>Sales Volume: 25
2025,CH42 0,128000,39,North England,CH42 0<br>Avg. Price: 128K<br>Sales Volume: 39
2025,CH42 1,135000,38,North England,CH42 1<br>Avg. Price: 135K<br>Sales Volume: 38
2025,CH42 2,123000,39,North England,CH42 2<br>Avg. Price: 123K<br>Sales Volume: 39
2025,CH42 3,114000,28,North England,CH42 3<br>Avg. Price: 114K<br>Sales Volume: 28
2025,CH42 4,163000,50,North England,CH42 4<br>Avg. Price: 163K<br>Sales Volume: 50
2025,CH42 5,106000,67,North England,CH42 5<br>Avg. Price: 106K<br>Sales Volume: 67
2025,CH42 6,185000,63,North England,CH42 6<br>Avg. Price: 185K<br>Sales Volume: 63
2025,CH42 7,180000,32,North England,CH42 7<br>Avg. Price: 180K<br>Sales Volume: 32
2025,CH42 8,315000,42,North England,CH42 8<br>Avg. Price: 315K<br>Sales Volume: 42
2025,CH42 9,171000,70,North England,CH42 9<br>Avg. Price: 171K<br>Sales Volume: 70
2025,CH43 0,257000,64,North England,CH43 0<br>Avg. Price: 257K<br>Sales Volume: 64
2025,CH43 1,162000,38,North England,CH43 1<br>Avg. Price: 162K<br>Sales Volume: 38
2025,CH43 2,253000,66,North England,CH43 2<br>Avg. Price: 253K<br>Sales Volume: 66
2025,CH43 3,179000,36,North England,CH43 3<br>Avg. Price: 179K<br>Sales Volume: 36
2025,CH43 4,175000,34,North England,CH43 4<br>Avg. Price: 175K<br>Sales Volume: 34
2025,CH43 5,239000,61,North England,CH43 5<br>Avg. Price: 239K<br>Sales Volume: 61
2025,CH43 6,241000,23,North England,CH43 6<br>Avg. Price: 241K<br>Sales Volume: 23
2025,CH43 7,300000,68,North England,CH43 7<br>Avg. Price: 300K<br>Sales Volume: 68
2025,CH43 8,201000,31,North England,CH43 8<br>Avg. Price: 201K<br>Sales Volume: 31
2025,CH43 9,263000,89,North England,CH43 9<br>Avg. Price: 263K<br>Sales Volume: 89
2025,CH44 0,140000,55,North England,CH44 0<br>Avg. Price: 140K<br>Sales Volume: 55
2025,CH44 1,153000,44,North England,CH44 1<br>Avg. Price: 153K<br>Sales Volume: 44
2025,CH44 2,228000,56,North England,CH44 2<br>Avg. Price: 228K<br>Sales Volume: 56
2025,CH44 3,211000,44,North England,CH44 3<br>Avg. Price: 211K<br>Sales Volume: 44
2025,CH44 4,126000,65,North England,CH44 4<br>Avg. Price: 126K<br>Sales Volume: 65
2025,CH44 5,154000,47,North England,CH44 5<br>Avg. Price: 154K<br>Sales Volume: 47
2025,CH44 6,107000,28,North England,CH44 6<br>Avg. Price: 107K<br>Sales Volume: 28
2025,CH44 7,91000,41,North England,CH44 7<br>Avg. Price: 91K<br>Sales Volume: 41
2025,CH44 8,158000,37,North England,CH44 8<br>Avg. Price: 158K<br>Sales Volume: 37
2025,CH44 9,126000,60,North England,CH44 9<br>Avg. Price: 126K<br>Sales Volume: 60
2025,CH45 0,398000,22,North England,CH45 0<br>Avg. Price: 398K<br>Sales Volume: 22
2025,CH45 1,257000,55,North England,CH45 1<br>Avg. Price: 257K<br>Sales Volume: 55
2025,CH45 2,188000,65,North England,CH45 2<br>Avg. Price: 188K<br>Sales Volume: 65
2025,CH45 3,225000,57,North England,CH45 3<br>Avg. Price: 225K<br>Sales Volume: 57
2025,CH45 4,179000,71,North England,CH45 4<br>Avg. Price: 179K<br>Sales Volume: 71
2025,CH45 5,201000,68,North England,CH45 5<br>Avg. Price: 201K<br>Sales Volume: 68
2025,CH45 6,317000,24,North England,CH45 6<br>Avg. Price: 317K<br>Sales Volume: 24
2025,CH45 7,230000,54,North England,CH45 7<br>Avg. Price: 230K<br>Sales Volume: 54
2025,CH45 8,255000,51,North England,CH45 8<br>Avg. Price: 255K<br>Sales Volume: 51
2025,CH45 9,268000,38,North England,CH45 9<br>Avg. Price: 268K<br>Sales Volume: 38
2025,CH46 0,241000,53,North England,CH46 0<br>Avg. Price: 241K<br>Sales Volume: 53
2025,CH46 1,224000,35,North England,CH46 1<br>Avg. Price: 224K<br>Sales Volume: 35
2025,CH46 2,162000,20,North England,CH46 2<br>Avg. Price: 162K<br>Sales Volume: 20
2025,CH46 3,177000,26,North England,CH46 3<br>Avg. Price: 177K<br>Sales Volume: 26
2025,CH46 4,178000,1,North England,CH46 4<br>Avg. Price: 178K<br>Sales Volume: 1
2025,CH46 5,274000,9,North England,CH46 5<br>Avg. Price: 274K<br>Sales Volume: 9
2025,CH46 6,223000,77,North England,CH46 6<br>Avg. Price: 223K<br>Sales Volume: 77
2025,CH46 7,177000,28,North England,CH46 7<br>Avg. Price: 177K<br>Sales Volume: 28
2025,CH46 8,228000,44,North England,CH46 8<br>Avg. Price: 228K<br>Sales Volume: 44
2025,CH46 9,198000,45,North England,CH46 9<br>Avg. Price: 198K<br>Sales Volume: 45
2025,CH47 0,412000,12,North England,CH47 0<br>Avg. Price: 412K<br>Sales Volume: 12
2025,CH47 1,466000,15,North England,CH47 1<br>Avg. Price: 466K<br>Sales Volume: 15
2025,CH47 2,280000,51,North England,CH47 2<br>Avg. Price: 280K<br>Sales Volume: 51
2025,CH47 3,331000,31,North England,CH47 3<br>Avg. Price: 331K<br>Sales Volume: 31
2025,CH47 4,520000,14,North England,CH47 4<br>Avg. Price: 520K<br>Sales Volume: 14
2025,CH47 5,452000,11,North England,CH47 5<br>Avg. Price: 452K<br>Sales Volume: 11
2025,CH47 6,470000,19,North England,CH47 6<br>Avg. Price: 470K<br>Sales Volume: 19
2025,CH47 7,467000,12,North England,CH47 7<br>Avg. Price: 467K<br>Sales Volume: 12
2025,CH47 8,352000,7,North England,CH47 8<br>Avg. Price: 352K<br>Sales Volume: 7
2025,CH47 9,361000,20,North England,CH47 9<br>Avg. Price: 361K<br>Sales Volume: 20
2025,CH48 0,338000,24,North England,CH48 0<br>Avg. Price: 338K<br>Sales Volume: 24
2025,CH48 1,804000,14,North England,CH48 1<br>Avg. Price: 804K<br>Sales Volume: 14
2025,CH48 2,919000,11,North England,CH48 2<br>Avg. Price: 919K<br>Sales Volume: 11
2025,CH48 3,448000,31,North England,CH48 3<br>Avg. Price: 448K<br>Sales Volume: 31
2025,CH48 4,341000,29,North England,CH48 4<br>Avg. Price: 341K<br>Sales Volume: 29
2025,CH48 5,322000,47,North England,CH48 5<br>Avg. Price: 322K<br>Sales Volume: 47
2025,CH48 6,267000,26,North England,CH48 6<br>Avg. Price: 267K<br>Sales Volume: 26
2025,CH48 7,439000,13,North England,CH48 7<br>Avg. Price: 439K<br>Sales Volume: 13
2025,CH48 8,476000,18,North England,CH48 8<br>Avg. Price: 476K<br>Sales Volume: 18
2025,CH48 9,325000,29,North England,CH48 9<br>Avg. Price: 325K<br>Sales Volume: 29
2025,CH49 0,220000,35,North England,CH49 0<br>Avg. Price: 220K<br>Sales Volume: 35
2025,CH49 1,350000,37,North England,CH49 1<br>Avg. Price: 350K<br>Sales Volume: 37
2025,CH49 2,269000,50,North England,CH49 2<br>Avg. Price: 269K<br>Sales Volume: 50
2025,CH49 3,259000,57,North England,CH49 3<br>Avg. Price: 259K<br>Sales Volume: 57
2025,CH49 4,218000,85,North England,CH49 4<br>Avg. Price: 218K<br>Sales Volume: 85
2025,CH49 5,219000,18,North England,CH49 5<br>Avg. Price: 219K<br>Sales Volume: 18
2025,CH49 6,333000,57,North England,CH49 6<br>Avg. Price: 333K<br>Sales Volume: 57
2025,CH49 7,140000,29,North England,CH49 7<br>Avg. Price: 140K<br>Sales Volume: 29
2025,CH49 8,135000,21,North England,CH49 8<br>Avg. Price: 135K<br>Sales Volume: 21
2025,CH49 9,149000,19,North England,CH49 9<br>Avg. Price: 149K<br>Sales Volume: 19
2025,CH5 1,166000,94,North England,CH5 1<br>Avg. Price: 166K<br>Sales Volume: 94
2025,CH5 2,210000,107,North England,CH5 2<br>Avg. Price: 210K<br>Sales Volume: 107
2025,CH5 3,292000,116,North England,CH5 3<br>Avg. Price: 292K<br>Sales Volume: 116
2025,CH5 4,207000,223,North England,CH5 4<br>Avg. Price: 207K<br>Sales Volume: 223
2025,CH6 5,190000,151,North England,CH6 5<br>Avg. Price: 190K<br>Sales Volume: 151
2025,CH6 6,196000,47,North England,CH6 6<br>Avg. Price: 196K<br>Sales Volume: 47
2025,CH60 0,456000,19,North England,CH60 0<br>Avg. Price: 456K<br>Sales Volume: 19
2025,CH60 1,436000,24,North England,CH60 1<br>Avg. Price: 436K<br>Sales Volume: 24
2025,CH60 2,511000,23,North England,CH60 2<br>Avg. Price: 511K<br>Sales Volume: 23
2025,CH60 3,631000,15,North England,CH60 3<br>Avg. Price: 631K<br>Sales Volume: 15
2025,CH60 4,631000,12,North England,CH60 4<br>Avg. Price: 631K<br>Sales Volume: 12
2025,CH60 5,318000,28,North England,CH60 5<br>Avg. Price: 318K<br>Sales Volume: 28
2025,CH60 6,666000,15,North England,CH60 6<br>Avg. Price: 666K<br>Sales Volume: 15
2025,CH60 7,249000,26,North England,CH60 7<br>Avg. Price: 249K<br>Sales Volume: 26
2025,CH60 8,753000,19,North England,CH60 8<br>Avg. Price: 753K<br>Sales Volume: 19
2025,CH60 9,570000,22,North England,CH60 9<br>Avg. Price: 570K<br>Sales Volume: 22
2025,CH61 0,454000,4,North England,CH61 0<br>Avg. Price: 454K<br>Sales Volume: 4
2025,CH61 1,408000,19,North England,CH61 1<br>Avg. Price: 408K<br>Sales Volume: 19
2025,CH61 2,429000,4,North England,CH61 2<br>Avg. Price: 429K<br>Sales Volume: 4
2025,CH61 3,290000,24,North England,CH61 3<br>Avg. Price: 290K<br>Sales Volume: 24
2025,CH61 4,310000,38,North England,CH61 4<br>Avg. Price: 310K<br>Sales Volume: 38
2025,CH61 5,270000,23,North England,CH61 5<br>Avg. Price: 270K<br>Sales Volume: 23
2025,CH61 6,343000,30,North England,CH61 6<br>Avg. Price: 343K<br>Sales Volume: 30
2025,CH61 7,310000,22,North England,CH61 7<br>Avg. Price: 310K<br>Sales Volume: 22
2025,CH61 8,231000,30,North England,CH61 8<br>Avg. Price: 231K<br>Sales Volume: 30
2025,CH61 9,261000,31,North England,CH61 9<br>Avg. Price: 261K<br>Sales Volume: 31
2025,CH62 0,258000,22,North England,CH62 0<br>Avg. Price: 258K<br>Sales Volume: 22
2025,CH62 1,148000,48,North England,CH62 1<br>Avg. Price: 148K<br>Sales Volume: 48
2025,CH62 2,253000,45,North England,CH62 2<br>Avg. Price: 253K<br>Sales Volume: 45
2025,CH62 3,188000,22,North England,CH62 3<br>Avg. Price: 188K<br>Sales Volume: 22
2025,CH62 4,208000,59,North England,CH62 4<br>Avg. Price: 208K<br>Sales Volume: 59
2025,CH62 5,195000,37,North England,CH62 5<br>Avg. Price: 195K<br>Sales Volume: 37
2025,CH62 6,271000,51,North England,CH62 6<br>Avg. Price: 271K<br>Sales Volume: 51
2025,CH62 7,224000,58,North England,CH62 7<br>Avg. Price: 224K<br>Sales Volume: 58
2025,CH62 8,227000,94,North England,CH62 8<br>Avg. Price: 227K<br>Sales Volume: 94
2025,CH62 9,188000,46,North England,CH62 9<br>Avg. Price: 188K<br>Sales Volume: 46
2025,CH63 0,354000,62,North England,CH63 0<br>Avg. Price: 354K<br>Sales Volume: 62
2025,CH63 1,391000,3,North England,CH63 1<br>Avg. Price: 391K<br>Sales Volume: 3
2025,CH63 2,265000,65,North England,CH63 2<br>Avg. Price: 265K<br>Sales Volume: 65
2025,CH63 3,278000,44,North England,CH63 3<br>Avg. Price: 278K<br>Sales Volume: 44
2025,CH63 4,682000,2,North England,CH63 4<br>Avg. Price: 682K<br>Sales Volume: 2
2025,CH63 5,282000,56,North England,CH63 5<br>Avg. Price: 282K<br>Sales Volume: 56
2025,CH63 6,545000,4,North England,CH63 6<br>Avg. Price: 545K<br>Sales Volume: 4
2025,CH63 7,198000,64,North England,CH63 7<br>Avg. Price: 198K<br>Sales Volume: 64
2025,CH63 8,247000,48,North England,CH63 8<br>Avg. Price: 247K<br>Sales Volume: 48
2025,CH63 9,315000,59,North England,CH63 9<br>Avg. Price: 315K<br>Sales Volume: 59
2025,CH64 0,272000,43,North England,CH64 0<br>Avg. Price: 272K<br>Sales Volume: 43
2025,CH64 1,500000,10,North England,CH64 1<br>Avg. Price: 500K<br>Sales Volume: 10
2025,CH64 2,318000,31,North England,CH64 2<br>Avg. Price: 318K<br>Sales Volume: 31
2025,CH64 3,291000,26,North England,CH64 3<br>Avg. Price: 291K<br>Sales Volume: 26
2025,CH64 4,382000,36,North England,CH64 4<br>Avg. Price: 382K<br>Sales Volume: 36
2025,CH64 5,604000,8,North England,CH64 5<br>Avg. Price: 604K<br>Sales Volume: 8
2025,CH64 6,374000,62,North England,CH64 6<br>Avg. Price: 374K<br>Sales Volume: 62
2025,CH64 7,608000,6,North England,CH64 7<br>Avg. Price: 608K<br>Sales Volume: 6
2025,CH64 8,769000,5,North England,CH64 8<br>Avg. Price: 769K<br>Sales Volume: 5
2025,CH64 9,239000,75,North England,CH64 9<br>Avg. Price: 239K<br>Sales Volume: 75
2025,CH65 0,155000,10,North England,CH65 0<br>Avg. Price: 155K<br>Sales Volume: 10
2025,CH65 1,228000,2,North England,CH65 1<br>Avg. Price: 228K<br>Sales Volume: 2
2025,CH65 2,124000,39,North England,CH65 2<br>Avg. Price: 124K<br>Sales Volume: 39
2025,CH65 3,168000,26,North England,CH65 3<br>Avg. Price: 168K<br>Sales Volume: 26
2025,CH65 4,135000,30,North England,CH65 4<br>Avg. Price: 135K<br>Sales Volume: 30
2025,CH65 5,150000,30,North England,CH65 5<br>Avg. Price: 150K<br>Sales Volume: 30
2025,CH65 6,274000,56,North England,CH65 6<br>Avg. Price: 274K<br>Sales Volume: 56
2025,CH65 7,181000,38,North England,CH65 7<br>Avg. Price: 181K<br>Sales Volume: 38
2025,CH65 8,140000,67,North England,CH65 8<br>Avg. Price: 140K<br>Sales Volume: 67
2025,CH65 9,212000,49,North England,CH65 9<br>Avg. Price: 212K<br>Sales Volume: 49
2025,CH66 0,850000,1,North England,CH66 0<br>Avg. Price: 850K<br>Sales Volume: 1
2025,CH66 1,211000,123,North England,CH66 1<br>Avg. Price: 211K<br>Sales Volume: 123
2025,CH66 2,246000,191,North England,CH66 2<br>Avg. Price: 246K<br>Sales Volume: 191
2025,CH66 3,167000,59,North England,CH66 3<br>Avg. Price: 167K<br>Sales Volume: 59
2025,CH66 4,263000,120,North England,CH66 4<br>Avg. Price: 263K<br>Sales Volume: 120
2025,CH66 5,349000,9,North England,CH66 5<br>Avg. Price: 349K<br>Sales Volume: 9
2025,CH66 6,397000,3,North England,CH66 6<br>Avg. Price: 397K<br>Sales Volume: 3
2025,CH66 7,361000,6,North England,CH66 7<br>Avg. Price: 361K<br>Sales Volume: 6
2025,CH66 9,548000,3,North England,CH66 9<br>Avg. Price: 548K<br>Sales Volume: 3
2025,CH7 1,226000,140,North England,CH7 1<br>Avg. Price: 226K<br>Sales Volume: 140
2025,CH7 2,196000,122,North England,CH7 2<br>Avg. Price: 196K<br>Sales Volume: 122
2025,CH7 3,245000,93,North England,CH7 3<br>Avg. Price: 245K<br>Sales Volume: 93
2025,CH7 4,263000,67,North England,CH7 4<br>Avg. Price: 263K<br>Sales Volume: 67
2025,CH7 5,309000,89,North England,CH7 5<br>Avg. Price: 309K<br>Sales Volume: 89
2025,CH7 6,279000,157,North England,CH7 6<br>Avg. Price: 279K<br>Sales Volume: 157
2025,CH8 7,192000,85,North England,CH8 7<br>Avg. Price: 192K<br>Sales Volume: 85
2025,CH8 8,296000,66,North England,CH8 8<br>Avg. Price: 296K<br>Sales Volume: 66
2025,CH8 9,242000,83,North England,CH8 9<br>Avg. Price: 242K<br>Sales Volume: 83
2025,CM0 7,396000,128,South East,CM0 7<br>Avg. Price: 396K<br>Sales Volume: 128
2025,CM0 8,379000,134,South East,CM0 8<br>Avg. Price: 379K<br>Sales Volume: 134
2025,CM1 1,296000,129,South East,CM1 1<br>Avg. Price: 296K<br>Sales Volume: 129
2025,CM1 2,399000,189,South East,CM1 2<br>Avg. Price: 399K<br>Sales Volume: 189
2025,CM1 3,487000,118,South East,CM1 3<br>Avg. Price: 487K<br>Sales Volume: 118
2025,CM1 4,432000,164,South East,CM1 4<br>Avg. Price: 432K<br>Sales Volume: 164
2025,CM1 6,476000,271,South East,CM1 6<br>Avg. Price: 476K<br>Sales Volume: 271
2025,CM1 7,421000,117,South East,CM1 7<br>Avg. Price: 421K<br>Sales Volume: 117
2025,CM11 1,804000,102,South East,CM11 1<br>Avg. Price: 804K<br>Sales Volume: 102
2025,CM11 2,470000,171,South East,CM11 2<br>Avg. Price: 470K<br>Sales Volume: 171
2025,CM12 0,493000,194,South East,CM12 0<br>Avg. Price: 493K<br>Sales Volume: 194
2025,CM12 9,595000,111,South East,CM12 9<br>Avg. Price: 595K<br>Sales Volume: 111
2025,CM13 1,520000,147,South East,CM13 1<br>Avg. Price: 520K<br>Sales Volume: 147
2025,CM13 2,769000,148,South East,CM13 2<br>Avg. Price: 769K<br>Sales Volume: 148
2025,CM13 3,733000,101,South East,CM13 3<br>Avg. Price: 733K<br>Sales Volume: 101
2025,CM14 4,453000,226,South East,CM14 4<br>Avg. Price: 453K<br>Sales Volume: 226
2025,CM14 5,514000,156,South East,CM14 5<br>Avg. Price: 514K<br>Sales Volume: 156
2025,CM15 0,617000,107,South East,CM15 0<br>Avg. Price: 617K<br>Sales Volume: 107
2025,CM15 8,791000,93,South East,CM15 8<br>Avg. Price: 791K<br>Sales Volume: 93
2025,CM15 9,465000,123,South East,CM15 9<br>Avg. Price: 465K<br>Sales Volume: 123
2025,CM16 4,547000,76,South East,CM16 4<br>Avg. Price: 547K<br>Sales Volume: 76
2025,CM16 5,675000,63,South East,CM16 5<br>Avg. Price: 675K<br>Sales Volume: 63
2025,CM16 6,538000,98,South East,CM16 6<br>Avg. Price: 538K<br>Sales Volume: 98
2025,CM16 7,763000,106,South East,CM16 7<br>Avg. Price: 763K<br>Sales Volume: 106
2025,CM17 0,442000,147,South East,CM17 0<br>Avg. Price: 442K<br>Sales Volume: 147
2025,CM17 9,398000,249,South East,CM17 9<br>Avg. Price: 398K<br>Sales Volume: 249
2025,CM18 6,316000,166,South East,CM18 6<br>Avg. Price: 316K<br>Sales Volume: 166
2025,CM18 7,313000,119,South East,CM18 7<br>Avg. Price: 313K<br>Sales Volume: 119
2025,CM19 4,352000,105,South East,CM19 4<br>Avg. Price: 352K<br>Sales Volume: 105
2025,CM19 5,395000,91,South East,CM19 5<br>Avg. Price: 395K<br>Sales Volume: 91
2025,CM2 0,366000,160,South East,CM2 0<br>Avg. Price: 366K<br>Sales Volume: 160
2025,CM2 5,365000,1,South East,CM2 5<br>Avg. Price: 365K<br>Sales Volume: 1
2025,CM2 6,382000,231,South East,CM2 6<br>Avg. Price: 382K<br>Sales Volume: 231
2025,CM2 7,443000,113,South East,CM2 7<br>Avg. Price: 443K<br>Sales Volume: 113
2025,CM2 8,443000,166,South East,CM2 8<br>Avg. Price: 443K<br>Sales Volume: 166
2025,CM2 9,397000,203,South East,CM2 9<br>Avg. Price: 397K<br>Sales Volume: 203
2025,CM20 1,291000,76,South East,CM20 1<br>Avg. Price: 291K<br>Sales Volume: 76
2025,CM20 2,298000,77,South East,CM20 2<br>Avg. Price: 298K<br>Sales Volume: 77
2025,CM20 3,301000,92,South East,CM20 3<br>Avg. Price: 301K<br>Sales Volume: 92
2025,CM21 0,611000,60,South East,CM21 0<br>Avg. Price: 611K<br>Sales Volume: 60
2025,CM21 9,421000,125,South East,CM21 9<br>Avg. Price: 421K<br>Sales Volume: 125
2025,CM22 6,509000,209,South East,CM22 6<br>Avg. Price: 509K<br>Sales Volume: 209
2025,CM22 7,663000,62,South East,CM22 7<br>Avg. Price: 663K<br>Sales Volume: 62
2025,CM23 0,381000,20,South East,CM23 0<br>Avg. Price: 381K<br>Sales Volume: 20
2025,CM23 1,596000,47,South East,CM23 1<br>Avg. Price: 596K<br>Sales Volume: 47
2025,CM23 2,475000,168,South East,CM23 2<br>Avg. Price: 475K<br>Sales Volume: 168
2025,CM23 3,351000,162,South East,CM23 3<br>Avg. Price: 351K<br>Sales Volume: 162
2025,CM23 4,522000,182,South East,CM23 4<br>Avg. Price: 522K<br>Sales Volume: 182
2025,CM23 5,487000,118,South East,CM23 5<br>Avg. Price: 487K<br>Sales Volume: 118
2025,CM24 8,509000,127,South East,CM24 8<br>Avg. Price: 509K<br>Sales Volume: 127
2025,CM3 1,592000,49,South East,CM3 1<br>Avg. Price: 592K<br>Sales Volume: 49
2025,CM3 2,575000,87,South East,CM3 2<br>Avg. Price: 575K<br>Sales Volume: 87
2025,CM3 3,504000,90,South East,CM3 3<br>Avg. Price: 504K<br>Sales Volume: 90
2025,CM3 4,622000,124,South East,CM3 4<br>Avg. Price: 622K<br>Sales Volume: 124
2025,CM3 5,366000,210,South East,CM3 5<br>Avg. Price: 366K<br>Sales Volume: 210
2025,CM3 6,536000,145,South East,CM3 6<br>Avg. Price: 536K<br>Sales Volume: 145
2025,CM3 7,530000,24,South East,CM3 7<br>Avg. Price: 530K<br>Sales Volume: 24
2025,CM3 8,555000,36,South East,CM3 8<br>Avg. Price: 555K<br>Sales Volume: 36
2025,CM4 0,765000,71,South East,CM4 0<br>Avg. Price: 765K<br>Sales Volume: 71
2025,CM4 9,760000,113,South East,CM4 9<br>Avg. Price: 760K<br>Sales Volume: 113
2025,CM5 0,665000,44,South East,CM5 0<br>Avg. Price: 665K<br>Sales Volume: 44
2025,CM5 9,496000,83,South East,CM5 9<br>Avg. Price: 496K<br>Sales Volume: 83
2025,CM6 1,446000,207,South East,CM6 1<br>Avg. Price: 446K<br>Sales Volume: 207
2025,CM6 2,509000,77,South East,CM6 2<br>Avg. Price: 509K<br>Sales Volume: 77
2025,CM6 3,618000,149,South East,CM6 3<br>Avg. Price: 618K<br>Sales Volume: 149
2025,CM6 4,489000,77,South East,CM6 4<br>Avg. Price: 489K<br>Sales Volume: 77
2025,CM7 1,298000,149,South East,CM7 1<br>Avg. Price: 298K<br>Sales Volume: 149
2025,CM7 2,327000,113,South East,CM7 2<br>Avg. Price: 327K<br>Sales Volume: 113
2025,CM7 3,258000,164,South East,CM7 3<br>Avg. Price: 258K<br>Sales Volume: 164
2025,CM7 4,576000,59,South East,CM7 4<br>Avg. Price: 576K<br>Sales Volume: 59
2025,CM7 5,353000,141,South East,CM7 5<br>Avg. Price: 353K<br>Sales Volume: 141
2025,CM7 9,331000,146,South East,CM7 9<br>Avg. Price: 331K<br>Sales Volume: 146
2025,CM77 6,351000,36,South East,CM77 6<br>Avg. Price: 351K<br>Sales Volume: 36
2025,CM77 7,431000,81,South East,CM77 7<br>Avg. Price: 431K<br>Sales Volume: 81
2025,CM77 8,441000,83,South East,CM77 8<br>Avg. Price: 441K<br>Sales Volume: 83
2025,CM8 1,344000,233,South East,CM8 1<br>Avg. Price: 344K<br>Sales Volume: 233
2025,CM8 2,323000,200,South East,CM8 2<br>Avg. Price: 323K<br>Sales Volume: 200
2025,CM8 3,402000,117,South East,CM8 3<br>Avg. Price: 402K<br>Sales Volume: 117
2025,CM9 4,379000,167,South East,CM9 4<br>Avg. Price: 379K<br>Sales Volume: 167
2025,CM9 5,300000,68,South East,CM9 5<br>Avg. Price: 300K<br>Sales Volume: 68
2025,CM9 6,424000,239,South East,CM9 6<br>Avg. Price: 424K<br>Sales Volume: 239
2025,CM9 8,484000,95,South East,CM9 8<br>Avg. Price: 484K<br>Sales Volume: 95
2025,CO1 1,244000,108,Midlands,CO1 1<br>Avg. Price: 244K<br>Sales Volume: 108
2025,CO1 2,233000,197,Midlands,CO1 2<br>Avg. Price: 233K<br>Sales Volume: 197
2025,CO10 0,330000,203,Midlands,CO10 0<br>Avg. Price: 330K<br>Sales Volume: 203
2025,CO10 1,291000,120,Midlands,CO10 1<br>Avg. Price: 291K<br>Sales Volume: 120
2025,CO10 2,263000,94,Midlands,CO10 2<br>Avg. Price: 263K<br>Sales Volume: 94
2025,CO10 5,421000,20,Midlands,CO10 5<br>Avg. Price: 421K<br>Sales Volume: 20
2025,CO10 7,367000,110,Midlands,CO10 7<br>Avg. Price: 367K<br>Sales Volume: 110
2025,CO10 8,414000,107,Midlands,CO10 8<br>Avg. Price: 414K<br>Sales Volume: 107
2025,CO10 9,437000,136,Midlands,CO10 9<br>Avg. Price: 437K<br>Sales Volume: 136
2025,CO11 1,312000,119,Midlands,CO11 1<br>Avg. Price: 312K<br>Sales Volume: 119
2025,CO11 2,424000,183,Midlands,CO11 2<br>Avg. Price: 424K<br>Sales Volume: 183
2025,CO12 3,238000,120,Midlands,CO12 3<br>Avg. Price: 238K<br>Sales Volume: 120
2025,CO12 4,248000,175,Midlands,CO12 4<br>Avg. Price: 248K<br>Sales Volume: 175
2025,CO12 5,346000,52,Midlands,CO12 5<br>Avg. Price: 346K<br>Sales Volume: 52
2025,CO13 0,336000,193,Midlands,CO13 0<br>Avg. Price: 336K<br>Sales Volume: 193
2025,CO13 9,408000,117,Midlands,CO13 9<br>Avg. Price: 408K<br>Sales Volume: 117
2025,CO14 8,267000,144,Midlands,CO14 8<br>Avg. Price: 267K<br>Sales Volume: 144
2025,CO15 1,234000,116,Midlands,CO15 1<br>Avg. Price: 234K<br>Sales Volume: 116
2025,CO15 2,176000,126,Midlands,CO15 2<br>Avg. Price: 176K<br>Sales Volume: 126
2025,CO15 3,206000,140,Midlands,CO15 3<br>Avg. Price: 206K<br>Sales Volume: 140
2025,CO15 4,222000,158,Midlands,CO15 4<br>Avg. Price: 222K<br>Sales Volume: 158
2025,CO15 5,318000,128,Midlands,CO15 5<br>Avg. Price: 318K<br>Sales Volume: 128
2025,CO15 6,235000,96,Midlands,CO15 6<br>Avg. Price: 235K<br>Sales Volume: 96
2025,CO16 0,469000,52,Midlands,CO16 0<br>Avg. Price: 469K<br>Sales Volume: 52
2025,CO16 7,232000,57,Midlands,CO16 7<br>Avg. Price: 232K<br>Sales Volume: 57
2025,CO16 8,264000,172,Midlands,CO16 8<br>Avg. Price: 264K<br>Sales Volume: 172
2025,CO16 9,357000,120,Midlands,CO16 9<br>Avg. Price: 357K<br>Sales Volume: 120
2025,CO2 0,492000,61,Midlands,CO2 0<br>Avg. Price: 492K<br>Sales Volume: 61
2025,CO2 7,271000,190,Midlands,CO2 7<br>Avg. Price: 271K<br>Sales Volume: 190
2025,CO2 8,258000,189,Midlands,CO2 8<br>Avg. Price: 258K<br>Sales Volume: 189
2025,CO2 9,317000,111,Midlands,CO2 9<br>Avg. Price: 317K<br>Sales Volume: 111
2025,CO3 0,346000,133,Midlands,CO3 0<br>Avg. Price: 346K<br>Sales Volume: 133
2025,CO3 3,410000,132,Midlands,CO3 3<br>Avg. Price: 410K<br>Sales Volume: 132
2025,CO3 4,439000,103,Midlands,CO3 4<br>Avg. Price: 439K<br>Sales Volume: 103
2025,CO3 8,350000,76,Midlands,CO3 8<br>Avg. Price: 350K<br>Sales Volume: 76
2025,CO3 9,393000,74,Midlands,CO3 9<br>Avg. Price: 393K<br>Sales Volume: 74
2025,CO4 0,329000,83,Midlands,CO4 0<br>Avg. Price: 329K<br>Sales Volume: 83
2025,CO4 3,307000,152,Midlands,CO4 3<br>Avg. Price: 307K<br>Sales Volume: 152
2025,CO4 5,351000,215,Midlands,CO4 5<br>Avg. Price: 351K<br>Sales Volume: 215
2025,CO4 6,388000,116,Midlands,CO4 6<br>Avg. Price: 388K<br>Sales Volume: 116
2025,CO4 7,355000,6,Midlands,CO4 7<br>Avg. Price: 355K<br>Sales Volume: 6
2025,CO4 9,305000,146,Midlands,CO4 9<br>Avg. Price: 305K<br>Sales Volume: 146
2025,CO5 0,382000,203,Midlands,CO5 0<br>Avg. Price: 382K<br>Sales Volume: 203
2025,CO5 7,399000,87,Midlands,CO5 7<br>Avg. Price: 399K<br>Sales Volume: 87
2025,CO5 8,482000,114,Midlands,CO5 8<br>Avg. Price: 482K<br>Sales Volume: 114
2025,CO5 9,440000,94,Midlands,CO5 9<br>Avg. Price: 440K<br>Sales Volume: 94
2025,CO6 1,424000,159,Midlands,CO6 1<br>Avg. Price: 424K<br>Sales Volume: 159
2025,CO6 2,452000,104,Midlands,CO6 2<br>Avg. Price: 452K<br>Sales Volume: 104
2025,CO6 3,455000,80,Midlands,CO6 3<br>Avg. Price: 455K<br>Sales Volume: 80
2025,CO6 4,468000,75,Midlands,CO6 4<br>Avg. Price: 468K<br>Sales Volume: 75
2025,CO6 5,745000,7,Midlands,CO6 5<br>Avg. Price: 745K<br>Sales Volume: 7
2025,CO7 0,278000,139,Midlands,CO7 0<br>Avg. Price: 278K<br>Sales Volume: 139
2025,CO7 6,501000,91,Midlands,CO7 6<br>Avg. Price: 501K<br>Sales Volume: 91
2025,CO7 7,458000,123,Midlands,CO7 7<br>Avg. Price: 458K<br>Sales Volume: 123
2025,CO7 8,407000,140,Midlands,CO7 8<br>Avg. Price: 407K<br>Sales Volume: 140
2025,CO7 9,344000,127,Midlands,CO7 9<br>Avg. Price: 344K<br>Sales Volume: 127
2025,CO8 5,511000,33,Midlands,CO8 5<br>Avg. Price: 511K<br>Sales Volume: 33
2025,CO9 1,328000,151,Midlands,CO9 1<br>Avg. Price: 328K<br>Sales Volume: 151
2025,CO9 2,374000,102,Midlands,CO9 2<br>Avg. Price: 374K<br>Sales Volume: 102
2025,CO9 3,414000,68,Midlands,CO9 3<br>Avg. Price: 414K<br>Sales Volume: 68
2025,CO9 4,403000,36,Midlands,CO9 4<br>Avg. Price: 403K<br>Sales Volume: 36
2025,CR0 0,372000,101,Greater London,CR0 0<br>Avg. Price: 372K<br>Sales Volume: 101
2025,CR0 1,348000,137,Greater London,CR0 1<br>Avg. Price: 348K<br>Sales Volume: 137
2025,CR0 2,311000,211,Greater London,CR0 2<br>Avg. Price: 311K<br>Sales Volume: 211
2025,CR0 3,347000,144,Greater London,CR0 3<br>Avg. Price: 347K<br>Sales Volume: 144
2025,CR0 4,354000,193,Greater London,CR0 4<br>Avg. Price: 354K<br>Sales Volume: 193
2025,CR0 5,467000,154,Greater London,CR0 5<br>Avg. Price: 467K<br>Sales Volume: 154
2025,CR0 6,389000,287,Greater London,CR0 6<br>Avg. Price: 389K<br>Sales Volume: 287
2025,CR0 7,479000,184,Greater London,CR0 7<br>Avg. Price: 479K<br>Sales Volume: 184
2025,CR0 8,514000,123,Greater London,CR0 8<br>Avg. Price: 514K<br>Sales Volume: 123
2025,CR0 9,321000,116,Greater London,CR0 9<br>Avg. Price: 321K<br>Sales Volume: 116
2025,CR2 0,578000,135,Greater London,CR2 0<br>Avg. Price: 578K<br>Sales Volume: 135
2025,CR2 6,355000,180,Greater London,CR2 6<br>Avg. Price: 355K<br>Sales Volume: 180
2025,CR2 7,476000,146,Greater London,CR2 7<br>Avg. Price: 476K<br>Sales Volume: 146
2025,CR2 8,496000,125,Greater London,CR2 8<br>Avg. Price: 496K<br>Sales Volume: 125
2025,CR2 9,588000,88,Greater London,CR2 9<br>Avg. Price: 588K<br>Sales Volume: 88
2025,CR3 0,342000,66,Greater London,CR3 0<br>Avg. Price: 342K<br>Sales Volume: 66
2025,CR3 5,506000,181,Greater London,CR3 5<br>Avg. Price: 506K<br>Sales Volume: 181
2025,CR3 6,532000,169,Greater London,CR3 6<br>Avg. Price: 532K<br>Sales Volume: 169
2025,CR3 7,814000,16,Greater London,CR3 7<br>Avg. Price: 814K<br>Sales Volume: 16
2025,CR4 1,437000,124,Greater London,CR4 1<br>Avg. Price: 437K<br>Sales Volume: 124
2025,CR4 2,464000,111,Greater London,CR4 2<br>Avg. Price: 464K<br>Sales Volume: 111
2025,CR4 3,405000,149,Greater London,CR4 3<br>Avg. Price: 405K<br>Sales Volume: 149
2025,CR4 4,373000,77,Greater London,CR4 4<br>Avg. Price: 373K<br>Sales Volume: 77
2025,CR5 1,505000,115,Greater London,CR5 1<br>Avg. Price: 505K<br>Sales Volume: 115
2025,CR5 2,549000,103,Greater London,CR5 2<br>Avg. Price: 549K<br>Sales Volume: 103
2025,CR5 3,648000,127,Greater London,CR5 3<br>Avg. Price: 648K<br>Sales Volume: 127
2025,CR6 9,642000,136,Greater London,CR6 9<br>Avg. Price: 642K<br>Sales Volume: 136
2025,CR7 6,403000,50,Greater London,CR7 6<br>Avg. Price: 403K<br>Sales Volume: 50
2025,CR7 7,381000,158,Greater London,CR7 7<br>Avg. Price: 381K<br>Sales Volume: 158
2025,CR7 8,394000,172,Greater London,CR7 8<br>Avg. Price: 394K<br>Sales Volume: 172
2025,CR8 1,624000,59,Greater London,CR8 1<br>Avg. Price: 624K<br>Sales Volume: 59
2025,CR8 2,410000,130,Greater London,CR8 2<br>Avg. Price: 410K<br>Sales Volume: 130
2025,CR8 3,768000,63,Greater London,CR8 3<br>Avg. Price: 768K<br>Sales Volume: 63
2025,CR8 4,555000,68,Greater London,CR8 4<br>Avg. Price: 555K<br>Sales Volume: 68
2025,CR8 5,565000,126,Greater London,CR8 5<br>Avg. Price: 565K<br>Sales Volume: 126
2025,CT1 1,296000,108,South East,CT1 1<br>Avg. Price: 296K<br>Sales Volume: 108
2025,CT1 2,302000,85,South East,CT1 2<br>Avg. Price: 302K<br>Sales Volume: 85
2025,CT1 3,352000,199,South East,CT1 3<br>Avg. Price: 352K<br>Sales Volume: 199
2025,CT10 1,441000,155,South East,CT10 1<br>Avg. Price: 441K<br>Sales Volume: 155
2025,CT10 2,336000,171,South East,CT10 2<br>Avg. Price: 336K<br>Sales Volume: 171
2025,CT10 3,478000,119,South East,CT10 3<br>Avg. Price: 478K<br>Sales Volume: 119
2025,CT11 0,277000,121,South East,CT11 0<br>Avg. Price: 277K<br>Sales Volume: 121
2025,CT11 7,224000,113,South East,CT11 7<br>Avg. Price: 224K<br>Sales Volume: 113
2025,CT11 8,260000,93,South East,CT11 8<br>Avg. Price: 260K<br>Sales Volume: 93
2025,CT11 9,261000,105,South East,CT11 9<br>Avg. Price: 261K<br>Sales Volume: 105
2025,CT12 4,327000,64,South East,CT12 4<br>Avg. Price: 327K<br>Sales Volume: 64
2025,CT12 5,373000,62,South East,CT12 5<br>Avg. Price: 373K<br>Sales Volume: 62
2025,CT12 6,236000,148,South East,CT12 6<br>Avg. Price: 236K<br>Sales Volume: 148
2025,CT13 0,362000,85,South East,CT13 0<br>Avg. Price: 362K<br>Sales Volume: 85
2025,CT13 9,368000,64,South East,CT13 9<br>Avg. Price: 368K<br>Sales Volume: 64
2025,CT14 0,372000,47,South East,CT14 0<br>Avg. Price: 372K<br>Sales Volume: 47
2025,CT14 6,340000,98,South East,CT14 6<br>Avg. Price: 340K<br>Sales Volume: 98
2025,CT14 7,375000,172,South East,CT14 7<br>Avg. Price: 375K<br>Sales Volume: 172
2025,CT14 8,549000,33,South East,CT14 8<br>Avg. Price: 549K<br>Sales Volume: 33
2025,CT14 9,286000,222,South East,CT14 9<br>Avg. Price: 286K<br>Sales Volume: 222
2025,CT15 4,320000,45,South East,CT15 4<br>Avg. Price: 320K<br>Sales Volume: 45
2025,CT15 5,356000,33,South East,CT15 5<br>Avg. Price: 356K<br>Sales Volume: 33
2025,CT15 6,561000,28,South East,CT15 6<br>Avg. Price: 561K<br>Sales Volume: 28
2025,CT15 7,423000,45,South East,CT15 7<br>Avg. Price: 423K<br>Sales Volume: 45
2025,CT16 1,232000,48,South East,CT16 1<br>Avg. Price: 232K<br>Sales Volume: 48
2025,CT16 2,219000,128,South East,CT16 2<br>Avg. Price: 219K<br>Sales Volume: 128
2025,CT16 3,342000,180,South East,CT16 3<br>Avg. Price: 342K<br>Sales Volume: 180
2025,CT17 0,233000,152,South East,CT17 0<br>Avg. Price: 233K<br>Sales Volume: 152
2025,CT17 9,211000,129,South East,CT17 9<br>Avg. Price: 211K<br>Sales Volume: 129
2025,CT18 7,383000,192,South East,CT18 7<br>Avg. Price: 383K<br>Sales Volume: 192
2025,CT18 8,496000,51,South East,CT18 8<br>Avg. Price: 496K<br>Sales Volume: 51
2025,CT19 4,279000,109,South East,CT19 4<br>Avg. Price: 279K<br>Sales Volume: 109
2025,CT19 5,303000,171,South East,CT19 5<br>Avg. Price: 303K<br>Sales Volume: 171
2025,CT19 6,295000,111,South East,CT19 6<br>Avg. Price: 295K<br>Sales Volume: 111
2025,CT2 0,369000,97,South East,CT2 0<br>Avg. Price: 369K<br>Sales Volume: 97
2025,CT2 7,336000,110,South East,CT2 7<br>Avg. Price: 336K<br>Sales Volume: 110
2025,CT2 8,355000,95,South East,CT2 8<br>Avg. Price: 355K<br>Sales Volume: 95
2025,CT2 9,446000,38,South East,CT2 9<br>Avg. Price: 446K<br>Sales Volume: 38
2025,CT20 1,346000,117,South East,CT20 1<br>Avg. Price: 346K<br>Sales Volume: 117
2025,CT20 2,308000,175,South East,CT20 2<br>Avg. Price: 308K<br>Sales Volume: 175
2025,CT20 3,363000,156,South East,CT20 3<br>Avg. Price: 363K<br>Sales Volume: 156
2025,CT21 4,464000,89,South East,CT21 4<br>Avg. Price: 464K<br>Sales Volume: 89
2025,CT21 5,429000,129,South East,CT21 5<br>Avg. Price: 429K<br>Sales Volume: 129
2025,CT21 6,352000,89,South East,CT21 6<br>Avg. Price: 352K<br>Sales Volume: 89
2025,CT3 1,531000,80,South East,CT3 1<br>Avg. Price: 531K<br>Sales Volume: 80
2025,CT3 2,356000,40,South East,CT3 2<br>Avg. Price: 356K<br>Sales Volume: 40
2025,CT3 3,270000,156,South East,CT3 3<br>Avg. Price: 270K<br>Sales Volume: 156
2025,CT3 4,431000,51,South East,CT3 4<br>Avg. Price: 431K<br>Sales Volume: 51
2025,CT4 5,538000,45,South East,CT4 5<br>Avg. Price: 538K<br>Sales Volume: 45
2025,CT4 6,460000,47,South East,CT4 6<br>Avg. Price: 460K<br>Sales Volume: 47
2025,CT4 7,358000,75,South East,CT4 7<br>Avg. Price: 358K<br>Sales Volume: 75
2025,CT4 8,511000,22,South East,CT4 8<br>Avg. Price: 511K<br>Sales Volume: 22
2025,CT5 1,396000,128,South East,CT5 1<br>Avg. Price: 396K<br>Sales Volume: 128
2025,CT5 2,484000,111,South East,CT5 2<br>Avg. Price: 484K<br>Sales Volume: 111
2025,CT5 3,378000,122,South East,CT5 3<br>Avg. Price: 378K<br>Sales Volume: 122
2025,CT5 4,428000,137,South East,CT5 4<br>Avg. Price: 428K<br>Sales Volume: 137
2025,CT6 5,312000,149,South East,CT6 5<br>Avg. Price: 312K<br>Sales Volume: 149
2025,CT6 6,374000,186,South East,CT6 6<br>Avg. Price: 374K<br>Sales Volume: 186
2025,CT6 7,350000,175,South East,CT6 7<br>Avg. Price: 350K<br>Sales Volume: 175
2025,CT6 8,346000,128,South East,CT6 8<br>Avg. Price: 346K<br>Sales Volume: 128
2025,CT7 0,338000,66,South East,CT7 0<br>Avg. Price: 338K<br>Sales Volume: 66
2025,CT7 9,357000,148,South East,CT7 9<br>Avg. Price: 357K<br>Sales Volume: 148
2025,CT8 8,279000,134,South East,CT8 8<br>Avg. Price: 279K<br>Sales Volume: 134
2025,CT9 1,230000,110,South East,CT9 1<br>Avg. Price: 230K<br>Sales Volume: 110
2025,CT9 2,245000,168,South East,CT9 2<br>Avg. Price: 245K<br>Sales Volume: 168
2025,CT9 3,327000,137,South East,CT9 3<br>Avg. Price: 327K<br>Sales Volume: 137
2025,CT9 4,264000,79,South East,CT9 4<br>Avg. Price: 264K<br>Sales Volume: 79
2025,CT9 5,338000,142,South East,CT9 5<br>Avg. Price: 338K<br>Sales Volume: 142
2025,CV1 1,663000,3,Midlands,CV1 1<br>Avg. Price: 663K<br>Sales Volume: 3
2025,CV1 2,174000,67,Midlands,CV1 2<br>Avg. Price: 174K<br>Sales Volume: 67
2025,CV1 3,184000,35,Midlands,CV1 3<br>Avg. Price: 184K<br>Sales Volume: 35
2025,CV1 4,172000,64,Midlands,CV1 4<br>Avg. Price: 172K<br>Sales Volume: 64
2025,CV1 5,144000,37,Midlands,CV1 5<br>Avg. Price: 144K<br>Sales Volume: 37
2025,CV10 0,256000,212,Midlands,CV10 0<br>Avg. Price: 256K<br>Sales Volume: 212
2025,CV10 7,214000,150,Midlands,CV10 7<br>Avg. Price: 214K<br>Sales Volume: 150
2025,CV10 8,190000,138,Midlands,CV10 8<br>Avg. Price: 190K<br>Sales Volume: 138
2025,CV10 9,221000,235,Midlands,CV10 9<br>Avg. Price: 221K<br>Sales Volume: 235
2025,CV11 4,220000,152,Midlands,CV11 4<br>Avg. Price: 220K<br>Sales Volume: 152
2025,CV11 5,174000,114,Midlands,CV11 5<br>Avg. Price: 174K<br>Sales Volume: 114
2025,CV11 6,340000,306,Midlands,CV11 6<br>Avg. Price: 340K<br>Sales Volume: 306
2025,CV11 7,334000,50,Midlands,CV11 7<br>Avg. Price: 334K<br>Sales Volume: 50
2025,CV11 8,353000,16,Midlands,CV11 8<br>Avg. Price: 353K<br>Sales Volume: 16
2025,CV12 0,248000,136,Midlands,CV12 0<br>Avg. Price: 248K<br>Sales Volume: 136
2025,CV12 8,223000,126,Midlands,CV12 8<br>Avg. Price: 223K<br>Sales Volume: 126
2025,CV12 9,278000,166,Midlands,CV12 9<br>Avg. Price: 278K<br>Sales Volume: 166
2025,CV13 0,351000,82,Midlands,CV13 0<br>Avg. Price: 351K<br>Sales Volume: 82
2025,CV13 6,391000,69,Midlands,CV13 6<br>Avg. Price: 391K<br>Sales Volume: 69
2025,CV2 1,192000,94,Midlands,CV2 1<br>Avg. Price: 192K<br>Sales Volume: 94
2025,CV2 2,231000,153,Midlands,CV2 2<br>Avg. Price: 231K<br>Sales Volume: 153
2025,CV2 3,210000,155,Midlands,CV2 3<br>Avg. Price: 210K<br>Sales Volume: 155
2025,CV2 4,193000,144,Midlands,CV2 4<br>Avg. Price: 193K<br>Sales Volume: 144
2025,CV2 5,229000,154,Midlands,CV2 5<br>Avg. Price: 229K<br>Sales Volume: 154
2025,CV21 1,280000,185,Midlands,CV21 1<br>Avg. Price: 280K<br>Sales Volume: 185
2025,CV21 2,193000,117,Midlands,CV21 2<br>Avg. Price: 193K<br>Sales Volume: 117
2025,CV21 3,233000,160,Midlands,CV21 3<br>Avg. Price: 233K<br>Sales Volume: 160
2025,CV21 4,281000,106,Midlands,CV21 4<br>Avg. Price: 281K<br>Sales Volume: 106
2025,CV22 5,398000,203,Midlands,CV22 5<br>Avg. Price: 398K<br>Sales Volume: 203
2025,CV22 6,341000,136,Midlands,CV22 6<br>Avg. Price: 341K<br>Sales Volume: 136
2025,CV22 7,313000,259,Midlands,CV22 7<br>Avg. Price: 313K<br>Sales Volume: 259
2025,CV23 0,343000,169,Midlands,CV23 0<br>Avg. Price: 343K<br>Sales Volume: 169
2025,CV23 1,401000,120,Midlands,CV23 1<br>Avg. Price: 401K<br>Sales Volume: 120
2025,CV23 8,427000,54,Midlands,CV23 8<br>Avg. Price: 427K<br>Sales Volume: 54
2025,CV23 9,341000,135,Midlands,CV23 9<br>Avg. Price: 341K<br>Sales Volume: 135
2025,CV3 1,216000,146,Midlands,CV3 1<br>Avg. Price: 216K<br>Sales Volume: 146
2025,CV3 2,283000,214,Midlands,CV3 2<br>Avg. Price: 283K<br>Sales Volume: 214
2025,CV3 3,202000,73,Midlands,CV3 3<br>Avg. Price: 202K<br>Sales Volume: 73
2025,CV3 4,180000,80,Midlands,CV3 4<br>Avg. Price: 180K<br>Sales Volume: 80
2025,CV3 5,280000,166,Midlands,CV3 5<br>Avg. Price: 280K<br>Sales Volume: 166
2025,CV3 6,357000,157,Midlands,CV3 6<br>Avg. Price: 357K<br>Sales Volume: 157
2025,CV31 1,371000,211,Midlands,CV31 1<br>Avg. Price: 371K<br>Sales Volume: 211
2025,CV31 2,339000,158,Midlands,CV31 2<br>Avg. Price: 339K<br>Sales Volume: 158
2025,CV31 3,304000,73,Midlands,CV31 3<br>Avg. Price: 304K<br>Sales Volume: 73
2025,CV32 4,324000,61,Midlands,CV32 4<br>Avg. Price: 324K<br>Sales Volume: 61
2025,CV32 5,417000,152,Midlands,CV32 5<br>Avg. Price: 417K<br>Sales Volume: 152
2025,CV32 6,473000,130,Midlands,CV32 6<br>Avg. Price: 473K<br>Sales Volume: 130
2025,CV32 7,401000,183,Midlands,CV32 7<br>Avg. Price: 401K<br>Sales Volume: 183
2025,CV33 8,339000,60,Midlands,CV33 8<br>Avg. Price: 339K<br>Sales Volume: 60
2025,CV33 9,421000,105,Midlands,CV33 9<br>Avg. Price: 421K<br>Sales Volume: 105
2025,CV34 0,445000,41,Midlands,CV34 0<br>Avg. Price: 445K<br>Sales Volume: 41
2025,CV34 4,312000,119,Midlands,CV34 4<br>Avg. Price: 312K<br>Sales Volume: 119
2025,CV34 5,315000,220,Midlands,CV34 5<br>Avg. Price: 315K<br>Sales Volume: 220
2025,CV34 6,457000,169,Midlands,CV34 6<br>Avg. Price: 457K<br>Sales Volume: 169
2025,CV34 7,391000,46,Midlands,CV34 7<br>Avg. Price: 391K<br>Sales Volume: 46
2025,CV34 8,417000,46,Midlands,CV34 8<br>Avg. Price: 417K<br>Sales Volume: 46
2025,CV35 0,463000,91,Midlands,CV35 0<br>Avg. Price: 463K<br>Sales Volume: 91
2025,CV35 7,503000,71,Midlands,CV35 7<br>Avg. Price: 503K<br>Sales Volume: 71
2025,CV35 8,478000,84,Midlands,CV35 8<br>Avg. Price: 478K<br>Sales Volume: 84
2025,CV35 9,394000,141,Midlands,CV35 9<br>Avg. Price: 394K<br>Sales Volume: 141
2025,CV36 4,407000,120,Midlands,CV36 4<br>Avg. Price: 407K<br>Sales Volume: 120
2025,CV36 5,838000,45,Midlands,CV36 5<br>Avg. Price: 838K<br>Sales Volume: 45
2025,CV37 0,434000,135,Midlands,CV37 0<br>Avg. Price: 434K<br>Sales Volume: 135
2025,CV37 5,483000,17,Midlands,CV37 5<br>Avg. Price: 483K<br>Sales Volume: 17
2025,CV37 6,428000,138,Midlands,CV37 6<br>Avg. Price: 428K<br>Sales Volume: 138
2025,CV37 7,537000,162,Midlands,CV37 7<br>Avg. Price: 537K<br>Sales Volume: 162
2025,CV37 8,462000,148,Midlands,CV37 8<br>Avg. Price: 462K<br>Sales Volume: 148
2025,CV37 9,389000,262,Midlands,CV37 9<br>Avg. Price: 389K<br>Sales Volume: 262
2025,CV4 7,525000,41,Midlands,CV4 7<br>Avg. Price: 525K<br>Sales Volume: 41
2025,CV4 8,307000,83,Midlands,CV4 8<br>Avg. Price: 307K<br>Sales Volume: 83
2025,CV4 9,239000,246,Midlands,CV4 9<br>Avg. Price: 239K<br>Sales Volume: 246
2025,CV47 0,324000,48,Midlands,CV47 0<br>Avg. Price: 324K<br>Sales Volume: 48
2025,CV47 1,342000,87,Midlands,CV47 1<br>Avg. Price: 342K<br>Sales Volume: 87
2025,CV47 2,379000,120,Midlands,CV47 2<br>Avg. Price: 379K<br>Sales Volume: 120
2025,CV47 7,581000,11,Midlands,CV47 7<br>Avg. Price: 581K<br>Sales Volume: 11
2025,CV47 8,465000,40,Midlands,CV47 8<br>Avg. Price: 465K<br>Sales Volume: 40
2025,CV47 9,383000,38,Midlands,CV47 9<br>Avg. Price: 383K<br>Sales Volume: 38
2025,CV5 6,291000,231,Midlands,CV5 6<br>Avg. Price: 291K<br>Sales Volume: 231
2025,CV5 7,283000,199,Midlands,CV5 7<br>Avg. Price: 283K<br>Sales Volume: 199
2025,CV5 8,220000,194,Midlands,CV5 8<br>Avg. Price: 220K<br>Sales Volume: 194
2025,CV5 9,306000,168,Midlands,CV5 9<br>Avg. Price: 306K<br>Sales Volume: 168
2025,CV6 1,218000,174,Midlands,CV6 1<br>Avg. Price: 218K<br>Sales Volume: 174
2025,CV6 2,248000,180,Midlands,CV6 2<br>Avg. Price: 248K<br>Sales Volume: 180
2025,CV6 3,206000,108,Midlands,CV6 3<br>Avg. Price: 206K<br>Sales Volume: 108
2025,CV6 4,212000,210,Midlands,CV6 4<br>Avg. Price: 212K<br>Sales Volume: 210
2025,CV6 5,161000,104,Midlands,CV6 5<br>Avg. Price: 161K<br>Sales Volume: 104
2025,CV6 6,210000,117,Midlands,CV6 6<br>Avg. Price: 210K<br>Sales Volume: 117
2025,CV6 7,195000,129,Midlands,CV6 7<br>Avg. Price: 195K<br>Sales Volume: 129
2025,CV7 7,499000,146,Midlands,CV7 7<br>Avg. Price: 499K<br>Sales Volume: 146
2025,CV7 8,303000,153,Midlands,CV7 8<br>Avg. Price: 303K<br>Sales Volume: 153
2025,CV7 9,248000,126,Midlands,CV7 9<br>Avg. Price: 248K<br>Sales Volume: 126
2025,CV8 1,413000,177,Midlands,CV8 1<br>Avg. Price: 413K<br>Sales Volume: 177
2025,CV8 2,462000,272,Midlands,CV8 2<br>Avg. Price: 462K<br>Sales Volume: 272
2025,CV8 3,363000,83,Midlands,CV8 3<br>Avg. Price: 363K<br>Sales Volume: 83
2025,CV9 1,226000,76,Midlands,CV9 1<br>Avg. Price: 226K<br>Sales Volume: 76
2025,CV9 2,270000,134,Midlands,CV9 2<br>Avg. Price: 270K<br>Sales Volume: 134
2025,CV9 3,383000,80,Midlands,CV9 3<br>Avg. Price: 383K<br>Sales Volume: 80
2025,CW1 2,100000,37,North England,CW1 2<br>Avg. Price: 100K<br>Sales Volume: 37
2025,CW1 3,160000,228,North England,CW1 3<br>Avg. Price: 160K<br>Sales Volume: 228
2025,CW1 4,199000,192,North England,CW1 4<br>Avg. Price: 199K<br>Sales Volume: 192
2025,CW1 5,265000,179,North England,CW1 5<br>Avg. Price: 265K<br>Sales Volume: 179
2025,CW1 6,175000,28,North England,CW1 6<br>Avg. Price: 175K<br>Sales Volume: 28
2025,CW10 0,232000,127,North England,CW10 0<br>Avg. Price: 232K<br>Sales Volume: 127
2025,CW10 9,279000,97,North England,CW10 9<br>Avg. Price: 279K<br>Sales Volume: 97
2025,CW11 1,336000,138,North England,CW11 1<br>Avg. Price: 336K<br>Sales Volume: 138
2025,CW11 2,394000,29,North England,CW11 2<br>Avg. Price: 394K<br>Sales Volume: 29
2025,CW11 3,298000,207,North England,CW11 3<br>Avg. Price: 298K<br>Sales Volume: 207
2025,CW11 4,288000,121,North England,CW11 4<br>Avg. Price: 288K<br>Sales Volume: 121
2025,CW12 1,252000,102,North England,CW12 1<br>Avg. Price: 252K<br>Sales Volume: 102
2025,CW12 2,351000,144,North England,CW12 2<br>Avg. Price: 351K<br>Sales Volume: 144
2025,CW12 3,320000,174,North England,CW12 3<br>Avg. Price: 320K<br>Sales Volume: 174
2025,CW12 4,319000,254,North England,CW12 4<br>Avg. Price: 319K<br>Sales Volume: 254
2025,CW2 5,305000,203,North England,CW2 5<br>Avg. Price: 305K<br>Sales Volume: 203
2025,CW2 6,232000,149,North England,CW2 6<br>Avg. Price: 232K<br>Sales Volume: 149
2025,CW2 7,137000,151,North England,CW2 7<br>Avg. Price: 137K<br>Sales Volume: 151
2025,CW2 8,240000,219,North England,CW2 8<br>Avg. Price: 240K<br>Sales Volume: 219
2025,CW3 0,436000,46,North England,CW3 0<br>Avg. Price: 436K<br>Sales Volume: 46
2025,CW3 9,282000,79,North England,CW3 9<br>Avg. Price: 282K<br>Sales Volume: 79
2025,CW4 7,336000,126,North England,CW4 7<br>Avg. Price: 336K<br>Sales Volume: 126
2025,CW4 8,580000,68,North England,CW4 8<br>Avg. Price: 580K<br>Sales Volume: 68
2025,CW5 5,234000,184,North England,CW5 5<br>Avg. Price: 234K<br>Sales Volume: 184
2025,CW5 6,348000,221,North England,CW5 6<br>Avg. Price: 348K<br>Sales Volume: 221
2025,CW5 7,332000,170,North England,CW5 7<br>Avg. Price: 332K<br>Sales Volume: 170
2025,CW5 8,430000,59,North England,CW5 8<br>Avg. Price: 430K<br>Sales Volume: 59
2025,CW6 0,478000,92,North England,CW6 0<br>Avg. Price: 478K<br>Sales Volume: 92
2025,CW6 9,524000,87,North England,CW6 9<br>Avg. Price: 524K<br>Sales Volume: 87
2025,CW7 1,218000,125,North England,CW7 1<br>Avg. Price: 218K<br>Sales Volume: 125
2025,CW7 2,241000,154,North England,CW7 2<br>Avg. Price: 241K<br>Sales Volume: 154
2025,CW7 3,176000,137,North England,CW7 3<br>Avg. Price: 176K<br>Sales Volume: 137
2025,CW7 4,251000,41,North England,CW7 4<br>Avg. Price: 251K<br>Sales Volume: 41
2025,CW8 1,323000,188,North England,CW8 1<br>Avg. Price: 323K<br>Sales Volume: 188
2025,CW8 2,474000,145,North England,CW8 2<br>Avg. Price: 474K<br>Sales Volume: 145
2025,CW8 3,293000,88,North England,CW8 3<br>Avg. Price: 293K<br>Sales Volume: 88
2025,CW8 4,243000,276,North England,CW8 4<br>Avg. Price: 243K<br>Sales Volume: 276
2025,CW9 5,175000,66,North England,CW9 5<br>Avg. Price: 175K<br>Sales Volume: 66
2025,CW9 6,488000,71,North England,CW9 6<br>Avg. Price: 488K<br>Sales Volume: 71
2025,CW9 7,250000,176,North England,CW9 7<br>Avg. Price: 250K<br>Sales Volume: 176
2025,CW9 8,321000,240,North England,CW9 8<br>Avg. Price: 321K<br>Sales Volume: 240
2025,DA1 1,349000,159,Greater London,DA1 1<br>Avg. Price: 349K<br>Sales Volume: 159
2025,DA1 2,386000,146,Greater London,DA1 2<br>Avg. Price: 386K<br>Sales Volume: 146
2025,DA1 3,439000,142,Greater London,DA1 3<br>Avg. Price: 439K<br>Sales Volume: 142
2025,DA1 4,335000,135,Greater London,DA1 4<br>Avg. Price: 335K<br>Sales Volume: 135
2025,DA1 5,331000,215,Greater London,DA1 5<br>Avg. Price: 331K<br>Sales Volume: 215
2025,DA10 0,306000,85,Greater London,DA10 0<br>Avg. Price: 306K<br>Sales Volume: 85
2025,DA10 1,388000,126,Greater London,DA10 1<br>Avg. Price: 388K<br>Sales Volume: 126
2025,DA11 0,264000,97,Greater London,DA11 0<br>Avg. Price: 264K<br>Sales Volume: 97
2025,DA11 7,390000,110,Greater London,DA11 7<br>Avg. Price: 390K<br>Sales Volume: 110
2025,DA11 8,365000,131,Greater London,DA11 8<br>Avg. Price: 365K<br>Sales Volume: 131
2025,DA11 9,281000,101,Greater London,DA11 9<br>Avg. Price: 281K<br>Sales Volume: 101
2025,DA12 1,347000,88,Greater London,DA12 1<br>Avg. Price: 347K<br>Sales Volume: 88
2025,DA12 2,280000,92,Greater London,DA12 2<br>Avg. Price: 280K<br>Sales Volume: 92
2025,DA12 3,640000,29,Greater London,DA12 3<br>Avg. Price: 640K<br>Sales Volume: 29
2025,DA12 4,383000,147,Greater London,DA12 4<br>Avg. Price: 383K<br>Sales Volume: 147
2025,DA12 5,357000,170,Greater London,DA12 5<br>Avg. Price: 357K<br>Sales Volume: 170
2025,DA13 0,554000,143,Greater London,DA13 0<br>Avg. Price: 554K<br>Sales Volume: 143
2025,DA13 9,530000,69,Greater London,DA13 9<br>Avg. Price: 530K<br>Sales Volume: 69
2025,DA14 4,467000,154,Greater London,DA14 4<br>Avg. Price: 467K<br>Sales Volume: 154
2025,DA14 5,385000,51,Greater London,DA14 5<br>Avg. Price: 385K<br>Sales Volume: 51
2025,DA14 6,383000,125,Greater London,DA14 6<br>Avg. Price: 383K<br>Sales Volume: 125
2025,DA15 7,511000,93,Greater London,DA15 7<br>Avg. Price: 511K<br>Sales Volume: 93
2025,DA15 8,479000,208,Greater London,DA15 8<br>Avg. Price: 479K<br>Sales Volume: 208
2025,DA15 9,477000,115,Greater London,DA15 9<br>Avg. Price: 477K<br>Sales Volume: 115
2025,DA16 1,450000,156,Greater London,DA16 1<br>Avg. Price: 450K<br>Sales Volume: 156
2025,DA16 2,478000,142,Greater London,DA16 2<br>Avg. Price: 478K<br>Sales Volume: 142
2025,DA16 3,433000,94,Greater London,DA16 3<br>Avg. Price: 433K<br>Sales Volume: 94
2025,DA17 5,352000,145,Greater London,DA17 5<br>Avg. Price: 352K<br>Sales Volume: 145
2025,DA17 6,342000,79,Greater London,DA17 6<br>Avg. Price: 342K<br>Sales Volume: 79
2025,DA18 4,284000,16,Greater London,DA18 4<br>Avg. Price: 284K<br>Sales Volume: 16
2025,DA2 6,362000,134,Greater London,DA2 6<br>Avg. Price: 362K<br>Sales Volume: 134
2025,DA2 7,523000,141,Greater London,DA2 7<br>Avg. Price: 523K<br>Sales Volume: 141
2025,DA2 8,378000,16,Greater London,DA2 8<br>Avg. Price: 378K<br>Sales Volume: 16
2025,DA3 7,576000,119,Greater London,DA3 7<br>Avg. Price: 576K<br>Sales Volume: 119
2025,DA3 8,431000,129,Greater London,DA3 8<br>Avg. Price: 431K<br>Sales Volume: 129
2025,DA4 0,573000,45,Greater London,DA4 0<br>Avg. Price: 573K<br>Sales Volume: 45
2025,DA4 9,359000,98,Greater London,DA4 9<br>Avg. Price: 359K<br>Sales Volume: 98
2025,DA5 1,504000,98,Greater London,DA5 1<br>Avg. Price: 504K<br>Sales Volume: 98
2025,DA5 2,572000,71,Greater London,DA5 2<br>Avg. Price: 572K<br>Sales Volume: 71
2025,DA5 3,575000,103,Greater London,DA5 3<br>Avg. Price: 575K<br>Sales Volume: 103
2025,DA6 7,392000,82,Greater London,DA6 7<br>Avg. Price: 392K<br>Sales Volume: 82
2025,DA6 8,582000,82,Greater London,DA6 8<br>Avg. Price: 582K<br>Sales Volume: 82
2025,DA7 4,465000,152,Greater London,DA7 4<br>Avg. Price: 465K<br>Sales Volume: 152
2025,DA7 5,510000,141,Greater London,DA7 5<br>Avg. Price: 510K<br>Sales Volume: 141
2025,DA7 6,437000,133,Greater London,DA7 6<br>Avg. Price: 437K<br>Sales Volume: 133
2025,DA8 1,335000,143,Greater London,DA8 1<br>Avg. Price: 335K<br>Sales Volume: 143
2025,DA8 2,329000,78,Greater London,DA8 2<br>Avg. Price: 329K<br>Sales Volume: 78
2025,DA8 3,371000,98,Greater London,DA8 3<br>Avg. Price: 371K<br>Sales Volume: 98
2025,DA9 9,333000,286,Greater London,DA9 9<br>Avg. Price: 333K<br>Sales Volume: 286
2025,DE1 1,164000,61,Midlands,DE1 1<br>Avg. Price: 164K<br>Sales Volume: 61
2025,DE1 2,176000,78,Midlands,DE1 2<br>Avg. Price: 176K<br>Sales Volume: 78
2025,DE1 3,183000,99,Midlands,DE1 3<br>Avg. Price: 183K<br>Sales Volume: 99
2025,DE11 0,214000,245,Midlands,DE11 0<br>Avg. Price: 214K<br>Sales Volume: 245
2025,DE11 7,246000,201,Midlands,DE11 7<br>Avg. Price: 246K<br>Sales Volume: 201
2025,DE11 8,247000,129,Midlands,DE11 8<br>Avg. Price: 247K<br>Sales Volume: 129
2025,DE11 9,216000,278,Midlands,DE11 9<br>Avg. Price: 216K<br>Sales Volume: 278
2025,DE12 6,272000,120,Midlands,DE12 6<br>Avg. Price: 272K<br>Sales Volume: 120
2025,DE12 7,281000,150,Midlands,DE12 7<br>Avg. Price: 281K<br>Sales Volume: 150
2025,DE12 8,316000,39,Midlands,DE12 8<br>Avg. Price: 316K<br>Sales Volume: 39
2025,DE13 0,245000,242,Midlands,DE13 0<br>Avg. Price: 245K<br>Sales Volume: 242
2025,DE13 7,484000,53,Midlands,DE13 7<br>Avg. Price: 484K<br>Sales Volume: 53
2025,DE13 8,448000,149,Midlands,DE13 8<br>Avg. Price: 448K<br>Sales Volume: 149
2025,DE13 9,320000,224,Midlands,DE13 9<br>Avg. Price: 320K<br>Sales Volume: 224
2025,DE14 1,162000,73,Midlands,DE14 1<br>Avg. Price: 162K<br>Sales Volume: 73
2025,DE14 2,163000,180,Midlands,DE14 2<br>Avg. Price: 163K<br>Sales Volume: 180
2025,DE14 3,197000,232,Midlands,DE14 3<br>Avg. Price: 197K<br>Sales Volume: 232
2025,DE15 0,285000,143,Midlands,DE15 0<br>Avg. Price: 285K<br>Sales Volume: 143
2025,DE15 9,229000,208,Midlands,DE15 9<br>Avg. Price: 229K<br>Sales Volume: 208
2025,DE21 2,261000,190,Midlands,DE21 2<br>Avg. Price: 261K<br>Sales Volume: 190
2025,DE21 4,210000,184,Midlands,DE21 4<br>Avg. Price: 210K<br>Sales Volume: 184
2025,DE21 5,414000,27,Midlands,DE21 5<br>Avg. Price: 414K<br>Sales Volume: 27
2025,DE21 6,193000,187,Midlands,DE21 6<br>Avg. Price: 193K<br>Sales Volume: 187
2025,DE21 7,230000,158,Midlands,DE21 7<br>Avg. Price: 230K<br>Sales Volume: 158
2025,DE22 1,319000,113,Midlands,DE22 1<br>Avg. Price: 319K<br>Sales Volume: 113
2025,DE22 2,341000,291,Midlands,DE22 2<br>Avg. Price: 341K<br>Sales Volume: 291
2025,DE22 3,169000,247,Midlands,DE22 3<br>Avg. Price: 169K<br>Sales Volume: 247
2025,DE22 4,242000,124,Midlands,DE22 4<br>Avg. Price: 242K<br>Sales Volume: 124
2025,DE22 5,1004000,13,Midlands,"DE22 5<br>Avg. Price: 1,004K<br>Sales Volume: 13"
2025,DE23 1,246000,113,Midlands,DE23 1<br>Avg. Price: 246K<br>Sales Volume: 113
2025,DE23 2,226000,31,Midlands,DE23 2<br>Avg. Price: 226K<br>Sales Volume: 31
2025,DE23 3,280000,101,Midlands,DE23 3<br>Avg. Price: 280K<br>Sales Volume: 101
2025,DE23 4,319000,19,Midlands,DE23 4<br>Avg. Price: 319K<br>Sales Volume: 19
2025,DE23 6,243000,170,Midlands,DE23 6<br>Avg. Price: 243K<br>Sales Volume: 170
2025,DE23 8,146000,125,Midlands,DE23 8<br>Avg. Price: 146K<br>Sales Volume: 125
2025,DE24 0,205000,203,Midlands,DE24 0<br>Avg. Price: 205K<br>Sales Volume: 203
2025,DE24 1,206000,27,Midlands,DE24 1<br>Avg. Price: 206K<br>Sales Volume: 27
2025,DE24 3,235000,102,Midlands,DE24 3<br>Avg. Price: 235K<br>Sales Volume: 102
2025,DE24 5,255000,60,Midlands,DE24 5<br>Avg. Price: 255K<br>Sales Volume: 60
2025,DE24 8,160000,189,Midlands,DE24 8<br>Avg. Price: 160K<br>Sales Volume: 189
2025,DE24 9,199000,150,Midlands,DE24 9<br>Avg. Price: 199K<br>Sales Volume: 150
2025,DE3 0,307000,225,Midlands,DE3 0<br>Avg. Price: 307K<br>Sales Volume: 225
2025,DE3 9,317000,144,Midlands,DE3 9<br>Avg. Price: 317K<br>Sales Volume: 144
2025,DE4 2,331000,124,Midlands,DE4 2<br>Avg. Price: 331K<br>Sales Volume: 124
2025,DE4 3,285000,175,Midlands,DE4 3<br>Avg. Price: 285K<br>Sales Volume: 175
2025,DE4 4,321000,104,Midlands,DE4 4<br>Avg. Price: 321K<br>Sales Volume: 104
2025,DE4 5,390000,130,Midlands,DE4 5<br>Avg. Price: 390K<br>Sales Volume: 130
2025,DE45 1,428000,112,Midlands,DE45 1<br>Avg. Price: 428K<br>Sales Volume: 112
2025,DE5 3,231000,242,Midlands,DE5 3<br>Avg. Price: 231K<br>Sales Volume: 242
2025,DE5 8,266000,72,Midlands,DE5 8<br>Avg. Price: 266K<br>Sales Volume: 72
2025,DE5 9,194000,73,Midlands,DE5 9<br>Avg. Price: 194K<br>Sales Volume: 73
2025,DE55 1,251000,112,Midlands,DE55 1<br>Avg. Price: 251K<br>Sales Volume: 112
2025,DE55 2,202000,135,Midlands,DE55 2<br>Avg. Price: 202K<br>Sales Volume: 135
2025,DE55 3,245000,40,Midlands,DE55 3<br>Avg. Price: 245K<br>Sales Volume: 40
2025,DE55 4,172000,121,Midlands,DE55 4<br>Avg. Price: 172K<br>Sales Volume: 121
2025,DE55 5,192000,121,Midlands,DE55 5<br>Avg. Price: 192K<br>Sales Volume: 121
2025,DE55 6,267000,127,Midlands,DE55 6<br>Avg. Price: 267K<br>Sales Volume: 127
2025,DE55 7,234000,155,Midlands,DE55 7<br>Avg. Price: 234K<br>Sales Volume: 155
2025,DE56 0,266000,145,Midlands,DE56 0<br>Avg. Price: 266K<br>Sales Volume: 145
2025,DE56 1,239000,233,Midlands,DE56 1<br>Avg. Price: 239K<br>Sales Volume: 233
2025,DE56 2,346000,140,Midlands,DE56 2<br>Avg. Price: 346K<br>Sales Volume: 140
2025,DE56 4,494000,68,Midlands,DE56 4<br>Avg. Price: 494K<br>Sales Volume: 68
2025,DE6 1,312000,147,Midlands,DE6 1<br>Avg. Price: 312K<br>Sales Volume: 147
2025,DE6 2,459000,49,Midlands,DE6 2<br>Avg. Price: 459K<br>Sales Volume: 49
2025,DE6 3,535000,58,Midlands,DE6 3<br>Avg. Price: 535K<br>Sales Volume: 58
2025,DE6 4,498000,21,Midlands,DE6 4<br>Avg. Price: 498K<br>Sales Volume: 21
2025,DE6 5,453000,45,Midlands,DE6 5<br>Avg. Price: 453K<br>Sales Volume: 45
2025,DE65 5,266000,231,Midlands,DE65 5<br>Avg. Price: 266K<br>Sales Volume: 231
2025,DE65 6,404000,158,Midlands,DE65 6<br>Avg. Price: 404K<br>Sales Volume: 158
2025,DE7 4,197000,182,Midlands,DE7 4<br>Avg. Price: 197K<br>Sales Volume: 182
2025,DE7 5,178000,154,Midlands,DE7 5<br>Avg. Price: 178K<br>Sales Volume: 154
2025,DE7 6,305000,151,Midlands,DE7 6<br>Avg. Price: 305K<br>Sales Volume: 151
2025,DE7 8,172000,186,Midlands,DE7 8<br>Avg. Price: 172K<br>Sales Volume: 186
2025,DE7 9,243000,53,Midlands,DE7 9<br>Avg. Price: 243K<br>Sales Volume: 53
2025,DE72 2,352000,68,Midlands,DE72 2<br>Avg. Price: 352K<br>Sales Volume: 68
2025,DE72 3,315000,235,Midlands,DE72 3<br>Avg. Price: 315K<br>Sales Volume: 235
2025,DE73 5,303000,68,Midlands,DE73 5<br>Avg. Price: 303K<br>Sales Volume: 68
2025,DE73 6,281000,143,Midlands,DE73 6<br>Avg. Price: 281K<br>Sales Volume: 143
2025,DE73 7,446000,17,Midlands,DE73 7<br>Avg. Price: 446K<br>Sales Volume: 17
2025,DE73 8,335000,85,Midlands,DE73 8<br>Avg. Price: 335K<br>Sales Volume: 85
2025,DE74 0,335000,24,Midlands,DE74 0<br>Avg. Price: 335K<br>Sales Volume: 24
2025,DE74 2,288000,218,Midlands,DE74 2<br>Avg. Price: 288K<br>Sales Volume: 218
2025,DE75 7,216000,304,Midlands,DE75 7<br>Avg. Price: 216K<br>Sales Volume: 304
2025,DH1 1,208000,140,North England,DH1 1<br>Avg. Price: 208K<br>Sales Volume: 140
2025,DH1 2,215000,121,North England,DH1 2<br>Avg. Price: 215K<br>Sales Volume: 121
2025,DH1 3,391000,66,North England,DH1 3<br>Avg. Price: 391K<br>Sales Volume: 66
2025,DH1 4,394000,88,North England,DH1 4<br>Avg. Price: 394K<br>Sales Volume: 88
2025,DH1 5,209000,194,North England,DH1 5<br>Avg. Price: 209K<br>Sales Volume: 194
2025,DH2 1,169000,164,North England,DH2 1<br>Avg. Price: 169K<br>Sales Volume: 164
2025,DH2 2,169000,151,North England,DH2 2<br>Avg. Price: 169K<br>Sales Volume: 151
2025,DH2 3,172000,118,North England,DH2 3<br>Avg. Price: 172K<br>Sales Volume: 118
2025,DH3 1,187000,120,North England,DH3 1<br>Avg. Price: 187K<br>Sales Volume: 120
2025,DH3 2,188000,96,North England,DH3 2<br>Avg. Price: 188K<br>Sales Volume: 96
2025,DH3 3,165000,145,North England,DH3 3<br>Avg. Price: 165K<br>Sales Volume: 145
2025,DH3 4,321000,86,North England,DH3 4<br>Avg. Price: 321K<br>Sales Volume: 86
2025,DH4 4,174000,133,North England,DH4 4<br>Avg. Price: 174K<br>Sales Volume: 133
2025,DH4 5,129000,72,North England,DH4 5<br>Avg. Price: 129K<br>Sales Volume: 72
2025,DH4 6,187000,172,North England,DH4 6<br>Avg. Price: 187K<br>Sales Volume: 172
2025,DH4 7,176000,127,North England,DH4 7<br>Avg. Price: 176K<br>Sales Volume: 127
2025,DH5 0,115000,108,North England,DH5 0<br>Avg. Price: 115K<br>Sales Volume: 108
2025,DH5 8,145000,87,North England,DH5 8<br>Avg. Price: 145K<br>Sales Volume: 87
2025,DH5 9,159000,136,North England,DH5 9<br>Avg. Price: 159K<br>Sales Volume: 136
2025,DH6 1,164000,112,North England,DH6 1<br>Avg. Price: 164K<br>Sales Volume: 112
2025,DH6 2,113000,150,North England,DH6 2<br>Avg. Price: 113K<br>Sales Volume: 150
2025,DH6 3,121000,113,North England,DH6 3<br>Avg. Price: 121K<br>Sales Volume: 113
2025,DH6 4,168000,120,North England,DH6 4<br>Avg. Price: 168K<br>Sales Volume: 120
2025,DH6 5,146000,155,North England,DH6 5<br>Avg. Price: 146K<br>Sales Volume: 155
2025,DH7 0,213000,102,North England,DH7 0<br>Avg. Price: 213K<br>Sales Volume: 102
2025,DH7 6,146000,122,North England,DH7 6<br>Avg. Price: 146K<br>Sales Volume: 122
2025,DH7 7,143000,122,North England,DH7 7<br>Avg. Price: 143K<br>Sales Volume: 122
2025,DH7 8,153000,119,North England,DH7 8<br>Avg. Price: 153K<br>Sales Volume: 119
2025,DH7 9,157000,171,North England,DH7 9<br>Avg. Price: 157K<br>Sales Volume: 171
2025,DH8 0,203000,98,North England,DH8 0<br>Avg. Price: 203K<br>Sales Volume: 98
2025,DH8 5,154000,161,North England,DH8 5<br>Avg. Price: 154K<br>Sales Volume: 161
2025,DH8 6,130000,104,North England,DH8 6<br>Avg. Price: 130K<br>Sales Volume: 104
2025,DH8 7,150000,184,North England,DH8 7<br>Avg. Price: 150K<br>Sales Volume: 184
2025,DH8 8,128000,93,North England,DH8 8<br>Avg. Price: 128K<br>Sales Volume: 93
2025,DH8 9,264000,40,North England,DH8 9<br>Avg. Price: 264K<br>Sales Volume: 40
2025,DH9 0,145000,86,North England,DH9 0<br>Avg. Price: 145K<br>Sales Volume: 86
2025,DH9 6,118000,142,North England,DH9 6<br>Avg. Price: 118K<br>Sales Volume: 142
2025,DH9 7,77000,156,North England,DH9 7<br>Avg. Price: 77K<br>Sales Volume: 156
2025,DH9 8,127000,121,North England,DH9 8<br>Avg. Price: 127K<br>Sales Volume: 121
2025,DH9 9,175000,103,North England,DH9 9<br>Avg. Price: 175K<br>Sales Volume: 103
2025,DL1 1,145000,114,North England,DL1 1<br>Avg. Price: 145K<br>Sales Volume: 114
2025,DL1 2,135000,155,North England,DL1 2<br>Avg. Price: 135K<br>Sales Volume: 155
2025,DL1 3,204000,190,North England,DL1 3<br>Avg. Price: 204K<br>Sales Volume: 190
2025,DL1 4,115000,208,North England,DL1 4<br>Avg. Price: 115K<br>Sales Volume: 208
2025,DL1 5,131000,93,North England,DL1 5<br>Avg. Price: 131K<br>Sales Volume: 93
2025,DL10 4,263000,81,North England,DL10 4<br>Avg. Price: 263K<br>Sales Volume: 81
2025,DL10 5,303000,38,North England,DL10 5<br>Avg. Price: 303K<br>Sales Volume: 38
2025,DL10 6,355000,36,North England,DL10 6<br>Avg. Price: 355K<br>Sales Volume: 36
2025,DL10 7,271000,73,North England,DL10 7<br>Avg. Price: 271K<br>Sales Volume: 73
2025,DL11 6,388000,47,North England,DL11 6<br>Avg. Price: 388K<br>Sales Volume: 47
2025,DL11 7,446000,33,North England,DL11 7<br>Avg. Price: 446K<br>Sales Volume: 33
2025,DL12 0,253000,24,North England,DL12 0<br>Avg. Price: 253K<br>Sales Volume: 24
2025,DL12 8,244000,113,North England,DL12 8<br>Avg. Price: 244K<br>Sales Volume: 113
2025,DL12 9,316000,59,North England,DL12 9<br>Avg. Price: 316K<br>Sales Volume: 59
2025,DL13 1,213000,27,North England,DL13 1<br>Avg. Price: 213K<br>Sales Volume: 27
2025,DL13 2,193000,31,North England,DL13 2<br>Avg. Price: 193K<br>Sales Volume: 31
2025,DL13 3,273000,51,North England,DL13 3<br>Avg. Price: 273K<br>Sales Volume: 51
2025,DL13 4,124000,60,North England,DL13 4<br>Avg. Price: 124K<br>Sales Volume: 60
2025,DL13 5,143000,56,North England,DL13 5<br>Avg. Price: 143K<br>Sales Volume: 56
2025,DL14 0,193000,82,North England,DL14 0<br>Avg. Price: 193K<br>Sales Volume: 82
2025,DL14 6,118000,201,North England,DL14 6<br>Avg. Price: 118K<br>Sales Volume: 201
2025,DL14 7,127000,102,North England,DL14 7<br>Avg. Price: 127K<br>Sales Volume: 102
2025,DL14 8,101000,183,North England,DL14 8<br>Avg. Price: 101K<br>Sales Volume: 183
2025,DL14 9,105000,121,North England,DL14 9<br>Avg. Price: 105K<br>Sales Volume: 121
2025,DL15 0,143000,141,North England,DL15 0<br>Avg. Price: 143K<br>Sales Volume: 141
2025,DL15 8,130000,80,North England,DL15 8<br>Avg. Price: 130K<br>Sales Volume: 80
2025,DL15 9,136000,128,North England,DL15 9<br>Avg. Price: 136K<br>Sales Volume: 128
2025,DL16 6,157000,163,North England,DL16 6<br>Avg. Price: 157K<br>Sales Volume: 163
2025,DL16 7,146000,219,North England,DL16 7<br>Avg. Price: 146K<br>Sales Volume: 219
2025,DL17 0,116000,144,North England,DL17 0<br>Avg. Price: 116K<br>Sales Volume: 144
2025,DL17 8,88000,182,North England,DL17 8<br>Avg. Price: 88K<br>Sales Volume: 182
2025,DL17 9,123000,66,North England,DL17 9<br>Avg. Price: 123K<br>Sales Volume: 66
2025,DL2 1,260000,132,North England,DL2 1<br>Avg. Price: 260K<br>Sales Volume: 132
2025,DL2 2,258000,248,North England,DL2 2<br>Avg. Price: 258K<br>Sales Volume: 248
2025,DL2 3,275000,48,North England,DL2 3<br>Avg. Price: 275K<br>Sales Volume: 48
2025,DL3 0,143000,223,North England,DL3 0<br>Avg. Price: 143K<br>Sales Volume: 223
2025,DL3 6,101000,199,North England,DL3 6<br>Avg. Price: 101K<br>Sales Volume: 199
2025,DL3 7,228000,77,North England,DL3 7<br>Avg. Price: 228K<br>Sales Volume: 77
2025,DL3 8,318000,114,North England,DL3 8<br>Avg. Price: 318K<br>Sales Volume: 114
2025,DL3 9,214000,128,North England,DL3 9<br>Avg. Price: 214K<br>Sales Volume: 128
2025,DL4 1,81000,79,North England,DL4 1<br>Avg. Price: 81K<br>Sales Volume: 79
2025,DL4 2,78000,121,North England,DL4 2<br>Avg. Price: 78K<br>Sales Volume: 121
2025,DL5 4,167000,171,North England,DL5 4<br>Avg. Price: 167K<br>Sales Volume: 171
2025,DL5 5,115000,83,North England,DL5 5<br>Avg. Price: 115K<br>Sales Volume: 83
2025,DL5 6,263000,64,North England,DL5 6<br>Avg. Price: 263K<br>Sales Volume: 64
2025,DL5 7,135000,131,North England,DL5 7<br>Avg. Price: 135K<br>Sales Volume: 131
2025,DL6 1,247000,89,North England,DL6 1<br>Avg. Price: 247K<br>Sales Volume: 89
2025,DL6 2,300000,113,North England,DL6 2<br>Avg. Price: 300K<br>Sales Volume: 113
2025,DL6 3,395000,25,North England,DL6 3<br>Avg. Price: 395K<br>Sales Volume: 25
2025,DL7 0,386000,33,North England,DL7 0<br>Avg. Price: 386K<br>Sales Volume: 33
2025,DL7 8,241000,133,North England,DL7 8<br>Avg. Price: 241K<br>Sales Volume: 133
2025,DL7 9,324000,40,North England,DL7 9<br>Avg. Price: 324K<br>Sales Volume: 40
2025,DL8 1,313000,89,North England,DL8 1<br>Avg. Price: 313K<br>Sales Volume: 89
2025,DL8 2,312000,59,North England,DL8 2<br>Avg. Price: 312K<br>Sales Volume: 59
2025,DL8 3,301000,39,North England,DL8 3<br>Avg. Price: 301K<br>Sales Volume: 39
2025,DL8 4,350000,39,North England,DL8 4<br>Avg. Price: 350K<br>Sales Volume: 39
2025,DL8 5,323000,70,North England,DL8 5<br>Avg. Price: 323K<br>Sales Volume: 70
2025,DL9 3,159000,29,North England,DL9 3<br>Avg. Price: 159K<br>Sales Volume: 29
2025,DL9 4,187000,110,North England,DL9 4<br>Avg. Price: 187K<br>Sales Volume: 110
2025,DN1 1,60000,2,Midlands,DN1 1<br>Avg. Price: 60K<br>Sales Volume: 2
2025,DN1 2,105000,95,Midlands,DN1 2<br>Avg. Price: 105K<br>Sales Volume: 95
2025,DN1 3,130000,13,Midlands,DN1 3<br>Avg. Price: 130K<br>Sales Volume: 13
2025,DN10 4,289000,88,Midlands,DN10 4<br>Avg. Price: 289K<br>Sales Volume: 88
2025,DN10 5,450000,14,Midlands,DN10 5<br>Avg. Price: 450K<br>Sales Volume: 14
2025,DN10 6,313000,75,Midlands,DN10 6<br>Avg. Price: 313K<br>Sales Volume: 75
2025,DN11 0,184000,196,Midlands,DN11 0<br>Avg. Price: 184K<br>Sales Volume: 196
2025,DN11 8,183000,200,Midlands,DN11 8<br>Avg. Price: 183K<br>Sales Volume: 200
2025,DN11 9,302000,114,Midlands,DN11 9<br>Avg. Price: 302K<br>Sales Volume: 114
2025,DN12 1,116000,116,Midlands,DN12 1<br>Avg. Price: 116K<br>Sales Volume: 116
2025,DN12 2,167000,71,Midlands,DN12 2<br>Avg. Price: 167K<br>Sales Volume: 71
2025,DN12 3,143000,92,Midlands,DN12 3<br>Avg. Price: 143K<br>Sales Volume: 92
2025,DN12 4,152000,30,Midlands,DN12 4<br>Avg. Price: 152K<br>Sales Volume: 30
2025,DN14 0,246000,109,Midlands,DN14 0<br>Avg. Price: 246K<br>Sales Volume: 109
2025,DN14 5,175000,122,Midlands,DN14 5<br>Avg. Price: 175K<br>Sales Volume: 122
2025,DN14 6,164000,215,Midlands,DN14 6<br>Avg. Price: 164K<br>Sales Volume: 215
2025,DN14 7,281000,155,Midlands,DN14 7<br>Avg. Price: 281K<br>Sales Volume: 155
2025,DN14 8,235000,57,Midlands,DN14 8<br>Avg. Price: 235K<br>Sales Volume: 57
2025,DN14 9,274000,112,Midlands,DN14 9<br>Avg. Price: 274K<br>Sales Volume: 112
2025,DN15 0,210000,15,Midlands,DN15 0<br>Avg. Price: 210K<br>Sales Volume: 15
2025,DN15 6,91000,54,Midlands,DN15 6<br>Avg. Price: 91K<br>Sales Volume: 54
2025,DN15 7,126000,88,Midlands,DN15 7<br>Avg. Price: 126K<br>Sales Volume: 88
2025,DN15 8,174000,160,Midlands,DN15 8<br>Avg. Price: 174K<br>Sales Volume: 160
2025,DN15 9,231000,158,Midlands,DN15 9<br>Avg. Price: 231K<br>Sales Volume: 158
2025,DN16 1,121000,112,Midlands,DN16 1<br>Avg. Price: 121K<br>Sales Volume: 112
2025,DN16 2,146000,117,Midlands,DN16 2<br>Avg. Price: 146K<br>Sales Volume: 117
2025,DN16 3,176000,245,Midlands,DN16 3<br>Avg. Price: 176K<br>Sales Volume: 245
2025,DN17 1,168000,130,Midlands,DN17 1<br>Avg. Price: 168K<br>Sales Volume: 130
2025,DN17 2,170000,178,Midlands,DN17 2<br>Avg. Price: 170K<br>Sales Volume: 178
2025,DN17 3,220000,100,Midlands,DN17 3<br>Avg. Price: 220K<br>Sales Volume: 100
2025,DN17 4,242000,81,Midlands,DN17 4<br>Avg. Price: 242K<br>Sales Volume: 81
2025,DN18 5,203000,155,Midlands,DN18 5<br>Avg. Price: 203K<br>Sales Volume: 155
2025,DN18 6,217000,36,Midlands,DN18 6<br>Avg. Price: 217K<br>Sales Volume: 36
2025,DN19 7,246000,114,Midlands,DN19 7<br>Avg. Price: 246K<br>Sales Volume: 114
2025,DN2 4,161000,104,Midlands,DN2 4<br>Avg. Price: 161K<br>Sales Volume: 104
2025,DN2 5,209000,127,Midlands,DN2 5<br>Avg. Price: 209K<br>Sales Volume: 127
2025,DN2 6,147000,63,Midlands,DN2 6<br>Avg. Price: 147K<br>Sales Volume: 63
2025,DN20 0,205000,93,Midlands,DN20 0<br>Avg. Price: 205K<br>Sales Volume: 93
2025,DN20 8,217000,104,Midlands,DN20 8<br>Avg. Price: 217K<br>Sales Volume: 104
2025,DN20 9,257000,95,Midlands,DN20 9<br>Avg. Price: 257K<br>Sales Volume: 95
2025,DN21 1,154000,269,Midlands,DN21 1<br>Avg. Price: 154K<br>Sales Volume: 269
2025,DN21 2,116000,133,Midlands,DN21 2<br>Avg. Price: 116K<br>Sales Volume: 133
2025,DN21 3,268000,114,Midlands,DN21 3<br>Avg. Price: 268K<br>Sales Volume: 114
2025,DN21 4,239000,78,Midlands,DN21 4<br>Avg. Price: 239K<br>Sales Volume: 78
2025,DN21 5,229000,67,Midlands,DN21 5<br>Avg. Price: 229K<br>Sales Volume: 67
2025,DN22 0,307000,47,Midlands,DN22 0<br>Avg. Price: 307K<br>Sales Volume: 47
2025,DN22 4,543000,6,Midlands,DN22 4<br>Avg. Price: 543K<br>Sales Volume: 6
2025,DN22 5,425000,4,Midlands,DN22 5<br>Avg. Price: 425K<br>Sales Volume: 4
2025,DN22 6,192000,123,Midlands,DN22 6<br>Avg. Price: 192K<br>Sales Volume: 123
2025,DN22 7,213000,253,Midlands,DN22 7<br>Avg. Price: 213K<br>Sales Volume: 253
2025,DN22 8,344000,90,Midlands,DN22 8<br>Avg. Price: 344K<br>Sales Volume: 90
2025,DN22 9,340000,36,Midlands,DN22 9<br>Avg. Price: 340K<br>Sales Volume: 36
2025,DN3 1,208000,128,Midlands,DN3 1<br>Avg. Price: 208K<br>Sales Volume: 128
2025,DN3 2,199000,176,Midlands,DN3 2<br>Avg. Price: 199K<br>Sales Volume: 176
2025,DN3 3,220000,165,Midlands,DN3 3<br>Avg. Price: 220K<br>Sales Volume: 165
2025,DN31 1,68000,27,Midlands,DN31 1<br>Avg. Price: 68K<br>Sales Volume: 27
2025,DN31 2,74000,160,Midlands,DN31 2<br>Avg. Price: 74K<br>Sales Volume: 160
2025,DN32 0,150000,104,Midlands,DN32 0<br>Avg. Price: 150K<br>Sales Volume: 104
2025,DN32 7,58000,91,Midlands,DN32 7<br>Avg. Price: 58K<br>Sales Volume: 91
2025,DN32 8,128000,137,Midlands,DN32 8<br>Avg. Price: 128K<br>Sales Volume: 137
2025,DN32 9,86000,151,Midlands,DN32 9<br>Avg. Price: 86K<br>Sales Volume: 151
2025,DN33 1,104000,49,Midlands,DN33 1<br>Avg. Price: 104K<br>Sales Volume: 49
2025,DN33 2,216000,86,Midlands,DN33 2<br>Avg. Price: 216K<br>Sales Volume: 86
2025,DN33 3,196000,177,Midlands,DN33 3<br>Avg. Price: 196K<br>Sales Volume: 177
2025,DN34 4,144000,139,Midlands,DN34 4<br>Avg. Price: 144K<br>Sales Volume: 139
2025,DN34 5,139000,133,Midlands,DN34 5<br>Avg. Price: 139K<br>Sales Volume: 133
2025,DN35 0,261000,127,Midlands,DN35 0<br>Avg. Price: 261K<br>Sales Volume: 127
2025,DN35 7,99000,212,Midlands,DN35 7<br>Avg. Price: 99K<br>Sales Volume: 212
2025,DN35 8,145000,143,Midlands,DN35 8<br>Avg. Price: 145K<br>Sales Volume: 143
2025,DN35 9,179000,78,Midlands,DN35 9<br>Avg. Price: 179K<br>Sales Volume: 78
2025,DN36 4,241000,241,Midlands,DN36 4<br>Avg. Price: 241K<br>Sales Volume: 241
2025,DN36 5,258000,130,Midlands,DN36 5<br>Avg. Price: 258K<br>Sales Volume: 130
2025,DN37 0,270000,126,Midlands,DN37 0<br>Avg. Price: 270K<br>Sales Volume: 126
2025,DN37 7,206000,44,Midlands,DN37 7<br>Avg. Price: 206K<br>Sales Volume: 44
2025,DN37 9,174000,122,Midlands,DN37 9<br>Avg. Price: 174K<br>Sales Volume: 122
2025,DN38 6,248000,45,Midlands,DN38 6<br>Avg. Price: 248K<br>Sales Volume: 45
2025,DN39 6,230000,45,Midlands,DN39 6<br>Avg. Price: 230K<br>Sales Volume: 45
2025,DN4 0,106000,166,Midlands,DN4 0<br>Avg. Price: 106K<br>Sales Volume: 166
2025,DN4 5,185000,131,Midlands,DN4 5<br>Avg. Price: 185K<br>Sales Volume: 131
2025,DN4 6,246000,147,Midlands,DN4 6<br>Avg. Price: 246K<br>Sales Volume: 147
2025,DN4 7,276000,153,Midlands,DN4 7<br>Avg. Price: 276K<br>Sales Volume: 153
2025,DN4 8,143000,167,Midlands,DN4 8<br>Avg. Price: 143K<br>Sales Volume: 167
2025,DN4 9,174000,157,Midlands,DN4 9<br>Avg. Price: 174K<br>Sales Volume: 157
2025,DN40 1,135000,63,Midlands,DN40 1<br>Avg. Price: 135K<br>Sales Volume: 63
2025,DN40 2,169000,81,Midlands,DN40 2<br>Avg. Price: 169K<br>Sales Volume: 81
2025,DN40 3,201000,26,Midlands,DN40 3<br>Avg. Price: 201K<br>Sales Volume: 26
2025,DN41 7,306000,47,Midlands,DN41 7<br>Avg. Price: 306K<br>Sales Volume: 47
2025,DN41 8,202000,51,Midlands,DN41 8<br>Avg. Price: 202K<br>Sales Volume: 51
2025,DN5 0,126000,117,Midlands,DN5 0<br>Avg. Price: 126K<br>Sales Volume: 117
2025,DN5 7,309000,148,Midlands,DN5 7<br>Avg. Price: 309K<br>Sales Volume: 148
2025,DN5 8,193000,156,Midlands,DN5 8<br>Avg. Price: 193K<br>Sales Volume: 156
2025,DN5 9,149000,169,Midlands,DN5 9<br>Avg. Price: 149K<br>Sales Volume: 169
2025,DN6 0,172000,99,Midlands,DN6 0<br>Avg. Price: 172K<br>Sales Volume: 99
2025,DN6 7,156000,118,Midlands,DN6 7<br>Avg. Price: 156K<br>Sales Volume: 118
2025,DN6 8,159000,101,Midlands,DN6 8<br>Avg. Price: 159K<br>Sales Volume: 101
2025,DN6 9,268000,71,Midlands,DN6 9<br>Avg. Price: 268K<br>Sales Volume: 71
2025,DN7 4,182000,114,Midlands,DN7 4<br>Avg. Price: 182K<br>Sales Volume: 114
2025,DN7 5,161000,91,Midlands,DN7 5<br>Avg. Price: 161K<br>Sales Volume: 91
2025,DN7 6,229000,134,Midlands,DN7 6<br>Avg. Price: 229K<br>Sales Volume: 134
2025,DN8 4,381000,134,Midlands,DN8 4<br>Avg. Price: 381K<br>Sales Volume: 134
2025,DN8 5,168000,99,Midlands,DN8 5<br>Avg. Price: 168K<br>Sales Volume: 99
2025,DN9 1,280000,104,Midlands,DN9 1<br>Avg. Price: 280K<br>Sales Volume: 104
2025,DN9 2,307000,65,Midlands,DN9 2<br>Avg. Price: 307K<br>Sales Volume: 65
2025,DN9 3,275000,129,Midlands,DN9 3<br>Avg. Price: 275K<br>Sales Volume: 129
2025,DT1 1,301000,134,South West,DT1 1<br>Avg. Price: 301K<br>Sales Volume: 134
2025,DT1 2,343000,157,South West,DT1 2<br>Avg. Price: 343K<br>Sales Volume: 157
2025,DT1 3,418000,113,South West,DT1 3<br>Avg. Price: 418K<br>Sales Volume: 113
2025,DT10 1,358000,108,South West,DT10 1<br>Avg. Price: 358K<br>Sales Volume: 108
2025,DT10 2,389000,74,South West,DT10 2<br>Avg. Price: 389K<br>Sales Volume: 74
2025,DT11 0,429000,80,South West,DT11 0<br>Avg. Price: 429K<br>Sales Volume: 80
2025,DT11 7,277000,176,South West,DT11 7<br>Avg. Price: 277K<br>Sales Volume: 176
2025,DT11 8,464000,81,South West,DT11 8<br>Avg. Price: 464K<br>Sales Volume: 81
2025,DT11 9,417000,90,South West,DT11 9<br>Avg. Price: 417K<br>Sales Volume: 90
2025,DT2 0,443000,55,South West,DT2 0<br>Avg. Price: 443K<br>Sales Volume: 55
2025,DT2 7,471000,64,South West,DT2 7<br>Avg. Price: 471K<br>Sales Volume: 64
2025,DT2 8,403000,103,South West,DT2 8<br>Avg. Price: 403K<br>Sales Volume: 103
2025,DT2 9,395000,128,South West,DT2 9<br>Avg. Price: 395K<br>Sales Volume: 128
2025,DT3 4,375000,102,South West,DT3 4<br>Avg. Price: 375K<br>Sales Volume: 102
2025,DT3 5,349000,178,South West,DT3 5<br>Avg. Price: 349K<br>Sales Volume: 178
2025,DT3 6,368000,151,South West,DT3 6<br>Avg. Price: 368K<br>Sales Volume: 151
2025,DT4 0,260000,227,South West,DT4 0<br>Avg. Price: 260K<br>Sales Volume: 227
2025,DT4 7,227000,176,South West,DT4 7<br>Avg. Price: 227K<br>Sales Volume: 176
2025,DT4 8,306000,97,South West,DT4 8<br>Avg. Price: 306K<br>Sales Volume: 97
2025,DT4 9,306000,178,South West,DT4 9<br>Avg. Price: 306K<br>Sales Volume: 178
2025,DT5 1,239000,109,South West,DT5 1<br>Avg. Price: 239K<br>Sales Volume: 109
2025,DT5 2,247000,121,South West,DT5 2<br>Avg. Price: 247K<br>Sales Volume: 121
2025,DT6 3,370000,117,South West,DT6 3<br>Avg. Price: 370K<br>Sales Volume: 117
2025,DT6 4,470000,91,South West,DT6 4<br>Avg. Price: 470K<br>Sales Volume: 91
2025,DT6 5,353000,87,South West,DT6 5<br>Avg. Price: 353K<br>Sales Volume: 87
2025,DT6 6,594000,35,South West,DT6 6<br>Avg. Price: 594K<br>Sales Volume: 35
2025,DT7 3,488000,74,South West,DT7 3<br>Avg. Price: 488K<br>Sales Volume: 74
2025,DT8 3,394000,99,South West,DT8 3<br>Avg. Price: 394K<br>Sales Volume: 99
2025,DT9 3,462000,55,South West,DT9 3<br>Avg. Price: 462K<br>Sales Volume: 55
2025,DT9 4,398000,85,South West,DT9 4<br>Avg. Price: 398K<br>Sales Volume: 85
2025,DT9 5,340000,84,South West,DT9 5<br>Avg. Price: 340K<br>Sales Volume: 84
2025,DT9 6,408000,99,South West,DT9 6<br>Avg. Price: 408K<br>Sales Volume: 99
2025,DY1 1,142000,8,Midlands,DY1 1<br>Avg. Price: 142K<br>Sales Volume: 8
2025,DY1 2,222000,121,Midlands,DY1 2<br>Avg. Price: 222K<br>Sales Volume: 121
2025,DY1 3,209000,104,Midlands,DY1 3<br>Avg. Price: 209K<br>Sales Volume: 104
2025,DY1 4,195000,54,Midlands,DY1 4<br>Avg. Price: 195K<br>Sales Volume: 54
2025,DY10 1,206000,113,Midlands,DY10 1<br>Avg. Price: 206K<br>Sales Volume: 113
2025,DY10 2,236000,179,Midlands,DY10 2<br>Avg. Price: 236K<br>Sales Volume: 179
2025,DY10 3,331000,156,Midlands,DY10 3<br>Avg. Price: 331K<br>Sales Volume: 156
2025,DY10 4,325000,79,Midlands,DY10 4<br>Avg. Price: 325K<br>Sales Volume: 79
2025,DY11 5,298000,129,Midlands,DY11 5<br>Avg. Price: 298K<br>Sales Volume: 129
2025,DY11 6,239000,201,Midlands,DY11 6<br>Avg. Price: 239K<br>Sales Volume: 201
2025,DY11 7,276000,99,Midlands,DY11 7<br>Avg. Price: 276K<br>Sales Volume: 99
2025,DY12 1,316000,76,Midlands,DY12 1<br>Avg. Price: 316K<br>Sales Volume: 76
2025,DY12 2,344000,95,Midlands,DY12 2<br>Avg. Price: 344K<br>Sales Volume: 95
2025,DY12 3,430000,6,Midlands,DY12 3<br>Avg. Price: 430K<br>Sales Volume: 6
2025,DY13 0,271000,82,Midlands,DY13 0<br>Avg. Price: 271K<br>Sales Volume: 82
2025,DY13 8,271000,174,Midlands,DY13 8<br>Avg. Price: 271K<br>Sales Volume: 174
2025,DY13 9,289000,151,Midlands,DY13 9<br>Avg. Price: 289K<br>Sales Volume: 151
2025,DY14 0,505000,10,Midlands,DY14 0<br>Avg. Price: 505K<br>Sales Volume: 10
2025,DY14 8,282000,51,Midlands,DY14 8<br>Avg. Price: 282K<br>Sales Volume: 51
2025,DY14 9,512000,25,Midlands,DY14 9<br>Avg. Price: 512K<br>Sales Volume: 25
2025,DY2 0,200000,88,Midlands,DY2 0<br>Avg. Price: 200K<br>Sales Volume: 88
2025,DY2 7,189000,41,Midlands,DY2 7<br>Avg. Price: 189K<br>Sales Volume: 41
2025,DY2 8,170000,68,Midlands,DY2 8<br>Avg. Price: 170K<br>Sales Volume: 68
2025,DY2 9,196000,93,Midlands,DY2 9<br>Avg. Price: 196K<br>Sales Volume: 93
2025,DY3 1,235000,99,Midlands,DY3 1<br>Avg. Price: 235K<br>Sales Volume: 99
2025,DY3 2,226000,135,Midlands,DY3 2<br>Avg. Price: 226K<br>Sales Volume: 135
2025,DY3 3,282000,139,Midlands,DY3 3<br>Avg. Price: 282K<br>Sales Volume: 139
2025,DY3 4,392000,40,Midlands,DY3 4<br>Avg. Price: 392K<br>Sales Volume: 40
2025,DY4 0,219000,107,Midlands,DY4 0<br>Avg. Price: 219K<br>Sales Volume: 107
2025,DY4 7,184000,89,Midlands,DY4 7<br>Avg. Price: 184K<br>Sales Volume: 89
2025,DY4 8,206000,124,Midlands,DY4 8<br>Avg. Price: 206K<br>Sales Volume: 124
2025,DY4 9,181000,59,Midlands,DY4 9<br>Avg. Price: 181K<br>Sales Volume: 59
2025,DY5 1,177000,67,Midlands,DY5 1<br>Avg. Price: 177K<br>Sales Volume: 67
2025,DY5 2,225000,138,Midlands,DY5 2<br>Avg. Price: 225K<br>Sales Volume: 138
2025,DY5 3,213000,151,Midlands,DY5 3<br>Avg. Price: 213K<br>Sales Volume: 151
2025,DY5 4,201000,82,Midlands,DY5 4<br>Avg. Price: 201K<br>Sales Volume: 82
2025,DY6 0,351000,49,Midlands,DY6 0<br>Avg. Price: 351K<br>Sales Volume: 49
2025,DY6 7,271000,82,Midlands,DY6 7<br>Avg. Price: 271K<br>Sales Volume: 82
2025,DY6 8,250000,139,Midlands,DY6 8<br>Avg. Price: 250K<br>Sales Volume: 139
2025,DY6 9,325000,112,Midlands,DY6 9<br>Avg. Price: 325K<br>Sales Volume: 112
2025,DY7 5,543000,13,Midlands,DY7 5<br>Avg. Price: 543K<br>Sales Volume: 13
2025,DY7 6,435000,73,Midlands,DY7 6<br>Avg. Price: 435K<br>Sales Volume: 73
2025,DY8 1,228000,96,Midlands,DY8 1<br>Avg. Price: 228K<br>Sales Volume: 96
2025,DY8 2,530000,61,Midlands,DY8 2<br>Avg. Price: 530K<br>Sales Volume: 61
2025,DY8 3,300000,160,Midlands,DY8 3<br>Avg. Price: 300K<br>Sales Volume: 160
2025,DY8 4,262000,222,Midlands,DY8 4<br>Avg. Price: 262K<br>Sales Volume: 222
2025,DY8 5,244000,171,Midlands,DY8 5<br>Avg. Price: 244K<br>Sales Volume: 171
2025,DY9 0,475000,151,Midlands,DY9 0<br>Avg. Price: 475K<br>Sales Volume: 151
2025,DY9 7,244000,41,Midlands,DY9 7<br>Avg. Price: 244K<br>Sales Volume: 41
2025,DY9 8,193000,46,Midlands,DY9 8<br>Avg. Price: 193K<br>Sales Volume: 46
2025,DY9 9,409000,88,Midlands,DY9 9<br>Avg. Price: 409K<br>Sales Volume: 88
2025,E1 0,468000,74,Greater London,E1 0<br>Avg. Price: 468K<br>Sales Volume: 74
2025,E1 1,572000,28,Greater London,E1 1<br>Avg. Price: 572K<br>Sales Volume: 28
2025,E1 2,522000,43,Greater London,E1 2<br>Avg. Price: 522K<br>Sales Volume: 43
2025,E1 3,443000,48,Greater London,E1 3<br>Avg. Price: 443K<br>Sales Volume: 48
2025,E1 4,446000,94,Greater London,E1 4<br>Avg. Price: 446K<br>Sales Volume: 94
2025,E1 5,553000,51,Greater London,E1 5<br>Avg. Price: 553K<br>Sales Volume: 51
2025,E1 6,633000,35,Greater London,E1 6<br>Avg. Price: 633K<br>Sales Volume: 35
2025,E1 7,661000,17,Greater London,E1 7<br>Avg. Price: 661K<br>Sales Volume: 17
2025,E1 8,580000,55,Greater London,E1 8<br>Avg. Price: 580K<br>Sales Volume: 55
2025,E10 5,498000,181,Greater London,E10 5<br>Avg. Price: 498K<br>Sales Volume: 181
2025,E10 6,573000,199,Greater London,E10 6<br>Avg. Price: 573K<br>Sales Volume: 199
2025,E10 7,476000,132,Greater London,E10 7<br>Avg. Price: 476K<br>Sales Volume: 132
2025,E11 1,583000,141,Greater London,E11 1<br>Avg. Price: 583K<br>Sales Volume: 141
2025,E11 2,765000,147,Greater London,E11 2<br>Avg. Price: 765K<br>Sales Volume: 147
2025,E11 3,602000,151,Greater London,E11 3<br>Avg. Price: 602K<br>Sales Volume: 151
2025,E11 4,563000,157,Greater London,E11 4<br>Avg. Price: 563K<br>Sales Volume: 157
2025,E12 5,583000,75,Greater London,E12 5<br>Avg. Price: 583K<br>Sales Volume: 75
2025,E12 6,438000,107,Greater London,E12 6<br>Avg. Price: 438K<br>Sales Volume: 107
2025,E13 0,399000,60,Greater London,E13 0<br>Avg. Price: 399K<br>Sales Volume: 60
2025,E13 8,403000,70,Greater London,E13 8<br>Avg. Price: 403K<br>Sales Volume: 70
2025,E13 9,378000,90,Greater London,E13 9<br>Avg. Price: 378K<br>Sales Volume: 90
2025,E14 0,520000,200,Greater London,E14 0<br>Avg. Price: 520K<br>Sales Volume: 200
2025,E14 2,401000,15,Greater London,E14 2<br>Avg. Price: 401K<br>Sales Volume: 15
2025,E14 3,460000,143,Greater London,E14 3<br>Avg. Price: 460K<br>Sales Volume: 143
2025,E14 4,488000,6,Greater London,E14 4<br>Avg. Price: 488K<br>Sales Volume: 6
2025,E14 5,625000,10,Greater London,E14 5<br>Avg. Price: 625K<br>Sales Volume: 10
2025,E14 6,427000,75,Greater London,E14 6<br>Avg. Price: 427K<br>Sales Volume: 75
2025,E14 7,403000,144,Greater London,E14 7<br>Avg. Price: 403K<br>Sales Volume: 144
2025,E14 8,590000,96,Greater London,E14 8<br>Avg. Price: 590K<br>Sales Volume: 96
2025,E14 9,657000,359,Greater London,E14 9<br>Avg. Price: 657K<br>Sales Volume: 359
2025,E15 1,455000,122,Greater London,E15 1<br>Avg. Price: 455K<br>Sales Volume: 122
2025,E15 2,406000,100,Greater London,E15 2<br>Avg. Price: 406K<br>Sales Volume: 100
2025,E15 3,458000,61,Greater London,E15 3<br>Avg. Price: 458K<br>Sales Volume: 61
2025,E15 4,464000,107,Greater London,E15 4<br>Avg. Price: 464K<br>Sales Volume: 107
2025,E16 1,430000,262,Greater London,E16 1<br>Avg. Price: 430K<br>Sales Volume: 262
2025,E16 2,497000,350,Greater London,E16 2<br>Avg. Price: 497K<br>Sales Volume: 350
2025,E16 3,369000,54,Greater London,E16 3<br>Avg. Price: 369K<br>Sales Volume: 54
2025,E16 4,486000,124,Greater London,E16 4<br>Avg. Price: 486K<br>Sales Volume: 124
2025,E17 3,590000,122,Greater London,E17 3<br>Avg. Price: 590K<br>Sales Volume: 122
2025,E17 4,555000,197,Greater London,E17 4<br>Avg. Price: 555K<br>Sales Volume: 197
2025,E17 5,536000,196,Greater London,E17 5<br>Avg. Price: 536K<br>Sales Volume: 196
2025,E17 6,564000,242,Greater London,E17 6<br>Avg. Price: 564K<br>Sales Volume: 242
2025,E17 7,557000,125,Greater London,E17 7<br>Avg. Price: 557K<br>Sales Volume: 125
2025,E17 8,547000,150,Greater London,E17 8<br>Avg. Price: 547K<br>Sales Volume: 150
2025,E17 9,666000,144,Greater London,E17 9<br>Avg. Price: 666K<br>Sales Volume: 144
2025,E18 1,605000,95,Greater London,E18 1<br>Avg. Price: 605K<br>Sales Volume: 95
2025,E18 2,597000,145,Greater London,E18 2<br>Avg. Price: 597K<br>Sales Volume: 145
2025,E1W 1,801000,38,Greater London,E1W 1<br>Avg. Price: 801K<br>Sales Volume: 38
2025,E1W 2,980000,156,Greater London,E1W 2<br>Avg. Price: 980K<br>Sales Volume: 156
2025,E1W 3,573000,58,Greater London,E1W 3<br>Avg. Price: 573K<br>Sales Volume: 58
2025,E2 0,490000,75,Greater London,E2 0<br>Avg. Price: 490K<br>Sales Volume: 75
2025,E2 6,576000,78,Greater London,E2 6<br>Avg. Price: 576K<br>Sales Volume: 78
2025,E2 7,618000,66,Greater London,E2 7<br>Avg. Price: 618K<br>Sales Volume: 66
2025,E2 8,576000,79,Greater London,E2 8<br>Avg. Price: 576K<br>Sales Volume: 79
2025,E2 9,564000,57,Greater London,E2 9<br>Avg. Price: 564K<br>Sales Volume: 57
2025,E20 1,616000,48,Greater London,E20 1<br>Avg. Price: 616K<br>Sales Volume: 48
2025,E20 3,607000,4,Greater London,E20 3<br>Avg. Price: 607K<br>Sales Volume: 4
2025,E3 2,484000,202,Greater London,E3 2<br>Avg. Price: 484K<br>Sales Volume: 202
2025,E3 3,368000,136,Greater London,E3 3<br>Avg. Price: 368K<br>Sales Volume: 136
2025,E3 4,490000,132,Greater London,E3 4<br>Avg. Price: 490K<br>Sales Volume: 132
2025,E3 5,695000,116,Greater London,E3 5<br>Avg. Price: 695K<br>Sales Volume: 116
2025,E4 6,538000,186,Greater London,E4 6<br>Avg. Price: 538K<br>Sales Volume: 186
2025,E4 7,565000,156,Greater London,E4 7<br>Avg. Price: 565K<br>Sales Volume: 156
2025,E4 8,472000,141,Greater London,E4 8<br>Avg. Price: 472K<br>Sales Volume: 141
2025,E4 9,572000,206,Greater London,E4 9<br>Avg. Price: 572K<br>Sales Volume: 206
2025,E5 0,875000,140,Greater London,E5 0<br>Avg. Price: 875K<br>Sales Volume: 140
2025,E5 8,596000,131,Greater London,E5 8<br>Avg. Price: 596K<br>Sales Volume: 131
2025,E5 9,579000,101,Greater London,E5 9<br>Avg. Price: 579K<br>Sales Volume: 101
2025,E6 1,400000,60,Greater London,E6 1<br>Avg. Price: 400K<br>Sales Volume: 60
2025,E6 2,418000,94,Greater London,E6 2<br>Avg. Price: 418K<br>Sales Volume: 94
2025,E6 3,432000,137,Greater London,E6 3<br>Avg. Price: 432K<br>Sales Volume: 137
2025,E6 5,384000,77,Greater London,E6 5<br>Avg. Price: 384K<br>Sales Volume: 77
2025,E6 6,374000,55,Greater London,E6 6<br>Avg. Price: 374K<br>Sales Volume: 55
2025,E6 7,295000,1,Greater London,E6 7<br>Avg. Price: 295K<br>Sales Volume: 1
2025,E7 0,652000,86,Greater London,E7 0<br>Avg. Price: 652K<br>Sales Volume: 86
2025,E7 8,432000,98,Greater London,E7 8<br>Avg. Price: 432K<br>Sales Volume: 98
2025,E7 9,512000,95,Greater London,E7 9<br>Avg. Price: 512K<br>Sales Volume: 95
2025,E8 1,600000,86,Greater London,E8 1<br>Avg. Price: 600K<br>Sales Volume: 86
2025,E8 2,593000,73,Greater London,E8 2<br>Avg. Price: 593K<br>Sales Volume: 73
2025,E8 3,783000,159,Greater London,E8 3<br>Avg. Price: 783K<br>Sales Volume: 159
2025,E8 4,693000,79,Greater London,E8 4<br>Avg. Price: 693K<br>Sales Volume: 79
2025,E9 5,542000,100,Greater London,E9 5<br>Avg. Price: 542K<br>Sales Volume: 100
2025,E9 6,526000,93,Greater London,E9 6<br>Avg. Price: 526K<br>Sales Volume: 93
2025,E9 7,810000,95,Greater London,E9 7<br>Avg. Price: 810K<br>Sales Volume: 95
2025,EC1A 4,580000,6,Greater London,EC1A 4<br>Avg. Price: 580K<br>Sales Volume: 6
2025,EC1A 7,1036000,11,Greater London,"EC1A 7<br>Avg. Price: 1,036K<br>Sales Volume: 11"
2025,EC1A 9,595000,6,Greater London,EC1A 9<br>Avg. Price: 595K<br>Sales Volume: 6
2025,EC1M 3,500000,2,Greater London,EC1M 3<br>Avg. Price: 500K<br>Sales Volume: 2
2025,EC1M 4,546000,4,Greater London,EC1M 4<br>Avg. Price: 546K<br>Sales Volume: 4
2025,EC1M 5,660000,16,Greater London,EC1M 5<br>Avg. Price: 660K<br>Sales Volume: 16
2025,EC1M 6,593000,7,Greater London,EC1M 6<br>Avg. Price: 593K<br>Sales Volume: 7
2025,EC1N 7,562000,3,Greater London,EC1N 7<br>Avg. Price: 562K<br>Sales Volume: 3
2025,EC1N 8,798000,5,Greater London,EC1N 8<br>Avg. Price: 798K<br>Sales Volume: 5
2025,EC1R 0,976000,9,Greater London,EC1R 0<br>Avg. Price: 976K<br>Sales Volume: 9
2025,EC1R 1,1171000,11,Greater London,"EC1R 1<br>Avg. Price: 1,171K<br>Sales Volume: 11"
2025,EC1R 3,536000,7,Greater London,EC1R 3<br>Avg. Price: 536K<br>Sales Volume: 7
2025,EC1R 4,676000,10,Greater London,EC1R 4<br>Avg. Price: 676K<br>Sales Volume: 10
2025,EC1R 5,708000,11,Greater London,EC1R 5<br>Avg. Price: 708K<br>Sales Volume: 11
2025,EC1V 0,1022000,9,Greater London,"EC1V 0<br>Avg. Price: 1,022K<br>Sales Volume: 9"
2025,EC1V 1,770000,23,Greater London,EC1V 1<br>Avg. Price: 770K<br>Sales Volume: 23
2025,EC1V 2,1214000,17,Greater London,"EC1V 2<br>Avg. Price: 1,214K<br>Sales Volume: 17"
2025,EC1V 3,608000,15,Greater London,EC1V 3<br>Avg. Price: 608K<br>Sales Volume: 15
2025,EC1V 4,1062000,18,Greater London,"EC1V 4<br>Avg. Price: 1,062K<br>Sales Volume: 18"
2025,EC1V 7,647000,18,Greater London,EC1V 7<br>Avg. Price: 647K<br>Sales Volume: 18
2025,EC1V 8,595000,11,Greater London,EC1V 8<br>Avg. Price: 595K<br>Sales Volume: 11
2025,EC1V 9,463000,7,Greater London,EC1V 9<br>Avg. Price: 463K<br>Sales Volume: 7
2025,EC1Y 0,641000,4,Greater London,EC1Y 0<br>Avg. Price: 641K<br>Sales Volume: 4
2025,EC1Y 1,1478000,2,Greater London,"EC1Y 1<br>Avg. Price: 1,478K<br>Sales Volume: 2"
2025,EC1Y 2,746000,4,Greater London,EC1Y 2<br>Avg. Price: 746K<br>Sales Volume: 4
2025,EC1Y 8,1127000,14,Greater London,"EC1Y 8<br>Avg. Price: 1,127K<br>Sales Volume: 14"
2025,EC2A 2,1111000,6,Greater London,"EC2A 2<br>Avg. Price: 1,111K<br>Sales Volume: 6"
2025,EC2A 3,1076000,8,Greater London,"EC2A 3<br>Avg. Price: 1,076K<br>Sales Volume: 8"
2025,EC2A 4,794000,5,Greater London,EC2A 4<br>Avg. Price: 794K<br>Sales Volume: 5
2025,EC2M 4,2084000,1,Greater London,"EC2M 4<br>Avg. Price: 2,084K<br>Sales Volume: 1"
2025,EC2Y 5,830000,4,Greater London,EC2Y 5<br>Avg. Price: 830K<br>Sales Volume: 4
2025,EC2Y 8,1055000,72,Greater London,"EC2Y 8<br>Avg. Price: 1,055K<br>Sales Volume: 72"
2025,EC2Y 9,983000,5,Greater London,EC2Y 9<br>Avg. Price: 983K<br>Sales Volume: 5
2025,EC3A 7,1828000,5,Greater London,"EC3A 7<br>Avg. Price: 1,828K<br>Sales Volume: 5"
2025,EC3N 1,1006000,2,Greater London,"EC3N 1<br>Avg. Price: 1,006K<br>Sales Volume: 2"
2025,EC3N 2,570000,4,Greater London,EC3N 2<br>Avg. Price: 570K<br>Sales Volume: 4
2025,EC3N 4,975000,2,Greater London,EC3N 4<br>Avg. Price: 975K<br>Sales Volume: 2
2025,EC3R 8,610000,3,Greater London,EC3R 8<br>Avg. Price: 610K<br>Sales Volume: 3
2025,EC4A 1,582000,5,Greater London,EC4A 1<br>Avg. Price: 582K<br>Sales Volume: 5
2025,EC4A 2,420000,2,Greater London,EC4A 2<br>Avg. Price: 420K<br>Sales Volume: 2
2025,EC4A 3,549000,3,Greater London,EC4A 3<br>Avg. Price: 549K<br>Sales Volume: 3
2025,EC4M 7,2413000,2,Greater London,"EC4M 7<br>Avg. Price: 2,413K<br>Sales Volume: 2"
2025,EC4M 9,475000,1,Greater London,EC4M 9<br>Avg. Price: 475K<br>Sales Volume: 1
2025,EC4R 0,435000,1,Greater London,EC4R 0<br>Avg. Price: 435K<br>Sales Volume: 1
2025,EC4R 1,470000,1,Greater London,EC4R 1<br>Avg. Price: 470K<br>Sales Volume: 1
2025,EC4R 2,625000,1,Greater London,EC4R 2<br>Avg. Price: 625K<br>Sales Volume: 1
2025,EC4V 3,593000,12,Greater London,EC4V 3<br>Avg. Price: 593K<br>Sales Volume: 12
2025,EC4V 5,654000,2,Greater London,EC4V 5<br>Avg. Price: 654K<br>Sales Volume: 2
2025,EC4Y 1,1700000,1,Greater London,"EC4Y 1<br>Avg. Price: 1,700K<br>Sales Volume: 1"
2025,EN1 1,458000,139,Greater London,EN1 1<br>Avg. Price: 458K<br>Sales Volume: 139
2025,EN1 2,553000,84,Greater London,EN1 2<br>Avg. Price: 553K<br>Sales Volume: 84
2025,EN1 3,510000,114,Greater London,EN1 3<br>Avg. Price: 510K<br>Sales Volume: 114
2025,EN1 4,392000,118,Greater London,EN1 4<br>Avg. Price: 392K<br>Sales Volume: 118
2025,EN10 6,386000,143,Greater London,EN10 6<br>Avg. Price: 386K<br>Sales Volume: 143
2025,EN10 7,725000,109,Greater London,EN10 7<br>Avg. Price: 725K<br>Sales Volume: 109
2025,EN11 0,417000,88,Greater London,EN11 0<br>Avg. Price: 417K<br>Sales Volume: 88
2025,EN11 8,362000,124,Greater London,EN11 8<br>Avg. Price: 362K<br>Sales Volume: 124
2025,EN11 9,430000,98,Greater London,EN11 9<br>Avg. Price: 430K<br>Sales Volume: 98
2025,EN2 0,488000,141,Greater London,EN2 0<br>Avg. Price: 488K<br>Sales Volume: 141
2025,EN2 6,424000,84,Greater London,EN2 6<br>Avg. Price: 424K<br>Sales Volume: 84
2025,EN2 7,700000,91,Greater London,EN2 7<br>Avg. Price: 700K<br>Sales Volume: 91
2025,EN2 8,471000,115,Greater London,EN2 8<br>Avg. Price: 471K<br>Sales Volume: 115
2025,EN2 9,794000,18,Greater London,EN2 9<br>Avg. Price: 794K<br>Sales Volume: 18
2025,EN3 4,382000,83,Greater London,EN3 4<br>Avg. Price: 382K<br>Sales Volume: 83
2025,EN3 5,402000,112,Greater London,EN3 5<br>Avg. Price: 402K<br>Sales Volume: 112
2025,EN3 6,387000,146,Greater London,EN3 6<br>Avg. Price: 387K<br>Sales Volume: 146
2025,EN3 7,385000,53,Greater London,EN3 7<br>Avg. Price: 385K<br>Sales Volume: 53
2025,EN4 0,1425000,50,Greater London,"EN4 0<br>Avg. Price: 1,425K<br>Sales Volume: 50"
2025,EN4 8,560000,141,Greater London,EN4 8<br>Avg. Price: 560K<br>Sales Volume: 141
2025,EN4 9,600000,103,Greater London,EN4 9<br>Avg. Price: 600K<br>Sales Volume: 103
2025,EN5 1,615000,87,Greater London,EN5 1<br>Avg. Price: 615K<br>Sales Volume: 87
2025,EN5 2,610000,114,Greater London,EN5 2<br>Avg. Price: 610K<br>Sales Volume: 114
2025,EN5 3,797000,47,Greater London,EN5 3<br>Avg. Price: 797K<br>Sales Volume: 47
2025,EN5 4,709000,59,Greater London,EN5 4<br>Avg. Price: 709K<br>Sales Volume: 59
2025,EN5 5,593000,131,Greater London,EN5 5<br>Avg. Price: 593K<br>Sales Volume: 131
2025,EN6 1,692000,105,Greater London,EN6 1<br>Avg. Price: 692K<br>Sales Volume: 105
2025,EN6 2,553000,96,Greater London,EN6 2<br>Avg. Price: 553K<br>Sales Volume: 96
2025,EN6 3,529000,47,Greater London,EN6 3<br>Avg. Price: 529K<br>Sales Volume: 47
2025,EN6 4,974000,92,Greater London,EN6 4<br>Avg. Price: 974K<br>Sales Volume: 92
2025,EN6 5,458000,81,Greater London,EN6 5<br>Avg. Price: 458K<br>Sales Volume: 81
2025,EN7 5,598000,120,Greater London,EN7 5<br>Avg. Price: 598K<br>Sales Volume: 120
2025,EN7 6,510000,182,Greater London,EN7 6<br>Avg. Price: 510K<br>Sales Volume: 182
2025,EN8 0,421000,140,Greater London,EN8 0<br>Avg. Price: 421K<br>Sales Volume: 140
2025,EN8 7,355000,117,Greater London,EN8 7<br>Avg. Price: 355K<br>Sales Volume: 117
2025,EN8 8,359000,111,Greater London,EN8 8<br>Avg. Price: 359K<br>Sales Volume: 111
2025,EN8 9,416000,93,Greater London,EN8 9<br>Avg. Price: 416K<br>Sales Volume: 93
2025,EN9 1,342000,128,Greater London,EN9 1<br>Avg. Price: 342K<br>Sales Volume: 128
2025,EN9 2,582000,58,Greater London,EN9 2<br>Avg. Price: 582K<br>Sales Volume: 58
2025,EN9 3,418000,117,Greater London,EN9 3<br>Avg. Price: 418K<br>Sales Volume: 117
2025,EX1 1,309000,27,South West,EX1 1<br>Avg. Price: 309K<br>Sales Volume: 27
2025,EX1 2,328000,115,South West,EX1 2<br>Avg. Price: 328K<br>Sales Volume: 115
2025,EX1 3,318000,256,South West,EX1 3<br>Avg. Price: 318K<br>Sales Volume: 256
2025,EX1 4,450000,59,South West,EX1 4<br>Avg. Price: 450K<br>Sales Volume: 59
2025,EX10 0,404000,58,South West,EX10 0<br>Avg. Price: 404K<br>Sales Volume: 58
2025,EX10 8,530000,109,South West,EX10 8<br>Avg. Price: 530K<br>Sales Volume: 109
2025,EX10 9,445000,162,South West,EX10 9<br>Avg. Price: 445K<br>Sales Volume: 162
2025,EX11 1,450000,161,South West,EX11 1<br>Avg. Price: 450K<br>Sales Volume: 161
2025,EX12 2,319000,137,South West,EX12 2<br>Avg. Price: 319K<br>Sales Volume: 137
2025,EX12 3,409000,29,South West,EX12 3<br>Avg. Price: 409K<br>Sales Volume: 29
2025,EX12 4,411000,6,South West,EX12 4<br>Avg. Price: 411K<br>Sales Volume: 6
2025,EX13 5,299000,128,South West,EX13 5<br>Avg. Price: 299K<br>Sales Volume: 128
2025,EX13 7,535000,54,South West,EX13 7<br>Avg. Price: 535K<br>Sales Volume: 54
2025,EX13 8,601000,4,South West,EX13 8<br>Avg. Price: 601K<br>Sales Volume: 4
2025,EX14 1,242000,123,South West,EX14 1<br>Avg. Price: 242K<br>Sales Volume: 123
2025,EX14 2,336000,120,South West,EX14 2<br>Avg. Price: 336K<br>Sales Volume: 120
2025,EX14 3,352000,59,South West,EX14 3<br>Avg. Price: 352K<br>Sales Volume: 59
2025,EX14 4,326000,27,South West,EX14 4<br>Avg. Price: 326K<br>Sales Volume: 27
2025,EX14 9,541000,21,South West,EX14 9<br>Avg. Price: 541K<br>Sales Volume: 21
2025,EX15 1,285000,181,South West,EX15 1<br>Avg. Price: 285K<br>Sales Volume: 181
2025,EX15 2,383000,79,South West,EX15 2<br>Avg. Price: 383K<br>Sales Volume: 79
2025,EX15 3,372000,71,South West,EX15 3<br>Avg. Price: 372K<br>Sales Volume: 71
2025,EX16 4,297000,101,South West,EX16 4<br>Avg. Price: 297K<br>Sales Volume: 101
2025,EX16 5,257000,74,South West,EX16 5<br>Avg. Price: 257K<br>Sales Volume: 74
2025,EX16 6,245000,117,South West,EX16 6<br>Avg. Price: 245K<br>Sales Volume: 117
2025,EX16 7,474000,58,South West,EX16 7<br>Avg. Price: 474K<br>Sales Volume: 58
2025,EX16 8,442000,35,South West,EX16 8<br>Avg. Price: 442K<br>Sales Volume: 35
2025,EX16 9,425000,35,South West,EX16 9<br>Avg. Price: 425K<br>Sales Volume: 35
2025,EX17 1,324000,30,South West,EX17 1<br>Avg. Price: 324K<br>Sales Volume: 30
2025,EX17 2,314000,32,South West,EX17 2<br>Avg. Price: 314K<br>Sales Volume: 32
2025,EX17 3,294000,56,South West,EX17 3<br>Avg. Price: 294K<br>Sales Volume: 56
2025,EX17 4,407000,31,South West,EX17 4<br>Avg. Price: 407K<br>Sales Volume: 31
2025,EX17 5,380000,46,South West,EX17 5<br>Avg. Price: 380K<br>Sales Volume: 46
2025,EX17 6,340000,45,South West,EX17 6<br>Avg. Price: 340K<br>Sales Volume: 45
2025,EX18 7,324000,44,South West,EX18 7<br>Avg. Price: 324K<br>Sales Volume: 44
2025,EX19 8,340000,55,South West,EX19 8<br>Avg. Price: 340K<br>Sales Volume: 55
2025,EX2 0,334000,39,South West,EX2 0<br>Avg. Price: 334K<br>Sales Volume: 39
2025,EX2 4,462000,103,South West,EX2 4<br>Avg. Price: 462K<br>Sales Volume: 103
2025,EX2 5,306000,101,South West,EX2 5<br>Avg. Price: 306K<br>Sales Volume: 101
2025,EX2 6,324000,51,South West,EX2 6<br>Avg. Price: 324K<br>Sales Volume: 51
2025,EX2 7,366000,151,South West,EX2 7<br>Avg. Price: 366K<br>Sales Volume: 151
2025,EX2 8,302000,137,South West,EX2 8<br>Avg. Price: 302K<br>Sales Volume: 137
2025,EX2 9,319000,93,South West,EX2 9<br>Avg. Price: 319K<br>Sales Volume: 93
2025,EX20 1,285000,202,South West,EX20 1<br>Avg. Price: 285K<br>Sales Volume: 202
2025,EX20 2,324000,64,South West,EX20 2<br>Avg. Price: 324K<br>Sales Volume: 64
2025,EX20 3,309000,68,South West,EX20 3<br>Avg. Price: 309K<br>Sales Volume: 68
2025,EX20 4,414000,41,South West,EX20 4<br>Avg. Price: 414K<br>Sales Volume: 41
2025,EX21 5,325000,62,South West,EX21 5<br>Avg. Price: 325K<br>Sales Volume: 62
2025,EX22 6,295000,70,South West,EX22 6<br>Avg. Price: 295K<br>Sales Volume: 70
2025,EX22 7,382000,51,South West,EX22 7<br>Avg. Price: 382K<br>Sales Volume: 51
2025,EX23 0,430000,35,South West,EX23 0<br>Avg. Price: 430K<br>Sales Volume: 35
2025,EX23 8,357000,131,South West,EX23 8<br>Avg. Price: 357K<br>Sales Volume: 131
2025,EX23 9,371000,77,South West,EX23 9<br>Avg. Price: 371K<br>Sales Volume: 77
2025,EX24 6,498000,48,South West,EX24 6<br>Avg. Price: 498K<br>Sales Volume: 48
2025,EX3 0,603000,111,South West,EX3 0<br>Avg. Price: 603K<br>Sales Volume: 111
2025,EX31 1,267000,58,South West,EX31 1<br>Avg. Price: 267K<br>Sales Volume: 58
2025,EX31 2,315000,104,South West,EX31 2<br>Avg. Price: 315K<br>Sales Volume: 104
2025,EX31 3,324000,181,South West,EX31 3<br>Avg. Price: 324K<br>Sales Volume: 181
2025,EX31 4,356000,74,South West,EX31 4<br>Avg. Price: 356K<br>Sales Volume: 74
2025,EX32 0,335000,69,South West,EX32 0<br>Avg. Price: 335K<br>Sales Volume: 69
2025,EX32 7,231000,76,South West,EX32 7<br>Avg. Price: 231K<br>Sales Volume: 76
2025,EX32 8,237000,78,South West,EX32 8<br>Avg. Price: 237K<br>Sales Volume: 78
2025,EX32 9,290000,82,South West,EX32 9<br>Avg. Price: 290K<br>Sales Volume: 82
2025,EX33 1,457000,76,South West,EX33 1<br>Avg. Price: 457K<br>Sales Volume: 76
2025,EX33 2,427000,63,South West,EX33 2<br>Avg. Price: 427K<br>Sales Volume: 63
2025,EX34 0,326000,43,South West,EX34 0<br>Avg. Price: 326K<br>Sales Volume: 43
2025,EX34 7,511000,27,South West,EX34 7<br>Avg. Price: 511K<br>Sales Volume: 27
2025,EX34 8,281000,78,South West,EX34 8<br>Avg. Price: 281K<br>Sales Volume: 78
2025,EX34 9,261000,109,South West,EX34 9<br>Avg. Price: 261K<br>Sales Volume: 109
2025,EX35 6,305000,25,South West,EX35 6<br>Avg. Price: 305K<br>Sales Volume: 25
2025,EX36 3,336000,58,South West,EX36 3<br>Avg. Price: 336K<br>Sales Volume: 58
2025,EX36 4,290000,114,South West,EX36 4<br>Avg. Price: 290K<br>Sales Volume: 114
2025,EX37 9,399000,38,South West,EX37 9<br>Avg. Price: 399K<br>Sales Volume: 38
2025,EX38 7,253000,75,South West,EX38 7<br>Avg. Price: 253K<br>Sales Volume: 75
2025,EX38 8,277000,62,South West,EX38 8<br>Avg. Price: 277K<br>Sales Volume: 62
2025,EX39 1,326000,197,South West,EX39 1<br>Avg. Price: 326K<br>Sales Volume: 197
2025,EX39 2,243000,88,South West,EX39 2<br>Avg. Price: 243K<br>Sales Volume: 88
2025,EX39 3,296000,181,South West,EX39 3<br>Avg. Price: 296K<br>Sales Volume: 181
2025,EX39 4,296000,115,South West,EX39 4<br>Avg. Price: 296K<br>Sales Volume: 115
2025,EX39 5,350000,82,South West,EX39 5<br>Avg. Price: 350K<br>Sales Volume: 82
2025,EX39 6,293000,29,South West,EX39 6<br>Avg. Price: 293K<br>Sales Volume: 29
2025,EX4 0,400000,2,South West,EX4 0<br>Avg. Price: 400K<br>Sales Volume: 2
2025,EX4 1,285000,98,South West,EX4 1<br>Avg. Price: 285K<br>Sales Volume: 98
2025,EX4 2,290000,93,South West,EX4 2<br>Avg. Price: 290K<br>Sales Volume: 93
2025,EX4 3,198000,22,South West,EX4 3<br>Avg. Price: 198K<br>Sales Volume: 22
2025,EX4 4,360000,83,South West,EX4 4<br>Avg. Price: 360K<br>Sales Volume: 83
2025,EX4 5,384000,59,South West,EX4 5<br>Avg. Price: 384K<br>Sales Volume: 59
2025,EX4 6,412000,77,South West,EX4 6<br>Avg. Price: 412K<br>Sales Volume: 77
2025,EX4 7,282000,56,South West,EX4 7<br>Avg. Price: 282K<br>Sales Volume: 56
2025,EX4 8,336000,110,South West,EX4 8<br>Avg. Price: 336K<br>Sales Volume: 110
2025,EX4 9,346000,49,South West,EX4 9<br>Avg. Price: 346K<br>Sales Volume: 49
2025,EX5 1,463000,39,South West,EX5 1<br>Avg. Price: 463K<br>Sales Volume: 39
2025,EX5 2,421000,49,South West,EX5 2<br>Avg. Price: 421K<br>Sales Volume: 49
2025,EX5 3,285000,17,South West,EX5 3<br>Avg. Price: 285K<br>Sales Volume: 17
2025,EX5 4,343000,69,South West,EX5 4<br>Avg. Price: 343K<br>Sales Volume: 69
2025,EX5 5,436000,41,South West,EX5 5<br>Avg. Price: 436K<br>Sales Volume: 41
2025,EX5 7,280000,161,South West,EX5 7<br>Avg. Price: 280K<br>Sales Volume: 161
2025,EX6 6,448000,22,South West,EX6 6<br>Avg. Price: 448K<br>Sales Volume: 22
2025,EX6 7,390000,28,South West,EX6 7<br>Avg. Price: 390K<br>Sales Volume: 28
2025,EX6 8,353000,108,South West,EX6 8<br>Avg. Price: 353K<br>Sales Volume: 108
2025,EX7 0,350000,120,South West,EX7 0<br>Avg. Price: 350K<br>Sales Volume: 120
2025,EX7 9,251000,92,South West,EX7 9<br>Avg. Price: 251K<br>Sales Volume: 92
2025,EX8 1,283000,109,South West,EX8 1<br>Avg. Price: 283K<br>Sales Volume: 109
2025,EX8 2,389000,169,South West,EX8 2<br>Avg. Price: 389K<br>Sales Volume: 169
2025,EX8 3,419000,72,South West,EX8 3<br>Avg. Price: 419K<br>Sales Volume: 72
2025,EX8 4,332000,141,South West,EX8 4<br>Avg. Price: 332K<br>Sales Volume: 141
2025,EX8 5,384000,73,South West,EX8 5<br>Avg. Price: 384K<br>Sales Volume: 73
2025,EX9 6,464000,84,South West,EX9 6<br>Avg. Price: 464K<br>Sales Volume: 84
2025,EX9 7,514000,24,South West,EX9 7<br>Avg. Price: 514K<br>Sales Volume: 24
2025,FY1 1,65000,5,North England,FY1 1<br>Avg. Price: 65K<br>Sales Volume: 5
2025,FY1 2,118000,131,North England,FY1 2<br>Avg. Price: 118K<br>Sales Volume: 131
2025,FY1 3,93000,80,North England,FY1 3<br>Avg. Price: 93K<br>Sales Volume: 80
2025,FY1 4,155000,105,North England,FY1 4<br>Avg. Price: 155K<br>Sales Volume: 105
2025,FY1 5,99000,88,North England,FY1 5<br>Avg. Price: 99K<br>Sales Volume: 88
2025,FY1 6,109000,149,North England,FY1 6<br>Avg. Price: 109K<br>Sales Volume: 149
2025,FY2 0,149000,234,North England,FY2 0<br>Avg. Price: 149K<br>Sales Volume: 234
2025,FY2 9,171000,186,North England,FY2 9<br>Avg. Price: 171K<br>Sales Volume: 186
2025,FY3 0,255000,35,North England,FY3 0<br>Avg. Price: 255K<br>Sales Volume: 35
2025,FY3 7,135000,122,North England,FY3 7<br>Avg. Price: 135K<br>Sales Volume: 122
2025,FY3 8,150000,148,North England,FY3 8<br>Avg. Price: 150K<br>Sales Volume: 148
2025,FY3 9,148000,168,North England,FY3 9<br>Avg. Price: 148K<br>Sales Volume: 168
2025,FY4 1,167000,131,North England,FY4 1<br>Avg. Price: 167K<br>Sales Volume: 131
2025,FY4 2,167000,118,North England,FY4 2<br>Avg. Price: 167K<br>Sales Volume: 118
2025,FY4 3,123000,174,North England,FY4 3<br>Avg. Price: 123K<br>Sales Volume: 174
2025,FY4 4,131000,188,North England,FY4 4<br>Avg. Price: 131K<br>Sales Volume: 188
2025,FY4 5,235000,123,North England,FY4 5<br>Avg. Price: 235K<br>Sales Volume: 123
2025,FY5 1,171000,159,North England,FY5 1<br>Avg. Price: 171K<br>Sales Volume: 159
2025,FY5 2,204000,231,North England,FY5 2<br>Avg. Price: 204K<br>Sales Volume: 231
2025,FY5 3,183000,219,North England,FY5 3<br>Avg. Price: 183K<br>Sales Volume: 219
2025,FY5 4,170000,180,North England,FY5 4<br>Avg. Price: 170K<br>Sales Volume: 180
2025,FY5 5,216000,136,North England,FY5 5<br>Avg. Price: 216K<br>Sales Volume: 136
2025,FY6 0,224000,129,North England,FY6 0<br>Avg. Price: 224K<br>Sales Volume: 129
2025,FY6 7,252000,270,North England,FY6 7<br>Avg. Price: 252K<br>Sales Volume: 270
2025,FY6 8,299000,92,North England,FY6 8<br>Avg. Price: 299K<br>Sales Volume: 92
2025,FY6 9,263000,67,North England,FY6 9<br>Avg. Price: 263K<br>Sales Volume: 67
2025,FY7 6,115000,138,North England,FY7 6<br>Avg. Price: 115K<br>Sales Volume: 138
2025,FY7 7,127000,101,North England,FY7 7<br>Avg. Price: 127K<br>Sales Volume: 101
2025,FY7 8,189000,139,North England,FY7 8<br>Avg. Price: 189K<br>Sales Volume: 139
2025,FY8 1,257000,167,North England,FY8 1<br>Avg. Price: 257K<br>Sales Volume: 167
2025,FY8 2,222000,205,North England,FY8 2<br>Avg. Price: 222K<br>Sales Volume: 205
2025,FY8 3,255000,209,North England,FY8 3<br>Avg. Price: 255K<br>Sales Volume: 209
2025,FY8 4,348000,161,North England,FY8 4<br>Avg. Price: 348K<br>Sales Volume: 161
2025,FY8 5,428000,99,North England,FY8 5<br>Avg. Price: 428K<br>Sales Volume: 99
2025,GL1 1,154000,39,South West,GL1 1<br>Avg. Price: 154K<br>Sales Volume: 39
2025,GL1 2,184000,75,South West,GL1 2<br>Avg. Price: 184K<br>Sales Volume: 75
2025,GL1 3,200000,122,South West,GL1 3<br>Avg. Price: 200K<br>Sales Volume: 122
2025,GL1 4,182000,126,South West,GL1 4<br>Avg. Price: 182K<br>Sales Volume: 126
2025,GL1 5,240000,190,South West,GL1 5<br>Avg. Price: 240K<br>Sales Volume: 190
2025,GL10 2,303000,81,South West,GL10 2<br>Avg. Price: 303K<br>Sales Volume: 81
2025,GL10 3,382000,171,South West,GL10 3<br>Avg. Price: 382K<br>Sales Volume: 171
2025,GL11 4,272000,118,South West,GL11 4<br>Avg. Price: 272K<br>Sales Volume: 118
2025,GL11 5,384000,158,South West,GL11 5<br>Avg. Price: 384K<br>Sales Volume: 158
2025,GL11 6,411000,41,South West,GL11 6<br>Avg. Price: 411K<br>Sales Volume: 41
2025,GL12 7,393000,73,South West,GL12 7<br>Avg. Price: 393K<br>Sales Volume: 73
2025,GL12 8,428000,105,South West,GL12 8<br>Avg. Price: 428K<br>Sales Volume: 105
2025,GL13 9,380000,91,South West,GL13 9<br>Avg. Price: 380K<br>Sales Volume: 91
2025,GL14 1,368000,42,South West,GL14 1<br>Avg. Price: 368K<br>Sales Volume: 42
2025,GL14 2,215000,93,South West,GL14 2<br>Avg. Price: 215K<br>Sales Volume: 93
2025,GL14 3,261000,60,South West,GL14 3<br>Avg. Price: 261K<br>Sales Volume: 60
2025,GL15 4,333000,64,South West,GL15 4<br>Avg. Price: 333K<br>Sales Volume: 64
2025,GL15 5,248000,155,South West,GL15 5<br>Avg. Price: 248K<br>Sales Volume: 155
2025,GL15 6,375000,72,South West,GL15 6<br>Avg. Price: 375K<br>Sales Volume: 72
2025,GL16 7,334000,88,South West,GL16 7<br>Avg. Price: 334K<br>Sales Volume: 88
2025,GL16 8,252000,111,South West,GL16 8<br>Avg. Price: 252K<br>Sales Volume: 111
2025,GL17 0,313000,56,South West,GL17 0<br>Avg. Price: 313K<br>Sales Volume: 56
2025,GL17 9,321000,86,South West,GL17 9<br>Avg. Price: 321K<br>Sales Volume: 86
2025,GL18 1,320000,112,South West,GL18 1<br>Avg. Price: 320K<br>Sales Volume: 112
2025,GL18 2,408000,10,South West,GL18 2<br>Avg. Price: 408K<br>Sales Volume: 10
2025,GL19 3,474000,59,South West,GL19 3<br>Avg. Price: 474K<br>Sales Volume: 59
2025,GL19 4,532000,36,South West,GL19 4<br>Avg. Price: 532K<br>Sales Volume: 36
2025,GL2 0,327000,148,South West,GL2 0<br>Avg. Price: 327K<br>Sales Volume: 148
2025,GL2 2,276000,173,South West,GL2 2<br>Avg. Price: 276K<br>Sales Volume: 173
2025,GL2 3,403000,11,South West,GL2 3<br>Avg. Price: 403K<br>Sales Volume: 11
2025,GL2 4,269000,374,South West,GL2 4<br>Avg. Price: 269K<br>Sales Volume: 374
2025,GL2 5,276000,77,South West,GL2 5<br>Avg. Price: 276K<br>Sales Volume: 77
2025,GL2 7,484000,45,South West,GL2 7<br>Avg. Price: 484K<br>Sales Volume: 45
2025,GL2 8,454000,44,South West,GL2 8<br>Avg. Price: 454K<br>Sales Volume: 44
2025,GL2 9,361000,175,South West,GL2 9<br>Avg. Price: 361K<br>Sales Volume: 175
2025,GL20 5,244000,113,South West,GL20 5<br>Avg. Price: 244K<br>Sales Volume: 113
2025,GL20 6,462000,39,South West,GL20 6<br>Avg. Price: 462K<br>Sales Volume: 39
2025,GL20 7,351000,108,South West,GL20 7<br>Avg. Price: 351K<br>Sales Volume: 108
2025,GL20 8,330000,159,South West,GL20 8<br>Avg. Price: 330K<br>Sales Volume: 159
2025,GL3 1,327000,164,South West,GL3 1<br>Avg. Price: 327K<br>Sales Volume: 164
2025,GL3 2,347000,100,South West,GL3 2<br>Avg. Price: 347K<br>Sales Volume: 100
2025,GL3 3,305000,119,South West,GL3 3<br>Avg. Price: 305K<br>Sales Volume: 119
2025,GL3 4,300000,218,South West,GL3 4<br>Avg. Price: 300K<br>Sales Volume: 218
2025,GL3 5,401000,5,South West,GL3 5<br>Avg. Price: 401K<br>Sales Volume: 5
2025,GL4 0,259000,175,South West,GL4 0<br>Avg. Price: 259K<br>Sales Volume: 175
2025,GL4 3,289000,59,South West,GL4 3<br>Avg. Price: 289K<br>Sales Volume: 59
2025,GL4 4,273000,132,South West,GL4 4<br>Avg. Price: 273K<br>Sales Volume: 132
2025,GL4 5,310000,126,South West,GL4 5<br>Avg. Price: 310K<br>Sales Volume: 126
2025,GL4 6,254000,138,South West,GL4 6<br>Avg. Price: 254K<br>Sales Volume: 138
2025,GL4 8,521000,28,South West,GL4 8<br>Avg. Price: 521K<br>Sales Volume: 28
2025,GL5 1,335000,108,South West,GL5 1<br>Avg. Price: 335K<br>Sales Volume: 108
2025,GL5 2,387000,70,South West,GL5 2<br>Avg. Price: 387K<br>Sales Volume: 70
2025,GL5 3,339000,60,South West,GL5 3<br>Avg. Price: 339K<br>Sales Volume: 60
2025,GL5 4,305000,156,South West,GL5 4<br>Avg. Price: 305K<br>Sales Volume: 156
2025,GL5 5,637000,53,South West,GL5 5<br>Avg. Price: 637K<br>Sales Volume: 53
2025,GL50 1,420000,30,South West,GL50 1<br>Avg. Price: 420K<br>Sales Volume: 30
2025,GL50 2,505000,179,South West,GL50 2<br>Avg. Price: 505K<br>Sales Volume: 179
2025,GL50 3,256000,104,South West,GL50 3<br>Avg. Price: 256K<br>Sales Volume: 104
2025,GL50 4,324000,161,South West,GL50 4<br>Avg. Price: 324K<br>Sales Volume: 161
2025,GL51 0,277000,145,South West,GL51 0<br>Avg. Price: 277K<br>Sales Volume: 145
2025,GL51 3,342000,176,South West,GL51 3<br>Avg. Price: 342K<br>Sales Volume: 176
2025,GL51 4,520000,37,South West,GL51 4<br>Avg. Price: 520K<br>Sales Volume: 37
2025,GL51 6,398000,145,South West,GL51 6<br>Avg. Price: 398K<br>Sales Volume: 145
2025,GL51 7,247000,81,South West,GL51 7<br>Avg. Price: 247K<br>Sales Volume: 81
2025,GL51 8,302000,109,South West,GL51 8<br>Avg. Price: 302K<br>Sales Volume: 109
2025,GL51 9,263000,85,South West,GL51 9<br>Avg. Price: 263K<br>Sales Volume: 85
2025,GL52 2,368000,151,South West,GL52 2<br>Avg. Price: 368K<br>Sales Volume: 151
2025,GL52 3,562000,100,South West,GL52 3<br>Avg. Price: 562K<br>Sales Volume: 100
2025,GL52 5,360000,134,South West,GL52 5<br>Avg. Price: 360K<br>Sales Volume: 134
2025,GL52 6,539000,178,South West,GL52 6<br>Avg. Price: 539K<br>Sales Volume: 178
2025,GL52 7,347000,77,South West,GL52 7<br>Avg. Price: 347K<br>Sales Volume: 77
2025,GL52 8,327000,207,South West,GL52 8<br>Avg. Price: 327K<br>Sales Volume: 207
2025,GL52 9,508000,50,South West,GL52 9<br>Avg. Price: 508K<br>Sales Volume: 50
2025,GL53 0,558000,78,South West,GL53 0<br>Avg. Price: 558K<br>Sales Volume: 78
2025,GL53 7,480000,105,South West,GL53 7<br>Avg. Price: 480K<br>Sales Volume: 105
2025,GL53 8,546000,86,South West,GL53 8<br>Avg. Price: 546K<br>Sales Volume: 86
2025,GL53 9,685000,61,South West,GL53 9<br>Avg. Price: 685K<br>Sales Volume: 61
2025,GL54 1,738000,47,South West,GL54 1<br>Avg. Price: 738K<br>Sales Volume: 47
2025,GL54 2,473000,113,South West,GL54 2<br>Avg. Price: 473K<br>Sales Volume: 113
2025,GL54 3,578000,37,South West,GL54 3<br>Avg. Price: 578K<br>Sales Volume: 37
2025,GL54 4,669000,35,South West,GL54 4<br>Avg. Price: 669K<br>Sales Volume: 35
2025,GL54 5,501000,117,South West,GL54 5<br>Avg. Price: 501K<br>Sales Volume: 117
2025,GL55 6,622000,94,South West,GL55 6<br>Avg. Price: 622K<br>Sales Volume: 94
2025,GL56 0,563000,126,South West,GL56 0<br>Avg. Price: 563K<br>Sales Volume: 126
2025,GL56 9,595000,60,South West,GL56 9<br>Avg. Price: 595K<br>Sales Volume: 60
2025,GL6 0,399000,77,South West,GL6 0<br>Avg. Price: 399K<br>Sales Volume: 77
2025,GL6 6,535000,62,South West,GL6 6<br>Avg. Price: 535K<br>Sales Volume: 62
2025,GL6 7,663000,44,South West,GL6 7<br>Avg. Price: 663K<br>Sales Volume: 44
2025,GL6 8,429000,96,South West,GL6 8<br>Avg. Price: 429K<br>Sales Volume: 96
2025,GL6 9,582000,42,South West,GL6 9<br>Avg. Price: 582K<br>Sales Volume: 42
2025,GL7 0,394000,6,South West,GL7 0<br>Avg. Price: 394K<br>Sales Volume: 6
2025,GL7 1,351000,213,South West,GL7 1<br>Avg. Price: 351K<br>Sales Volume: 213
2025,GL7 2,431000,90,South West,GL7 2<br>Avg. Price: 431K<br>Sales Volume: 90
2025,GL7 3,685000,52,South West,GL7 3<br>Avg. Price: 685K<br>Sales Volume: 52
2025,GL7 4,476000,69,South West,GL7 4<br>Avg. Price: 476K<br>Sales Volume: 69
2025,GL7 5,696000,118,South West,GL7 5<br>Avg. Price: 696K<br>Sales Volume: 118
2025,GL7 6,712000,61,South West,GL7 6<br>Avg. Price: 712K<br>Sales Volume: 61
2025,GL7 7,701000,22,South West,GL7 7<br>Avg. Price: 701K<br>Sales Volume: 22
2025,GL8 8,576000,158,South West,GL8 8<br>Avg. Price: 576K<br>Sales Volume: 158
2025,GL9 1,528000,13,South West,GL9 1<br>Avg. Price: 528K<br>Sales Volume: 13
2025,GU1 1,466000,145,South East,GU1 1<br>Avg. Price: 466K<br>Sales Volume: 145
2025,GU1 2,741000,128,South East,GU1 2<br>Avg. Price: 741K<br>Sales Volume: 128
2025,GU1 3,758000,83,South East,GU1 3<br>Avg. Price: 758K<br>Sales Volume: 83
2025,GU1 4,438000,116,South East,GU1 4<br>Avg. Price: 438K<br>Sales Volume: 116
2025,GU10 1,555000,79,South East,GU10 1<br>Avg. Price: 555K<br>Sales Volume: 79
2025,GU10 2,1423000,21,South East,"GU10 2<br>Avg. Price: 1,423K<br>Sales Volume: 21"
2025,GU10 3,994000,50,South East,GU10 3<br>Avg. Price: 994K<br>Sales Volume: 50
2025,GU10 4,716000,103,South East,GU10 4<br>Avg. Price: 716K<br>Sales Volume: 103
2025,GU10 5,763000,51,South East,GU10 5<br>Avg. Price: 763K<br>Sales Volume: 51
2025,GU11 1,201000,77,South East,GU11 1<br>Avg. Price: 201K<br>Sales Volume: 77
2025,GU11 2,618000,21,South East,GU11 2<br>Avg. Price: 618K<br>Sales Volume: 21
2025,GU11 3,387000,162,South East,GU11 3<br>Avg. Price: 387K<br>Sales Volume: 162
2025,GU11 4,352000,54,South East,GU11 4<br>Avg. Price: 352K<br>Sales Volume: 54
2025,GU12 4,333000,206,South East,GU12 4<br>Avg. Price: 333K<br>Sales Volume: 206
2025,GU12 5,397000,135,South East,GU12 5<br>Avg. Price: 397K<br>Sales Volume: 135
2025,GU12 6,424000,161,South East,GU12 6<br>Avg. Price: 424K<br>Sales Volume: 161
2025,GU14 0,388000,116,South East,GU14 0<br>Avg. Price: 388K<br>Sales Volume: 116
2025,GU14 6,335000,177,South East,GU14 6<br>Avg. Price: 335K<br>Sales Volume: 177
2025,GU14 7,351000,131,South East,GU14 7<br>Avg. Price: 351K<br>Sales Volume: 131
2025,GU14 8,400000,141,South East,GU14 8<br>Avg. Price: 400K<br>Sales Volume: 141
2025,GU14 9,386000,184,South East,GU14 9<br>Avg. Price: 386K<br>Sales Volume: 184
2025,GU15 1,620000,133,South East,GU15 1<br>Avg. Price: 620K<br>Sales Volume: 133
2025,GU15 2,552000,137,South East,GU15 2<br>Avg. Price: 552K<br>Sales Volume: 137
2025,GU15 3,377000,116,South East,GU15 3<br>Avg. Price: 377K<br>Sales Volume: 116
2025,GU15 4,388000,64,South East,GU15 4<br>Avg. Price: 388K<br>Sales Volume: 64
2025,GU16 6,449000,147,South East,GU16 6<br>Avg. Price: 449K<br>Sales Volume: 147
2025,GU16 7,441000,26,South East,GU16 7<br>Avg. Price: 441K<br>Sales Volume: 26
2025,GU16 8,489000,104,South East,GU16 8<br>Avg. Price: 489K<br>Sales Volume: 104
2025,GU16 9,473000,56,South East,GU16 9<br>Avg. Price: 473K<br>Sales Volume: 56
2025,GU17 0,439000,81,South East,GU17 0<br>Avg. Price: 439K<br>Sales Volume: 81
2025,GU17 9,401000,56,South East,GU17 9<br>Avg. Price: 401K<br>Sales Volume: 56
2025,GU18 5,551000,98,South East,GU18 5<br>Avg. Price: 551K<br>Sales Volume: 98
2025,GU19 5,453000,98,South East,GU19 5<br>Avg. Price: 453K<br>Sales Volume: 98
2025,GU2 4,693000,50,South East,GU2 4<br>Avg. Price: 693K<br>Sales Volume: 50
2025,GU2 7,638000,70,South East,GU2 7<br>Avg. Price: 638K<br>Sales Volume: 70
2025,GU2 8,406000,68,South East,GU2 8<br>Avg. Price: 406K<br>Sales Volume: 68
2025,GU2 9,458000,190,South East,GU2 9<br>Avg. Price: 458K<br>Sales Volume: 190
2025,GU20 6,778000,58,South East,GU20 6<br>Avg. Price: 778K<br>Sales Volume: 58
2025,GU21 1,510000,1,South East,GU21 1<br>Avg. Price: 510K<br>Sales Volume: 1
2025,GU21 2,443000,177,South East,GU21 2<br>Avg. Price: 443K<br>Sales Volume: 177
2025,GU21 3,365000,152,South East,GU21 3<br>Avg. Price: 365K<br>Sales Volume: 152
2025,GU21 4,753000,111,South East,GU21 4<br>Avg. Price: 753K<br>Sales Volume: 111
2025,GU21 5,356000,170,South East,GU21 5<br>Avg. Price: 356K<br>Sales Volume: 170
2025,GU21 6,338000,80,South East,GU21 6<br>Avg. Price: 338K<br>Sales Volume: 80
2025,GU21 7,580000,26,South East,GU21 7<br>Avg. Price: 580K<br>Sales Volume: 26
2025,GU21 8,426000,44,South East,GU21 8<br>Avg. Price: 426K<br>Sales Volume: 44
2025,GU22 0,876000,82,South East,GU22 0<br>Avg. Price: 876K<br>Sales Volume: 82
2025,GU22 7,448000,142,South East,GU22 7<br>Avg. Price: 448K<br>Sales Volume: 142
2025,GU22 8,723000,97,South East,GU22 8<br>Avg. Price: 723K<br>Sales Volume: 97
2025,GU22 9,485000,137,South East,GU22 9<br>Avg. Price: 485K<br>Sales Volume: 137
2025,GU23 6,749000,61,South East,GU23 6<br>Avg. Price: 749K<br>Sales Volume: 61
2025,GU23 7,776000,61,South East,GU23 7<br>Avg. Price: 776K<br>Sales Volume: 61
2025,GU24 0,630000,36,South East,GU24 0<br>Avg. Price: 630K<br>Sales Volume: 36
2025,GU24 8,684000,37,South East,GU24 8<br>Avg. Price: 684K<br>Sales Volume: 37
2025,GU24 9,580000,129,South East,GU24 9<br>Avg. Price: 580K<br>Sales Volume: 129
2025,GU25 4,1289000,68,South East,"GU25 4<br>Avg. Price: 1,289K<br>Sales Volume: 68"
2025,GU26 6,695000,101,South East,GU26 6<br>Avg. Price: 695K<br>Sales Volume: 101
2025,GU27 1,513000,106,South East,GU27 1<br>Avg. Price: 513K<br>Sales Volume: 106
2025,GU27 2,844000,73,South East,GU27 2<br>Avg. Price: 844K<br>Sales Volume: 73
2025,GU27 3,851000,81,South East,GU27 3<br>Avg. Price: 851K<br>Sales Volume: 81
2025,GU28 0,578000,34,South East,GU28 0<br>Avg. Price: 578K<br>Sales Volume: 34
2025,GU28 9,1007000,20,South East,"GU28 9<br>Avg. Price: 1,007K<br>Sales Volume: 20"
2025,GU29 0,769000,37,South East,GU29 0<br>Avg. Price: 769K<br>Sales Volume: 37
2025,GU29 9,452000,132,South East,GU29 9<br>Avg. Price: 452K<br>Sales Volume: 132
2025,GU3 1,875000,19,South East,GU3 1<br>Avg. Price: 875K<br>Sales Volume: 19
2025,GU3 2,671000,22,South East,GU3 2<br>Avg. Price: 671K<br>Sales Volume: 22
2025,GU3 3,575000,96,South East,GU3 3<br>Avg. Price: 575K<br>Sales Volume: 96
2025,GU30 7,552000,123,South East,GU30 7<br>Avg. Price: 552K<br>Sales Volume: 123
2025,GU31 4,545000,116,South East,GU31 4<br>Avg. Price: 545K<br>Sales Volume: 116
2025,GU31 5,716000,43,South East,GU31 5<br>Avg. Price: 716K<br>Sales Volume: 43
2025,GU32 1,882000,20,South East,GU32 1<br>Avg. Price: 882K<br>Sales Volume: 20
2025,GU32 2,596000,36,South East,GU32 2<br>Avg. Price: 596K<br>Sales Volume: 36
2025,GU32 3,346000,76,South East,GU32 3<br>Avg. Price: 346K<br>Sales Volume: 76
2025,GU33 6,684000,18,South East,GU33 6<br>Avg. Price: 684K<br>Sales Volume: 18
2025,GU33 7,563000,79,South East,GU33 7<br>Avg. Price: 563K<br>Sales Volume: 79
2025,GU34 1,391000,132,South East,GU34 1<br>Avg. Price: 391K<br>Sales Volume: 132
2025,GU34 2,382000,143,South East,GU34 2<br>Avg. Price: 382K<br>Sales Volume: 143
2025,GU34 3,861000,23,South East,GU34 3<br>Avg. Price: 861K<br>Sales Volume: 23
2025,GU34 4,723000,73,South East,GU34 4<br>Avg. Price: 723K<br>Sales Volume: 73
2025,GU34 5,661000,122,South East,GU34 5<br>Avg. Price: 661K<br>Sales Volume: 122
2025,GU35 0,353000,199,South East,GU35 0<br>Avg. Price: 353K<br>Sales Volume: 199
2025,GU35 8,618000,57,South East,GU35 8<br>Avg. Price: 618K<br>Sales Volume: 57
2025,GU35 9,376000,112,South East,GU35 9<br>Avg. Price: 376K<br>Sales Volume: 112
2025,GU4 7,600000,181,South East,GU4 7<br>Avg. Price: 600K<br>Sales Volume: 181
2025,GU4 8,697000,78,South East,GU4 8<br>Avg. Price: 697K<br>Sales Volume: 78
2025,GU46 6,452000,149,South East,GU46 6<br>Avg. Price: 452K<br>Sales Volume: 149
2025,GU46 7,468000,73,South East,GU46 7<br>Avg. Price: 468K<br>Sales Volume: 73
2025,GU47 0,451000,135,South East,GU47 0<br>Avg. Price: 451K<br>Sales Volume: 135
2025,GU47 8,529000,49,South East,GU47 8<br>Avg. Price: 529K<br>Sales Volume: 49
2025,GU47 9,447000,51,South East,GU47 9<br>Avg. Price: 447K<br>Sales Volume: 51
2025,GU5 0,867000,79,South East,GU5 0<br>Avg. Price: 867K<br>Sales Volume: 79
2025,GU5 9,1216000,30,South East,"GU5 9<br>Avg. Price: 1,216K<br>Sales Volume: 30"
2025,GU51 1,492000,82,South East,GU51 1<br>Avg. Price: 492K<br>Sales Volume: 82
2025,GU51 2,434000,47,South East,GU51 2<br>Avg. Price: 434K<br>Sales Volume: 47
2025,GU51 3,487000,140,South East,GU51 3<br>Avg. Price: 487K<br>Sales Volume: 140
2025,GU51 4,568000,65,South East,GU51 4<br>Avg. Price: 568K<br>Sales Volume: 65
2025,GU51 5,520000,79,South East,GU51 5<br>Avg. Price: 520K<br>Sales Volume: 79
2025,GU52 0,452000,49,South East,GU52 0<br>Avg. Price: 452K<br>Sales Volume: 49
2025,GU52 6,557000,106,South East,GU52 6<br>Avg. Price: 557K<br>Sales Volume: 106
2025,GU52 7,571000,57,South East,GU52 7<br>Avg. Price: 571K<br>Sales Volume: 57
2025,GU52 8,425000,57,South East,GU52 8<br>Avg. Price: 425K<br>Sales Volume: 57
2025,GU6 7,689000,98,South East,GU6 7<br>Avg. Price: 689K<br>Sales Volume: 98
2025,GU6 8,619000,154,South East,GU6 8<br>Avg. Price: 619K<br>Sales Volume: 154
2025,GU7 1,601000,153,South East,GU7 1<br>Avg. Price: 601K<br>Sales Volume: 153
2025,GU7 2,587000,92,South East,GU7 2<br>Avg. Price: 587K<br>Sales Volume: 92
2025,GU7 3,492000,121,South East,GU7 3<br>Avg. Price: 492K<br>Sales Volume: 121
2025,GU8 4,1165000,65,South East,"GU8 4<br>Avg. Price: 1,165K<br>Sales Volume: 65"
2025,GU8 5,649000,103,South East,GU8 5<br>Avg. Price: 649K<br>Sales Volume: 103
2025,GU8 6,814000,34,South East,GU8 6<br>Avg. Price: 814K<br>Sales Volume: 34
2025,GU9 0,538000,119,South East,GU9 0<br>Avg. Price: 538K<br>Sales Volume: 119
2025,GU9 7,501000,118,South East,GU9 7<br>Avg. Price: 501K<br>Sales Volume: 118
2025,GU9 8,756000,132,South East,GU9 8<br>Avg. Price: 756K<br>Sales Volume: 132
2025,GU9 9,452000,106,South East,GU9 9<br>Avg. Price: 452K<br>Sales Volume: 106
2025,HA0 1,488000,177,Greater London,HA0 1<br>Avg. Price: 488K<br>Sales Volume: 177
2025,HA0 2,472000,83,Greater London,HA0 2<br>Avg. Price: 472K<br>Sales Volume: 83
2025,HA0 3,550000,72,Greater London,HA0 3<br>Avg. Price: 550K<br>Sales Volume: 72
2025,HA0 4,538000,47,Greater London,HA0 4<br>Avg. Price: 538K<br>Sales Volume: 47
2025,HA1 1,441000,63,Greater London,HA1 1<br>Avg. Price: 441K<br>Sales Volume: 63
2025,HA1 2,384000,126,Greater London,HA1 2<br>Avg. Price: 384K<br>Sales Volume: 126
2025,HA1 3,583000,70,Greater London,HA1 3<br>Avg. Price: 583K<br>Sales Volume: 70
2025,HA1 4,463000,145,Greater London,HA1 4<br>Avg. Price: 463K<br>Sales Volume: 145
2025,HA2 0,449000,94,Greater London,HA2 0<br>Avg. Price: 449K<br>Sales Volume: 94
2025,HA2 6,607000,47,Greater London,HA2 6<br>Avg. Price: 607K<br>Sales Volume: 47
2025,HA2 7,605000,64,Greater London,HA2 7<br>Avg. Price: 605K<br>Sales Volume: 64
2025,HA2 8,444000,99,Greater London,HA2 8<br>Avg. Price: 444K<br>Sales Volume: 99
2025,HA2 9,510000,93,Greater London,HA2 9<br>Avg. Price: 510K<br>Sales Volume: 93
2025,HA3 0,612000,70,Greater London,HA3 0<br>Avg. Price: 612K<br>Sales Volume: 70
2025,HA3 5,420000,79,Greater London,HA3 5<br>Avg. Price: 420K<br>Sales Volume: 79
2025,HA3 6,567000,66,Greater London,HA3 6<br>Avg. Price: 567K<br>Sales Volume: 66
2025,HA3 7,473000,88,Greater London,HA3 7<br>Avg. Price: 473K<br>Sales Volume: 88
2025,HA3 8,590000,69,Greater London,HA3 8<br>Avg. Price: 590K<br>Sales Volume: 69
2025,HA3 9,501000,62,Greater London,HA3 9<br>Avg. Price: 501K<br>Sales Volume: 62
2025,HA4 0,527000,121,Greater London,HA4 0<br>Avg. Price: 527K<br>Sales Volume: 121
2025,HA4 6,496000,131,Greater London,HA4 6<br>Avg. Price: 496K<br>Sales Volume: 131
2025,HA4 7,657000,103,Greater London,HA4 7<br>Avg. Price: 657K<br>Sales Volume: 103
2025,HA4 8,620000,115,Greater London,HA4 8<br>Avg. Price: 620K<br>Sales Volume: 115
2025,HA4 9,551000,125,Greater London,HA4 9<br>Avg. Price: 551K<br>Sales Volume: 125
2025,HA5 1,730000,75,Greater London,HA5 1<br>Avg. Price: 730K<br>Sales Volume: 75
2025,HA5 2,636000,102,Greater London,HA5 2<br>Avg. Price: 636K<br>Sales Volume: 102
2025,HA5 3,829000,95,Greater London,HA5 3<br>Avg. Price: 829K<br>Sales Volume: 95
2025,HA5 4,672000,74,Greater London,HA5 4<br>Avg. Price: 672K<br>Sales Volume: 74
2025,HA5 5,719000,60,Greater London,HA5 5<br>Avg. Price: 719K<br>Sales Volume: 60
2025,HA6 1,644000,89,Greater London,HA6 1<br>Avg. Price: 644K<br>Sales Volume: 89
2025,HA6 2,848000,89,Greater London,HA6 2<br>Avg. Price: 848K<br>Sales Volume: 89
2025,HA6 3,960000,60,Greater London,HA6 3<br>Avg. Price: 960K<br>Sales Volume: 60
2025,HA7 1,490000,63,Greater London,HA7 1<br>Avg. Price: 490K<br>Sales Volume: 63
2025,HA7 2,619000,72,Greater London,HA7 2<br>Avg. Price: 619K<br>Sales Volume: 72
2025,HA7 3,796000,75,Greater London,HA7 3<br>Avg. Price: 796K<br>Sales Volume: 75
2025,HA7 4,613000,104,Greater London,HA7 4<br>Avg. Price: 613K<br>Sales Volume: 104
2025,HA8 0,398000,70,Greater London,HA8 0<br>Avg. Price: 398K<br>Sales Volume: 70
2025,HA8 5,482000,68,Greater London,HA8 5<br>Avg. Price: 482K<br>Sales Volume: 68
2025,HA8 6,536000,67,Greater London,HA8 6<br>Avg. Price: 536K<br>Sales Volume: 67
2025,HA8 7,580000,29,Greater London,HA8 7<br>Avg. Price: 580K<br>Sales Volume: 29
2025,HA8 8,566000,122,Greater London,HA8 8<br>Avg. Price: 566K<br>Sales Volume: 122
2025,HA8 9,576000,95,Greater London,HA8 9<br>Avg. Price: 576K<br>Sales Volume: 95
2025,HA9 0,499000,183,Greater London,HA9 0<br>Avg. Price: 499K<br>Sales Volume: 183
2025,HA9 6,484000,41,Greater London,HA9 6<br>Avg. Price: 484K<br>Sales Volume: 41
2025,HA9 7,485000,46,Greater London,HA9 7<br>Avg. Price: 485K<br>Sales Volume: 46
2025,HA9 8,493000,103,Greater London,HA9 8<br>Avg. Price: 493K<br>Sales Volume: 103
2025,HA9 9,580000,68,Greater London,HA9 9<br>Avg. Price: 580K<br>Sales Volume: 68
2025,HD1 1,120000,1,North England,HD1 1<br>Avg. Price: 120K<br>Sales Volume: 1
2025,HD1 3,112000,30,North England,HD1 3<br>Avg. Price: 112K<br>Sales Volume: 30
2025,HD1 4,173000,113,North England,HD1 4<br>Avg. Price: 173K<br>Sales Volume: 113
2025,HD1 5,210000,22,North England,HD1 5<br>Avg. Price: 210K<br>Sales Volume: 22
2025,HD1 6,112000,23,North England,HD1 6<br>Avg. Price: 112K<br>Sales Volume: 23
2025,HD2 1,184000,166,North England,HD2 1<br>Avg. Price: 184K<br>Sales Volume: 166
2025,HD2 2,313000,152,North England,HD2 2<br>Avg. Price: 313K<br>Sales Volume: 152
2025,HD3 2,270000,6,North England,HD3 2<br>Avg. Price: 270K<br>Sales Volume: 6
2025,HD3 3,242000,238,North England,HD3 3<br>Avg. Price: 242K<br>Sales Volume: 238
2025,HD3 4,177000,198,North England,HD3 4<br>Avg. Price: 177K<br>Sales Volume: 198
2025,HD4 5,157000,141,North England,HD4 5<br>Avg. Price: 157K<br>Sales Volume: 141
2025,HD4 6,166000,91,North England,HD4 6<br>Avg. Price: 166K<br>Sales Volume: 91
2025,HD4 7,290000,106,North England,HD4 7<br>Avg. Price: 290K<br>Sales Volume: 106
2025,HD5 0,230000,88,North England,HD5 0<br>Avg. Price: 230K<br>Sales Volume: 88
2025,HD5 8,191000,151,North England,HD5 8<br>Avg. Price: 191K<br>Sales Volume: 151
2025,HD5 9,176000,117,North England,HD5 9<br>Avg. Price: 176K<br>Sales Volume: 117
2025,HD6 1,151000,55,North England,HD6 1<br>Avg. Price: 151K<br>Sales Volume: 55
2025,HD6 2,234000,115,North England,HD6 2<br>Avg. Price: 234K<br>Sales Volume: 115
2025,HD6 3,224000,183,North England,HD6 3<br>Avg. Price: 224K<br>Sales Volume: 183
2025,HD6 4,209000,94,North England,HD6 4<br>Avg. Price: 209K<br>Sales Volume: 94
2025,HD7 3,762000,1,North England,HD7 3<br>Avg. Price: 762K<br>Sales Volume: 1
2025,HD7 4,225000,118,North England,HD7 4<br>Avg. Price: 225K<br>Sales Volume: 118
2025,HD7 5,248000,170,North England,HD7 5<br>Avg. Price: 248K<br>Sales Volume: 170
2025,HD7 6,276000,63,North England,HD7 6<br>Avg. Price: 276K<br>Sales Volume: 63
2025,HD8 0,284000,167,North England,HD8 0<br>Avg. Price: 284K<br>Sales Volume: 167
2025,HD8 8,335000,167,North England,HD8 8<br>Avg. Price: 335K<br>Sales Volume: 167
2025,HD8 9,292000,202,North England,HD8 9<br>Avg. Price: 292K<br>Sales Volume: 202
2025,HD9 1,294000,109,North England,HD9 1<br>Avg. Price: 294K<br>Sales Volume: 109
2025,HD9 2,339000,77,North England,HD9 2<br>Avg. Price: 339K<br>Sales Volume: 77
2025,HD9 3,377000,62,North England,HD9 3<br>Avg. Price: 377K<br>Sales Volume: 62
2025,HD9 4,333000,37,North England,HD9 4<br>Avg. Price: 333K<br>Sales Volume: 37
2025,HD9 5,268000,88,North England,HD9 5<br>Avg. Price: 268K<br>Sales Volume: 88
2025,HD9 6,293000,117,North England,HD9 6<br>Avg. Price: 293K<br>Sales Volume: 117
2025,HD9 7,298000,94,North England,HD9 7<br>Avg. Price: 298K<br>Sales Volume: 94
2025,HG1 1,336000,28,North England,HG1 1<br>Avg. Price: 336K<br>Sales Volume: 28
2025,HG1 2,408000,143,North England,HG1 2<br>Avg. Price: 408K<br>Sales Volume: 143
2025,HG1 3,295000,89,North England,HG1 3<br>Avg. Price: 295K<br>Sales Volume: 89
2025,HG1 4,278000,244,North England,HG1 4<br>Avg. Price: 278K<br>Sales Volume: 244
2025,HG1 5,377000,142,North England,HG1 5<br>Avg. Price: 377K<br>Sales Volume: 142
2025,HG2 0,378000,163,North England,HG2 0<br>Avg. Price: 378K<br>Sales Volume: 163
2025,HG2 7,289000,129,North England,HG2 7<br>Avg. Price: 289K<br>Sales Volume: 129
2025,HG2 8,558000,145,North England,HG2 8<br>Avg. Price: 558K<br>Sales Volume: 145
2025,HG2 9,689000,91,North England,HG2 9<br>Avg. Price: 689K<br>Sales Volume: 91
2025,HG3 1,633000,70,North England,HG3 1<br>Avg. Price: 633K<br>Sales Volume: 70
2025,HG3 2,376000,192,North England,HG3 2<br>Avg. Price: 376K<br>Sales Volume: 192
2025,HG3 3,628000,51,North England,HG3 3<br>Avg. Price: 628K<br>Sales Volume: 51
2025,HG3 4,388000,21,North England,HG3 4<br>Avg. Price: 388K<br>Sales Volume: 21
2025,HG3 5,364000,47,North England,HG3 5<br>Avg. Price: 364K<br>Sales Volume: 47
2025,HG4 1,281000,117,North England,HG4 1<br>Avg. Price: 281K<br>Sales Volume: 117
2025,HG4 2,321000,106,North England,HG4 2<br>Avg. Price: 321K<br>Sales Volume: 106
2025,HG4 3,553000,29,North England,HG4 3<br>Avg. Price: 553K<br>Sales Volume: 29
2025,HG4 4,415000,25,North England,HG4 4<br>Avg. Price: 415K<br>Sales Volume: 25
2025,HG4 5,470000,24,North England,HG4 5<br>Avg. Price: 470K<br>Sales Volume: 24
2025,HG5 0,348000,170,North England,HG5 0<br>Avg. Price: 348K<br>Sales Volume: 170
2025,HG5 8,407000,66,North England,HG5 8<br>Avg. Price: 407K<br>Sales Volume: 66
2025,HG5 9,473000,79,North England,HG5 9<br>Avg. Price: 473K<br>Sales Volume: 79
2025,HP1 1,461000,140,South East,HP1 1<br>Avg. Price: 461K<br>Sales Volume: 140
2025,HP1 2,445000,114,South East,HP1 2<br>Avg. Price: 445K<br>Sales Volume: 114
2025,HP1 3,447000,99,South East,HP1 3<br>Avg. Price: 447K<br>Sales Volume: 99
2025,HP10 0,533000,92,South East,HP10 0<br>Avg. Price: 533K<br>Sales Volume: 92
2025,HP10 8,1125000,68,South East,"HP10 8<br>Avg. Price: 1,125K<br>Sales Volume: 68"
2025,HP10 9,526000,157,South East,HP10 9<br>Avg. Price: 526K<br>Sales Volume: 157
2025,HP11 1,422000,162,South East,HP11 1<br>Avg. Price: 422K<br>Sales Volume: 162
2025,HP11 2,338000,83,South East,HP11 2<br>Avg. Price: 338K<br>Sales Volume: 83
2025,HP12 3,308000,102,South East,HP12 3<br>Avg. Price: 308K<br>Sales Volume: 102
2025,HP12 4,412000,130,South East,HP12 4<br>Avg. Price: 412K<br>Sales Volume: 130
2025,HP13 5,409000,204,South East,HP13 5<br>Avg. Price: 409K<br>Sales Volume: 204
2025,HP13 6,383000,130,South East,HP13 6<br>Avg. Price: 383K<br>Sales Volume: 130
2025,HP13 7,369000,192,South East,HP13 7<br>Avg. Price: 369K<br>Sales Volume: 192
2025,HP14 3,450000,116,South East,HP14 3<br>Avg. Price: 450K<br>Sales Volume: 116
2025,HP14 4,661000,97,South East,HP14 4<br>Avg. Price: 661K<br>Sales Volume: 97
2025,HP15 6,632000,109,South East,HP15 6<br>Avg. Price: 632K<br>Sales Volume: 109
2025,HP15 7,521000,124,South East,HP15 7<br>Avg. Price: 521K<br>Sales Volume: 124
2025,HP16 0,699000,94,South East,HP16 0<br>Avg. Price: 699K<br>Sales Volume: 94
2025,HP16 9,862000,50,South East,HP16 9<br>Avg. Price: 862K<br>Sales Volume: 50
2025,HP17 0,737000,16,South East,HP17 0<br>Avg. Price: 737K<br>Sales Volume: 16
2025,HP17 8,564000,172,South East,HP17 8<br>Avg. Price: 564K<br>Sales Volume: 172
2025,HP17 9,634000,9,South East,HP17 9<br>Avg. Price: 634K<br>Sales Volume: 9
2025,HP18 0,433000,148,South East,HP18 0<br>Avg. Price: 433K<br>Sales Volume: 148
2025,HP18 1,290000,40,South East,HP18 1<br>Avg. Price: 290K<br>Sales Volume: 40
2025,HP18 9,587000,87,South East,HP18 9<br>Avg. Price: 587K<br>Sales Volume: 87
2025,HP19 0,370000,48,South East,HP19 0<br>Avg. Price: 370K<br>Sales Volume: 48
2025,HP19 7,294000,161,South East,HP19 7<br>Avg. Price: 294K<br>Sales Volume: 161
2025,HP19 8,285000,94,South East,HP19 8<br>Avg. Price: 285K<br>Sales Volume: 94
2025,HP19 9,301000,136,South East,HP19 9<br>Avg. Price: 301K<br>Sales Volume: 136
2025,HP2 4,421000,132,South East,HP2 4<br>Avg. Price: 421K<br>Sales Volume: 132
2025,HP2 5,368000,164,South East,HP2 5<br>Avg. Price: 368K<br>Sales Volume: 164
2025,HP2 6,353000,66,South East,HP2 6<br>Avg. Price: 353K<br>Sales Volume: 66
2025,HP2 7,362000,107,South East,HP2 7<br>Avg. Price: 362K<br>Sales Volume: 107
2025,HP20 1,346000,136,South East,HP20 1<br>Avg. Price: 346K<br>Sales Volume: 136
2025,HP20 2,274000,76,South East,HP20 2<br>Avg. Price: 274K<br>Sales Volume: 76
2025,HP21 7,360000,125,South East,HP21 7<br>Avg. Price: 360K<br>Sales Volume: 125
2025,HP21 8,277000,134,South East,HP21 8<br>Avg. Price: 277K<br>Sales Volume: 134
2025,HP21 9,363000,165,South East,HP21 9<br>Avg. Price: 363K<br>Sales Volume: 165
2025,HP22 0,603000,23,South East,HP22 0<br>Avg. Price: 603K<br>Sales Volume: 23
2025,HP22 3,440000,15,South East,HP22 3<br>Avg. Price: 440K<br>Sales Volume: 15
2025,HP22 4,566000,84,South East,HP22 4<br>Avg. Price: 566K<br>Sales Volume: 84
2025,HP22 5,545000,197,South East,HP22 5<br>Avg. Price: 545K<br>Sales Volume: 197
2025,HP22 6,612000,76,South East,HP22 6<br>Avg. Price: 612K<br>Sales Volume: 76
2025,HP22 7,437000,205,South East,HP22 7<br>Avg. Price: 437K<br>Sales Volume: 205
2025,HP23 4,641000,104,South East,HP23 4<br>Avg. Price: 641K<br>Sales Volume: 104
2025,HP23 5,610000,94,South East,HP23 5<br>Avg. Price: 610K<br>Sales Volume: 94
2025,HP23 6,647000,57,South East,HP23 6<br>Avg. Price: 647K<br>Sales Volume: 57
2025,HP27 0,570000,71,South East,HP27 0<br>Avg. Price: 570K<br>Sales Volume: 71
2025,HP27 9,592000,114,South East,HP27 9<br>Avg. Price: 592K<br>Sales Volume: 114
2025,HP3 0,712000,128,South East,HP3 0<br>Avg. Price: 712K<br>Sales Volume: 128
2025,HP3 8,561000,88,South East,HP3 8<br>Avg. Price: 561K<br>Sales Volume: 88
2025,HP3 9,382000,214,South East,HP3 9<br>Avg. Price: 382K<br>Sales Volume: 214
2025,HP4 1,702000,83,South East,HP4 1<br>Avg. Price: 702K<br>Sales Volume: 83
2025,HP4 2,707000,113,South East,HP4 2<br>Avg. Price: 707K<br>Sales Volume: 113
2025,HP4 3,783000,129,South East,HP4 3<br>Avg. Price: 783K<br>Sales Volume: 129
2025,HP5 1,437000,90,South East,HP5 1<br>Avg. Price: 437K<br>Sales Volume: 90
2025,HP5 2,547000,127,South East,HP5 2<br>Avg. Price: 547K<br>Sales Volume: 127
2025,HP5 3,526000,94,South East,HP5 3<br>Avg. Price: 526K<br>Sales Volume: 94
2025,HP6 5,837000,79,South East,HP6 5<br>Avg. Price: 837K<br>Sales Volume: 79
2025,HP6 6,758000,99,South East,HP6 6<br>Avg. Price: 758K<br>Sales Volume: 99
2025,HP7 0,704000,59,South East,HP7 0<br>Avg. Price: 704K<br>Sales Volume: 59
2025,HP7 9,655000,76,South East,HP7 9<br>Avg. Price: 655K<br>Sales Volume: 76
2025,HP8 4,943000,90,South East,HP8 4<br>Avg. Price: 943K<br>Sales Volume: 90
2025,HP9 1,1218000,134,South East,"HP9 1<br>Avg. Price: 1,218K<br>Sales Volume: 134"
2025,HP9 2,1193000,117,South East,"HP9 2<br>Avg. Price: 1,193K<br>Sales Volume: 117"
2025,HR1 1,325000,197,Midlands,HR1 1<br>Avg. Price: 325K<br>Sales Volume: 197
2025,HR1 2,254000,77,Midlands,HR1 2<br>Avg. Price: 254K<br>Sales Volume: 77
2025,HR1 3,397000,70,Midlands,HR1 3<br>Avg. Price: 397K<br>Sales Volume: 70
2025,HR1 4,381000,78,Midlands,HR1 4<br>Avg. Price: 381K<br>Sales Volume: 78
2025,HR2 0,360000,40,Midlands,HR2 0<br>Avg. Price: 360K<br>Sales Volume: 40
2025,HR2 6,272000,99,Midlands,HR2 6<br>Avg. Price: 272K<br>Sales Volume: 99
2025,HR2 7,231000,157,Midlands,HR2 7<br>Avg. Price: 231K<br>Sales Volume: 157
2025,HR2 8,472000,43,Midlands,HR2 8<br>Avg. Price: 472K<br>Sales Volume: 43
2025,HR2 9,346000,91,Midlands,HR2 9<br>Avg. Price: 346K<br>Sales Volume: 91
2025,HR3 5,358000,49,Midlands,HR3 5<br>Avg. Price: 358K<br>Sales Volume: 49
2025,HR3 6,377000,34,Midlands,HR3 6<br>Avg. Price: 377K<br>Sales Volume: 34
2025,HR4 0,272000,187,Midlands,HR4 0<br>Avg. Price: 272K<br>Sales Volume: 187
2025,HR4 7,387000,63,Midlands,HR4 7<br>Avg. Price: 387K<br>Sales Volume: 63
2025,HR4 8,384000,65,Midlands,HR4 8<br>Avg. Price: 384K<br>Sales Volume: 65
2025,HR4 9,232000,178,Midlands,HR4 9<br>Avg. Price: 232K<br>Sales Volume: 178
2025,HR5 3,300000,60,Midlands,HR5 3<br>Avg. Price: 300K<br>Sales Volume: 60
2025,HR6 0,461000,54,Midlands,HR6 0<br>Avg. Price: 461K<br>Sales Volume: 54
2025,HR6 8,231000,166,Midlands,HR6 8<br>Avg. Price: 231K<br>Sales Volume: 166
2025,HR6 9,374000,67,Midlands,HR6 9<br>Avg. Price: 374K<br>Sales Volume: 67
2025,HR7 4,312000,80,Midlands,HR7 4<br>Avg. Price: 312K<br>Sales Volume: 80
2025,HR8 1,362000,89,Midlands,HR8 1<br>Avg. Price: 362K<br>Sales Volume: 89
2025,HR8 2,329000,175,Midlands,HR8 2<br>Avg. Price: 329K<br>Sales Volume: 175
2025,HR9 5,306000,97,Midlands,HR9 5<br>Avg. Price: 306K<br>Sales Volume: 97
2025,HR9 6,475000,63,Midlands,HR9 6<br>Avg. Price: 475K<br>Sales Volume: 63
2025,HR9 7,341000,173,Midlands,HR9 7<br>Avg. Price: 341K<br>Sales Volume: 173
2025,HU1 1,133000,32,North England,HU1 1<br>Avg. Price: 133K<br>Sales Volume: 32
2025,HU1 2,138000,27,North England,HU1 2<br>Avg. Price: 138K<br>Sales Volume: 27
2025,HU1 3,141000,19,North England,HU1 3<br>Avg. Price: 141K<br>Sales Volume: 19
2025,HU10 6,220000,174,North England,HU10 6<br>Avg. Price: 220K<br>Sales Volume: 174
2025,HU10 7,315000,170,North England,HU10 7<br>Avg. Price: 315K<br>Sales Volume: 170
2025,HU11 4,228000,104,North England,HU11 4<br>Avg. Price: 228K<br>Sales Volume: 104
2025,HU11 5,279000,47,North England,HU11 5<br>Avg. Price: 279K<br>Sales Volume: 47
2025,HU12 0,248000,80,North England,HU12 0<br>Avg. Price: 248K<br>Sales Volume: 80
2025,HU12 8,194000,190,North England,HU12 8<br>Avg. Price: 194K<br>Sales Volume: 190
2025,HU12 9,209000,137,North England,HU12 9<br>Avg. Price: 209K<br>Sales Volume: 137
2025,HU13 0,271000,174,North England,HU13 0<br>Avg. Price: 271K<br>Sales Volume: 174
2025,HU13 9,163000,113,North England,HU13 9<br>Avg. Price: 163K<br>Sales Volume: 113
2025,HU14 3,377000,144,North England,HU14 3<br>Avg. Price: 377K<br>Sales Volume: 144
2025,HU15 1,280000,283,North England,HU15 1<br>Avg. Price: 280K<br>Sales Volume: 283
2025,HU15 2,282000,170,North England,HU15 2<br>Avg. Price: 282K<br>Sales Volume: 170
2025,HU16 4,237000,126,North England,HU16 4<br>Avg. Price: 237K<br>Sales Volume: 126
2025,HU16 5,277000,151,North England,HU16 5<br>Avg. Price: 277K<br>Sales Volume: 151
2025,HU17 0,227000,286,North England,HU17 0<br>Avg. Price: 227K<br>Sales Volume: 286
2025,HU17 5,270000,58,North England,HU17 5<br>Avg. Price: 270K<br>Sales Volume: 58
2025,HU17 7,327000,139,North England,HU17 7<br>Avg. Price: 327K<br>Sales Volume: 139
2025,HU17 8,343000,163,North England,HU17 8<br>Avg. Price: 343K<br>Sales Volume: 163
2025,HU17 9,237000,136,North England,HU17 9<br>Avg. Price: 237K<br>Sales Volume: 136
2025,HU18 1,224000,183,North England,HU18 1<br>Avg. Price: 224K<br>Sales Volume: 183
2025,HU19 2,160000,140,North England,HU19 2<br>Avg. Price: 160K<br>Sales Volume: 140
2025,HU2 0,111000,7,North England,HU2 0<br>Avg. Price: 111K<br>Sales Volume: 7
2025,HU2 8,90000,23,North England,HU2 8<br>Avg. Price: 90K<br>Sales Volume: 23
2025,HU2 9,108000,7,North England,HU2 9<br>Avg. Price: 108K<br>Sales Volume: 7
2025,HU20 3,378000,5,North England,HU20 3<br>Avg. Price: 378K<br>Sales Volume: 5
2025,HU3 1,111000,40,North England,HU3 1<br>Avg. Price: 111K<br>Sales Volume: 40
2025,HU3 2,96000,43,North England,HU3 2<br>Avg. Price: 96K<br>Sales Volume: 43
2025,HU3 3,78000,54,North England,HU3 3<br>Avg. Price: 78K<br>Sales Volume: 54
2025,HU3 4,80000,2,North England,HU3 4<br>Avg. Price: 80K<br>Sales Volume: 2
2025,HU3 5,158000,42,North England,HU3 5<br>Avg. Price: 158K<br>Sales Volume: 42
2025,HU3 6,115000,134,North England,HU3 6<br>Avg. Price: 115K<br>Sales Volume: 134
2025,HU4 6,156000,192,North England,HU4 6<br>Avg. Price: 156K<br>Sales Volume: 192
2025,HU4 7,163000,137,North England,HU4 7<br>Avg. Price: 163K<br>Sales Volume: 137
2025,HU5 1,106000,80,North England,HU5 1<br>Avg. Price: 106K<br>Sales Volume: 80
2025,HU5 2,123000,127,North England,HU5 2<br>Avg. Price: 123K<br>Sales Volume: 127
2025,HU5 3,152000,185,North England,HU5 3<br>Avg. Price: 152K<br>Sales Volume: 185
2025,HU5 4,175000,118,North England,HU5 4<br>Avg. Price: 175K<br>Sales Volume: 118
2025,HU5 5,135000,289,North England,HU5 5<br>Avg. Price: 135K<br>Sales Volume: 289
2025,HU6 0,300000,7,North England,HU6 0<br>Avg. Price: 300K<br>Sales Volume: 7
2025,HU6 7,147000,181,North England,HU6 7<br>Avg. Price: 147K<br>Sales Volume: 181
2025,HU6 8,127000,83,North England,HU6 8<br>Avg. Price: 127K<br>Sales Volume: 83
2025,HU6 9,108000,56,North England,HU6 9<br>Avg. Price: 108K<br>Sales Volume: 56
2025,HU7 0,121000,23,North England,HU7 0<br>Avg. Price: 121K<br>Sales Volume: 23
2025,HU7 3,195000,388,North England,HU7 3<br>Avg. Price: 195K<br>Sales Volume: 388
2025,HU7 4,144000,187,North England,HU7 4<br>Avg. Price: 144K<br>Sales Volume: 187
2025,HU7 5,167000,26,North England,HU7 5<br>Avg. Price: 167K<br>Sales Volume: 26
2025,HU7 6,126000,51,North England,HU7 6<br>Avg. Price: 126K<br>Sales Volume: 51
2025,HU8 0,178000,98,North England,HU8 0<br>Avg. Price: 178K<br>Sales Volume: 98
2025,HU8 7,105000,22,North England,HU8 7<br>Avg. Price: 105K<br>Sales Volume: 22
2025,HU8 8,132000,134,North England,HU8 8<br>Avg. Price: 132K<br>Sales Volume: 134
2025,HU8 9,145000,183,North England,HU8 9<br>Avg. Price: 145K<br>Sales Volume: 183
2025,HU9 1,140000,80,North England,HU9 1<br>Avg. Price: 140K<br>Sales Volume: 80
2025,HU9 2,81000,104,North England,HU9 2<br>Avg. Price: 81K<br>Sales Volume: 104
2025,HU9 3,132000,102,North England,HU9 3<br>Avg. Price: 132K<br>Sales Volume: 102
2025,HU9 4,130000,112,North England,HU9 4<br>Avg. Price: 130K<br>Sales Volume: 112
2025,HU9 5,157000,111,North England,HU9 5<br>Avg. Price: 157K<br>Sales Volume: 111
2025,HX1 1,90000,7,North England,HX1 1<br>Avg. Price: 90K<br>Sales Volume: 7
2025,HX1 2,170000,79,North England,HX1 2<br>Avg. Price: 170K<br>Sales Volume: 79
2025,HX1 3,116000,82,North England,HX1 3<br>Avg. Price: 116K<br>Sales Volume: 82
2025,HX1 4,83000,56,North England,HX1 4<br>Avg. Price: 83K<br>Sales Volume: 56
2025,HX1 5,86000,18,North England,HX1 5<br>Avg. Price: 86K<br>Sales Volume: 18
2025,HX2 0,172000,140,North England,HX2 0<br>Avg. Price: 172K<br>Sales Volume: 140
2025,HX2 6,201000,62,North England,HX2 6<br>Avg. Price: 201K<br>Sales Volume: 62
2025,HX2 7,276000,97,North England,HX2 7<br>Avg. Price: 276K<br>Sales Volume: 97
2025,HX2 8,153000,93,North England,HX2 8<br>Avg. Price: 153K<br>Sales Volume: 93
2025,HX2 9,188000,118,North England,HX2 9<br>Avg. Price: 188K<br>Sales Volume: 118
2025,HX3 0,277000,130,North England,HX3 0<br>Avg. Price: 277K<br>Sales Volume: 130
2025,HX3 5,144000,91,North England,HX3 5<br>Avg. Price: 144K<br>Sales Volume: 91
2025,HX3 6,159000,102,North England,HX3 6<br>Avg. Price: 159K<br>Sales Volume: 102
2025,HX3 7,260000,169,North England,HX3 7<br>Avg. Price: 260K<br>Sales Volume: 169
2025,HX3 8,305000,109,North England,HX3 8<br>Avg. Price: 305K<br>Sales Volume: 109
2025,HX3 9,175000,128,North England,HX3 9<br>Avg. Price: 175K<br>Sales Volume: 128
2025,HX4 0,400000,25,North England,HX4 0<br>Avg. Price: 400K<br>Sales Volume: 25
2025,HX4 8,274000,103,North England,HX4 8<br>Avg. Price: 274K<br>Sales Volume: 103
2025,HX4 9,245000,78,North England,HX4 9<br>Avg. Price: 245K<br>Sales Volume: 78
2025,HX5 0,214000,75,North England,HX5 0<br>Avg. Price: 214K<br>Sales Volume: 75
2025,HX5 9,194000,58,North England,HX5 9<br>Avg. Price: 194K<br>Sales Volume: 58
2025,HX6 1,229000,59,North England,HX6 1<br>Avg. Price: 229K<br>Sales Volume: 59
2025,HX6 2,188000,128,North England,HX6 2<br>Avg. Price: 188K<br>Sales Volume: 128
2025,HX6 3,232000,66,North England,HX6 3<br>Avg. Price: 232K<br>Sales Volume: 66
2025,HX6 4,291000,83,North England,HX6 4<br>Avg. Price: 291K<br>Sales Volume: 83
2025,HX7 5,260000,83,North England,HX7 5<br>Avg. Price: 260K<br>Sales Volume: 83
2025,HX7 6,259000,57,North England,HX7 6<br>Avg. Price: 259K<br>Sales Volume: 57
2025,HX7 7,350000,49,North England,HX7 7<br>Avg. Price: 350K<br>Sales Volume: 49
2025,HX7 8,288000,66,North England,HX7 8<br>Avg. Price: 288K<br>Sales Volume: 66
2025,IG1 1,392000,77,Greater London,IG1 1<br>Avg. Price: 392K<br>Sales Volume: 77
2025,IG1 2,404000,100,Greater London,IG1 2<br>Avg. Price: 404K<br>Sales Volume: 100
2025,IG1 3,515000,107,Greater London,IG1 3<br>Avg. Price: 515K<br>Sales Volume: 107
2025,IG1 4,467000,61,Greater London,IG1 4<br>Avg. Price: 467K<br>Sales Volume: 61
2025,IG10 1,771000,118,Greater London,IG10 1<br>Avg. Price: 771K<br>Sales Volume: 118
2025,IG10 2,504000,114,Greater London,IG10 2<br>Avg. Price: 504K<br>Sales Volume: 114
2025,IG10 3,490000,187,Greater London,IG10 3<br>Avg. Price: 490K<br>Sales Volume: 187
2025,IG10 4,828000,67,Greater London,IG10 4<br>Avg. Price: 828K<br>Sales Volume: 67
2025,IG11 0,318000,96,Greater London,IG11 0<br>Avg. Price: 318K<br>Sales Volume: 96
2025,IG11 7,327000,106,Greater London,IG11 7<br>Avg. Price: 327K<br>Sales Volume: 106
2025,IG11 8,266000,68,Greater London,IG11 8<br>Avg. Price: 266K<br>Sales Volume: 68
2025,IG11 9,465000,133,Greater London,IG11 9<br>Avg. Price: 465K<br>Sales Volume: 133
2025,IG2 6,493000,80,Greater London,IG2 6<br>Avg. Price: 493K<br>Sales Volume: 80
2025,IG2 7,403000,93,Greater London,IG2 7<br>Avg. Price: 403K<br>Sales Volume: 93
2025,IG3 8,445000,117,Greater London,IG3 8<br>Avg. Price: 445K<br>Sales Volume: 117
2025,IG3 9,518000,139,Greater London,IG3 9<br>Avg. Price: 518K<br>Sales Volume: 139
2025,IG4 5,553000,72,Greater London,IG4 5<br>Avg. Price: 553K<br>Sales Volume: 72
2025,IG5 0,579000,121,Greater London,IG5 0<br>Avg. Price: 579K<br>Sales Volume: 121
2025,IG6 1,507000,95,Greater London,IG6 1<br>Avg. Price: 507K<br>Sales Volume: 95
2025,IG6 2,478000,142,Greater London,IG6 2<br>Avg. Price: 478K<br>Sales Volume: 142
2025,IG6 3,442000,80,Greater London,IG6 3<br>Avg. Price: 442K<br>Sales Volume: 80
2025,IG7 4,401000,104,Greater London,IG7 4<br>Avg. Price: 401K<br>Sales Volume: 104
2025,IG7 5,805000,104,Greater London,IG7 5<br>Avg. Price: 805K<br>Sales Volume: 104
2025,IG7 6,743000,40,Greater London,IG7 6<br>Avg. Price: 743K<br>Sales Volume: 40
2025,IG8 0,892000,84,Greater London,IG8 0<br>Avg. Price: 892K<br>Sales Volume: 84
2025,IG8 7,576000,95,Greater London,IG8 7<br>Avg. Price: 576K<br>Sales Volume: 95
2025,IG8 8,537000,103,Greater London,IG8 8<br>Avg. Price: 537K<br>Sales Volume: 103
2025,IG8 9,674000,129,Greater London,IG8 9<br>Avg. Price: 674K<br>Sales Volume: 129
2025,IG9 5,664000,124,Greater London,IG9 5<br>Avg. Price: 664K<br>Sales Volume: 124
2025,IG9 6,556000,69,Greater London,IG9 6<br>Avg. Price: 556K<br>Sales Volume: 69
2025,IP1 1,148000,21,Midlands,IP1 1<br>Avg. Price: 148K<br>Sales Volume: 21
2025,IP1 2,168000,56,Midlands,IP1 2<br>Avg. Price: 168K<br>Sales Volume: 56
2025,IP1 3,312000,56,Midlands,IP1 3<br>Avg. Price: 312K<br>Sales Volume: 56
2025,IP1 4,244000,134,Midlands,IP1 4<br>Avg. Price: 244K<br>Sales Volume: 134
2025,IP1 5,207000,107,Midlands,IP1 5<br>Avg. Price: 207K<br>Sales Volume: 107
2025,IP1 6,279000,125,Midlands,IP1 6<br>Avg. Price: 279K<br>Sales Volume: 125
2025,IP10 0,535000,43,Midlands,IP10 0<br>Avg. Price: 535K<br>Sales Volume: 43
2025,IP11 0,277000,79,Midlands,IP11 0<br>Avg. Price: 277K<br>Sales Volume: 79
2025,IP11 2,254000,99,Midlands,IP11 2<br>Avg. Price: 254K<br>Sales Volume: 99
2025,IP11 6,310000,12,Midlands,IP11 6<br>Avg. Price: 310K<br>Sales Volume: 12
2025,IP11 7,353000,115,Midlands,IP11 7<br>Avg. Price: 353K<br>Sales Volume: 115
2025,IP11 9,339000,171,Midlands,IP11 9<br>Avg. Price: 339K<br>Sales Volume: 171
2025,IP12 1,393000,142,Midlands,IP12 1<br>Avg. Price: 393K<br>Sales Volume: 142
2025,IP12 2,373000,88,Midlands,IP12 2<br>Avg. Price: 373K<br>Sales Volume: 88
2025,IP12 3,395000,58,Midlands,IP12 3<br>Avg. Price: 395K<br>Sales Volume: 58
2025,IP12 4,462000,118,Midlands,IP12 4<br>Avg. Price: 462K<br>Sales Volume: 118
2025,IP13 0,365000,75,Midlands,IP13 0<br>Avg. Price: 365K<br>Sales Volume: 75
2025,IP13 6,556000,65,Midlands,IP13 6<br>Avg. Price: 556K<br>Sales Volume: 65
2025,IP13 7,416000,43,Midlands,IP13 7<br>Avg. Price: 416K<br>Sales Volume: 43
2025,IP13 8,352000,28,Midlands,IP13 8<br>Avg. Price: 352K<br>Sales Volume: 28
2025,IP13 9,407000,66,Midlands,IP13 9<br>Avg. Price: 407K<br>Sales Volume: 66
2025,IP14 1,276000,241,Midlands,IP14 1<br>Avg. Price: 276K<br>Sales Volume: 241
2025,IP14 2,275000,99,Midlands,IP14 2<br>Avg. Price: 275K<br>Sales Volume: 99
2025,IP14 3,371000,59,Midlands,IP14 3<br>Avg. Price: 371K<br>Sales Volume: 59
2025,IP14 4,341000,130,Midlands,IP14 4<br>Avg. Price: 341K<br>Sales Volume: 130
2025,IP14 5,296000,158,Midlands,IP14 5<br>Avg. Price: 296K<br>Sales Volume: 158
2025,IP14 6,380000,66,Midlands,IP14 6<br>Avg. Price: 380K<br>Sales Volume: 66
2025,IP15 5,732000,52,Midlands,IP15 5<br>Avg. Price: 732K<br>Sales Volume: 52
2025,IP16 4,284000,114,Midlands,IP16 4<br>Avg. Price: 284K<br>Sales Volume: 114
2025,IP17 1,340000,122,Midlands,IP17 1<br>Avg. Price: 340K<br>Sales Volume: 122
2025,IP17 2,474000,38,Midlands,IP17 2<br>Avg. Price: 474K<br>Sales Volume: 38
2025,IP17 3,436000,41,Midlands,IP17 3<br>Avg. Price: 436K<br>Sales Volume: 41
2025,IP18 6,576000,81,Midlands,IP18 6<br>Avg. Price: 576K<br>Sales Volume: 81
2025,IP19 0,419000,22,Midlands,IP19 0<br>Avg. Price: 419K<br>Sales Volume: 22
2025,IP19 8,309000,133,Midlands,IP19 8<br>Avg. Price: 309K<br>Sales Volume: 133
2025,IP19 9,392000,26,Midlands,IP19 9<br>Avg. Price: 392K<br>Sales Volume: 26
2025,IP2 0,208000,98,Midlands,IP2 0<br>Avg. Price: 208K<br>Sales Volume: 98
2025,IP2 8,182000,101,Midlands,IP2 8<br>Avg. Price: 182K<br>Sales Volume: 101
2025,IP2 9,251000,129,Midlands,IP2 9<br>Avg. Price: 251K<br>Sales Volume: 129
2025,IP20 0,350000,22,Midlands,IP20 0<br>Avg. Price: 350K<br>Sales Volume: 22
2025,IP20 9,314000,98,Midlands,IP20 9<br>Avg. Price: 314K<br>Sales Volume: 98
2025,IP21 4,326000,74,Midlands,IP21 4<br>Avg. Price: 326K<br>Sales Volume: 74
2025,IP21 5,442000,52,Midlands,IP21 5<br>Avg. Price: 442K<br>Sales Volume: 52
2025,IP22 1,425000,85,Midlands,IP22 1<br>Avg. Price: 425K<br>Sales Volume: 85
2025,IP22 2,385000,71,Midlands,IP22 2<br>Avg. Price: 385K<br>Sales Volume: 71
2025,IP22 4,278000,134,Midlands,IP22 4<br>Avg. Price: 278K<br>Sales Volume: 134
2025,IP22 5,323000,26,Midlands,IP22 5<br>Avg. Price: 323K<br>Sales Volume: 26
2025,IP23 7,391000,67,Midlands,IP23 7<br>Avg. Price: 391K<br>Sales Volume: 67
2025,IP23 8,434000,32,Midlands,IP23 8<br>Avg. Price: 434K<br>Sales Volume: 32
2025,IP24 1,244000,115,Midlands,IP24 1<br>Avg. Price: 244K<br>Sales Volume: 115
2025,IP24 2,244000,164,Midlands,IP24 2<br>Avg. Price: 244K<br>Sales Volume: 164
2025,IP24 3,212000,61,Midlands,IP24 3<br>Avg. Price: 212K<br>Sales Volume: 61
2025,IP25 5,304000,5,Midlands,IP25 5<br>Avg. Price: 304K<br>Sales Volume: 5
2025,IP25 6,254000,213,Midlands,IP25 6<br>Avg. Price: 254K<br>Sales Volume: 213
2025,IP25 7,305000,88,Midlands,IP25 7<br>Avg. Price: 305K<br>Sales Volume: 88
2025,IP26 4,297000,101,Midlands,IP26 4<br>Avg. Price: 297K<br>Sales Volume: 101
2025,IP26 5,328000,49,Midlands,IP26 5<br>Avg. Price: 328K<br>Sales Volume: 49
2025,IP27 0,238000,201,Midlands,IP27 0<br>Avg. Price: 238K<br>Sales Volume: 201
2025,IP27 9,253000,104,Midlands,IP27 9<br>Avg. Price: 253K<br>Sales Volume: 104
2025,IP28 1,325000,16,Midlands,IP28 1<br>Avg. Price: 325K<br>Sales Volume: 16
2025,IP28 3,323000,11,Midlands,IP28 3<br>Avg. Price: 323K<br>Sales Volume: 11
2025,IP28 6,471000,57,Midlands,IP28 6<br>Avg. Price: 471K<br>Sales Volume: 57
2025,IP28 7,261000,140,Midlands,IP28 7<br>Avg. Price: 261K<br>Sales Volume: 140
2025,IP28 8,286000,212,Midlands,IP28 8<br>Avg. Price: 286K<br>Sales Volume: 212
2025,IP29 4,525000,47,Midlands,IP29 4<br>Avg. Price: 525K<br>Sales Volume: 47
2025,IP29 5,416000,67,Midlands,IP29 5<br>Avg. Price: 416K<br>Sales Volume: 67
2025,IP3 0,228000,105,Midlands,IP3 0<br>Avg. Price: 228K<br>Sales Volume: 105
2025,IP3 8,291000,180,Midlands,IP3 8<br>Avg. Price: 291K<br>Sales Volume: 180
2025,IP3 9,242000,146,Midlands,IP3 9<br>Avg. Price: 242K<br>Sales Volume: 146
2025,IP30 0,411000,64,Midlands,IP30 0<br>Avg. Price: 411K<br>Sales Volume: 64
2025,IP30 9,380000,169,Midlands,IP30 9<br>Avg. Price: 380K<br>Sales Volume: 169
2025,IP31 1,378000,45,Midlands,IP31 1<br>Avg. Price: 378K<br>Sales Volume: 45
2025,IP31 2,439000,99,Midlands,IP31 2<br>Avg. Price: 439K<br>Sales Volume: 99
2025,IP31 3,378000,139,Midlands,IP31 3<br>Avg. Price: 378K<br>Sales Volume: 139
2025,IP32 6,288000,129,Midlands,IP32 6<br>Avg. Price: 288K<br>Sales Volume: 129
2025,IP32 7,321000,139,Midlands,IP32 7<br>Avg. Price: 321K<br>Sales Volume: 139
2025,IP33 1,319000,113,Midlands,IP33 1<br>Avg. Price: 319K<br>Sales Volume: 113
2025,IP33 2,344000,131,Midlands,IP33 2<br>Avg. Price: 344K<br>Sales Volume: 131
2025,IP33 3,319000,193,Midlands,IP33 3<br>Avg. Price: 319K<br>Sales Volume: 193
2025,IP4 1,215000,66,Midlands,IP4 1<br>Avg. Price: 215K<br>Sales Volume: 66
2025,IP4 2,259000,128,Midlands,IP4 2<br>Avg. Price: 259K<br>Sales Volume: 128
2025,IP4 3,356000,49,Midlands,IP4 3<br>Avg. Price: 356K<br>Sales Volume: 49
2025,IP4 4,265000,116,Midlands,IP4 4<br>Avg. Price: 265K<br>Sales Volume: 116
2025,IP4 5,317000,145,Midlands,IP4 5<br>Avg. Price: 317K<br>Sales Volume: 145
2025,IP5 1,383000,67,Midlands,IP5 1<br>Avg. Price: 383K<br>Sales Volume: 67
2025,IP5 2,337000,138,Midlands,IP5 2<br>Avg. Price: 337K<br>Sales Volume: 138
2025,IP5 3,345000,53,Midlands,IP5 3<br>Avg. Price: 345K<br>Sales Volume: 53
2025,IP5 4,391000,13,Midlands,IP5 4<br>Avg. Price: 391K<br>Sales Volume: 13
2025,IP6 0,311000,125,Midlands,IP6 0<br>Avg. Price: 311K<br>Sales Volume: 125
2025,IP6 8,289000,152,Midlands,IP6 8<br>Avg. Price: 289K<br>Sales Volume: 152
2025,IP6 9,475000,64,Midlands,IP6 9<br>Avg. Price: 475K<br>Sales Volume: 64
2025,IP7 5,386000,78,Midlands,IP7 5<br>Avg. Price: 386K<br>Sales Volume: 78
2025,IP7 6,406000,87,Midlands,IP7 6<br>Avg. Price: 406K<br>Sales Volume: 87
2025,IP7 7,467000,37,Midlands,IP7 7<br>Avg. Price: 467K<br>Sales Volume: 37
2025,IP8 3,335000,106,Midlands,IP8 3<br>Avg. Price: 335K<br>Sales Volume: 106
2025,IP8 4,360000,76,Midlands,IP8 4<br>Avg. Price: 360K<br>Sales Volume: 76
2025,IP9 1,374000,68,Midlands,IP9 1<br>Avg. Price: 374K<br>Sales Volume: 68
2025,IP9 2,407000,74,Midlands,IP9 2<br>Avg. Price: 407K<br>Sales Volume: 74
2025,KT1 1,657000,14,Greater London,KT1 1<br>Avg. Price: 657K<br>Sales Volume: 14
2025,KT1 2,670000,114,Greater London,KT1 2<br>Avg. Price: 670K<br>Sales Volume: 114
2025,KT1 3,615000,99,Greater London,KT1 3<br>Avg. Price: 615K<br>Sales Volume: 99
2025,KT1 4,607000,45,Greater London,KT1 4<br>Avg. Price: 607K<br>Sales Volume: 45
2025,KT10 0,852000,127,Greater London,KT10 0<br>Avg. Price: 852K<br>Sales Volume: 127
2025,KT10 8,1151000,86,Greater London,"KT10 8<br>Avg. Price: 1,151K<br>Sales Volume: 86"
2025,KT10 9,1319000,69,Greater London,"KT10 9<br>Avg. Price: 1,319K<br>Sales Volume: 69"
2025,KT11 1,660000,69,Greater London,KT11 1<br>Avg. Price: 660K<br>Sales Volume: 69
2025,KT11 2,1534000,130,Greater London,"KT11 2<br>Avg. Price: 1,534K<br>Sales Volume: 130"
2025,KT11 3,872000,54,Greater London,KT11 3<br>Avg. Price: 872K<br>Sales Volume: 54
2025,KT12 1,606000,87,Greater London,KT12 1<br>Avg. Price: 606K<br>Sales Volume: 87
2025,KT12 2,560000,167,Greater London,KT12 2<br>Avg. Price: 560K<br>Sales Volume: 167
2025,KT12 3,647000,99,Greater London,KT12 3<br>Avg. Price: 647K<br>Sales Volume: 99
2025,KT12 4,562000,67,Greater London,KT12 4<br>Avg. Price: 562K<br>Sales Volume: 67
2025,KT12 5,842000,109,Greater London,KT12 5<br>Avg. Price: 842K<br>Sales Volume: 109
2025,KT13 0,725000,99,Greater London,KT13 0<br>Avg. Price: 725K<br>Sales Volume: 99
2025,KT13 8,636000,128,Greater London,KT13 8<br>Avg. Price: 636K<br>Sales Volume: 128
2025,KT13 9,685000,152,Greater London,KT13 9<br>Avg. Price: 685K<br>Sales Volume: 152
2025,KT14 6,589000,113,Greater London,KT14 6<br>Avg. Price: 589K<br>Sales Volume: 113
2025,KT14 7,437000,110,Greater London,KT14 7<br>Avg. Price: 437K<br>Sales Volume: 110
2025,KT15 1,448000,143,Greater London,KT15 1<br>Avg. Price: 448K<br>Sales Volume: 143
2025,KT15 2,386000,164,Greater London,KT15 2<br>Avg. Price: 386K<br>Sales Volume: 164
2025,KT15 3,587000,95,Greater London,KT15 3<br>Avg. Price: 587K<br>Sales Volume: 95
2025,KT16 0,675000,86,Greater London,KT16 0<br>Avg. Price: 675K<br>Sales Volume: 86
2025,KT16 8,443000,98,Greater London,KT16 8<br>Avg. Price: 443K<br>Sales Volume: 98
2025,KT16 9,429000,140,Greater London,KT16 9<br>Avg. Price: 429K<br>Sales Volume: 140
2025,KT17 1,477000,92,Greater London,KT17 1<br>Avg. Price: 477K<br>Sales Volume: 92
2025,KT17 2,648000,79,Greater London,KT17 2<br>Avg. Price: 648K<br>Sales Volume: 79
2025,KT17 3,921000,48,Greater London,KT17 3<br>Avg. Price: 921K<br>Sales Volume: 48
2025,KT17 4,524000,108,Greater London,KT17 4<br>Avg. Price: 524K<br>Sales Volume: 108
2025,KT18 5,531000,107,Greater London,KT18 5<br>Avg. Price: 531K<br>Sales Volume: 107
2025,KT18 6,742000,29,Greater London,KT18 6<br>Avg. Price: 742K<br>Sales Volume: 29
2025,KT18 7,654000,91,Greater London,KT18 7<br>Avg. Price: 654K<br>Sales Volume: 91
2025,KT19 0,590000,130,Greater London,KT19 0<br>Avg. Price: 590K<br>Sales Volume: 130
2025,KT19 7,667000,17,Greater London,KT19 7<br>Avg. Price: 667K<br>Sales Volume: 17
2025,KT19 8,538000,114,Greater London,KT19 8<br>Avg. Price: 538K<br>Sales Volume: 114
2025,KT19 9,484000,174,Greater London,KT19 9<br>Avg. Price: 484K<br>Sales Volume: 174
2025,KT2 5,745000,160,Greater London,KT2 5<br>Avg. Price: 745K<br>Sales Volume: 160
2025,KT2 6,667000,100,Greater London,KT2 6<br>Avg. Price: 667K<br>Sales Volume: 100
2025,KT2 7,833000,78,Greater London,KT2 7<br>Avg. Price: 833K<br>Sales Volume: 78
2025,KT20 5,565000,148,Greater London,KT20 5<br>Avg. Price: 565K<br>Sales Volume: 148
2025,KT20 6,1146000,70,Greater London,"KT20 6<br>Avg. Price: 1,146K<br>Sales Volume: 70"
2025,KT20 7,739000,39,Greater London,KT20 7<br>Avg. Price: 739K<br>Sales Volume: 39
2025,KT21 1,729000,52,Greater London,KT21 1<br>Avg. Price: 729K<br>Sales Volume: 52
2025,KT21 2,709000,87,Greater London,KT21 2<br>Avg. Price: 709K<br>Sales Volume: 87
2025,KT22 0,1772000,56,Greater London,"KT22 0<br>Avg. Price: 1,772K<br>Sales Volume: 56"
2025,KT22 7,363000,114,Greater London,KT22 7<br>Avg. Price: 363K<br>Sales Volume: 114
2025,KT22 8,642000,85,Greater London,KT22 8<br>Avg. Price: 642K<br>Sales Volume: 85
2025,KT22 9,750000,113,Greater London,KT22 9<br>Avg. Price: 750K<br>Sales Volume: 113
2025,KT23 3,780000,58,Greater London,KT23 3<br>Avg. Price: 780K<br>Sales Volume: 58
2025,KT23 4,708000,76,Greater London,KT23 4<br>Avg. Price: 708K<br>Sales Volume: 76
2025,KT24 5,1143000,56,Greater London,"KT24 5<br>Avg. Price: 1,143K<br>Sales Volume: 56"
2025,KT24 6,862000,48,Greater London,KT24 6<br>Avg. Price: 862K<br>Sales Volume: 48
2025,KT3 3,655000,124,Greater London,KT3 3<br>Avg. Price: 655K<br>Sales Volume: 124
2025,KT3 4,780000,75,Greater London,KT3 4<br>Avg. Price: 780K<br>Sales Volume: 75
2025,KT3 5,651000,111,Greater London,KT3 5<br>Avg. Price: 651K<br>Sales Volume: 111
2025,KT3 6,639000,117,Greater London,KT3 6<br>Avg. Price: 639K<br>Sales Volume: 117
2025,KT4 7,598000,127,Greater London,KT4 7<br>Avg. Price: 598K<br>Sales Volume: 127
2025,KT4 8,544000,224,Greater London,KT4 8<br>Avg. Price: 544K<br>Sales Volume: 224
2025,KT5 8,645000,126,Greater London,KT5 8<br>Avg. Price: 645K<br>Sales Volume: 126
2025,KT5 9,653000,112,Greater London,KT5 9<br>Avg. Price: 653K<br>Sales Volume: 112
2025,KT6 4,524000,144,Greater London,KT6 4<br>Avg. Price: 524K<br>Sales Volume: 144
2025,KT6 5,860000,96,Greater London,KT6 5<br>Avg. Price: 860K<br>Sales Volume: 96
2025,KT6 6,565000,115,Greater London,KT6 6<br>Avg. Price: 565K<br>Sales Volume: 115
2025,KT6 7,596000,113,Greater London,KT6 7<br>Avg. Price: 596K<br>Sales Volume: 113
2025,KT7 0,818000,156,Greater London,KT7 0<br>Avg. Price: 818K<br>Sales Volume: 156
2025,KT8 0,932000,32,Greater London,KT8 0<br>Avg. Price: 932K<br>Sales Volume: 32
2025,KT8 1,576000,58,Greater London,KT8 1<br>Avg. Price: 576K<br>Sales Volume: 58
2025,KT8 2,486000,133,Greater London,KT8 2<br>Avg. Price: 486K<br>Sales Volume: 133
2025,KT8 9,927000,66,Greater London,KT8 9<br>Avg. Price: 927K<br>Sales Volume: 66
2025,KT9 1,480000,111,Greater London,KT9 1<br>Avg. Price: 480K<br>Sales Volume: 111
2025,KT9 2,460000,161,Greater London,KT9 2<br>Avg. Price: 460K<br>Sales Volume: 161
2025,L1 0,89000,29,North England,L1 0<br>Avg. Price: 89K<br>Sales Volume: 29
2025,L1 2,88000,8,North England,L1 2<br>Avg. Price: 88K<br>Sales Volume: 8
2025,L1 3,152000,5,North England,L1 3<br>Avg. Price: 152K<br>Sales Volume: 5
2025,L1 4,112000,35,North England,L1 4<br>Avg. Price: 112K<br>Sales Volume: 35
2025,L1 5,186000,42,North England,L1 5<br>Avg. Price: 186K<br>Sales Volume: 42
2025,L1 6,78000,22,North England,L1 6<br>Avg. Price: 78K<br>Sales Volume: 22
2025,L1 7,348000,4,North England,L1 7<br>Avg. Price: 348K<br>Sales Volume: 4
2025,L1 8,175000,138,North England,L1 8<br>Avg. Price: 175K<br>Sales Volume: 138
2025,L1 9,486000,6,North England,L1 9<br>Avg. Price: 486K<br>Sales Volume: 6
2025,L10 0,180000,8,North England,L10 0<br>Avg. Price: 180K<br>Sales Volume: 8
2025,L10 1,222000,21,North England,L10 1<br>Avg. Price: 222K<br>Sales Volume: 21
2025,L10 2,232000,13,North England,L10 2<br>Avg. Price: 232K<br>Sales Volume: 13
2025,L10 3,216000,23,North England,L10 3<br>Avg. Price: 216K<br>Sales Volume: 23
2025,L10 4,131000,52,North England,L10 4<br>Avg. Price: 131K<br>Sales Volume: 52
2025,L10 6,226000,16,North England,L10 6<br>Avg. Price: 226K<br>Sales Volume: 16
2025,L10 7,128000,15,North England,L10 7<br>Avg. Price: 128K<br>Sales Volume: 15
2025,L10 8,216000,30,North England,L10 8<br>Avg. Price: 216K<br>Sales Volume: 30
2025,L10 9,144000,17,North England,L10 9<br>Avg. Price: 144K<br>Sales Volume: 17
2025,L11 0,116000,7,North England,L11 0<br>Avg. Price: 116K<br>Sales Volume: 7
2025,L11 1,175000,39,North England,L11 1<br>Avg. Price: 175K<br>Sales Volume: 39
2025,L11 2,153000,29,North England,L11 2<br>Avg. Price: 153K<br>Sales Volume: 29
2025,L11 3,131000,26,North England,L11 3<br>Avg. Price: 131K<br>Sales Volume: 26
2025,L11 4,163000,27,North England,L11 4<br>Avg. Price: 163K<br>Sales Volume: 27
2025,L11 5,153000,7,North England,L11 5<br>Avg. Price: 153K<br>Sales Volume: 7
2025,L11 6,136000,8,North England,L11 6<br>Avg. Price: 136K<br>Sales Volume: 8
2025,L11 7,148000,17,North England,L11 7<br>Avg. Price: 148K<br>Sales Volume: 17
2025,L11 8,170000,18,North England,L11 8<br>Avg. Price: 170K<br>Sales Volume: 18
2025,L11 9,127000,13,North England,L11 9<br>Avg. Price: 127K<br>Sales Volume: 13
2025,L12 0,223000,93,North England,L12 0<br>Avg. Price: 223K<br>Sales Volume: 93
2025,L12 1,388000,8,North England,L12 1<br>Avg. Price: 388K<br>Sales Volume: 8
2025,L12 2,315000,9,North England,L12 2<br>Avg. Price: 315K<br>Sales Volume: 9
2025,L12 3,269000,13,North England,L12 3<br>Avg. Price: 269K<br>Sales Volume: 13
2025,L12 4,191000,46,North England,L12 4<br>Avg. Price: 191K<br>Sales Volume: 46
2025,L12 5,243000,39,North England,L12 5<br>Avg. Price: 243K<br>Sales Volume: 39
2025,L12 6,131000,21,North England,L12 6<br>Avg. Price: 131K<br>Sales Volume: 21
2025,L12 7,198000,31,North England,L12 7<br>Avg. Price: 198K<br>Sales Volume: 31
2025,L12 8,218000,34,North England,L12 8<br>Avg. Price: 218K<br>Sales Volume: 34
2025,L12 9,234000,38,North England,L12 9<br>Avg. Price: 234K<br>Sales Volume: 38
2025,L13 0,171000,19,North England,L13 0<br>Avg. Price: 171K<br>Sales Volume: 19
2025,L13 1,114000,23,North England,L13 1<br>Avg. Price: 114K<br>Sales Volume: 23
2025,L13 2,112000,44,North England,L13 2<br>Avg. Price: 112K<br>Sales Volume: 44
2025,L13 3,174000,46,North England,L13 3<br>Avg. Price: 174K<br>Sales Volume: 46
2025,L13 4,174000,27,North England,L13 4<br>Avg. Price: 174K<br>Sales Volume: 27
2025,L13 5,148000,64,North England,L13 5<br>Avg. Price: 148K<br>Sales Volume: 64
2025,L13 6,170000,45,North England,L13 6<br>Avg. Price: 170K<br>Sales Volume: 45
2025,L13 7,171000,39,North England,L13 7<br>Avg. Price: 171K<br>Sales Volume: 39
2025,L13 8,152000,63,North England,L13 8<br>Avg. Price: 152K<br>Sales Volume: 63
2025,L13 9,143000,24,North England,L13 9<br>Avg. Price: 143K<br>Sales Volume: 24
2025,L14 0,136000,52,North England,L14 0<br>Avg. Price: 136K<br>Sales Volume: 52
2025,L14 1,170000,21,North England,L14 1<br>Avg. Price: 170K<br>Sales Volume: 21
2025,L14 2,132000,18,North England,L14 2<br>Avg. Price: 132K<br>Sales Volume: 18
2025,L14 3,245000,25,North England,L14 3<br>Avg. Price: 245K<br>Sales Volume: 25
2025,L14 4,116000,15,North England,L14 4<br>Avg. Price: 116K<br>Sales Volume: 15
2025,L14 5,204000,11,North England,L14 5<br>Avg. Price: 204K<br>Sales Volume: 11
2025,L14 6,200000,33,North England,L14 6<br>Avg. Price: 200K<br>Sales Volume: 33
2025,L14 7,235000,41,North England,L14 7<br>Avg. Price: 235K<br>Sales Volume: 41
2025,L14 8,133000,28,North England,L14 8<br>Avg. Price: 133K<br>Sales Volume: 28
2025,L14 9,162000,28,North England,L14 9<br>Avg. Price: 162K<br>Sales Volume: 28
2025,L15 0,140000,54,North England,L15 0<br>Avg. Price: 140K<br>Sales Volume: 54
2025,L15 1,207000,50,North England,L15 1<br>Avg. Price: 207K<br>Sales Volume: 50
2025,L15 2,174000,29,North England,L15 2<br>Avg. Price: 174K<br>Sales Volume: 29
2025,L15 3,225000,44,North England,L15 3<br>Avg. Price: 225K<br>Sales Volume: 44
2025,L15 4,161000,85,North England,L15 4<br>Avg. Price: 161K<br>Sales Volume: 85
2025,L15 5,243000,29,North England,L15 5<br>Avg. Price: 243K<br>Sales Volume: 29
2025,L15 6,367000,32,North England,L15 6<br>Avg. Price: 367K<br>Sales Volume: 32
2025,L15 7,235000,33,North England,L15 7<br>Avg. Price: 235K<br>Sales Volume: 33
2025,L15 8,228000,51,North England,L15 8<br>Avg. Price: 228K<br>Sales Volume: 51
2025,L15 9,277000,18,North England,L15 9<br>Avg. Price: 277K<br>Sales Volume: 18
2025,L16 0,559000,8,North England,L16 0<br>Avg. Price: 559K<br>Sales Volume: 8
2025,L16 1,261000,23,North England,L16 1<br>Avg. Price: 261K<br>Sales Volume: 23
2025,L16 2,293000,23,North England,L16 2<br>Avg. Price: 293K<br>Sales Volume: 23
2025,L16 3,264000,22,North England,L16 3<br>Avg. Price: 264K<br>Sales Volume: 22
2025,L16 4,326000,8,North England,L16 4<br>Avg. Price: 326K<br>Sales Volume: 8
2025,L16 5,310000,20,North England,L16 5<br>Avg. Price: 310K<br>Sales Volume: 20
2025,L16 6,245000,11,North England,L16 6<br>Avg. Price: 245K<br>Sales Volume: 11
2025,L16 7,437000,13,North England,L16 7<br>Avg. Price: 437K<br>Sales Volume: 13
2025,L16 8,303000,17,North England,L16 8<br>Avg. Price: 303K<br>Sales Volume: 17
2025,L16 9,417000,14,North England,L16 9<br>Avg. Price: 417K<br>Sales Volume: 14
2025,L17 0,318000,69,North England,L17 0<br>Avg. Price: 318K<br>Sales Volume: 69
2025,L17 1,143000,3,North England,L17 1<br>Avg. Price: 143K<br>Sales Volume: 3
2025,L17 2,253000,20,North England,L17 2<br>Avg. Price: 253K<br>Sales Volume: 20
2025,L17 3,236000,19,North England,L17 3<br>Avg. Price: 236K<br>Sales Volume: 19
2025,L17 4,246000,32,North England,L17 4<br>Avg. Price: 246K<br>Sales Volume: 32
2025,L17 5,460000,13,North England,L17 5<br>Avg. Price: 460K<br>Sales Volume: 13
2025,L17 6,344000,47,North England,L17 6<br>Avg. Price: 344K<br>Sales Volume: 47
2025,L17 7,270000,78,North England,L17 7<br>Avg. Price: 270K<br>Sales Volume: 78
2025,L17 8,224000,63,North England,L17 8<br>Avg. Price: 224K<br>Sales Volume: 63
2025,L17 9,275000,22,North England,L17 9<br>Avg. Price: 275K<br>Sales Volume: 22
2025,L18 0,329000,21,North England,L18 0<br>Avg. Price: 329K<br>Sales Volume: 21
2025,L18 1,273000,99,North England,L18 1<br>Avg. Price: 273K<br>Sales Volume: 99
2025,L18 2,447000,26,North England,L18 2<br>Avg. Price: 447K<br>Sales Volume: 26
2025,L18 3,463000,50,North England,L18 3<br>Avg. Price: 463K<br>Sales Volume: 50
2025,L18 4,438000,22,North England,L18 4<br>Avg. Price: 438K<br>Sales Volume: 22
2025,L18 5,293000,31,North England,L18 5<br>Avg. Price: 293K<br>Sales Volume: 31
2025,L18 6,512000,18,North England,L18 6<br>Avg. Price: 512K<br>Sales Volume: 18
2025,L18 7,347000,22,North England,L18 7<br>Avg. Price: 347K<br>Sales Volume: 22
2025,L18 8,338000,24,North England,L18 8<br>Avg. Price: 338K<br>Sales Volume: 24
2025,L18 9,411000,30,North England,L18 9<br>Avg. Price: 411K<br>Sales Volume: 30
2025,L19 0,424000,34,North England,L19 0<br>Avg. Price: 424K<br>Sales Volume: 34
2025,L19 1,213000,51,North England,L19 1<br>Avg. Price: 213K<br>Sales Volume: 51
2025,L19 2,211000,51,North England,L19 2<br>Avg. Price: 211K<br>Sales Volume: 51
2025,L19 3,349000,38,North England,L19 3<br>Avg. Price: 349K<br>Sales Volume: 38
2025,L19 4,263000,41,North England,L19 4<br>Avg. Price: 263K<br>Sales Volume: 41
2025,L19 5,224000,14,North England,L19 5<br>Avg. Price: 224K<br>Sales Volume: 14
2025,L19 6,265000,9,North England,L19 6<br>Avg. Price: 265K<br>Sales Volume: 9
2025,L19 7,344000,16,North England,L19 7<br>Avg. Price: 344K<br>Sales Volume: 16
2025,L19 8,164000,40,North England,L19 8<br>Avg. Price: 164K<br>Sales Volume: 40
2025,L19 9,412000,39,North England,L19 9<br>Avg. Price: 412K<br>Sales Volume: 39
2025,L2 0,100000,2,North England,L2 0<br>Avg. Price: 100K<br>Sales Volume: 2
2025,L2 2,82000,17,North England,L2 2<br>Avg. Price: 82K<br>Sales Volume: 17
2025,L2 3,140000,2,North England,L2 3<br>Avg. Price: 140K<br>Sales Volume: 2
2025,L2 5,88000,5,North England,L2 5<br>Avg. Price: 88K<br>Sales Volume: 5
2025,L2 6,61000,1,North England,L2 6<br>Avg. Price: 61K<br>Sales Volume: 1
2025,L2 7,110000,1,North England,L2 7<br>Avg. Price: 110K<br>Sales Volume: 1
2025,L2 8,116000,5,North England,L2 8<br>Avg. Price: 116K<br>Sales Volume: 5
2025,L2 9,112000,3,North England,L2 9<br>Avg. Price: 112K<br>Sales Volume: 3
2025,L20 0,141000,28,North England,L20 0<br>Avg. Price: 141K<br>Sales Volume: 28
2025,L20 2,99000,27,North England,L20 2<br>Avg. Price: 99K<br>Sales Volume: 27
2025,L20 3,90000,23,North England,L20 3<br>Avg. Price: 90K<br>Sales Volume: 23
2025,L20 4,93000,81,North England,L20 4<br>Avg. Price: 93K<br>Sales Volume: 81
2025,L20 5,95000,43,North England,L20 5<br>Avg. Price: 95K<br>Sales Volume: 43
2025,L20 6,186000,82,North England,L20 6<br>Avg. Price: 186K<br>Sales Volume: 82
2025,L20 7,133000,32,North England,L20 7<br>Avg. Price: 133K<br>Sales Volume: 32
2025,L20 9,133000,77,North England,L20 9<br>Avg. Price: 133K<br>Sales Volume: 77
2025,L21 0,125000,15,North England,L21 0<br>Avg. Price: 125K<br>Sales Volume: 15
2025,L21 1,161000,21,North England,L21 1<br>Avg. Price: 161K<br>Sales Volume: 21
2025,L21 2,148000,10,North England,L21 2<br>Avg. Price: 148K<br>Sales Volume: 10
2025,L21 3,108000,5,North England,L21 3<br>Avg. Price: 108K<br>Sales Volume: 5
2025,L21 4,104000,18,North England,L21 4<br>Avg. Price: 104K<br>Sales Volume: 18
2025,L21 5,218000,21,North England,L21 5<br>Avg. Price: 218K<br>Sales Volume: 21
2025,L21 6,112000,9,North England,L21 6<br>Avg. Price: 112K<br>Sales Volume: 9
2025,L21 7,157000,27,North England,L21 7<br>Avg. Price: 157K<br>Sales Volume: 27
2025,L21 8,160000,65,North England,L21 8<br>Avg. Price: 160K<br>Sales Volume: 65
2025,L21 9,175000,53,North England,L21 9<br>Avg. Price: 175K<br>Sales Volume: 53
2025,L22 0,191000,25,North England,L22 0<br>Avg. Price: 191K<br>Sales Volume: 25
2025,L22 1,202000,10,North England,L22 1<br>Avg. Price: 202K<br>Sales Volume: 10
2025,L22 2,273000,29,North England,L22 2<br>Avg. Price: 273K<br>Sales Volume: 29
2025,L22 3,216000,19,North England,L22 3<br>Avg. Price: 216K<br>Sales Volume: 19
2025,L22 4,219000,24,North England,L22 4<br>Avg. Price: 219K<br>Sales Volume: 24
2025,L22 5,169000,10,North England,L22 5<br>Avg. Price: 169K<br>Sales Volume: 10
2025,L22 6,232000,20,North England,L22 6<br>Avg. Price: 232K<br>Sales Volume: 20
2025,L22 7,201000,9,North England,L22 7<br>Avg. Price: 201K<br>Sales Volume: 9
2025,L22 8,280000,15,North England,L22 8<br>Avg. Price: 280K<br>Sales Volume: 15
2025,L22 9,234000,15,North England,L22 9<br>Avg. Price: 234K<br>Sales Volume: 15
2025,L23 0,279000,73,North England,L23 0<br>Avg. Price: 279K<br>Sales Volume: 73
2025,L23 1,257000,41,North England,L23 1<br>Avg. Price: 257K<br>Sales Volume: 41
2025,L23 2,377000,42,North England,L23 2<br>Avg. Price: 377K<br>Sales Volume: 42
2025,L23 3,306000,29,North England,L23 3<br>Avg. Price: 306K<br>Sales Volume: 29
2025,L23 4,337000,42,North England,L23 4<br>Avg. Price: 337K<br>Sales Volume: 42
2025,L23 5,236000,33,North England,L23 5<br>Avg. Price: 236K<br>Sales Volume: 33
2025,L23 6,315000,47,North England,L23 6<br>Avg. Price: 315K<br>Sales Volume: 47
2025,L23 7,399000,44,North England,L23 7<br>Avg. Price: 399K<br>Sales Volume: 44
2025,L23 8,415000,34,North England,L23 8<br>Avg. Price: 415K<br>Sales Volume: 34
2025,L23 9,268000,67,North England,L23 9<br>Avg. Price: 268K<br>Sales Volume: 67
2025,L24 0,156000,13,North England,L24 0<br>Avg. Price: 156K<br>Sales Volume: 13
2025,L24 1,200000,29,North England,L24 1<br>Avg. Price: 200K<br>Sales Volume: 29
2025,L24 2,147000,26,North England,L24 2<br>Avg. Price: 147K<br>Sales Volume: 26
2025,L24 3,142000,17,North England,L24 3<br>Avg. Price: 142K<br>Sales Volume: 17
2025,L24 4,447000,13,North England,L24 4<br>Avg. Price: 447K<br>Sales Volume: 13
2025,L24 5,450000,7,North England,L24 5<br>Avg. Price: 450K<br>Sales Volume: 7
2025,L24 6,125000,12,North England,L24 6<br>Avg. Price: 125K<br>Sales Volume: 12
2025,L24 7,153000,8,North England,L24 7<br>Avg. Price: 153K<br>Sales Volume: 8
2025,L24 9,129000,17,North England,L24 9<br>Avg. Price: 129K<br>Sales Volume: 17
2025,L25 0,281000,43,North England,L25 0<br>Avg. Price: 281K<br>Sales Volume: 43
2025,L25 1,235000,14,North England,L25 1<br>Avg. Price: 235K<br>Sales Volume: 14
2025,L25 2,196000,26,North England,L25 2<br>Avg. Price: 196K<br>Sales Volume: 26
2025,L25 3,271000,28,North England,L25 3<br>Avg. Price: 271K<br>Sales Volume: 28
2025,L25 4,415000,56,North England,L25 4<br>Avg. Price: 415K<br>Sales Volume: 56
2025,L25 5,295000,50,North England,L25 5<br>Avg. Price: 295K<br>Sales Volume: 50
2025,L25 6,488000,35,North England,L25 6<br>Avg. Price: 488K<br>Sales Volume: 35
2025,L25 7,306000,33,North England,L25 7<br>Avg. Price: 306K<br>Sales Volume: 33
2025,L25 8,297000,43,North England,L25 8<br>Avg. Price: 297K<br>Sales Volume: 43
2025,L25 9,213000,42,North England,L25 9<br>Avg. Price: 213K<br>Sales Volume: 42
2025,L26 0,282000,71,North England,L26 0<br>Avg. Price: 282K<br>Sales Volume: 71
2025,L26 1,189000,38,North England,L26 1<br>Avg. Price: 189K<br>Sales Volume: 38
2025,L26 2,207000,3,North England,L26 2<br>Avg. Price: 207K<br>Sales Volume: 3
2025,L26 5,805000,2,North England,L26 5<br>Avg. Price: 805K<br>Sales Volume: 2
2025,L26 6,364000,57,North England,L26 6<br>Avg. Price: 364K<br>Sales Volume: 57
2025,L26 7,240000,65,North England,L26 7<br>Avg. Price: 240K<br>Sales Volume: 65
2025,L26 9,206000,21,North England,L26 9<br>Avg. Price: 206K<br>Sales Volume: 21
2025,L27 0,193000,3,North England,L27 0<br>Avg. Price: 193K<br>Sales Volume: 3
2025,L27 1,182000,16,North England,L27 1<br>Avg. Price: 182K<br>Sales Volume: 16
2025,L27 4,144000,7,North England,L27 4<br>Avg. Price: 144K<br>Sales Volume: 7
2025,L27 5,158000,7,North England,L27 5<br>Avg. Price: 158K<br>Sales Volume: 7
2025,L27 6,146000,9,North England,L27 6<br>Avg. Price: 146K<br>Sales Volume: 9
2025,L27 7,136000,9,North England,L27 7<br>Avg. Price: 136K<br>Sales Volume: 9
2025,L27 8,150000,4,North England,L27 8<br>Avg. Price: 150K<br>Sales Volume: 4
2025,L28 0,123000,5,North England,L28 0<br>Avg. Price: 123K<br>Sales Volume: 5
2025,L28 1,134000,9,North England,L28 1<br>Avg. Price: 134K<br>Sales Volume: 9
2025,L28 3,122000,2,North England,L28 3<br>Avg. Price: 122K<br>Sales Volume: 2
2025,L28 4,84000,1,North England,L28 4<br>Avg. Price: 84K<br>Sales Volume: 1
2025,L28 6,120000,1,North England,L28 6<br>Avg. Price: 120K<br>Sales Volume: 1
2025,L28 7,120000,6,North England,L28 7<br>Avg. Price: 120K<br>Sales Volume: 6
2025,L28 8,103000,1,North England,L28 8<br>Avg. Price: 103K<br>Sales Volume: 1
2025,L29 7,292000,2,North England,L29 7<br>Avg. Price: 292K<br>Sales Volume: 2
2025,L3 0,260000,35,North England,L3 0<br>Avg. Price: 260K<br>Sales Volume: 35
2025,L3 1,224000,31,North England,L3 1<br>Avg. Price: 224K<br>Sales Volume: 31
2025,L3 2,97000,18,North England,L3 2<br>Avg. Price: 97K<br>Sales Volume: 18
2025,L3 3,192000,11,North England,L3 3<br>Avg. Price: 192K<br>Sales Volume: 11
2025,L3 4,223000,75,North England,L3 4<br>Avg. Price: 223K<br>Sales Volume: 75
2025,L3 5,130000,11,North England,L3 5<br>Avg. Price: 130K<br>Sales Volume: 11
2025,L3 6,165000,60,North England,L3 6<br>Avg. Price: 165K<br>Sales Volume: 60
2025,L3 8,103000,10,North England,L3 8<br>Avg. Price: 103K<br>Sales Volume: 10
2025,L3 9,152000,30,North England,L3 9<br>Avg. Price: 152K<br>Sales Volume: 30
2025,L30 0,128000,16,North England,L30 0<br>Avg. Price: 128K<br>Sales Volume: 16
2025,L30 1,174000,30,North England,L30 1<br>Avg. Price: 174K<br>Sales Volume: 30
2025,L30 2,143000,23,North England,L30 2<br>Avg. Price: 143K<br>Sales Volume: 23
2025,L30 3,128000,23,North England,L30 3<br>Avg. Price: 128K<br>Sales Volume: 23
2025,L30 5,129000,23,North England,L30 5<br>Avg. Price: 129K<br>Sales Volume: 23
2025,L30 6,233000,3,North England,L30 6<br>Avg. Price: 233K<br>Sales Volume: 3
2025,L30 7,195000,30,North England,L30 7<br>Avg. Price: 195K<br>Sales Volume: 30
2025,L30 8,184000,14,North England,L30 8<br>Avg. Price: 184K<br>Sales Volume: 14
2025,L30 9,125000,6,North England,L30 9<br>Avg. Price: 125K<br>Sales Volume: 6
2025,L31 0,224000,33,North England,L31 0<br>Avg. Price: 224K<br>Sales Volume: 33
2025,L31 1,257000,139,North England,L31 1<br>Avg. Price: 257K<br>Sales Volume: 139
2025,L31 2,219000,66,North England,L31 2<br>Avg. Price: 219K<br>Sales Volume: 66
2025,L31 3,358000,14,North England,L31 3<br>Avg. Price: 358K<br>Sales Volume: 14
2025,L31 4,315000,25,North England,L31 4<br>Avg. Price: 315K<br>Sales Volume: 25
2025,L31 5,216000,36,North England,L31 5<br>Avg. Price: 216K<br>Sales Volume: 36
2025,L31 6,232000,45,North England,L31 6<br>Avg. Price: 232K<br>Sales Volume: 45
2025,L31 7,238000,37,North England,L31 7<br>Avg. Price: 238K<br>Sales Volume: 37
2025,L31 8,292000,35,North England,L31 8<br>Avg. Price: 292K<br>Sales Volume: 35
2025,L31 9,249000,53,North England,L31 9<br>Avg. Price: 249K<br>Sales Volume: 53
2025,L32 0,154000,24,North England,L32 0<br>Avg. Price: 154K<br>Sales Volume: 24
2025,L32 1,227000,26,North England,L32 1<br>Avg. Price: 227K<br>Sales Volume: 26
2025,L32 2,199000,18,North England,L32 2<br>Avg. Price: 199K<br>Sales Volume: 18
2025,L32 3,153000,9,North England,L32 3<br>Avg. Price: 153K<br>Sales Volume: 9
2025,L32 4,134000,28,North England,L32 4<br>Avg. Price: 134K<br>Sales Volume: 28
2025,L32 5,120000,10,North England,L32 5<br>Avg. Price: 120K<br>Sales Volume: 10
2025,L32 6,105000,16,North England,L32 6<br>Avg. Price: 105K<br>Sales Volume: 16
2025,L32 7,138000,9,North England,L32 7<br>Avg. Price: 138K<br>Sales Volume: 9
2025,L32 8,145000,16,North England,L32 8<br>Avg. Price: 145K<br>Sales Volume: 16
2025,L32 9,191000,39,North England,L32 9<br>Avg. Price: 191K<br>Sales Volume: 39
2025,L33 0,128000,8,North England,L33 0<br>Avg. Price: 128K<br>Sales Volume: 8
2025,L33 1,169000,49,North England,L33 1<br>Avg. Price: 169K<br>Sales Volume: 49
2025,L33 2,185000,28,North England,L33 2<br>Avg. Price: 185K<br>Sales Volume: 28
2025,L33 3,865000,1,North England,L33 3<br>Avg. Price: 865K<br>Sales Volume: 1
2025,L33 4,197000,64,North England,L33 4<br>Avg. Price: 197K<br>Sales Volume: 64
2025,L33 5,141000,15,North England,L33 5<br>Avg. Price: 141K<br>Sales Volume: 15
2025,L33 6,117000,17,North England,L33 6<br>Avg. Price: 117K<br>Sales Volume: 17
2025,L33 7,172000,3,North England,L33 7<br>Avg. Price: 172K<br>Sales Volume: 3
2025,L33 8,122000,7,North England,L33 8<br>Avg. Price: 122K<br>Sales Volume: 7
2025,L33 9,126000,11,North England,L33 9<br>Avg. Price: 126K<br>Sales Volume: 11
2025,L34 0,220000,28,North England,L34 0<br>Avg. Price: 220K<br>Sales Volume: 28
2025,L34 1,259000,46,North England,L34 1<br>Avg. Price: 259K<br>Sales Volume: 46
2025,L34 2,231000,45,North England,L34 2<br>Avg. Price: 231K<br>Sales Volume: 45
2025,L34 3,289000,28,North England,L34 3<br>Avg. Price: 289K<br>Sales Volume: 28
2025,L34 4,263000,7,North England,L34 4<br>Avg. Price: 263K<br>Sales Volume: 7
2025,L34 5,113000,39,North England,L34 5<br>Avg. Price: 113K<br>Sales Volume: 39
2025,L34 6,174000,30,North England,L34 6<br>Avg. Price: 174K<br>Sales Volume: 30
2025,L34 7,355000,1,North England,L34 7<br>Avg. Price: 355K<br>Sales Volume: 1
2025,L34 8,502000,2,North England,L34 8<br>Avg. Price: 502K<br>Sales Volume: 2
2025,L35 0,296000,42,North England,L35 0<br>Avg. Price: 296K<br>Sales Volume: 42
2025,L35 1,305000,43,North England,L35 1<br>Avg. Price: 305K<br>Sales Volume: 43
2025,L35 2,149000,19,North England,L35 2<br>Avg. Price: 149K<br>Sales Volume: 19
2025,L35 3,174000,75,North England,L35 3<br>Avg. Price: 174K<br>Sales Volume: 75
2025,L35 4,228000,39,North England,L35 4<br>Avg. Price: 228K<br>Sales Volume: 39
2025,L35 5,150000,54,North England,L35 5<br>Avg. Price: 150K<br>Sales Volume: 54
2025,L35 6,330000,11,North England,L35 6<br>Avg. Price: 330K<br>Sales Volume: 11
2025,L35 7,254000,49,North England,L35 7<br>Avg. Price: 254K<br>Sales Volume: 49
2025,L35 8,165000,36,North England,L35 8<br>Avg. Price: 165K<br>Sales Volume: 36
2025,L35 9,233000,22,North England,L35 9<br>Avg. Price: 233K<br>Sales Volume: 22
2025,L36 0,182000,50,North England,L36 0<br>Avg. Price: 182K<br>Sales Volume: 50
2025,L36 1,178000,36,North England,L36 1<br>Avg. Price: 178K<br>Sales Volume: 36
2025,L36 2,144000,48,North England,L36 2<br>Avg. Price: 144K<br>Sales Volume: 48
2025,L36 3,156000,44,North England,L36 3<br>Avg. Price: 156K<br>Sales Volume: 44
2025,L36 4,216000,87,North England,L36 4<br>Avg. Price: 216K<br>Sales Volume: 87
2025,L36 5,277000,42,North England,L36 5<br>Avg. Price: 277K<br>Sales Volume: 42
2025,L36 6,154000,32,North England,L36 6<br>Avg. Price: 154K<br>Sales Volume: 32
2025,L36 7,160000,31,North England,L36 7<br>Avg. Price: 160K<br>Sales Volume: 31
2025,L36 8,184000,80,North England,L36 8<br>Avg. Price: 184K<br>Sales Volume: 80
2025,L36 9,231000,31,North England,L36 9<br>Avg. Price: 231K<br>Sales Volume: 31
2025,L37 0,406000,2,North England,L37 0<br>Avg. Price: 406K<br>Sales Volume: 2
2025,L37 1,493000,32,North England,L37 1<br>Avg. Price: 493K<br>Sales Volume: 32
2025,L37 2,449000,84,North England,L37 2<br>Avg. Price: 449K<br>Sales Volume: 84
2025,L37 3,335000,74,North England,L37 3<br>Avg. Price: 335K<br>Sales Volume: 74
2025,L37 4,324000,34,North England,L37 4<br>Avg. Price: 324K<br>Sales Volume: 34
2025,L37 5,250000,3,North England,L37 5<br>Avg. Price: 250K<br>Sales Volume: 3
2025,L37 6,307000,76,North England,L37 6<br>Avg. Price: 307K<br>Sales Volume: 76
2025,L37 7,419000,34,North England,L37 7<br>Avg. Price: 419K<br>Sales Volume: 34
2025,L37 8,245000,33,North England,L37 8<br>Avg. Price: 245K<br>Sales Volume: 33
2025,L38 0,357000,11,North England,L38 0<br>Avg. Price: 357K<br>Sales Volume: 11
2025,L38 3,604000,5,North England,L38 3<br>Avg. Price: 604K<br>Sales Volume: 5
2025,L38 6,200000,2,North England,L38 6<br>Avg. Price: 200K<br>Sales Volume: 2
2025,L38 9,333000,20,North England,L38 9<br>Avg. Price: 333K<br>Sales Volume: 20
2025,L39 0,295000,14,North England,L39 0<br>Avg. Price: 295K<br>Sales Volume: 14
2025,L39 1,205000,57,North England,L39 1<br>Avg. Price: 205K<br>Sales Volume: 57
2025,L39 2,270000,56,North England,L39 2<br>Avg. Price: 270K<br>Sales Volume: 56
2025,L39 3,277000,44,North England,L39 3<br>Avg. Price: 277K<br>Sales Volume: 44
2025,L39 4,277000,65,North England,L39 4<br>Avg. Price: 277K<br>Sales Volume: 65
2025,L39 5,415000,59,North England,L39 5<br>Avg. Price: 415K<br>Sales Volume: 59
2025,L39 6,417000,36,North England,L39 6<br>Avg. Price: 417K<br>Sales Volume: 36
2025,L39 7,369000,22,North England,L39 7<br>Avg. Price: 369K<br>Sales Volume: 22
2025,L39 8,479000,13,North England,L39 8<br>Avg. Price: 479K<br>Sales Volume: 13
2025,L39 9,350000,2,North England,L39 9<br>Avg. Price: 350K<br>Sales Volume: 2
2025,L4 0,117000,39,North England,L4 0<br>Avg. Price: 117K<br>Sales Volume: 39
2025,L4 1,131000,36,North England,L4 1<br>Avg. Price: 131K<br>Sales Volume: 36
2025,L4 2,122000,96,North England,L4 2<br>Avg. Price: 122K<br>Sales Volume: 96
2025,L4 3,103000,58,North England,L4 3<br>Avg. Price: 103K<br>Sales Volume: 58
2025,L4 4,132000,89,North England,L4 4<br>Avg. Price: 132K<br>Sales Volume: 89
2025,L4 5,105000,105,North England,L4 5<br>Avg. Price: 105K<br>Sales Volume: 105
2025,L4 6,133000,39,North England,L4 6<br>Avg. Price: 133K<br>Sales Volume: 39
2025,L4 7,139000,38,North England,L4 7<br>Avg. Price: 139K<br>Sales Volume: 38
2025,L4 8,147000,21,North England,L4 8<br>Avg. Price: 147K<br>Sales Volume: 21
2025,L4 9,152000,20,North England,L4 9<br>Avg. Price: 152K<br>Sales Volume: 20
2025,L40 0,296000,36,North England,L40 0<br>Avg. Price: 296K<br>Sales Volume: 36
2025,L40 1,291000,25,North England,L40 1<br>Avg. Price: 291K<br>Sales Volume: 25
2025,L40 2,549000,20,North England,L40 2<br>Avg. Price: 549K<br>Sales Volume: 20
2025,L40 3,454000,12,North England,L40 3<br>Avg. Price: 454K<br>Sales Volume: 12
2025,L40 4,244000,24,North England,L40 4<br>Avg. Price: 244K<br>Sales Volume: 24
2025,L40 5,268000,59,North England,L40 5<br>Avg. Price: 268K<br>Sales Volume: 59
2025,L40 6,368000,14,North England,L40 6<br>Avg. Price: 368K<br>Sales Volume: 14
2025,L40 7,278000,121,North England,L40 7<br>Avg. Price: 278K<br>Sales Volume: 121
2025,L40 8,310000,7,North England,L40 8<br>Avg. Price: 310K<br>Sales Volume: 7
2025,L40 9,393000,24,North England,L40 9<br>Avg. Price: 393K<br>Sales Volume: 24
2025,L5 0,129000,11,North England,L5 0<br>Avg. Price: 129K<br>Sales Volume: 11
2025,L5 1,180000,15,North England,L5 1<br>Avg. Price: 180K<br>Sales Volume: 15
2025,L5 2,187000,3,North England,L5 2<br>Avg. Price: 187K<br>Sales Volume: 3
2025,L5 3,89000,19,North England,L5 3<br>Avg. Price: 89K<br>Sales Volume: 19
2025,L5 4,141000,10,North England,L5 4<br>Avg. Price: 141K<br>Sales Volume: 10
2025,L5 5,66000,6,North England,L5 5<br>Avg. Price: 66K<br>Sales Volume: 6
2025,L5 6,104000,36,North England,L5 6<br>Avg. Price: 104K<br>Sales Volume: 36
2025,L5 7,96000,18,North England,L5 7<br>Avg. Price: 96K<br>Sales Volume: 18
2025,L5 8,127000,4,North England,L5 8<br>Avg. Price: 127K<br>Sales Volume: 4
2025,L5 9,150000,15,North England,L5 9<br>Avg. Price: 150K<br>Sales Volume: 15
2025,L6 0,105000,62,North England,L6 0<br>Avg. Price: 105K<br>Sales Volume: 62
2025,L6 1,207000,13,North England,L6 1<br>Avg. Price: 207K<br>Sales Volume: 13
2025,L6 2,176000,10,North England,L6 2<br>Avg. Price: 176K<br>Sales Volume: 10
2025,L6 3,166000,20,North England,L6 3<br>Avg. Price: 166K<br>Sales Volume: 20
2025,L6 4,106000,69,North England,L6 4<br>Avg. Price: 106K<br>Sales Volume: 69
2025,L6 5,106000,30,North England,L6 5<br>Avg. Price: 106K<br>Sales Volume: 30
2025,L6 6,113000,65,North England,L6 6<br>Avg. Price: 113K<br>Sales Volume: 65
2025,L6 7,349000,2,North England,L6 7<br>Avg. Price: 349K<br>Sales Volume: 2
2025,L6 8,213000,18,North England,L6 8<br>Avg. Price: 213K<br>Sales Volume: 18
2025,L6 9,155000,13,North England,L6 9<br>Avg. Price: 155K<br>Sales Volume: 13
2025,L7 0,147000,50,North England,L7 0<br>Avg. Price: 147K<br>Sales Volume: 50
2025,L7 1,213000,16,North England,L7 1<br>Avg. Price: 213K<br>Sales Volume: 16
2025,L7 2,146000,26,North England,L7 2<br>Avg. Price: 146K<br>Sales Volume: 26
2025,L7 3,98000,14,North England,L7 3<br>Avg. Price: 98K<br>Sales Volume: 14
2025,L7 4,104000,6,North England,L7 4<br>Avg. Price: 104K<br>Sales Volume: 6
2025,L7 5,126000,4,North England,L7 5<br>Avg. Price: 126K<br>Sales Volume: 4
2025,L7 6,116000,20,North England,L7 6<br>Avg. Price: 116K<br>Sales Volume: 20
2025,L7 7,161000,9,North England,L7 7<br>Avg. Price: 161K<br>Sales Volume: 9
2025,L7 8,177000,26,North England,L7 8<br>Avg. Price: 177K<br>Sales Volume: 26
2025,L7 9,127000,10,North England,L7 9<br>Avg. Price: 127K<br>Sales Volume: 10
2025,L8 0,188000,43,North England,L8 0<br>Avg. Price: 188K<br>Sales Volume: 43
2025,L8 1,53000,13,North England,L8 1<br>Avg. Price: 53K<br>Sales Volume: 13
2025,L8 2,106000,4,North England,L8 2<br>Avg. Price: 106K<br>Sales Volume: 4
2025,L8 3,190000,18,North England,L8 3<br>Avg. Price: 190K<br>Sales Volume: 18
2025,L8 4,131000,36,North England,L8 4<br>Avg. Price: 131K<br>Sales Volume: 36
2025,L8 5,115000,25,North England,L8 5<br>Avg. Price: 115K<br>Sales Volume: 25
2025,L8 6,135000,19,North England,L8 6<br>Avg. Price: 135K<br>Sales Volume: 19
2025,L8 7,234000,23,North England,L8 7<br>Avg. Price: 234K<br>Sales Volume: 23
2025,L8 8,133000,18,North England,L8 8<br>Avg. Price: 133K<br>Sales Volume: 18
2025,L8 9,138000,36,North England,L8 9<br>Avg. Price: 138K<br>Sales Volume: 36
2025,L9 0,144000,57,North England,L9 0<br>Avg. Price: 144K<br>Sales Volume: 57
2025,L9 1,103000,70,North England,L9 1<br>Avg. Price: 103K<br>Sales Volume: 70
2025,L9 2,139000,33,North England,L9 2<br>Avg. Price: 139K<br>Sales Volume: 33
2025,L9 3,165000,46,North England,L9 3<br>Avg. Price: 165K<br>Sales Volume: 46
2025,L9 4,181000,13,North England,L9 4<br>Avg. Price: 181K<br>Sales Volume: 13
2025,L9 5,80000,7,North England,L9 5<br>Avg. Price: 80K<br>Sales Volume: 7
2025,L9 6,132000,49,North England,L9 6<br>Avg. Price: 132K<br>Sales Volume: 49
2025,L9 7,271000,6,North England,L9 7<br>Avg. Price: 271K<br>Sales Volume: 6
2025,L9 8,198000,64,North England,L9 8<br>Avg. Price: 198K<br>Sales Volume: 64
2025,L9 9,166000,80,North England,L9 9<br>Avg. Price: 166K<br>Sales Volume: 80
2025,LA1 1,184000,51,North England,LA1 1<br>Avg. Price: 184K<br>Sales Volume: 51
2025,LA1 2,164000,130,North England,LA1 2<br>Avg. Price: 164K<br>Sales Volume: 130
2025,LA1 3,200000,183,North England,LA1 3<br>Avg. Price: 200K<br>Sales Volume: 183
2025,LA1 4,233000,195,North England,LA1 4<br>Avg. Price: 233K<br>Sales Volume: 195
2025,LA1 5,240000,160,North England,LA1 5<br>Avg. Price: 240K<br>Sales Volume: 160
2025,LA10 5,327000,49,North England,LA10 5<br>Avg. Price: 327K<br>Sales Volume: 49
2025,LA11 6,309000,67,North England,LA11 6<br>Avg. Price: 309K<br>Sales Volume: 67
2025,LA11 7,298000,102,North England,LA11 7<br>Avg. Price: 298K<br>Sales Volume: 102
2025,LA12 0,278000,104,North England,LA12 0<br>Avg. Price: 278K<br>Sales Volume: 104
2025,LA12 7,253000,85,North England,LA12 7<br>Avg. Price: 253K<br>Sales Volume: 85
2025,LA12 8,395000,37,North England,LA12 8<br>Avg. Price: 395K<br>Sales Volume: 37
2025,LA12 9,274000,122,North England,LA12 9<br>Avg. Price: 274K<br>Sales Volume: 122
2025,LA13 0,262000,133,North England,LA13 0<br>Avg. Price: 262K<br>Sales Volume: 133
2025,LA13 9,176000,144,North England,LA13 9<br>Avg. Price: 176K<br>Sales Volume: 144
2025,LA14 1,82000,65,North England,LA14 1<br>Avg. Price: 82K<br>Sales Volume: 65
2025,LA14 2,89000,119,North England,LA14 2<br>Avg. Price: 89K<br>Sales Volume: 119
2025,LA14 3,159000,157,North England,LA14 3<br>Avg. Price: 159K<br>Sales Volume: 157
2025,LA14 4,281000,90,North England,LA14 4<br>Avg. Price: 281K<br>Sales Volume: 90
2025,LA14 5,140000,207,North England,LA14 5<br>Avg. Price: 140K<br>Sales Volume: 207
2025,LA15 8,174000,161,North England,LA15 8<br>Avg. Price: 174K<br>Sales Volume: 161
2025,LA16 7,248000,65,North England,LA16 7<br>Avg. Price: 248K<br>Sales Volume: 65
2025,LA17 7,251000,17,North England,LA17 7<br>Avg. Price: 251K<br>Sales Volume: 17
2025,LA18 4,138000,92,North England,LA18 4<br>Avg. Price: 138K<br>Sales Volume: 92
2025,LA18 5,169000,46,North England,LA18 5<br>Avg. Price: 169K<br>Sales Volume: 46
2025,LA19 5,212000,10,North England,LA19 5<br>Avg. Price: 212K<br>Sales Volume: 10
2025,LA2 0,256000,56,North England,LA2 0<br>Avg. Price: 256K<br>Sales Volume: 56
2025,LA2 6,334000,76,North England,LA2 6<br>Avg. Price: 334K<br>Sales Volume: 76
2025,LA2 7,268000,61,North England,LA2 7<br>Avg. Price: 268K<br>Sales Volume: 61
2025,LA2 8,441000,33,North England,LA2 8<br>Avg. Price: 441K<br>Sales Volume: 33
2025,LA2 9,358000,52,North England,LA2 9<br>Avg. Price: 358K<br>Sales Volume: 52
2025,LA20 6,335000,17,North England,LA20 6<br>Avg. Price: 335K<br>Sales Volume: 17
2025,LA21 8,498000,17,North England,LA21 8<br>Avg. Price: 498K<br>Sales Volume: 17
2025,LA22 0,540000,28,North England,LA22 0<br>Avg. Price: 540K<br>Sales Volume: 28
2025,LA22 9,530000,37,North England,LA22 9<br>Avg. Price: 530K<br>Sales Volume: 37
2025,LA23 1,492000,39,North England,LA23 1<br>Avg. Price: 492K<br>Sales Volume: 39
2025,LA23 2,374000,57,North England,LA23 2<br>Avg. Price: 374K<br>Sales Volume: 57
2025,LA23 3,559000,38,North England,LA23 3<br>Avg. Price: 559K<br>Sales Volume: 38
2025,LA3 1,164000,154,North England,LA3 1<br>Avg. Price: 164K<br>Sales Volume: 154
2025,LA3 2,219000,178,North England,LA3 2<br>Avg. Price: 219K<br>Sales Volume: 178
2025,LA3 3,217000,87,North England,LA3 3<br>Avg. Price: 217K<br>Sales Volume: 87
2025,LA4 4,162000,113,North England,LA4 4<br>Avg. Price: 162K<br>Sales Volume: 113
2025,LA4 5,167000,128,North England,LA4 5<br>Avg. Price: 167K<br>Sales Volume: 128
2025,LA4 6,232000,162,North England,LA4 6<br>Avg. Price: 232K<br>Sales Volume: 162
2025,LA5 0,370000,61,North England,LA5 0<br>Avg. Price: 370K<br>Sales Volume: 61
2025,LA5 8,294000,63,North England,LA5 8<br>Avg. Price: 294K<br>Sales Volume: 63
2025,LA5 9,225000,152,North England,LA5 9<br>Avg. Price: 225K<br>Sales Volume: 152
2025,LA6 1,307000,95,North England,LA6 1<br>Avg. Price: 307K<br>Sales Volume: 95
2025,LA6 2,466000,49,North England,LA6 2<br>Avg. Price: 466K<br>Sales Volume: 49
2025,LA6 3,345000,36,North England,LA6 3<br>Avg. Price: 345K<br>Sales Volume: 36
2025,LA7 7,363000,47,North England,LA7 7<br>Avg. Price: 363K<br>Sales Volume: 47
2025,LA8 0,361000,30,North England,LA8 0<br>Avg. Price: 361K<br>Sales Volume: 30
2025,LA8 8,424000,34,North England,LA8 8<br>Avg. Price: 424K<br>Sales Volume: 34
2025,LA8 9,616000,33,North England,LA8 9<br>Avg. Price: 616K<br>Sales Volume: 33
2025,LA9 4,231000,105,North England,LA9 4<br>Avg. Price: 231K<br>Sales Volume: 105
2025,LA9 5,310000,125,North England,LA9 5<br>Avg. Price: 310K<br>Sales Volume: 125
2025,LA9 6,284000,113,North England,LA9 6<br>Avg. Price: 284K<br>Sales Volume: 113
2025,LA9 7,290000,176,North England,LA9 7<br>Avg. Price: 290K<br>Sales Volume: 176
2025,LD1 5,244000,82,Wales,LD1 5<br>Avg. Price: 244K<br>Sales Volume: 82
2025,LD1 6,257000,60,Wales,LD1 6<br>Avg. Price: 257K<br>Sales Volume: 60
2025,LD2 3,282000,48,Wales,LD2 3<br>Avg. Price: 282K<br>Sales Volume: 48
2025,LD3 0,276000,28,Wales,LD3 0<br>Avg. Price: 276K<br>Sales Volume: 28
2025,LD3 7,325000,67,Wales,LD3 7<br>Avg. Price: 325K<br>Sales Volume: 67
2025,LD3 8,290000,43,Wales,LD3 8<br>Avg. Price: 290K<br>Sales Volume: 43
2025,LD3 9,277000,48,Wales,LD3 9<br>Avg. Price: 277K<br>Sales Volume: 48
2025,LD4 4,249000,11,Wales,LD4 4<br>Avg. Price: 249K<br>Sales Volume: 11
2025,LD5 4,333000,12,Wales,LD5 4<br>Avg. Price: 333K<br>Sales Volume: 12
2025,LD6 5,220000,27,Wales,LD6 5<br>Avg. Price: 220K<br>Sales Volume: 27
2025,LD7 1,264000,51,Wales,LD7 1<br>Avg. Price: 264K<br>Sales Volume: 51
2025,LD8 2,354000,44,Wales,LD8 2<br>Avg. Price: 354K<br>Sales Volume: 44
2025,LE1 1,115000,24,Midlands,LE1 1<br>Avg. Price: 115K<br>Sales Volume: 24
2025,LE1 2,140000,5,Midlands,LE1 2<br>Avg. Price: 140K<br>Sales Volume: 5
2025,LE1 3,80000,9,Midlands,LE1 3<br>Avg. Price: 80K<br>Sales Volume: 9
2025,LE1 4,112000,9,Midlands,LE1 4<br>Avg. Price: 112K<br>Sales Volume: 9
2025,LE1 5,168000,4,Midlands,LE1 5<br>Avg. Price: 168K<br>Sales Volume: 4
2025,LE1 6,126000,31,Midlands,LE1 6<br>Avg. Price: 126K<br>Sales Volume: 31
2025,LE1 7,300000,6,Midlands,LE1 7<br>Avg. Price: 300K<br>Sales Volume: 6
2025,LE10 0,238000,377,Midlands,LE10 0<br>Avg. Price: 238K<br>Sales Volume: 377
2025,LE10 1,274000,208,Midlands,LE10 1<br>Avg. Price: 274K<br>Sales Volume: 208
2025,LE10 2,341000,280,Midlands,LE10 2<br>Avg. Price: 341K<br>Sales Volume: 280
2025,LE10 3,371000,57,Midlands,LE10 3<br>Avg. Price: 371K<br>Sales Volume: 57
2025,LE11 1,207000,130,Midlands,LE11 1<br>Avg. Price: 207K<br>Sales Volume: 130
2025,LE11 2,278000,215,Midlands,LE11 2<br>Avg. Price: 278K<br>Sales Volume: 215
2025,LE11 3,345000,108,Midlands,LE11 3<br>Avg. Price: 345K<br>Sales Volume: 108
2025,LE11 4,226000,118,Midlands,LE11 4<br>Avg. Price: 226K<br>Sales Volume: 118
2025,LE11 5,236000,135,Midlands,LE11 5<br>Avg. Price: 236K<br>Sales Volume: 135
2025,LE12 5,408000,145,Midlands,LE12 5<br>Avg. Price: 408K<br>Sales Volume: 145
2025,LE12 6,345000,208,Midlands,LE12 6<br>Avg. Price: 345K<br>Sales Volume: 208
2025,LE12 7,278000,319,Midlands,LE12 7<br>Avg. Price: 278K<br>Sales Volume: 319
2025,LE12 8,388000,263,Midlands,LE12 8<br>Avg. Price: 388K<br>Sales Volume: 263
2025,LE12 9,260000,238,Midlands,LE12 9<br>Avg. Price: 260K<br>Sales Volume: 238
2025,LE13 0,257000,252,Midlands,LE13 0<br>Avg. Price: 257K<br>Sales Volume: 252
2025,LE13 1,254000,273,Midlands,LE13 1<br>Avg. Price: 254K<br>Sales Volume: 273
2025,LE14 2,460000,70,Midlands,LE14 2<br>Avg. Price: 460K<br>Sales Volume: 70
2025,LE14 3,365000,117,Midlands,LE14 3<br>Avg. Price: 365K<br>Sales Volume: 117
2025,LE14 4,420000,101,Midlands,LE14 4<br>Avg. Price: 420K<br>Sales Volume: 101
2025,LE15 6,329000,195,Midlands,LE15 6<br>Avg. Price: 329K<br>Sales Volume: 195
2025,LE15 7,416000,137,Midlands,LE15 7<br>Avg. Price: 416K<br>Sales Volume: 137
2025,LE15 8,541000,77,Midlands,LE15 8<br>Avg. Price: 541K<br>Sales Volume: 77
2025,LE15 9,437000,110,Midlands,LE15 9<br>Avg. Price: 437K<br>Sales Volume: 110
2025,LE16 7,411000,204,Midlands,LE16 7<br>Avg. Price: 411K<br>Sales Volume: 204
2025,LE16 8,446000,159,Midlands,LE16 8<br>Avg. Price: 446K<br>Sales Volume: 159
2025,LE16 9,352000,300,Midlands,LE16 9<br>Avg. Price: 352K<br>Sales Volume: 300
2025,LE17 4,318000,175,Midlands,LE17 4<br>Avg. Price: 318K<br>Sales Volume: 175
2025,LE17 5,521000,97,Midlands,LE17 5<br>Avg. Price: 521K<br>Sales Volume: 97
2025,LE17 6,453000,69,Midlands,LE17 6<br>Avg. Price: 453K<br>Sales Volume: 69
2025,LE18 1,278000,98,Midlands,LE18 1<br>Avg. Price: 278K<br>Sales Volume: 98
2025,LE18 2,246000,91,Midlands,LE18 2<br>Avg. Price: 246K<br>Sales Volume: 91
2025,LE18 3,290000,112,Midlands,LE18 3<br>Avg. Price: 290K<br>Sales Volume: 112
2025,LE18 4,224000,108,Midlands,LE18 4<br>Avg. Price: 224K<br>Sales Volume: 108
2025,LE19 2,620000,88,Midlands,LE19 2<br>Avg. Price: 620K<br>Sales Volume: 88
2025,LE19 3,318000,70,Midlands,LE19 3<br>Avg. Price: 318K<br>Sales Volume: 70
2025,LE19 4,293000,148,Midlands,LE19 4<br>Avg. Price: 293K<br>Sales Volume: 148
2025,LE2 0,237000,35,Midlands,LE2 0<br>Avg. Price: 237K<br>Sales Volume: 35
2025,LE2 1,247000,135,Midlands,LE2 1<br>Avg. Price: 247K<br>Sales Volume: 135
2025,LE2 2,405000,84,Midlands,LE2 2<br>Avg. Price: 405K<br>Sales Volume: 84
2025,LE2 3,385000,124,Midlands,LE2 3<br>Avg. Price: 385K<br>Sales Volume: 124
2025,LE2 4,375000,159,Midlands,LE2 4<br>Avg. Price: 375K<br>Sales Volume: 159
2025,LE2 5,300000,89,Midlands,LE2 5<br>Avg. Price: 300K<br>Sales Volume: 89
2025,LE2 6,238000,116,Midlands,LE2 6<br>Avg. Price: 238K<br>Sales Volume: 116
2025,LE2 7,188000,68,Midlands,LE2 7<br>Avg. Price: 188K<br>Sales Volume: 68
2025,LE2 8,237000,134,Midlands,LE2 8<br>Avg. Price: 237K<br>Sales Volume: 134
2025,LE2 9,235000,158,Midlands,LE2 9<br>Avg. Price: 235K<br>Sales Volume: 158
2025,LE3 0,194000,144,Midlands,LE3 0<br>Avg. Price: 194K<br>Sales Volume: 144
2025,LE3 1,206000,84,Midlands,LE3 1<br>Avg. Price: 206K<br>Sales Volume: 84
2025,LE3 2,243000,165,Midlands,LE3 2<br>Avg. Price: 243K<br>Sales Volume: 165
2025,LE3 3,281000,185,Midlands,LE3 3<br>Avg. Price: 281K<br>Sales Volume: 185
2025,LE3 5,191000,89,Midlands,LE3 5<br>Avg. Price: 191K<br>Sales Volume: 89
2025,LE3 6,247000,97,Midlands,LE3 6<br>Avg. Price: 247K<br>Sales Volume: 97
2025,LE3 8,321000,139,Midlands,LE3 8<br>Avg. Price: 321K<br>Sales Volume: 139
2025,LE3 9,221000,164,Midlands,LE3 9<br>Avg. Price: 221K<br>Sales Volume: 164
2025,LE4 0,250000,109,Midlands,LE4 0<br>Avg. Price: 250K<br>Sales Volume: 109
2025,LE4 1,203000,36,Midlands,LE4 1<br>Avg. Price: 203K<br>Sales Volume: 36
2025,LE4 2,277000,100,Midlands,LE4 2<br>Avg. Price: 277K<br>Sales Volume: 100
2025,LE4 3,319000,96,Midlands,LE4 3<br>Avg. Price: 319K<br>Sales Volume: 96
2025,LE4 4,277000,100,Midlands,LE4 4<br>Avg. Price: 277K<br>Sales Volume: 100
2025,LE4 5,245000,66,Midlands,LE4 5<br>Avg. Price: 245K<br>Sales Volume: 66
2025,LE4 6,250000,74,Midlands,LE4 6<br>Avg. Price: 250K<br>Sales Volume: 74
2025,LE4 7,274000,75,Midlands,LE4 7<br>Avg. Price: 274K<br>Sales Volume: 75
2025,LE4 8,273000,116,Midlands,LE4 8<br>Avg. Price: 273K<br>Sales Volume: 116
2025,LE4 9,242000,100,Midlands,LE4 9<br>Avg. Price: 242K<br>Sales Volume: 100
2025,LE5 0,244000,65,Midlands,LE5 0<br>Avg. Price: 244K<br>Sales Volume: 65
2025,LE5 1,279000,165,Midlands,LE5 1<br>Avg. Price: 279K<br>Sales Volume: 165
2025,LE5 2,263000,91,Midlands,LE5 2<br>Avg. Price: 263K<br>Sales Volume: 91
2025,LE5 3,222000,42,Midlands,LE5 3<br>Avg. Price: 222K<br>Sales Volume: 42
2025,LE5 4,267000,68,Midlands,LE5 4<br>Avg. Price: 267K<br>Sales Volume: 68
2025,LE5 5,281000,78,Midlands,LE5 5<br>Avg. Price: 281K<br>Sales Volume: 78
2025,LE5 6,358000,67,Midlands,LE5 6<br>Avg. Price: 358K<br>Sales Volume: 67
2025,LE6 0,319000,188,Midlands,LE6 0<br>Avg. Price: 319K<br>Sales Volume: 188
2025,LE65 1,381000,117,Midlands,LE65 1<br>Avg. Price: 381K<br>Sales Volume: 117
2025,LE65 2,304000,153,Midlands,LE65 2<br>Avg. Price: 304K<br>Sales Volume: 153
2025,LE67 1,262000,79,Midlands,LE67 1<br>Avg. Price: 262K<br>Sales Volume: 79
2025,LE67 2,300000,263,Midlands,LE67 2<br>Avg. Price: 300K<br>Sales Volume: 263
2025,LE67 3,199000,146,Midlands,LE67 3<br>Avg. Price: 199K<br>Sales Volume: 146
2025,LE67 4,274000,157,Midlands,LE67 4<br>Avg. Price: 274K<br>Sales Volume: 157
2025,LE67 5,245000,112,Midlands,LE67 5<br>Avg. Price: 245K<br>Sales Volume: 112
2025,LE67 6,271000,114,Midlands,LE67 6<br>Avg. Price: 271K<br>Sales Volume: 114
2025,LE67 8,299000,70,Midlands,LE67 8<br>Avg. Price: 299K<br>Sales Volume: 70
2025,LE67 9,285000,108,Midlands,LE67 9<br>Avg. Price: 285K<br>Sales Volume: 108
2025,LE7 1,276000,83,Midlands,LE7 1<br>Avg. Price: 276K<br>Sales Volume: 83
2025,LE7 2,276000,132,Midlands,LE7 2<br>Avg. Price: 276K<br>Sales Volume: 132
2025,LE7 3,365000,127,Midlands,LE7 3<br>Avg. Price: 365K<br>Sales Volume: 127
2025,LE7 4,526000,64,Midlands,LE7 4<br>Avg. Price: 526K<br>Sales Volume: 64
2025,LE7 6,564000,16,Midlands,LE7 6<br>Avg. Price: 564K<br>Sales Volume: 16
2025,LE7 7,348000,253,Midlands,LE7 7<br>Avg. Price: 348K<br>Sales Volume: 253
2025,LE7 9,406000,188,Midlands,LE7 9<br>Avg. Price: 406K<br>Sales Volume: 188
2025,LE8 0,395000,120,Midlands,LE8 0<br>Avg. Price: 395K<br>Sales Volume: 120
2025,LE8 4,273000,85,Midlands,LE8 4<br>Avg. Price: 273K<br>Sales Volume: 85
2025,LE8 5,305000,103,Midlands,LE8 5<br>Avg. Price: 305K<br>Sales Volume: 103
2025,LE8 6,307000,99,Midlands,LE8 6<br>Avg. Price: 307K<br>Sales Volume: 99
2025,LE8 8,288000,123,Midlands,LE8 8<br>Avg. Price: 288K<br>Sales Volume: 123
2025,LE8 9,381000,69,Midlands,LE8 9<br>Avg. Price: 381K<br>Sales Volume: 69
2025,LE9 1,316000,27,Midlands,LE9 1<br>Avg. Price: 316K<br>Sales Volume: 27
2025,LE9 2,465000,72,Midlands,LE9 2<br>Avg. Price: 465K<br>Sales Volume: 72
2025,LE9 3,259000,42,Midlands,LE9 3<br>Avg. Price: 259K<br>Sales Volume: 42
2025,LE9 4,297000,142,Midlands,LE9 4<br>Avg. Price: 297K<br>Sales Volume: 142
2025,LE9 6,336000,158,Midlands,LE9 6<br>Avg. Price: 336K<br>Sales Volume: 158
2025,LE9 7,276000,213,Midlands,LE9 7<br>Avg. Price: 276K<br>Sales Volume: 213
2025,LE9 8,214000,139,Midlands,LE9 8<br>Avg. Price: 214K<br>Sales Volume: 139
2025,LE9 9,310000,97,Midlands,LE9 9<br>Avg. Price: 310K<br>Sales Volume: 97
2025,LL11 1,159000,7,Wales,LL11 1<br>Avg. Price: 159K<br>Sales Volume: 7
2025,LL11 2,193000,112,Wales,LL11 2<br>Avg. Price: 193K<br>Sales Volume: 112
2025,LL11 3,214000,88,Wales,LL11 3<br>Avg. Price: 214K<br>Sales Volume: 88
2025,LL11 4,208000,103,Wales,LL11 4<br>Avg. Price: 208K<br>Sales Volume: 103
2025,LL11 5,209000,107,Wales,LL11 5<br>Avg. Price: 209K<br>Sales Volume: 107
2025,LL11 6,195000,84,Wales,LL11 6<br>Avg. Price: 195K<br>Sales Volume: 84
2025,LL12 0,304000,95,Wales,LL12 0<br>Avg. Price: 304K<br>Sales Volume: 95
2025,LL12 7,228000,84,Wales,LL12 7<br>Avg. Price: 228K<br>Sales Volume: 84
2025,LL12 8,341000,83,Wales,LL12 8<br>Avg. Price: 341K<br>Sales Volume: 83
2025,LL12 9,260000,71,Wales,LL12 9<br>Avg. Price: 260K<br>Sales Volume: 71
2025,LL13 0,260000,90,Wales,LL13 0<br>Avg. Price: 260K<br>Sales Volume: 90
2025,LL13 7,181000,89,Wales,LL13 7<br>Avg. Price: 181K<br>Sales Volume: 89
2025,LL13 8,124000,76,Wales,LL13 8<br>Avg. Price: 124K<br>Sales Volume: 76
2025,LL13 9,274000,85,Wales,LL13 9<br>Avg. Price: 274K<br>Sales Volume: 85
2025,LL14 1,172000,68,Wales,LL14 1<br>Avg. Price: 172K<br>Sales Volume: 68
2025,LL14 2,170000,71,Wales,LL14 2<br>Avg. Price: 170K<br>Sales Volume: 71
2025,LL14 3,189000,62,Wales,LL14 3<br>Avg. Price: 189K<br>Sales Volume: 62
2025,LL14 4,217000,51,Wales,LL14 4<br>Avg. Price: 217K<br>Sales Volume: 51
2025,LL14 5,248000,48,Wales,LL14 5<br>Avg. Price: 248K<br>Sales Volume: 48
2025,LL14 6,214000,39,Wales,LL14 6<br>Avg. Price: 214K<br>Sales Volume: 39
2025,LL15 1,265000,87,Wales,LL15 1<br>Avg. Price: 265K<br>Sales Volume: 87
2025,LL15 2,340000,23,Wales,LL15 2<br>Avg. Price: 340K<br>Sales Volume: 23
2025,LL16 3,188000,77,Wales,LL16 3<br>Avg. Price: 188K<br>Sales Volume: 77
2025,LL16 4,265000,49,Wales,LL16 4<br>Avg. Price: 265K<br>Sales Volume: 49
2025,LL16 5,253000,30,Wales,LL16 5<br>Avg. Price: 253K<br>Sales Volume: 30
2025,LL17 0,286000,72,Wales,LL17 0<br>Avg. Price: 286K<br>Sales Volume: 72
2025,LL18 1,134000,38,Wales,LL18 1<br>Avg. Price: 134K<br>Sales Volume: 38
2025,LL18 2,184000,90,Wales,LL18 2<br>Avg. Price: 184K<br>Sales Volume: 90
2025,LL18 3,184000,74,Wales,LL18 3<br>Avg. Price: 184K<br>Sales Volume: 74
2025,LL18 4,188000,170,Wales,LL18 4<br>Avg. Price: 188K<br>Sales Volume: 170
2025,LL18 5,210000,150,Wales,LL18 5<br>Avg. Price: 210K<br>Sales Volume: 150
2025,LL18 6,271000,54,Wales,LL18 6<br>Avg. Price: 271K<br>Sales Volume: 54
2025,LL19 7,189000,153,Wales,LL19 7<br>Avg. Price: 189K<br>Sales Volume: 153
2025,LL19 8,186000,125,Wales,LL19 8<br>Avg. Price: 186K<br>Sales Volume: 125
2025,LL19 9,290000,74,Wales,LL19 9<br>Avg. Price: 290K<br>Sales Volume: 74
2025,LL20 7,260000,49,Wales,LL20 7<br>Avg. Price: 260K<br>Sales Volume: 49
2025,LL20 8,248000,55,Wales,LL20 8<br>Avg. Price: 248K<br>Sales Volume: 55
2025,LL21 0,223000,31,Wales,LL21 0<br>Avg. Price: 223K<br>Sales Volume: 31
2025,LL21 9,247000,20,Wales,LL21 9<br>Avg. Price: 247K<br>Sales Volume: 20
2025,LL22 7,208000,144,Wales,LL22 7<br>Avg. Price: 208K<br>Sales Volume: 144
2025,LL22 8,284000,77,Wales,LL22 8<br>Avg. Price: 284K<br>Sales Volume: 77
2025,LL22 9,215000,71,Wales,LL22 9<br>Avg. Price: 215K<br>Sales Volume: 71
2025,LL23 7,227000,36,Wales,LL23 7<br>Avg. Price: 227K<br>Sales Volume: 36
2025,LL24 0,217000,33,Wales,LL24 0<br>Avg. Price: 217K<br>Sales Volume: 33
2025,LL25 0,248000,7,Wales,LL25 0<br>Avg. Price: 248K<br>Sales Volume: 7
2025,LL26 0,226000,39,Wales,LL26 0<br>Avg. Price: 226K<br>Sales Volume: 39
2025,LL27 0,184000,16,Wales,LL27 0<br>Avg. Price: 184K<br>Sales Volume: 16
2025,LL28 4,255000,176,Wales,LL28 4<br>Avg. Price: 255K<br>Sales Volume: 176
2025,LL28 5,296000,70,Wales,LL28 5<br>Avg. Price: 296K<br>Sales Volume: 70
2025,LL29 6,285000,33,Wales,LL29 6<br>Avg. Price: 285K<br>Sales Volume: 33
2025,LL29 7,190000,83,Wales,LL29 7<br>Avg. Price: 190K<br>Sales Volume: 83
2025,LL29 8,228000,110,Wales,LL29 8<br>Avg. Price: 228K<br>Sales Volume: 110
2025,LL29 9,211000,85,Wales,LL29 9<br>Avg. Price: 211K<br>Sales Volume: 85
2025,LL30 1,254000,131,Wales,LL30 1<br>Avg. Price: 254K<br>Sales Volume: 131
2025,LL30 2,196000,136,Wales,LL30 2<br>Avg. Price: 196K<br>Sales Volume: 136
2025,LL30 3,319000,92,Wales,LL30 3<br>Avg. Price: 319K<br>Sales Volume: 92
2025,LL31 9,258000,173,Wales,LL31 9<br>Avg. Price: 258K<br>Sales Volume: 173
2025,LL32 8,291000,99,Wales,LL32 8<br>Avg. Price: 291K<br>Sales Volume: 99
2025,LL33 0,198000,47,Wales,LL33 0<br>Avg. Price: 198K<br>Sales Volume: 47
2025,LL34 6,212000,74,Wales,LL34 6<br>Avg. Price: 212K<br>Sales Volume: 74
2025,LL35 0,412000,18,Wales,LL35 0<br>Avg. Price: 412K<br>Sales Volume: 18
2025,LL36 0,231000,31,Wales,LL36 0<br>Avg. Price: 231K<br>Sales Volume: 31
2025,LL36 9,223000,34,Wales,LL36 9<br>Avg. Price: 223K<br>Sales Volume: 34
2025,LL37 2,209000,6,Wales,LL37 2<br>Avg. Price: 209K<br>Sales Volume: 6
2025,LL38 2,141000,29,Wales,LL38 2<br>Avg. Price: 141K<br>Sales Volume: 29
2025,LL39 1,156000,4,Wales,LL39 1<br>Avg. Price: 156K<br>Sales Volume: 4
2025,LL40 1,174000,36,Wales,LL40 1<br>Avg. Price: 174K<br>Sales Volume: 36
2025,LL40 2,274000,28,Wales,LL40 2<br>Avg. Price: 274K<br>Sales Volume: 28
2025,LL41 3,118000,51,Wales,LL41 3<br>Avg. Price: 118K<br>Sales Volume: 51
2025,LL41 4,146000,46,Wales,LL41 4<br>Avg. Price: 146K<br>Sales Volume: 46
2025,LL42 1,222000,42,Wales,LL42 1<br>Avg. Price: 222K<br>Sales Volume: 42
2025,LL43 2,230000,9,Wales,LL43 2<br>Avg. Price: 230K<br>Sales Volume: 9
2025,LL44 2,256000,18,Wales,LL44 2<br>Avg. Price: 256K<br>Sales Volume: 18
2025,LL45 2,241000,8,Wales,LL45 2<br>Avg. Price: 241K<br>Sales Volume: 8
2025,LL46 2,210000,43,Wales,LL46 2<br>Avg. Price: 210K<br>Sales Volume: 43
2025,LL47 6,182000,12,Wales,LL47 6<br>Avg. Price: 182K<br>Sales Volume: 12
2025,LL48 6,164000,29,Wales,LL48 6<br>Avg. Price: 164K<br>Sales Volume: 29
2025,LL49 9,234000,56,Wales,LL49 9<br>Avg. Price: 234K<br>Sales Volume: 56
2025,LL51 9,209000,7,Wales,LL51 9<br>Avg. Price: 209K<br>Sales Volume: 7
2025,LL52 0,309000,36,Wales,LL52 0<br>Avg. Price: 309K<br>Sales Volume: 36
2025,LL53 5,226000,46,Wales,LL53 5<br>Avg. Price: 226K<br>Sales Volume: 46
2025,LL53 6,274000,61,Wales,LL53 6<br>Avg. Price: 274K<br>Sales Volume: 61
2025,LL53 7,306000,49,Wales,LL53 7<br>Avg. Price: 306K<br>Sales Volume: 49
2025,LL53 8,325000,29,Wales,LL53 8<br>Avg. Price: 325K<br>Sales Volume: 29
2025,LL54 5,224000,26,Wales,LL54 5<br>Avg. Price: 224K<br>Sales Volume: 26
2025,LL54 6,164000,33,Wales,LL54 6<br>Avg. Price: 164K<br>Sales Volume: 33
2025,LL54 7,197000,41,Wales,LL54 7<br>Avg. Price: 197K<br>Sales Volume: 41
2025,LL55 1,221000,69,Wales,LL55 1<br>Avg. Price: 221K<br>Sales Volume: 69
2025,LL55 2,195000,76,Wales,LL55 2<br>Avg. Price: 195K<br>Sales Volume: 76
2025,LL55 3,215000,29,Wales,LL55 3<br>Avg. Price: 215K<br>Sales Volume: 29
2025,LL55 4,236000,79,Wales,LL55 4<br>Avg. Price: 236K<br>Sales Volume: 79
2025,LL56 4,224000,46,Wales,LL56 4<br>Avg. Price: 224K<br>Sales Volume: 46
2025,LL57 1,146000,60,Wales,LL57 1<br>Avg. Price: 146K<br>Sales Volume: 60
2025,LL57 2,241000,90,Wales,LL57 2<br>Avg. Price: 241K<br>Sales Volume: 90
2025,LL57 3,176000,52,Wales,LL57 3<br>Avg. Price: 176K<br>Sales Volume: 52
2025,LL57 4,212000,50,Wales,LL57 4<br>Avg. Price: 212K<br>Sales Volume: 50
2025,LL58 8,323000,45,Wales,LL58 8<br>Avg. Price: 323K<br>Sales Volume: 45
2025,LL59 5,283000,70,Wales,LL59 5<br>Avg. Price: 283K<br>Sales Volume: 70
2025,LL60 6,223000,29,Wales,LL60 6<br>Avg. Price: 223K<br>Sales Volume: 29
2025,LL61 5,252000,35,Wales,LL61 5<br>Avg. Price: 252K<br>Sales Volume: 35
2025,LL61 6,235000,31,Wales,LL61 6<br>Avg. Price: 235K<br>Sales Volume: 31
2025,LL62 5,267000,10,Wales,LL62 5<br>Avg. Price: 267K<br>Sales Volume: 10
2025,LL63 5,234000,15,Wales,LL63 5<br>Avg. Price: 234K<br>Sales Volume: 15
2025,LL64 5,567000,19,Wales,LL64 5<br>Avg. Price: 567K<br>Sales Volume: 19
2025,LL65 1,175000,65,Wales,LL65 1<br>Avg. Price: 175K<br>Sales Volume: 65
2025,LL65 2,249000,101,Wales,LL65 2<br>Avg. Price: 249K<br>Sales Volume: 101
2025,LL65 3,222000,61,Wales,LL65 3<br>Avg. Price: 222K<br>Sales Volume: 61
2025,LL65 4,255000,27,Wales,LL65 4<br>Avg. Price: 255K<br>Sales Volume: 27
2025,LL66 0,72000,1,Wales,LL66 0<br>Avg. Price: 72K<br>Sales Volume: 1
2025,LL67 0,234000,20,Wales,LL67 0<br>Avg. Price: 234K<br>Sales Volume: 20
2025,LL68 0,261000,10,Wales,LL68 0<br>Avg. Price: 261K<br>Sales Volume: 10
2025,LL68 9,208000,57,Wales,LL68 9<br>Avg. Price: 208K<br>Sales Volume: 57
2025,LL69 9,294000,8,Wales,LL69 9<br>Avg. Price: 294K<br>Sales Volume: 8
2025,LL70 9,270000,2,Wales,LL70 9<br>Avg. Price: 270K<br>Sales Volume: 2
2025,LL71 7,113000,4,Wales,LL71 7<br>Avg. Price: 113K<br>Sales Volume: 4
2025,LL71 8,236000,21,Wales,LL71 8<br>Avg. Price: 236K<br>Sales Volume: 21
2025,LL72 8,318000,10,Wales,LL72 8<br>Avg. Price: 318K<br>Sales Volume: 10
2025,LL73 8,419000,3,Wales,LL73 8<br>Avg. Price: 419K<br>Sales Volume: 3
2025,LL74 8,316000,32,Wales,LL74 8<br>Avg. Price: 316K<br>Sales Volume: 32
2025,LL75 8,241000,13,Wales,LL75 8<br>Avg. Price: 241K<br>Sales Volume: 13
2025,LL76 8,205000,2,Wales,LL76 8<br>Avg. Price: 205K<br>Sales Volume: 2
2025,LL77 7,226000,89,Wales,LL77 7<br>Avg. Price: 226K<br>Sales Volume: 89
2025,LL77 8,126000,2,Wales,LL77 8<br>Avg. Price: 126K<br>Sales Volume: 2
2025,LL78 8,274000,11,Wales,LL78 8<br>Avg. Price: 274K<br>Sales Volume: 11
2025,LN1 1,226000,110,Midlands,LN1 1<br>Avg. Price: 226K<br>Sales Volume: 110
2025,LN1 2,277000,177,Midlands,LN1 2<br>Avg. Price: 277K<br>Sales Volume: 177
2025,LN1 3,224000,146,Midlands,LN1 3<br>Avg. Price: 224K<br>Sales Volume: 146
2025,LN1 4,297000,14,Midlands,LN1 4<br>Avg. Price: 297K<br>Sales Volume: 14
2025,LN10 5,255000,6,Midlands,LN10 5<br>Avg. Price: 255K<br>Sales Volume: 6
2025,LN10 6,340000,114,Midlands,LN10 6<br>Avg. Price: 340K<br>Sales Volume: 114
2025,LN11 0,236000,177,Midlands,LN11 0<br>Avg. Price: 236K<br>Sales Volume: 177
2025,LN11 7,264000,92,Midlands,LN11 7<br>Avg. Price: 264K<br>Sales Volume: 92
2025,LN11 8,258000,114,Midlands,LN11 8<br>Avg. Price: 258K<br>Sales Volume: 114
2025,LN11 9,247000,82,Midlands,LN11 9<br>Avg. Price: 247K<br>Sales Volume: 82
2025,LN12 1,171000,81,Midlands,LN12 1<br>Avg. Price: 171K<br>Sales Volume: 81
2025,LN12 2,223000,148,Midlands,LN12 2<br>Avg. Price: 223K<br>Sales Volume: 148
2025,LN13 0,271000,27,Midlands,LN13 0<br>Avg. Price: 271K<br>Sales Volume: 27
2025,LN13 9,225000,59,Midlands,LN13 9<br>Avg. Price: 225K<br>Sales Volume: 59
2025,LN2 1,388000,33,Midlands,LN2 1<br>Avg. Price: 388K<br>Sales Volume: 33
2025,LN2 2,297000,152,Midlands,LN2 2<br>Avg. Price: 297K<br>Sales Volume: 152
2025,LN2 3,286000,159,Midlands,LN2 3<br>Avg. Price: 286K<br>Sales Volume: 159
2025,LN2 4,238000,260,Midlands,LN2 4<br>Avg. Price: 238K<br>Sales Volume: 260
2025,LN2 5,136000,101,Midlands,LN2 5<br>Avg. Price: 136K<br>Sales Volume: 101
2025,LN3 4,260000,86,Midlands,LN3 4<br>Avg. Price: 260K<br>Sales Volume: 86
2025,LN3 5,255000,46,Midlands,LN3 5<br>Avg. Price: 255K<br>Sales Volume: 46
2025,LN4 1,274000,185,Midlands,LN4 1<br>Avg. Price: 274K<br>Sales Volume: 185
2025,LN4 2,272000,146,Midlands,LN4 2<br>Avg. Price: 272K<br>Sales Volume: 146
2025,LN4 3,256000,136,Midlands,LN4 3<br>Avg. Price: 256K<br>Sales Volume: 136
2025,LN4 4,224000,95,Midlands,LN4 4<br>Avg. Price: 224K<br>Sales Volume: 95
2025,LN5 0,347000,96,Midlands,LN5 0<br>Avg. Price: 347K<br>Sales Volume: 96
2025,LN5 7,126000,95,Midlands,LN5 7<br>Avg. Price: 126K<br>Sales Volume: 95
2025,LN5 8,152000,152,Midlands,LN5 8<br>Avg. Price: 152K<br>Sales Volume: 152
2025,LN5 9,271000,179,Midlands,LN5 9<br>Avg. Price: 271K<br>Sales Volume: 179
2025,LN6 0,214000,187,Midlands,LN6 0<br>Avg. Price: 214K<br>Sales Volume: 187
2025,LN6 3,212000,62,Midlands,LN6 3<br>Avg. Price: 212K<br>Sales Volume: 62
2025,LN6 4,408000,2,Midlands,LN6 4<br>Avg. Price: 408K<br>Sales Volume: 2
2025,LN6 5,277000,48,Midlands,LN6 5<br>Avg. Price: 277K<br>Sales Volume: 48
2025,LN6 6,312000,18,Midlands,LN6 6<br>Avg. Price: 312K<br>Sales Volume: 18
2025,LN6 7,217000,125,Midlands,LN6 7<br>Avg. Price: 217K<br>Sales Volume: 125
2025,LN6 8,249000,151,Midlands,LN6 8<br>Avg. Price: 249K<br>Sales Volume: 151
2025,LN6 9,267000,339,Midlands,LN6 9<br>Avg. Price: 267K<br>Sales Volume: 339
2025,LN7 6,288000,97,Midlands,LN7 6<br>Avg. Price: 288K<br>Sales Volume: 97
2025,LN8 2,319000,24,Midlands,LN8 2<br>Avg. Price: 319K<br>Sales Volume: 24
2025,LN8 3,257000,147,Midlands,LN8 3<br>Avg. Price: 257K<br>Sales Volume: 147
2025,LN8 5,233000,80,Midlands,LN8 5<br>Avg. Price: 233K<br>Sales Volume: 80
2025,LN8 6,270000,42,Midlands,LN8 6<br>Avg. Price: 270K<br>Sales Volume: 42
2025,LN9 5,275000,107,Midlands,LN9 5<br>Avg. Price: 275K<br>Sales Volume: 107
2025,LN9 6,247000,88,Midlands,LN9 6<br>Avg. Price: 247K<br>Sales Volume: 88
2025,LS1 2,177000,4,North England,LS1 2<br>Avg. Price: 177K<br>Sales Volume: 4
2025,LS1 3,206000,15,North England,LS1 3<br>Avg. Price: 206K<br>Sales Volume: 15
2025,LS1 4,218000,37,North England,LS1 4<br>Avg. Price: 218K<br>Sales Volume: 37
2025,LS1 5,157000,5,North England,LS1 5<br>Avg. Price: 157K<br>Sales Volume: 5
2025,LS1 6,705000,6,North England,LS1 6<br>Avg. Price: 705K<br>Sales Volume: 6
2025,LS1 7,181000,1,North England,LS1 7<br>Avg. Price: 181K<br>Sales Volume: 1
2025,LS10 1,209000,83,North England,LS10 1<br>Avg. Price: 209K<br>Sales Volume: 83
2025,LS10 2,153000,31,North England,LS10 2<br>Avg. Price: 153K<br>Sales Volume: 31
2025,LS10 3,170000,100,North England,LS10 3<br>Avg. Price: 170K<br>Sales Volume: 100
2025,LS10 4,195000,206,North England,LS10 4<br>Avg. Price: 195K<br>Sales Volume: 206
2025,LS11 0,113000,30,North England,LS11 0<br>Avg. Price: 113K<br>Sales Volume: 30
2025,LS11 5,156000,87,North England,LS11 5<br>Avg. Price: 156K<br>Sales Volume: 87
2025,LS11 6,135000,45,North England,LS11 6<br>Avg. Price: 135K<br>Sales Volume: 45
2025,LS11 7,148000,113,North England,LS11 7<br>Avg. Price: 148K<br>Sales Volume: 113
2025,LS11 8,172000,72,North England,LS11 8<br>Avg. Price: 172K<br>Sales Volume: 72
2025,LS11 9,138000,36,North England,LS11 9<br>Avg. Price: 138K<br>Sales Volume: 36
2025,LS12 1,155000,68,North England,LS12 1<br>Avg. Price: 155K<br>Sales Volume: 68
2025,LS12 2,164000,83,North England,LS12 2<br>Avg. Price: 164K<br>Sales Volume: 83
2025,LS12 3,173000,110,North England,LS12 3<br>Avg. Price: 173K<br>Sales Volume: 110
2025,LS12 4,189000,136,North England,LS12 4<br>Avg. Price: 189K<br>Sales Volume: 136
2025,LS12 5,222000,146,North England,LS12 5<br>Avg. Price: 222K<br>Sales Volume: 146
2025,LS12 6,234000,37,North England,LS12 6<br>Avg. Price: 234K<br>Sales Volume: 37
2025,LS13 1,232000,138,North England,LS13 1<br>Avg. Price: 232K<br>Sales Volume: 138
2025,LS13 2,199000,125,North England,LS13 2<br>Avg. Price: 199K<br>Sales Volume: 125
2025,LS13 3,183000,130,North England,LS13 3<br>Avg. Price: 183K<br>Sales Volume: 130
2025,LS13 4,184000,119,North England,LS13 4<br>Avg. Price: 184K<br>Sales Volume: 119
2025,LS14 1,242000,95,North England,LS14 1<br>Avg. Price: 242K<br>Sales Volume: 95
2025,LS14 2,236000,76,North England,LS14 2<br>Avg. Price: 236K<br>Sales Volume: 76
2025,LS14 3,671000,31,North England,LS14 3<br>Avg. Price: 671K<br>Sales Volume: 31
2025,LS14 5,179000,64,North England,LS14 5<br>Avg. Price: 179K<br>Sales Volume: 64
2025,LS14 6,205000,149,North England,LS14 6<br>Avg. Price: 205K<br>Sales Volume: 149
2025,LS15 0,242000,98,North England,LS15 0<br>Avg. Price: 242K<br>Sales Volume: 98
2025,LS15 4,363000,68,North England,LS15 4<br>Avg. Price: 363K<br>Sales Volume: 68
2025,LS15 5,600000,1,North England,LS15 5<br>Avg. Price: 600K<br>Sales Volume: 1
2025,LS15 7,268000,102,North England,LS15 7<br>Avg. Price: 268K<br>Sales Volume: 102
2025,LS15 8,283000,199,North England,LS15 8<br>Avg. Price: 283K<br>Sales Volume: 199
2025,LS15 9,293000,43,North England,LS15 9<br>Avg. Price: 293K<br>Sales Volume: 43
2025,LS16 5,323000,83,North England,LS16 5<br>Avg. Price: 323K<br>Sales Volume: 83
2025,LS16 6,277000,177,North England,LS16 6<br>Avg. Price: 277K<br>Sales Volume: 177
2025,LS16 7,356000,172,North England,LS16 7<br>Avg. Price: 356K<br>Sales Volume: 172
2025,LS16 8,474000,70,North England,LS16 8<br>Avg. Price: 474K<br>Sales Volume: 70
2025,LS16 9,557000,53,North England,LS16 9<br>Avg. Price: 557K<br>Sales Volume: 53
2025,LS17 0,662000,11,North England,LS17 0<br>Avg. Price: 662K<br>Sales Volume: 11
2025,LS17 5,308000,65,North England,LS17 5<br>Avg. Price: 308K<br>Sales Volume: 65
2025,LS17 6,353000,119,North England,LS17 6<br>Avg. Price: 353K<br>Sales Volume: 119
2025,LS17 7,406000,106,North England,LS17 7<br>Avg. Price: 406K<br>Sales Volume: 106
2025,LS17 8,391000,153,North England,LS17 8<br>Avg. Price: 391K<br>Sales Volume: 153
2025,LS17 9,614000,45,North England,LS17 9<br>Avg. Price: 614K<br>Sales Volume: 45
2025,LS18 4,325000,215,North England,LS18 4<br>Avg. Price: 325K<br>Sales Volume: 215
2025,LS18 5,373000,162,North England,LS18 5<br>Avg. Price: 373K<br>Sales Volume: 162
2025,LS19 6,380000,124,North England,LS19 6<br>Avg. Price: 380K<br>Sales Volume: 124
2025,LS19 7,246000,216,North England,LS19 7<br>Avg. Price: 246K<br>Sales Volume: 216
2025,LS2 7,176000,34,North England,LS2 7<br>Avg. Price: 176K<br>Sales Volume: 34
2025,LS2 8,142000,7,North England,LS2 8<br>Avg. Price: 142K<br>Sales Volume: 7
2025,LS2 9,280000,9,North England,LS2 9<br>Avg. Price: 280K<br>Sales Volume: 9
2025,LS20 8,397000,94,North England,LS20 8<br>Avg. Price: 397K<br>Sales Volume: 94
2025,LS20 9,298000,87,North England,LS20 9<br>Avg. Price: 298K<br>Sales Volume: 87
2025,LS21 1,319000,106,North England,LS21 1<br>Avg. Price: 319K<br>Sales Volume: 106
2025,LS21 2,385000,74,North England,LS21 2<br>Avg. Price: 385K<br>Sales Volume: 74
2025,LS21 3,340000,69,North England,LS21 3<br>Avg. Price: 340K<br>Sales Volume: 69
2025,LS22 4,947000,20,North England,LS22 4<br>Avg. Price: 947K<br>Sales Volume: 20
2025,LS22 5,577000,78,North England,LS22 5<br>Avg. Price: 577K<br>Sales Volume: 78
2025,LS22 6,470000,95,North England,LS22 6<br>Avg. Price: 470K<br>Sales Volume: 95
2025,LS22 7,335000,85,North England,LS22 7<br>Avg. Price: 335K<br>Sales Volume: 85
2025,LS23 6,440000,120,North England,LS23 6<br>Avg. Price: 440K<br>Sales Volume: 120
2025,LS23 7,454000,11,North England,LS23 7<br>Avg. Price: 454K<br>Sales Volume: 11
2025,LS24 8,341000,42,North England,LS24 8<br>Avg. Price: 341K<br>Sales Volume: 42
2025,LS24 9,345000,110,North England,LS24 9<br>Avg. Price: 345K<br>Sales Volume: 110
2025,LS25 1,281000,136,North England,LS25 1<br>Avg. Price: 281K<br>Sales Volume: 136
2025,LS25 2,308000,114,North England,LS25 2<br>Avg. Price: 308K<br>Sales Volume: 114
2025,LS25 3,341000,12,North England,LS25 3<br>Avg. Price: 341K<br>Sales Volume: 12
2025,LS25 4,280000,78,North England,LS25 4<br>Avg. Price: 280K<br>Sales Volume: 78
2025,LS25 5,385000,87,North England,LS25 5<br>Avg. Price: 385K<br>Sales Volume: 87
2025,LS25 6,282000,167,North England,LS25 6<br>Avg. Price: 282K<br>Sales Volume: 167
2025,LS25 7,233000,140,North England,LS25 7<br>Avg. Price: 233K<br>Sales Volume: 140
2025,LS26 0,243000,228,North England,LS26 0<br>Avg. Price: 243K<br>Sales Volume: 228
2025,LS26 8,296000,168,North England,LS26 8<br>Avg. Price: 296K<br>Sales Volume: 168
2025,LS26 9,277000,84,North England,LS26 9<br>Avg. Price: 277K<br>Sales Volume: 84
2025,LS27 0,224000,128,North England,LS27 0<br>Avg. Price: 224K<br>Sales Volume: 128
2025,LS27 7,271000,176,North England,LS27 7<br>Avg. Price: 271K<br>Sales Volume: 176
2025,LS27 8,201000,211,North England,LS27 8<br>Avg. Price: 201K<br>Sales Volume: 211
2025,LS27 9,220000,118,North England,LS27 9<br>Avg. Price: 220K<br>Sales Volume: 118
2025,LS28 5,282000,225,North England,LS28 5<br>Avg. Price: 282K<br>Sales Volume: 225
2025,LS28 6,224000,56,North England,LS28 6<br>Avg. Price: 224K<br>Sales Volume: 56
2025,LS28 7,246000,143,North England,LS28 7<br>Avg. Price: 246K<br>Sales Volume: 143
2025,LS28 8,260000,118,North England,LS28 8<br>Avg. Price: 260K<br>Sales Volume: 118
2025,LS28 9,245000,112,North England,LS28 9<br>Avg. Price: 245K<br>Sales Volume: 112
2025,LS29 0,452000,95,North England,LS29 0<br>Avg. Price: 452K<br>Sales Volume: 95
2025,LS29 6,412000,106,North England,LS29 6<br>Avg. Price: 412K<br>Sales Volume: 106
2025,LS29 7,461000,115,North England,LS29 7<br>Avg. Price: 461K<br>Sales Volume: 115
2025,LS29 8,404000,140,North England,LS29 8<br>Avg. Price: 404K<br>Sales Volume: 140
2025,LS29 9,506000,120,North England,LS29 9<br>Avg. Price: 506K<br>Sales Volume: 120
2025,LS3 1,215000,16,North England,LS3 1<br>Avg. Price: 215K<br>Sales Volume: 16
2025,LS4 2,213000,143,North England,LS4 2<br>Avg. Price: 213K<br>Sales Volume: 143
2025,LS5 2,324000,3,North England,LS5 2<br>Avg. Price: 324K<br>Sales Volume: 3
2025,LS5 3,225000,114,North England,LS5 3<br>Avg. Price: 225K<br>Sales Volume: 114
2025,LS6 1,255000,91,North England,LS6 1<br>Avg. Price: 255K<br>Sales Volume: 91
2025,LS6 2,250000,82,North England,LS6 2<br>Avg. Price: 250K<br>Sales Volume: 82
2025,LS6 3,309000,84,North England,LS6 3<br>Avg. Price: 309K<br>Sales Volume: 84
2025,LS6 4,321000,164,North England,LS6 4<br>Avg. Price: 321K<br>Sales Volume: 164
2025,LS7 1,123000,17,North England,LS7 1<br>Avg. Price: 123K<br>Sales Volume: 17
2025,LS7 2,286000,103,North England,LS7 2<br>Avg. Price: 286K<br>Sales Volume: 103
2025,LS7 3,279000,88,North England,LS7 3<br>Avg. Price: 279K<br>Sales Volume: 88
2025,LS7 4,298000,107,North England,LS7 4<br>Avg. Price: 298K<br>Sales Volume: 107
2025,LS8 1,363000,126,North England,LS8 1<br>Avg. Price: 363K<br>Sales Volume: 126
2025,LS8 2,402000,130,North England,LS8 2<br>Avg. Price: 402K<br>Sales Volume: 130
2025,LS8 3,207000,101,North England,LS8 3<br>Avg. Price: 207K<br>Sales Volume: 101
2025,LS8 4,273000,52,North England,LS8 4<br>Avg. Price: 273K<br>Sales Volume: 52
2025,LS8 5,115000,84,North England,LS8 5<br>Avg. Price: 115K<br>Sales Volume: 84
2025,LS9 0,203000,79,North England,LS9 0<br>Avg. Price: 203K<br>Sales Volume: 79
2025,LS9 6,130000,128,North England,LS9 6<br>Avg. Price: 130K<br>Sales Volume: 128
2025,LS9 7,138000,30,North England,LS9 7<br>Avg. Price: 138K<br>Sales Volume: 30
2025,LS9 8,185000,121,North England,LS9 8<br>Avg. Price: 185K<br>Sales Volume: 121
2025,LS9 9,149000,86,North England,LS9 9<br>Avg. Price: 149K<br>Sales Volume: 86
2025,LU1 1,229000,88,South East,LU1 1<br>Avg. Price: 229K<br>Sales Volume: 88
2025,LU1 2,167000,7,South East,LU1 2<br>Avg. Price: 167K<br>Sales Volume: 7
2025,LU1 3,292000,113,South East,LU1 3<br>Avg. Price: 292K<br>Sales Volume: 113
2025,LU1 4,448000,89,South East,LU1 4<br>Avg. Price: 448K<br>Sales Volume: 89
2025,LU1 5,262000,113,South East,LU1 5<br>Avg. Price: 262K<br>Sales Volume: 113
2025,LU2 0,277000,228,South East,LU2 0<br>Avg. Price: 277K<br>Sales Volume: 228
2025,LU2 7,339000,262,South East,LU2 7<br>Avg. Price: 339K<br>Sales Volume: 262
2025,LU2 8,367000,152,South East,LU2 8<br>Avg. Price: 367K<br>Sales Volume: 152
2025,LU2 9,318000,140,South East,LU2 9<br>Avg. Price: 318K<br>Sales Volume: 140
2025,LU3 1,286000,140,South East,LU3 1<br>Avg. Price: 286K<br>Sales Volume: 140
2025,LU3 2,324000,163,South East,LU3 2<br>Avg. Price: 324K<br>Sales Volume: 163
2025,LU3 3,312000,180,South East,LU3 3<br>Avg. Price: 312K<br>Sales Volume: 180
2025,LU3 4,345000,74,South East,LU3 4<br>Avg. Price: 345K<br>Sales Volume: 74
2025,LU4 0,311000,159,South East,LU4 0<br>Avg. Price: 311K<br>Sales Volume: 159
2025,LU4 8,267000,63,South East,LU4 8<br>Avg. Price: 267K<br>Sales Volume: 63
2025,LU4 9,305000,174,South East,LU4 9<br>Avg. Price: 305K<br>Sales Volume: 174
2025,LU5 4,302000,188,South East,LU5 4<br>Avg. Price: 302K<br>Sales Volume: 188
2025,LU5 5,301000,216,South East,LU5 5<br>Avg. Price: 301K<br>Sales Volume: 216
2025,LU5 6,400000,219,South East,LU5 6<br>Avg. Price: 400K<br>Sales Volume: 219
2025,LU5 7,373000,47,South East,LU5 7<br>Avg. Price: 373K<br>Sales Volume: 47
2025,LU6 1,311000,163,South East,LU6 1<br>Avg. Price: 311K<br>Sales Volume: 163
2025,LU6 2,544000,134,South East,LU6 2<br>Avg. Price: 544K<br>Sales Volume: 134
2025,LU6 3,374000,182,South East,LU6 3<br>Avg. Price: 374K<br>Sales Volume: 182
2025,LU7 0,491000,121,South East,LU7 0<br>Avg. Price: 491K<br>Sales Volume: 121
2025,LU7 1,262000,117,South East,LU7 1<br>Avg. Price: 262K<br>Sales Volume: 117
2025,LU7 2,378000,165,South East,LU7 2<br>Avg. Price: 378K<br>Sales Volume: 165
2025,LU7 3,406000,356,South East,LU7 3<br>Avg. Price: 406K<br>Sales Volume: 356
2025,LU7 4,333000,188,South East,LU7 4<br>Avg. Price: 333K<br>Sales Volume: 188
2025,LU7 7,178000,1,South East,LU7 7<br>Avg. Price: 178K<br>Sales Volume: 1
2025,LU7 9,429000,142,South East,LU7 9<br>Avg. Price: 429K<br>Sales Volume: 142
2025,M1 1,264000,13,North England,M1 1<br>Avg. Price: 264K<br>Sales Volume: 13
2025,M1 2,269000,75,North England,M1 2<br>Avg. Price: 269K<br>Sales Volume: 75
2025,M1 3,274000,35,North England,M1 3<br>Avg. Price: 274K<br>Sales Volume: 35
2025,M1 4,186000,2,North England,M1 4<br>Avg. Price: 186K<br>Sales Volume: 2
2025,M1 5,245000,52,North England,M1 5<br>Avg. Price: 245K<br>Sales Volume: 52
2025,M1 6,223000,8,North England,M1 6<br>Avg. Price: 223K<br>Sales Volume: 8
2025,M1 7,180000,10,North England,M1 7<br>Avg. Price: 180K<br>Sales Volume: 10
2025,M11 1,210000,43,North England,M11 1<br>Avg. Price: 210K<br>Sales Volume: 43
2025,M11 2,156000,24,North England,M11 2<br>Avg. Price: 156K<br>Sales Volume: 24
2025,M11 3,231000,25,North England,M11 3<br>Avg. Price: 231K<br>Sales Volume: 25
2025,M11 4,151000,84,North England,M11 4<br>Avg. Price: 151K<br>Sales Volume: 84
2025,M12 4,188000,29,North England,M12 4<br>Avg. Price: 188K<br>Sales Volume: 29
2025,M12 5,204000,51,North England,M12 5<br>Avg. Price: 204K<br>Sales Volume: 51
2025,M12 6,189000,5,North England,M12 6<br>Avg. Price: 189K<br>Sales Volume: 5
2025,M13 0,211000,58,North England,M13 0<br>Avg. Price: 211K<br>Sales Volume: 58
2025,M13 9,253000,34,North England,M13 9<br>Avg. Price: 253K<br>Sales Volume: 34
2025,M14 4,204000,57,North England,M14 4<br>Avg. Price: 204K<br>Sales Volume: 57
2025,M14 5,259000,44,North England,M14 5<br>Avg. Price: 259K<br>Sales Volume: 44
2025,M14 6,358000,142,North England,M14 6<br>Avg. Price: 358K<br>Sales Volume: 142
2025,M14 7,224000,130,North England,M14 7<br>Avg. Price: 224K<br>Sales Volume: 130
2025,M15 4,261000,251,North England,M15 4<br>Avg. Price: 261K<br>Sales Volume: 251
2025,M15 5,192000,37,North England,M15 5<br>Avg. Price: 192K<br>Sales Volume: 37
2025,M15 6,215000,25,North England,M15 6<br>Avg. Price: 215K<br>Sales Volume: 25
2025,M16 0,350000,81,North England,M16 0<br>Avg. Price: 350K<br>Sales Volume: 81
2025,M16 7,290000,41,North England,M16 7<br>Avg. Price: 290K<br>Sales Volume: 41
2025,M16 8,311000,120,North England,M16 8<br>Avg. Price: 311K<br>Sales Volume: 120
2025,M16 9,317000,69,North England,M16 9<br>Avg. Price: 317K<br>Sales Volume: 69
2025,M17 1,198000,3,North England,M17 1<br>Avg. Price: 198K<br>Sales Volume: 3
2025,M18 7,183000,125,North England,M18 7<br>Avg. Price: 183K<br>Sales Volume: 125
2025,M18 8,169000,103,North England,M18 8<br>Avg. Price: 169K<br>Sales Volume: 103
2025,M19 1,297000,106,North England,M19 1<br>Avg. Price: 297K<br>Sales Volume: 106
2025,M19 2,315000,158,North England,M19 2<br>Avg. Price: 315K<br>Sales Volume: 158
2025,M19 3,236000,152,North England,M19 3<br>Avg. Price: 236K<br>Sales Volume: 152
2025,M2 1,335000,2,North England,M2 1<br>Avg. Price: 335K<br>Sales Volume: 2
2025,M2 3,679000,2,North England,M2 3<br>Avg. Price: 679K<br>Sales Volume: 2
2025,M2 6,525000,3,North England,M2 6<br>Avg. Price: 525K<br>Sales Volume: 3
2025,M20 1,385000,99,North England,M20 1<br>Avg. Price: 385K<br>Sales Volume: 99
2025,M20 2,414000,222,North England,M20 2<br>Avg. Price: 414K<br>Sales Volume: 222
2025,M20 3,375000,107,North England,M20 3<br>Avg. Price: 375K<br>Sales Volume: 107
2025,M20 4,337000,110,North England,M20 4<br>Avg. Price: 337K<br>Sales Volume: 110
2025,M20 5,483000,48,North England,M20 5<br>Avg. Price: 483K<br>Sales Volume: 48
2025,M20 6,429000,132,North England,M20 6<br>Avg. Price: 429K<br>Sales Volume: 132
2025,M21 0,421000,57,North England,M21 0<br>Avg. Price: 421K<br>Sales Volume: 57
2025,M21 7,333000,87,North England,M21 7<br>Avg. Price: 333K<br>Sales Volume: 87
2025,M21 8,507000,89,North England,M21 8<br>Avg. Price: 507K<br>Sales Volume: 89
2025,M21 9,432000,136,North England,M21 9<br>Avg. Price: 432K<br>Sales Volume: 136
2025,M22 0,218000,34,North England,M22 0<br>Avg. Price: 218K<br>Sales Volume: 34
2025,M22 1,229000,59,North England,M22 1<br>Avg. Price: 229K<br>Sales Volume: 59
2025,M22 4,283000,171,North England,M22 4<br>Avg. Price: 283K<br>Sales Volume: 171
2025,M22 5,264000,61,North England,M22 5<br>Avg. Price: 264K<br>Sales Volume: 61
2025,M22 8,208000,30,North England,M22 8<br>Avg. Price: 208K<br>Sales Volume: 30
2025,M22 9,226000,53,North England,M22 9<br>Avg. Price: 226K<br>Sales Volume: 53
2025,M23 0,289000,100,North England,M23 0<br>Avg. Price: 289K<br>Sales Volume: 100
2025,M23 1,235000,78,North England,M23 1<br>Avg. Price: 235K<br>Sales Volume: 78
2025,M23 2,239000,37,North England,M23 2<br>Avg. Price: 239K<br>Sales Volume: 37
2025,M23 9,299000,109,North England,M23 9<br>Avg. Price: 299K<br>Sales Volume: 109
2025,M24 1,273000,140,North England,M24 1<br>Avg. Price: 273K<br>Sales Volume: 140
2025,M24 2,204000,204,North England,M24 2<br>Avg. Price: 204K<br>Sales Volume: 204
2025,M24 4,195000,141,North England,M24 4<br>Avg. Price: 195K<br>Sales Volume: 141
2025,M24 5,219000,135,North England,M24 5<br>Avg. Price: 219K<br>Sales Volume: 135
2025,M24 6,232000,81,North England,M24 6<br>Avg. Price: 232K<br>Sales Volume: 81
2025,M25 0,342000,77,North England,M25 0<br>Avg. Price: 342K<br>Sales Volume: 77
2025,M25 1,293000,98,North England,M25 1<br>Avg. Price: 293K<br>Sales Volume: 98
2025,M25 2,307000,43,North England,M25 2<br>Avg. Price: 307K<br>Sales Volume: 43
2025,M25 3,317000,51,North England,M25 3<br>Avg. Price: 317K<br>Sales Volume: 51
2025,M25 9,315000,99,North England,M25 9<br>Avg. Price: 315K<br>Sales Volume: 99
2025,M26 1,206000,156,North England,M26 1<br>Avg. Price: 206K<br>Sales Volume: 156
2025,M26 2,177000,102,North England,M26 2<br>Avg. Price: 177K<br>Sales Volume: 102
2025,M26 3,195000,122,North England,M26 3<br>Avg. Price: 195K<br>Sales Volume: 122
2025,M26 4,212000,127,North England,M26 4<br>Avg. Price: 212K<br>Sales Volume: 127
2025,M27 0,289000,94,North England,M27 0<br>Avg. Price: 289K<br>Sales Volume: 94
2025,M27 4,213000,80,North England,M27 4<br>Avg. Price: 213K<br>Sales Volume: 80
2025,M27 5,266000,116,North England,M27 5<br>Avg. Price: 266K<br>Sales Volume: 116
2025,M27 6,211000,74,North England,M27 6<br>Avg. Price: 211K<br>Sales Volume: 74
2025,M27 8,218000,109,North England,M27 8<br>Avg. Price: 218K<br>Sales Volume: 109
2025,M27 9,217000,98,North England,M27 9<br>Avg. Price: 217K<br>Sales Volume: 98
2025,M28 0,222000,52,North England,M28 0<br>Avg. Price: 222K<br>Sales Volume: 52
2025,M28 1,334000,217,North England,M28 1<br>Avg. Price: 334K<br>Sales Volume: 217
2025,M28 2,423000,106,North England,M28 2<br>Avg. Price: 423K<br>Sales Volume: 106
2025,M28 3,225000,234,North England,M28 3<br>Avg. Price: 225K<br>Sales Volume: 234
2025,M28 7,308000,106,North England,M28 7<br>Avg. Price: 308K<br>Sales Volume: 106
2025,M29 7,275000,171,North England,M29 7<br>Avg. Price: 275K<br>Sales Volume: 171
2025,M29 8,229000,191,North England,M29 8<br>Avg. Price: 229K<br>Sales Volume: 191
2025,M3 1,318000,75,North England,M3 1<br>Avg. Price: 318K<br>Sales Volume: 75
2025,M3 2,180000,3,North England,M3 2<br>Avg. Price: 180K<br>Sales Volume: 3
2025,M3 3,270000,13,North England,M3 3<br>Avg. Price: 270K<br>Sales Volume: 13
2025,M3 4,263000,89,North England,M3 4<br>Avg. Price: 263K<br>Sales Volume: 89
2025,M3 5,228000,53,North England,M3 5<br>Avg. Price: 228K<br>Sales Volume: 53
2025,M3 6,205000,89,North England,M3 6<br>Avg. Price: 205K<br>Sales Volume: 89
2025,M3 7,289000,615,North England,M3 7<br>Avg. Price: 289K<br>Sales Volume: 615
2025,M30 0,211000,108,North England,M30 0<br>Avg. Price: 211K<br>Sales Volume: 108
2025,M30 7,211000,120,North England,M30 7<br>Avg. Price: 211K<br>Sales Volume: 120
2025,M30 8,232000,138,North England,M30 8<br>Avg. Price: 232K<br>Sales Volume: 138
2025,M30 9,354000,133,North England,M30 9<br>Avg. Price: 354K<br>Sales Volume: 133
2025,M31 4,247000,105,North England,M31 4<br>Avg. Price: 247K<br>Sales Volume: 105
2025,M32 0,272000,121,North England,M32 0<br>Avg. Price: 272K<br>Sales Volume: 121
2025,M32 8,363000,71,North England,M32 8<br>Avg. Price: 363K<br>Sales Volume: 71
2025,M32 9,297000,128,North England,M32 9<br>Avg. Price: 297K<br>Sales Volume: 128
2025,M33 2,371000,174,North England,M33 2<br>Avg. Price: 371K<br>Sales Volume: 174
2025,M33 3,375000,182,North England,M33 3<br>Avg. Price: 375K<br>Sales Volume: 182
2025,M33 4,447000,129,North England,M33 4<br>Avg. Price: 447K<br>Sales Volume: 129
2025,M33 5,420000,141,North England,M33 5<br>Avg. Price: 420K<br>Sales Volume: 141
2025,M33 6,415000,93,North England,M33 6<br>Avg. Price: 415K<br>Sales Volume: 93
2025,M33 7,305000,95,North England,M33 7<br>Avg. Price: 305K<br>Sales Volume: 95
2025,M34 2,242000,146,North England,M34 2<br>Avg. Price: 242K<br>Sales Volume: 146
2025,M34 3,193000,152,North England,M34 3<br>Avg. Price: 193K<br>Sales Volume: 152
2025,M34 5,237000,169,North England,M34 5<br>Avg. Price: 237K<br>Sales Volume: 169
2025,M34 6,219000,69,North England,M34 6<br>Avg. Price: 219K<br>Sales Volume: 69
2025,M34 7,226000,90,North England,M34 7<br>Avg. Price: 226K<br>Sales Volume: 90
2025,M35 0,215000,191,North England,M35 0<br>Avg. Price: 215K<br>Sales Volume: 191
2025,M35 9,225000,133,North England,M35 9<br>Avg. Price: 225K<br>Sales Volume: 133
2025,M38 0,168000,31,North England,M38 0<br>Avg. Price: 168K<br>Sales Volume: 31
2025,M38 9,167000,96,North England,M38 9<br>Avg. Price: 167K<br>Sales Volume: 96
2025,M4 1,222000,43,North England,M4 1<br>Avg. Price: 222K<br>Sales Volume: 43
2025,M4 2,100000,1,North England,M4 2<br>Avg. Price: 100K<br>Sales Volume: 1
2025,M4 4,220000,82,North England,M4 4<br>Avg. Price: 220K<br>Sales Volume: 82
2025,M4 5,329000,58,North England,M4 5<br>Avg. Price: 329K<br>Sales Volume: 58
2025,M4 6,308000,94,North England,M4 6<br>Avg. Price: 308K<br>Sales Volume: 94
2025,M4 7,213000,83,North England,M4 7<br>Avg. Price: 213K<br>Sales Volume: 83
2025,M40 0,205000,52,North England,M40 0<br>Avg. Price: 205K<br>Sales Volume: 52
2025,M40 1,182000,61,North England,M40 1<br>Avg. Price: 182K<br>Sales Volume: 61
2025,M40 2,165000,28,North England,M40 2<br>Avg. Price: 165K<br>Sales Volume: 28
2025,M40 3,229000,79,North England,M40 3<br>Avg. Price: 229K<br>Sales Volume: 79
2025,M40 5,208000,39,North England,M40 5<br>Avg. Price: 208K<br>Sales Volume: 39
2025,M40 7,231000,90,North England,M40 7<br>Avg. Price: 231K<br>Sales Volume: 90
2025,M40 8,182000,9,North England,M40 8<br>Avg. Price: 182K<br>Sales Volume: 9
2025,M40 9,167000,70,North England,M40 9<br>Avg. Price: 167K<br>Sales Volume: 70
2025,M41 0,342000,83,North England,M41 0<br>Avg. Price: 342K<br>Sales Volume: 83
2025,M41 5,365000,82,North England,M41 5<br>Avg. Price: 365K<br>Sales Volume: 82
2025,M41 6,357000,88,North England,M41 6<br>Avg. Price: 357K<br>Sales Volume: 88
2025,M41 7,322000,70,North England,M41 7<br>Avg. Price: 322K<br>Sales Volume: 70
2025,M41 8,364000,87,North England,M41 8<br>Avg. Price: 364K<br>Sales Volume: 87
2025,M41 9,339000,115,North England,M41 9<br>Avg. Price: 339K<br>Sales Volume: 115
2025,M43 6,206000,125,North England,M43 6<br>Avg. Price: 206K<br>Sales Volume: 125
2025,M43 7,220000,145,North England,M43 7<br>Avg. Price: 220K<br>Sales Volume: 145
2025,M44 5,224000,110,North England,M44 5<br>Avg. Price: 224K<br>Sales Volume: 110
2025,M44 6,240000,170,North England,M44 6<br>Avg. Price: 240K<br>Sales Volume: 170
2025,M45 6,261000,83,North England,M45 6<br>Avg. Price: 261K<br>Sales Volume: 83
2025,M45 7,385000,121,North England,M45 7<br>Avg. Price: 385K<br>Sales Volume: 121
2025,M45 8,237000,91,North England,M45 8<br>Avg. Price: 237K<br>Sales Volume: 91
2025,M46 0,184000,216,North England,M46 0<br>Avg. Price: 184K<br>Sales Volume: 216
2025,M46 9,199000,139,North England,M46 9<br>Avg. Price: 199K<br>Sales Volume: 139
2025,M5 3,174000,84,North England,M5 3<br>Avg. Price: 174K<br>Sales Volume: 84
2025,M5 4,224000,179,North England,M5 4<br>Avg. Price: 224K<br>Sales Volume: 179
2025,M5 5,167000,66,North England,M5 5<br>Avg. Price: 167K<br>Sales Volume: 66
2025,M50 1,111000,25,North England,M50 1<br>Avg. Price: 111K<br>Sales Volume: 25
2025,M50 2,200000,88,North England,M50 2<br>Avg. Price: 200K<br>Sales Volume: 88
2025,M50 3,242000,91,North England,M50 3<br>Avg. Price: 242K<br>Sales Volume: 91
2025,M6 5,231000,97,North England,M6 5<br>Avg. Price: 231K<br>Sales Volume: 97
2025,M6 6,187000,111,North England,M6 6<br>Avg. Price: 187K<br>Sales Volume: 111
2025,M6 7,246000,119,North England,M6 7<br>Avg. Price: 246K<br>Sales Volume: 119
2025,M6 8,255000,128,North England,M6 8<br>Avg. Price: 255K<br>Sales Volume: 128
2025,M7 1,313000,43,North England,M7 1<br>Avg. Price: 313K<br>Sales Volume: 43
2025,M7 2,388000,52,North England,M7 2<br>Avg. Price: 388K<br>Sales Volume: 52
2025,M7 3,219000,79,North England,M7 3<br>Avg. Price: 219K<br>Sales Volume: 79
2025,M7 4,357000,104,North England,M7 4<br>Avg. Price: 357K<br>Sales Volume: 104
2025,M8 0,179000,55,North England,M8 0<br>Avg. Price: 179K<br>Sales Volume: 55
2025,M8 4,200000,81,North England,M8 4<br>Avg. Price: 200K<br>Sales Volume: 81
2025,M8 5,251000,33,North England,M8 5<br>Avg. Price: 251K<br>Sales Volume: 33
2025,M8 8,157000,26,North England,M8 8<br>Avg. Price: 157K<br>Sales Volume: 26
2025,M8 9,154000,12,North England,M8 9<br>Avg. Price: 154K<br>Sales Volume: 12
2025,M9 0,217000,37,North England,M9 0<br>Avg. Price: 217K<br>Sales Volume: 37
2025,M9 4,162000,90,North England,M9 4<br>Avg. Price: 162K<br>Sales Volume: 90
2025,M9 5,146000,15,North England,M9 5<br>Avg. Price: 146K<br>Sales Volume: 15
2025,M9 6,211000,71,North England,M9 6<br>Avg. Price: 211K<br>Sales Volume: 71
2025,M9 7,197000,83,North England,M9 7<br>Avg. Price: 197K<br>Sales Volume: 83
2025,M9 8,176000,94,North England,M9 8<br>Avg. Price: 176K<br>Sales Volume: 94
2025,ME1 1,314000,105,South East,ME1 1<br>Avg. Price: 314K<br>Sales Volume: 105
2025,ME1 2,324000,189,South East,ME1 2<br>Avg. Price: 324K<br>Sales Volume: 189
2025,ME1 3,351000,190,South East,ME1 3<br>Avg. Price: 351K<br>Sales Volume: 190
2025,ME10 1,324000,223,South East,ME10 1<br>Avg. Price: 324K<br>Sales Volume: 223
2025,ME10 2,282000,250,South East,ME10 2<br>Avg. Price: 282K<br>Sales Volume: 250
2025,ME10 3,278000,160,South East,ME10 3<br>Avg. Price: 278K<br>Sales Volume: 160
2025,ME10 4,307000,123,South East,ME10 4<br>Avg. Price: 307K<br>Sales Volume: 123
2025,ME10 5,309000,63,South East,ME10 5<br>Avg. Price: 309K<br>Sales Volume: 63
2025,ME11 5,228000,48,South East,ME11 5<br>Avg. Price: 228K<br>Sales Volume: 48
2025,ME12 1,212000,77,South East,ME12 1<br>Avg. Price: 212K<br>Sales Volume: 77
2025,ME12 2,269000,193,South East,ME12 2<br>Avg. Price: 269K<br>Sales Volume: 193
2025,ME12 3,303000,286,South East,ME12 3<br>Avg. Price: 303K<br>Sales Volume: 286
2025,ME12 4,294000,100,South East,ME12 4<br>Avg. Price: 294K<br>Sales Volume: 100
2025,ME13 0,587000,34,South East,ME13 0<br>Avg. Price: 587K<br>Sales Volume: 34
2025,ME13 7,343000,159,South East,ME13 7<br>Avg. Price: 343K<br>Sales Volume: 159
2025,ME13 8,379000,207,South East,ME13 8<br>Avg. Price: 379K<br>Sales Volume: 207
2025,ME13 9,413000,66,South East,ME13 9<br>Avg. Price: 413K<br>Sales Volume: 66
2025,ME14 1,189000,61,South East,ME14 1<br>Avg. Price: 189K<br>Sales Volume: 61
2025,ME14 2,292000,178,South East,ME14 2<br>Avg. Price: 292K<br>Sales Volume: 178
2025,ME14 3,513000,21,South East,ME14 3<br>Avg. Price: 513K<br>Sales Volume: 21
2025,ME14 4,639000,116,South East,ME14 4<br>Avg. Price: 639K<br>Sales Volume: 116
2025,ME14 5,412000,142,South East,ME14 5<br>Avg. Price: 412K<br>Sales Volume: 142
2025,ME15 0,500000,50,South East,ME15 0<br>Avg. Price: 500K<br>Sales Volume: 50
2025,ME15 6,297000,153,South East,ME15 6<br>Avg. Price: 297K<br>Sales Volume: 153
2025,ME15 7,332000,98,South East,ME15 7<br>Avg. Price: 332K<br>Sales Volume: 98
2025,ME15 8,359000,165,South East,ME15 8<br>Avg. Price: 359K<br>Sales Volume: 165
2025,ME15 9,369000,121,South East,ME15 9<br>Avg. Price: 369K<br>Sales Volume: 121
2025,ME16 0,371000,228,South East,ME16 0<br>Avg. Price: 371K<br>Sales Volume: 228
2025,ME16 8,294000,187,South East,ME16 8<br>Avg. Price: 294K<br>Sales Volume: 187
2025,ME16 9,394000,127,South East,ME16 9<br>Avg. Price: 394K<br>Sales Volume: 127
2025,ME17 1,494000,87,South East,ME17 1<br>Avg. Price: 494K<br>Sales Volume: 87
2025,ME17 2,451000,77,South East,ME17 2<br>Avg. Price: 451K<br>Sales Volume: 77
2025,ME17 3,477000,123,South East,ME17 3<br>Avg. Price: 477K<br>Sales Volume: 123
2025,ME17 4,396000,142,South East,ME17 4<br>Avg. Price: 396K<br>Sales Volume: 142
2025,ME18 5,452000,39,South East,ME18 5<br>Avg. Price: 452K<br>Sales Volume: 39
2025,ME18 6,529000,26,South East,ME18 6<br>Avg. Price: 529K<br>Sales Volume: 26
2025,ME19 4,568000,145,South East,ME19 4<br>Avg. Price: 568K<br>Sales Volume: 145
2025,ME19 5,481000,136,South East,ME19 5<br>Avg. Price: 481K<br>Sales Volume: 136
2025,ME19 6,466000,88,South East,ME19 6<br>Avg. Price: 466K<br>Sales Volume: 88
2025,ME2 1,371000,92,South East,ME2 1<br>Avg. Price: 371K<br>Sales Volume: 92
2025,ME2 2,295000,196,South East,ME2 2<br>Avg. Price: 295K<br>Sales Volume: 196
2025,ME2 3,340000,176,South East,ME2 3<br>Avg. Price: 340K<br>Sales Volume: 176
2025,ME2 4,291000,105,South East,ME2 4<br>Avg. Price: 291K<br>Sales Volume: 105
2025,ME20 6,391000,205,South East,ME20 6<br>Avg. Price: 391K<br>Sales Volume: 205
2025,ME20 7,395000,158,South East,ME20 7<br>Avg. Price: 395K<br>Sales Volume: 158
2025,ME3 0,257000,13,South East,ME3 0<br>Avg. Price: 257K<br>Sales Volume: 13
2025,ME3 7,386000,68,South East,ME3 7<br>Avg. Price: 386K<br>Sales Volume: 68
2025,ME3 8,443000,156,South East,ME3 8<br>Avg. Price: 443K<br>Sales Volume: 156
2025,ME3 9,336000,154,South East,ME3 9<br>Avg. Price: 336K<br>Sales Volume: 154
2025,ME4 3,382000,59,South East,ME4 3<br>Avg. Price: 382K<br>Sales Volume: 59
2025,ME4 4,227000,60,South East,ME4 4<br>Avg. Price: 227K<br>Sales Volume: 60
2025,ME4 5,217000,183,South East,ME4 5<br>Avg. Price: 217K<br>Sales Volume: 183
2025,ME4 6,296000,135,South East,ME4 6<br>Avg. Price: 296K<br>Sales Volume: 135
2025,ME5 0,305000,143,South East,ME5 0<br>Avg. Price: 305K<br>Sales Volume: 143
2025,ME5 7,287000,190,South East,ME5 7<br>Avg. Price: 287K<br>Sales Volume: 190
2025,ME5 8,321000,210,South East,ME5 8<br>Avg. Price: 321K<br>Sales Volume: 210
2025,ME5 9,387000,185,South East,ME5 9<br>Avg. Price: 387K<br>Sales Volume: 185
2025,ME6 5,324000,178,South East,ME6 5<br>Avg. Price: 324K<br>Sales Volume: 178
2025,ME7 1,233000,152,South East,ME7 1<br>Avg. Price: 233K<br>Sales Volume: 152
2025,ME7 2,305000,169,South East,ME7 2<br>Avg. Price: 305K<br>Sales Volume: 169
2025,ME7 3,442000,93,South East,ME7 3<br>Avg. Price: 442K<br>Sales Volume: 93
2025,ME7 4,266000,138,South East,ME7 4<br>Avg. Price: 266K<br>Sales Volume: 138
2025,ME7 5,243000,110,South East,ME7 5<br>Avg. Price: 243K<br>Sales Volume: 110
2025,ME8 0,474000,116,South East,ME8 0<br>Avg. Price: 474K<br>Sales Volume: 116
2025,ME8 6,309000,112,South East,ME8 6<br>Avg. Price: 309K<br>Sales Volume: 112
2025,ME8 7,382000,124,South East,ME8 7<br>Avg. Price: 382K<br>Sales Volume: 124
2025,ME8 8,339000,174,South East,ME8 8<br>Avg. Price: 339K<br>Sales Volume: 174
2025,ME8 9,327000,187,South East,ME8 9<br>Avg. Price: 327K<br>Sales Volume: 187
2025,ME9 0,582000,20,South East,ME9 0<br>Avg. Price: 582K<br>Sales Volume: 20
2025,ME9 7,384000,94,South East,ME9 7<br>Avg. Price: 384K<br>Sales Volume: 94
2025,ME9 8,413000,129,South East,ME9 8<br>Avg. Price: 413K<br>Sales Volume: 129
2025,ME9 9,310000,72,South East,ME9 9<br>Avg. Price: 310K<br>Sales Volume: 72
2025,MK1 1,333000,11,South East,MK1 1<br>Avg. Price: 333K<br>Sales Volume: 11
2025,MK10 7,373000,147,South East,MK10 7<br>Avg. Price: 373K<br>Sales Volume: 147
2025,MK10 9,403000,145,South East,MK10 9<br>Avg. Price: 403K<br>Sales Volume: 145
2025,MK11 1,366000,97,South East,MK11 1<br>Avg. Price: 366K<br>Sales Volume: 97
2025,MK11 2,226000,13,South East,MK11 2<br>Avg. Price: 226K<br>Sales Volume: 13
2025,MK11 4,337000,62,South East,MK11 4<br>Avg. Price: 337K<br>Sales Volume: 62
2025,MK12 5,311000,132,South East,MK12 5<br>Avg. Price: 311K<br>Sales Volume: 132
2025,MK12 6,241000,28,South East,MK12 6<br>Avg. Price: 241K<br>Sales Volume: 28
2025,MK13 0,281000,63,South East,MK13 0<br>Avg. Price: 281K<br>Sales Volume: 63
2025,MK13 7,292000,76,South East,MK13 7<br>Avg. Price: 292K<br>Sales Volume: 76
2025,MK13 8,351000,20,South East,MK13 8<br>Avg. Price: 351K<br>Sales Volume: 20
2025,MK13 9,327000,24,South East,MK13 9<br>Avg. Price: 327K<br>Sales Volume: 24
2025,MK14 5,376000,87,South East,MK14 5<br>Avg. Price: 376K<br>Sales Volume: 87
2025,MK14 6,338000,70,South East,MK14 6<br>Avg. Price: 338K<br>Sales Volume: 70
2025,MK14 7,271000,32,South East,MK14 7<br>Avg. Price: 271K<br>Sales Volume: 32
2025,MK15 0,643000,15,South East,MK15 0<br>Avg. Price: 643K<br>Sales Volume: 15
2025,MK15 8,321000,20,South East,MK15 8<br>Avg. Price: 321K<br>Sales Volume: 20
2025,MK15 9,370000,51,South East,MK15 9<br>Avg. Price: 370K<br>Sales Volume: 51
2025,MK16 0,321000,82,South East,MK16 0<br>Avg. Price: 321K<br>Sales Volume: 82
2025,MK16 8,398000,99,South East,MK16 8<br>Avg. Price: 398K<br>Sales Volume: 99
2025,MK16 9,445000,72,South East,MK16 9<br>Avg. Price: 445K<br>Sales Volume: 72
2025,MK17 0,521000,73,South East,MK17 0<br>Avg. Price: 521K<br>Sales Volume: 73
2025,MK17 7,508000,54,South East,MK17 7<br>Avg. Price: 508K<br>Sales Volume: 54
2025,MK17 8,507000,168,South East,MK17 8<br>Avg. Price: 507K<br>Sales Volume: 168
2025,MK17 9,497000,83,South East,MK17 9<br>Avg. Price: 497K<br>Sales Volume: 83
2025,MK18 1,408000,173,South East,MK18 1<br>Avg. Price: 408K<br>Sales Volume: 173
2025,MK18 2,441000,84,South East,MK18 2<br>Avg. Price: 441K<br>Sales Volume: 84
2025,MK18 3,419000,106,South East,MK18 3<br>Avg. Price: 419K<br>Sales Volume: 106
2025,MK18 4,538000,51,South East,MK18 4<br>Avg. Price: 538K<br>Sales Volume: 51
2025,MK18 5,659000,10,South East,MK18 5<br>Avg. Price: 659K<br>Sales Volume: 10
2025,MK18 7,369000,86,South East,MK18 7<br>Avg. Price: 369K<br>Sales Volume: 86
2025,MK19 6,408000,108,South East,MK19 6<br>Avg. Price: 408K<br>Sales Volume: 108
2025,MK19 7,374000,73,South East,MK19 7<br>Avg. Price: 374K<br>Sales Volume: 73
2025,MK2 2,262000,113,South East,MK2 2<br>Avg. Price: 262K<br>Sales Volume: 113
2025,MK2 3,274000,62,South East,MK2 3<br>Avg. Price: 274K<br>Sales Volume: 62
2025,MK3 5,317000,197,South East,MK3 5<br>Avg. Price: 317K<br>Sales Volume: 197
2025,MK3 6,330000,67,South East,MK3 6<br>Avg. Price: 330K<br>Sales Volume: 67
2025,MK3 7,328000,95,South East,MK3 7<br>Avg. Price: 328K<br>Sales Volume: 95
2025,MK4 1,343000,56,South East,MK4 1<br>Avg. Price: 343K<br>Sales Volume: 56
2025,MK4 2,337000,59,South East,MK4 2<br>Avg. Price: 337K<br>Sales Volume: 59
2025,MK4 3,340000,31,South East,MK4 3<br>Avg. Price: 340K<br>Sales Volume: 31
2025,MK4 4,405000,155,South East,MK4 4<br>Avg. Price: 405K<br>Sales Volume: 155
2025,MK40 1,199000,35,South East,MK40 1<br>Avg. Price: 199K<br>Sales Volume: 35
2025,MK40 2,279000,88,South East,MK40 2<br>Avg. Price: 279K<br>Sales Volume: 88
2025,MK40 3,403000,151,South East,MK40 3<br>Avg. Price: 403K<br>Sales Volume: 151
2025,MK40 4,406000,297,South East,MK40 4<br>Avg. Price: 406K<br>Sales Volume: 297
2025,MK41 0,344000,81,South East,MK41 0<br>Avg. Price: 344K<br>Sales Volume: 81
2025,MK41 6,312000,74,South East,MK41 6<br>Avg. Price: 312K<br>Sales Volume: 74
2025,MK41 7,355000,155,South East,MK41 7<br>Avg. Price: 355K<br>Sales Volume: 155
2025,MK41 8,432000,88,South East,MK41 8<br>Avg. Price: 432K<br>Sales Volume: 88
2025,MK41 9,383000,82,South East,MK41 9<br>Avg. Price: 383K<br>Sales Volume: 82
2025,MK42 0,310000,182,South East,MK42 0<br>Avg. Price: 310K<br>Sales Volume: 182
2025,MK42 6,366000,177,South East,MK42 6<br>Avg. Price: 366K<br>Sales Volume: 177
2025,MK42 7,304000,133,South East,MK42 7<br>Avg. Price: 304K<br>Sales Volume: 133
2025,MK42 8,308000,138,South East,MK42 8<br>Avg. Price: 308K<br>Sales Volume: 138
2025,MK42 9,273000,143,South East,MK42 9<br>Avg. Price: 273K<br>Sales Volume: 143
2025,MK43 0,357000,181,South East,MK43 0<br>Avg. Price: 357K<br>Sales Volume: 181
2025,MK43 1,437000,7,South East,MK43 1<br>Avg. Price: 437K<br>Sales Volume: 7
2025,MK43 2,445000,10,South East,MK43 2<br>Avg. Price: 445K<br>Sales Volume: 10
2025,MK43 7,478000,93,South East,MK43 7<br>Avg. Price: 478K<br>Sales Volume: 93
2025,MK43 8,485000,100,South East,MK43 8<br>Avg. Price: 485K<br>Sales Volume: 100
2025,MK43 9,403000,136,South East,MK43 9<br>Avg. Price: 403K<br>Sales Volume: 136
2025,MK44 1,485000,72,South East,MK44 1<br>Avg. Price: 485K<br>Sales Volume: 72
2025,MK44 2,517000,48,South East,MK44 2<br>Avg. Price: 517K<br>Sales Volume: 48
2025,MK44 3,517000,132,South East,MK44 3<br>Avg. Price: 517K<br>Sales Volume: 132
2025,MK45 1,352000,201,South East,MK45 1<br>Avg. Price: 352K<br>Sales Volume: 201
2025,MK45 2,471000,191,South East,MK45 2<br>Avg. Price: 471K<br>Sales Volume: 191
2025,MK45 3,446000,142,South East,MK45 3<br>Avg. Price: 446K<br>Sales Volume: 142
2025,MK45 4,454000,159,South East,MK45 4<br>Avg. Price: 454K<br>Sales Volume: 159
2025,MK45 5,513000,64,South East,MK45 5<br>Avg. Price: 513K<br>Sales Volume: 64
2025,MK46 4,426000,69,South East,MK46 4<br>Avg. Price: 426K<br>Sales Volume: 69
2025,MK46 5,411000,95,South East,MK46 5<br>Avg. Price: 411K<br>Sales Volume: 95
2025,MK5 6,340000,86,South East,MK5 6<br>Avg. Price: 340K<br>Sales Volume: 86
2025,MK5 7,434000,53,South East,MK5 7<br>Avg. Price: 434K<br>Sales Volume: 53
2025,MK5 8,638000,34,South East,MK5 8<br>Avg. Price: 638K<br>Sales Volume: 34
2025,MK6 2,272000,88,South East,MK6 2<br>Avg. Price: 272K<br>Sales Volume: 88
2025,MK6 3,287000,55,South East,MK6 3<br>Avg. Price: 287K<br>Sales Volume: 55
2025,MK6 4,241000,29,South East,MK6 4<br>Avg. Price: 241K<br>Sales Volume: 29
2025,MK6 5,256000,44,South East,MK6 5<br>Avg. Price: 256K<br>Sales Volume: 44
2025,MK7 6,311000,25,South East,MK7 6<br>Avg. Price: 311K<br>Sales Volume: 25
2025,MK7 7,377000,84,South East,MK7 7<br>Avg. Price: 377K<br>Sales Volume: 84
2025,MK7 8,408000,44,South East,MK7 8<br>Avg. Price: 408K<br>Sales Volume: 44
2025,MK8 0,278000,42,South East,MK8 0<br>Avg. Price: 278K<br>Sales Volume: 42
2025,MK8 1,408000,159,South East,MK8 1<br>Avg. Price: 408K<br>Sales Volume: 159
2025,MK8 8,329000,38,South East,MK8 8<br>Avg. Price: 329K<br>Sales Volume: 38
2025,MK8 9,322000,32,South East,MK8 9<br>Avg. Price: 322K<br>Sales Volume: 32
2025,MK9 1,302000,9,South East,MK9 1<br>Avg. Price: 302K<br>Sales Volume: 9
2025,MK9 2,211000,16,South East,MK9 2<br>Avg. Price: 211K<br>Sales Volume: 16
2025,MK9 3,220000,14,South East,MK9 3<br>Avg. Price: 220K<br>Sales Volume: 14
2025,MK9 4,269000,32,South East,MK9 4<br>Avg. Price: 269K<br>Sales Volume: 32
2025,N1 0,824000,67,Greater London,N1 0<br>Avg. Price: 824K<br>Sales Volume: 67
2025,N1 1,1111000,102,Greater London,"N1 1<br>Avg. Price: 1,111K<br>Sales Volume: 102"
2025,N1 2,1030000,124,Greater London,"N1 2<br>Avg. Price: 1,030K<br>Sales Volume: 124"
2025,N1 3,918000,110,Greater London,N1 3<br>Avg. Price: 918K<br>Sales Volume: 110
2025,N1 4,883000,110,Greater London,N1 4<br>Avg. Price: 883K<br>Sales Volume: 110
2025,N1 5,664000,105,Greater London,N1 5<br>Avg. Price: 664K<br>Sales Volume: 105
2025,N1 6,621000,46,Greater London,N1 6<br>Avg. Price: 621K<br>Sales Volume: 46
2025,N1 7,755000,108,Greater London,N1 7<br>Avg. Price: 755K<br>Sales Volume: 108
2025,N1 8,868000,77,Greater London,N1 8<br>Avg. Price: 868K<br>Sales Volume: 77
2025,N1 9,711000,38,Greater London,N1 9<br>Avg. Price: 711K<br>Sales Volume: 38
2025,N10 1,703000,109,Greater London,N10 1<br>Avg. Price: 703K<br>Sales Volume: 109
2025,N10 2,932000,100,Greater London,N10 2<br>Avg. Price: 932K<br>Sales Volume: 100
2025,N10 3,1033000,109,Greater London,"N10 3<br>Avg. Price: 1,033K<br>Sales Volume: 109"
2025,N11 1,508000,79,Greater London,N11 1<br>Avg. Price: 508K<br>Sales Volume: 79
2025,N11 2,660000,110,Greater London,N11 2<br>Avg. Price: 660K<br>Sales Volume: 110
2025,N11 3,472000,106,Greater London,N11 3<br>Avg. Price: 472K<br>Sales Volume: 106
2025,N12 0,541000,62,Greater London,N12 0<br>Avg. Price: 541K<br>Sales Volume: 62
2025,N12 7,785000,39,Greater London,N12 7<br>Avg. Price: 785K<br>Sales Volume: 39
2025,N12 8,526000,91,Greater London,N12 8<br>Avg. Price: 526K<br>Sales Volume: 91
2025,N12 9,554000,75,Greater London,N12 9<br>Avg. Price: 554K<br>Sales Volume: 75
2025,N13 4,587000,120,Greater London,N13 4<br>Avg. Price: 587K<br>Sales Volume: 120
2025,N13 5,551000,114,Greater London,N13 5<br>Avg. Price: 551K<br>Sales Volume: 114
2025,N13 6,463000,50,Greater London,N13 6<br>Avg. Price: 463K<br>Sales Volume: 50
2025,N14 4,595000,130,Greater London,N14 4<br>Avg. Price: 595K<br>Sales Volume: 130
2025,N14 5,625000,60,Greater London,N14 5<br>Avg. Price: 625K<br>Sales Volume: 60
2025,N14 6,746000,58,Greater London,N14 6<br>Avg. Price: 746K<br>Sales Volume: 58
2025,N14 7,766000,51,Greater London,N14 7<br>Avg. Price: 766K<br>Sales Volume: 51
2025,N15 3,591000,94,Greater London,N15 3<br>Avg. Price: 591K<br>Sales Volume: 94
2025,N15 4,531000,117,Greater London,N15 4<br>Avg. Price: 531K<br>Sales Volume: 117
2025,N15 5,591000,75,Greater London,N15 5<br>Avg. Price: 591K<br>Sales Volume: 75
2025,N15 6,635000,76,Greater London,N15 6<br>Avg. Price: 635K<br>Sales Volume: 76
2025,N16 0,834000,90,Greater London,N16 0<br>Avg. Price: 834K<br>Sales Volume: 90
2025,N16 5,599000,87,Greater London,N16 5<br>Avg. Price: 599K<br>Sales Volume: 87
2025,N16 6,625000,76,Greater London,N16 6<br>Avg. Price: 625K<br>Sales Volume: 76
2025,N16 7,741000,101,Greater London,N16 7<br>Avg. Price: 741K<br>Sales Volume: 101
2025,N16 8,682000,86,Greater London,N16 8<br>Avg. Price: 682K<br>Sales Volume: 86
2025,N16 9,756000,71,Greater London,N16 9<br>Avg. Price: 756K<br>Sales Volume: 71
2025,N17 0,369000,66,Greater London,N17 0<br>Avg. Price: 369K<br>Sales Volume: 66
2025,N17 6,515000,166,Greater London,N17 6<br>Avg. Price: 515K<br>Sales Volume: 166
2025,N17 7,452000,45,Greater London,N17 7<br>Avg. Price: 452K<br>Sales Volume: 45
2025,N17 8,395000,48,Greater London,N17 8<br>Avg. Price: 395K<br>Sales Volume: 48
2025,N17 9,426000,112,Greater London,N17 9<br>Avg. Price: 426K<br>Sales Volume: 112
2025,N18 1,399000,91,Greater London,N18 1<br>Avg. Price: 399K<br>Sales Volume: 91
2025,N18 2,343000,81,Greater London,N18 2<br>Avg. Price: 343K<br>Sales Volume: 81
2025,N19 3,728000,102,Greater London,N19 3<br>Avg. Price: 728K<br>Sales Volume: 102
2025,N19 4,735000,95,Greater London,N19 4<br>Avg. Price: 735K<br>Sales Volume: 95
2025,N19 5,707000,83,Greater London,N19 5<br>Avg. Price: 707K<br>Sales Volume: 83
2025,N1C 4,1262000,29,Greater London,"N1C 4<br>Avg. Price: 1,262K<br>Sales Volume: 29"
2025,N2 0,1539000,94,Greater London,"N2 0<br>Avg. Price: 1,539K<br>Sales Volume: 94"
2025,N2 8,467000,80,Greater London,N2 8<br>Avg. Price: 467K<br>Sales Volume: 80
2025,N2 9,986000,69,Greater London,N2 9<br>Avg. Price: 986K<br>Sales Volume: 69
2025,N20 0,618000,117,Greater London,N20 0<br>Avg. Price: 618K<br>Sales Volume: 117
2025,N20 8,1347000,41,Greater London,"N20 8<br>Avg. Price: 1,347K<br>Sales Volume: 41"
2025,N20 9,876000,53,Greater London,N20 9<br>Avg. Price: 876K<br>Sales Volume: 53
2025,N21 1,659000,113,Greater London,N21 1<br>Avg. Price: 659K<br>Sales Volume: 113
2025,N21 2,692000,95,Greater London,N21 2<br>Avg. Price: 692K<br>Sales Volume: 95
2025,N21 3,810000,84,Greater London,N21 3<br>Avg. Price: 810K<br>Sales Volume: 84
2025,N22 5,521000,87,Greater London,N22 5<br>Avg. Price: 521K<br>Sales Volume: 87
2025,N22 6,503000,126,Greater London,N22 6<br>Avg. Price: 503K<br>Sales Volume: 126
2025,N22 7,860000,77,Greater London,N22 7<br>Avg. Price: 860K<br>Sales Volume: 77
2025,N22 8,489000,58,Greater London,N22 8<br>Avg. Price: 489K<br>Sales Volume: 58
2025,N3 1,782000,91,Greater London,N3 1<br>Avg. Price: 782K<br>Sales Volume: 91
2025,N3 2,662000,85,Greater London,N3 2<br>Avg. Price: 662K<br>Sales Volume: 85
2025,N3 3,871000,75,Greater London,N3 3<br>Avg. Price: 871K<br>Sales Volume: 75
2025,N4 1,701000,101,Greater London,N4 1<br>Avg. Price: 701K<br>Sales Volume: 101
2025,N4 2,630000,305,Greater London,N4 2<br>Avg. Price: 630K<br>Sales Volume: 305
2025,N4 3,613000,125,Greater London,N4 3<br>Avg. Price: 613K<br>Sales Volume: 125
2025,N4 4,779000,89,Greater London,N4 4<br>Avg. Price: 779K<br>Sales Volume: 89
2025,N5 1,1066000,140,Greater London,"N5 1<br>Avg. Price: 1,066K<br>Sales Volume: 140"
2025,N5 2,810000,141,Greater London,N5 2<br>Avg. Price: 810K<br>Sales Volume: 141
2025,N6 4,1068000,46,Greater London,"N6 4<br>Avg. Price: 1,068K<br>Sales Volume: 46"
2025,N6 5,900000,141,Greater London,N6 5<br>Avg. Price: 900K<br>Sales Volume: 141
2025,N6 6,2346000,39,Greater London,"N6 6<br>Avg. Price: 2,346K<br>Sales Volume: 39"
2025,N7 0,707000,115,Greater London,N7 0<br>Avg. Price: 707K<br>Sales Volume: 115
2025,N7 6,675000,73,Greater London,N7 6<br>Avg. Price: 675K<br>Sales Volume: 73
2025,N7 7,605000,52,Greater London,N7 7<br>Avg. Price: 605K<br>Sales Volume: 52
2025,N7 8,844000,71,Greater London,N7 8<br>Avg. Price: 844K<br>Sales Volume: 71
2025,N7 9,632000,70,Greater London,N7 9<br>Avg. Price: 632K<br>Sales Volume: 70
2025,N8 0,610000,167,Greater London,N8 0<br>Avg. Price: 610K<br>Sales Volume: 167
2025,N8 7,669000,133,Greater London,N8 7<br>Avg. Price: 669K<br>Sales Volume: 133
2025,N8 8,883000,117,Greater London,N8 8<br>Avg. Price: 883K<br>Sales Volume: 117
2025,N8 9,931000,127,Greater London,N8 9<br>Avg. Price: 931K<br>Sales Volume: 127
2025,N9 0,348000,57,Greater London,N9 0<br>Avg. Price: 348K<br>Sales Volume: 57
2025,N9 7,370000,83,Greater London,N9 7<br>Avg. Price: 370K<br>Sales Volume: 83
2025,N9 8,356000,83,Greater London,N9 8<br>Avg. Price: 356K<br>Sales Volume: 83
2025,N9 9,394000,131,Greater London,N9 9<br>Avg. Price: 394K<br>Sales Volume: 131
2025,NE1 1,142000,9,North England,NE1 1<br>Avg. Price: 142K<br>Sales Volume: 9
2025,NE1 2,169000,29,North England,NE1 2<br>Avg. Price: 169K<br>Sales Volume: 29
2025,NE1 3,214000,19,North England,NE1 3<br>Avg. Price: 214K<br>Sales Volume: 19
2025,NE1 4,158000,21,North England,NE1 4<br>Avg. Price: 158K<br>Sales Volume: 21
2025,NE1 5,156000,14,North England,NE1 5<br>Avg. Price: 156K<br>Sales Volume: 14
2025,NE1 6,127000,4,North England,NE1 6<br>Avg. Price: 127K<br>Sales Volume: 4
2025,NE1 8,160000,2,North England,NE1 8<br>Avg. Price: 160K<br>Sales Volume: 2
2025,NE10 0,120000,88,North England,NE10 0<br>Avg. Price: 120K<br>Sales Volume: 88
2025,NE10 8,160000,174,North England,NE10 8<br>Avg. Price: 160K<br>Sales Volume: 174
2025,NE10 9,155000,80,North England,NE10 9<br>Avg. Price: 155K<br>Sales Volume: 80
2025,NE11 0,180000,36,North England,NE11 0<br>Avg. Price: 180K<br>Sales Volume: 36
2025,NE11 9,177000,187,North England,NE11 9<br>Avg. Price: 177K<br>Sales Volume: 187
2025,NE12 5,252000,35,North England,NE12 5<br>Avg. Price: 252K<br>Sales Volume: 35
2025,NE12 6,198000,115,North England,NE12 6<br>Avg. Price: 198K<br>Sales Volume: 115
2025,NE12 7,245000,98,North England,NE12 7<br>Avg. Price: 245K<br>Sales Volume: 98
2025,NE12 8,188000,153,North England,NE12 8<br>Avg. Price: 188K<br>Sales Volume: 153
2025,NE12 9,225000,140,North England,NE12 9<br>Avg. Price: 225K<br>Sales Volume: 140
2025,NE13 6,217000,102,North England,NE13 6<br>Avg. Price: 217K<br>Sales Volume: 102
2025,NE13 7,237000,88,North England,NE13 7<br>Avg. Price: 237K<br>Sales Volume: 88
2025,NE13 8,369000,34,North England,NE13 8<br>Avg. Price: 369K<br>Sales Volume: 34
2025,NE13 9,297000,169,North England,NE13 9<br>Avg. Price: 297K<br>Sales Volume: 169
2025,NE15 0,377000,21,North England,NE15 0<br>Avg. Price: 377K<br>Sales Volume: 21
2025,NE15 6,149000,88,North England,NE15 6<br>Avg. Price: 149K<br>Sales Volume: 88
2025,NE15 7,169000,104,North England,NE15 7<br>Avg. Price: 169K<br>Sales Volume: 104
2025,NE15 8,126000,96,North England,NE15 8<br>Avg. Price: 126K<br>Sales Volume: 96
2025,NE15 9,227000,132,North England,NE15 9<br>Avg. Price: 227K<br>Sales Volume: 132
2025,NE16 3,119000,49,North England,NE16 3<br>Avg. Price: 119K<br>Sales Volume: 49
2025,NE16 4,255000,87,North England,NE16 4<br>Avg. Price: 255K<br>Sales Volume: 87
2025,NE16 5,243000,160,North England,NE16 5<br>Avg. Price: 243K<br>Sales Volume: 160
2025,NE16 6,188000,95,North England,NE16 6<br>Avg. Price: 188K<br>Sales Volume: 95
2025,NE17 7,108000,101,North England,NE17 7<br>Avg. Price: 108K<br>Sales Volume: 101
2025,NE18 0,470000,13,North England,NE18 0<br>Avg. Price: 470K<br>Sales Volume: 13
2025,NE19 1,240000,20,North England,NE19 1<br>Avg. Price: 240K<br>Sales Volume: 20
2025,NE19 2,309000,7,North England,NE19 2<br>Avg. Price: 309K<br>Sales Volume: 7
2025,NE2 1,252000,83,North England,NE2 1<br>Avg. Price: 252K<br>Sales Volume: 83
2025,NE2 2,409000,85,North England,NE2 2<br>Avg. Price: 409K<br>Sales Volume: 85
2025,NE2 3,451000,77,North England,NE2 3<br>Avg. Price: 451K<br>Sales Volume: 77
2025,NE2 4,294000,42,North England,NE2 4<br>Avg. Price: 294K<br>Sales Volume: 42
2025,NE20 0,474000,41,North England,NE20 0<br>Avg. Price: 474K<br>Sales Volume: 41
2025,NE20 9,584000,157,North England,NE20 9<br>Avg. Price: 584K<br>Sales Volume: 157
2025,NE21 4,156000,99,North England,NE21 4<br>Avg. Price: 156K<br>Sales Volume: 99
2025,NE21 5,182000,86,North England,NE21 5<br>Avg. Price: 182K<br>Sales Volume: 86
2025,NE21 6,177000,74,North England,NE21 6<br>Avg. Price: 177K<br>Sales Volume: 74
2025,NE22 5,127000,137,North England,NE22 5<br>Avg. Price: 127K<br>Sales Volume: 137
2025,NE22 6,240000,143,North England,NE22 6<br>Avg. Price: 240K<br>Sales Volume: 143
2025,NE22 7,145000,49,North England,NE22 7<br>Avg. Price: 145K<br>Sales Volume: 49
2025,NE23 1,208000,82,North England,NE23 1<br>Avg. Price: 208K<br>Sales Volume: 82
2025,NE23 2,158000,61,North England,NE23 2<br>Avg. Price: 158K<br>Sales Volume: 61
2025,NE23 3,267000,47,North England,NE23 3<br>Avg. Price: 267K<br>Sales Volume: 47
2025,NE23 6,173000,158,North England,NE23 6<br>Avg. Price: 173K<br>Sales Volume: 158
2025,NE23 7,184000,115,North England,NE23 7<br>Avg. Price: 184K<br>Sales Volume: 115
2025,NE23 8,249000,131,North England,NE23 8<br>Avg. Price: 249K<br>Sales Volume: 131
2025,NE24 1,87000,46,North England,NE24 1<br>Avg. Price: 87K<br>Sales Volume: 46
2025,NE24 2,118000,86,North England,NE24 2<br>Avg. Price: 118K<br>Sales Volume: 86
2025,NE24 3,186000,186,North England,NE24 3<br>Avg. Price: 186K<br>Sales Volume: 186
2025,NE24 4,182000,184,North England,NE24 4<br>Avg. Price: 182K<br>Sales Volume: 184
2025,NE24 5,117000,102,North England,NE24 5<br>Avg. Price: 117K<br>Sales Volume: 102
2025,NE25 0,190000,160,North England,NE25 0<br>Avg. Price: 190K<br>Sales Volume: 160
2025,NE25 8,306000,113,North England,NE25 8<br>Avg. Price: 306K<br>Sales Volume: 113
2025,NE25 9,339000,185,North England,NE25 9<br>Avg. Price: 339K<br>Sales Volume: 185
2025,NE26 1,381000,60,North England,NE26 1<br>Avg. Price: 381K<br>Sales Volume: 60
2025,NE26 2,316000,78,North England,NE26 2<br>Avg. Price: 316K<br>Sales Volume: 78
2025,NE26 3,430000,80,North England,NE26 3<br>Avg. Price: 430K<br>Sales Volume: 80
2025,NE26 4,319000,64,North England,NE26 4<br>Avg. Price: 319K<br>Sales Volume: 64
2025,NE27 0,231000,247,North England,NE27 0<br>Avg. Price: 231K<br>Sales Volume: 247
2025,NE28 0,144000,68,North England,NE28 0<br>Avg. Price: 144K<br>Sales Volume: 68
2025,NE28 6,119000,88,North England,NE28 6<br>Avg. Price: 119K<br>Sales Volume: 88
2025,NE28 7,146000,115,North England,NE28 7<br>Avg. Price: 146K<br>Sales Volume: 115
2025,NE28 8,168000,114,North England,NE28 8<br>Avg. Price: 168K<br>Sales Volume: 114
2025,NE28 9,195000,231,North England,NE28 9<br>Avg. Price: 195K<br>Sales Volume: 231
2025,NE29 0,211000,107,North England,NE29 0<br>Avg. Price: 211K<br>Sales Volume: 107
2025,NE29 6,169000,101,North England,NE29 6<br>Avg. Price: 169K<br>Sales Volume: 101
2025,NE29 7,158000,74,North England,NE29 7<br>Avg. Price: 158K<br>Sales Volume: 74
2025,NE29 8,253000,143,North England,NE29 8<br>Avg. Price: 253K<br>Sales Volume: 143
2025,NE29 9,237000,90,North England,NE29 9<br>Avg. Price: 237K<br>Sales Volume: 90
2025,NE3 1,332000,165,North England,NE3 1<br>Avg. Price: 332K<br>Sales Volume: 165
2025,NE3 2,218000,187,North England,NE3 2<br>Avg. Price: 218K<br>Sales Volume: 187
2025,NE3 3,195000,128,North England,NE3 3<br>Avg. Price: 195K<br>Sales Volume: 128
2025,NE3 4,413000,164,North England,NE3 4<br>Avg. Price: 413K<br>Sales Volume: 164
2025,NE3 5,361000,113,North England,NE3 5<br>Avg. Price: 361K<br>Sales Volume: 113
2025,NE30 1,223000,33,North England,NE30 1<br>Avg. Price: 223K<br>Sales Volume: 33
2025,NE30 2,311000,124,North England,NE30 2<br>Avg. Price: 311K<br>Sales Volume: 124
2025,NE30 3,339000,111,North England,NE30 3<br>Avg. Price: 339K<br>Sales Volume: 111
2025,NE30 4,326000,67,North England,NE30 4<br>Avg. Price: 326K<br>Sales Volume: 67
2025,NE31 1,172000,187,North England,NE31 1<br>Avg. Price: 172K<br>Sales Volume: 187
2025,NE31 2,187000,153,North England,NE31 2<br>Avg. Price: 187K<br>Sales Volume: 153
2025,NE32 3,105000,44,North England,NE32 3<br>Avg. Price: 105K<br>Sales Volume: 44
2025,NE32 4,150000,89,North England,NE32 4<br>Avg. Price: 150K<br>Sales Volume: 89
2025,NE32 5,181000,108,North England,NE32 5<br>Avg. Price: 181K<br>Sales Volume: 108
2025,NE33 1,224000,34,North England,NE33 1<br>Avg. Price: 224K<br>Sales Volume: 34
2025,NE33 2,133000,52,North England,NE33 2<br>Avg. Price: 133K<br>Sales Volume: 52
2025,NE33 3,148000,136,North England,NE33 3<br>Avg. Price: 148K<br>Sales Volume: 136
2025,NE33 4,111000,91,North England,NE33 4<br>Avg. Price: 111K<br>Sales Volume: 91
2025,NE33 5,123000,35,North England,NE33 5<br>Avg. Price: 123K<br>Sales Volume: 35
2025,NE34 0,143000,112,North England,NE34 0<br>Avg. Price: 143K<br>Sales Volume: 112
2025,NE34 6,225000,106,North England,NE34 6<br>Avg. Price: 225K<br>Sales Volume: 106
2025,NE34 7,182000,100,North England,NE34 7<br>Avg. Price: 182K<br>Sales Volume: 100
2025,NE34 8,177000,114,North England,NE34 8<br>Avg. Price: 177K<br>Sales Volume: 114
2025,NE34 9,137000,98,North England,NE34 9<br>Avg. Price: 137K<br>Sales Volume: 98
2025,NE35 9,168000,81,North England,NE35 9<br>Avg. Price: 168K<br>Sales Volume: 81
2025,NE36 0,252000,94,North England,NE36 0<br>Avg. Price: 252K<br>Sales Volume: 94
2025,NE37 1,191000,106,North England,NE37 1<br>Avg. Price: 191K<br>Sales Volume: 106
2025,NE37 2,133000,67,North England,NE37 2<br>Avg. Price: 133K<br>Sales Volume: 67
2025,NE37 3,92000,63,North England,NE37 3<br>Avg. Price: 92K<br>Sales Volume: 63
2025,NE38 0,151000,96,North England,NE38 0<br>Avg. Price: 151K<br>Sales Volume: 96
2025,NE38 7,167000,84,North England,NE38 7<br>Avg. Price: 167K<br>Sales Volume: 84
2025,NE38 8,215000,119,North England,NE38 8<br>Avg. Price: 215K<br>Sales Volume: 119
2025,NE38 9,253000,61,North England,NE38 9<br>Avg. Price: 253K<br>Sales Volume: 61
2025,NE39 1,322000,47,North England,NE39 1<br>Avg. Price: 322K<br>Sales Volume: 47
2025,NE39 2,177000,68,North England,NE39 2<br>Avg. Price: 177K<br>Sales Volume: 68
2025,NE4 5,176000,41,North England,NE4 5<br>Avg. Price: 176K<br>Sales Volume: 41
2025,NE4 6,159000,22,North England,NE4 6<br>Avg. Price: 159K<br>Sales Volume: 22
2025,NE4 7,204000,32,North England,NE4 7<br>Avg. Price: 204K<br>Sales Volume: 32
2025,NE4 8,103000,37,North England,NE4 8<br>Avg. Price: 103K<br>Sales Volume: 37
2025,NE4 9,220000,98,North England,NE4 9<br>Avg. Price: 220K<br>Sales Volume: 98
2025,NE40 3,204000,132,North England,NE40 3<br>Avg. Price: 204K<br>Sales Volume: 132
2025,NE40 4,176000,139,North England,NE40 4<br>Avg. Price: 176K<br>Sales Volume: 139
2025,NE41 8,395000,25,North England,NE41 8<br>Avg. Price: 395K<br>Sales Volume: 25
2025,NE42 5,214000,75,North England,NE42 5<br>Avg. Price: 214K<br>Sales Volume: 75
2025,NE42 6,186000,76,North England,NE42 6<br>Avg. Price: 186K<br>Sales Volume: 76
2025,NE43 7,355000,50,North England,NE43 7<br>Avg. Price: 355K<br>Sales Volume: 50
2025,NE44 6,658000,14,North England,NE44 6<br>Avg. Price: 658K<br>Sales Volume: 14
2025,NE45 5,414000,64,North England,NE45 5<br>Avg. Price: 414K<br>Sales Volume: 64
2025,NE46 1,287000,72,North England,NE46 1<br>Avg. Price: 287K<br>Sales Volume: 72
2025,NE46 2,371000,58,North England,NE46 2<br>Avg. Price: 371K<br>Sales Volume: 58
2025,NE46 3,328000,78,North England,NE46 3<br>Avg. Price: 328K<br>Sales Volume: 78
2025,NE46 4,353000,29,North England,NE46 4<br>Avg. Price: 353K<br>Sales Volume: 29
2025,NE47 0,647000,5,North England,NE47 0<br>Avg. Price: 647K<br>Sales Volume: 5
2025,NE47 5,316000,21,North England,NE47 5<br>Avg. Price: 316K<br>Sales Volume: 21
2025,NE47 6,247000,26,North England,NE47 6<br>Avg. Price: 247K<br>Sales Volume: 26
2025,NE47 7,412000,10,North England,NE47 7<br>Avg. Price: 412K<br>Sales Volume: 10
2025,NE47 8,188000,3,North England,NE47 8<br>Avg. Price: 188K<br>Sales Volume: 3
2025,NE47 9,258000,26,North England,NE47 9<br>Avg. Price: 258K<br>Sales Volume: 26
2025,NE48 1,288000,14,North England,NE48 1<br>Avg. Price: 288K<br>Sales Volume: 14
2025,NE48 2,259000,23,North England,NE48 2<br>Avg. Price: 259K<br>Sales Volume: 23
2025,NE48 3,265000,10,North England,NE48 3<br>Avg. Price: 265K<br>Sales Volume: 10
2025,NE48 4,466000,6,North England,NE48 4<br>Avg. Price: 466K<br>Sales Volume: 6
2025,NE49 0,192000,17,North England,NE49 0<br>Avg. Price: 192K<br>Sales Volume: 17
2025,NE49 9,160000,42,North England,NE49 9<br>Avg. Price: 160K<br>Sales Volume: 42
2025,NE5 1,267000,253,North England,NE5 1<br>Avg. Price: 267K<br>Sales Volume: 253
2025,NE5 2,148000,178,North England,NE5 2<br>Avg. Price: 148K<br>Sales Volume: 178
2025,NE5 3,135000,103,North England,NE5 3<br>Avg. Price: 135K<br>Sales Volume: 103
2025,NE5 4,162000,77,North England,NE5 4<br>Avg. Price: 162K<br>Sales Volume: 77
2025,NE5 5,175000,95,North England,NE5 5<br>Avg. Price: 175K<br>Sales Volume: 95
2025,NE6 1,215000,33,North England,NE6 1<br>Avg. Price: 215K<br>Sales Volume: 33
2025,NE6 2,99000,66,North England,NE6 2<br>Avg. Price: 99K<br>Sales Volume: 66
2025,NE6 3,119000,48,North England,NE6 3<br>Avg. Price: 119K<br>Sales Volume: 48
2025,NE6 4,174000,112,North England,NE6 4<br>Avg. Price: 174K<br>Sales Volume: 112
2025,NE6 5,235000,264,North England,NE6 5<br>Avg. Price: 235K<br>Sales Volume: 264
2025,NE61 1,274000,81,North England,NE61 1<br>Avg. Price: 274K<br>Sales Volume: 81
2025,NE61 2,274000,189,North England,NE61 2<br>Avg. Price: 274K<br>Sales Volume: 189
2025,NE61 3,426000,72,North England,NE61 3<br>Avg. Price: 426K<br>Sales Volume: 72
2025,NE61 4,420000,8,North England,NE61 4<br>Avg. Price: 420K<br>Sales Volume: 8
2025,NE61 5,178000,132,North England,NE61 5<br>Avg. Price: 178K<br>Sales Volume: 132
2025,NE61 6,317000,107,North England,NE61 6<br>Avg. Price: 317K<br>Sales Volume: 107
2025,NE62 5,142000,157,North England,NE62 5<br>Avg. Price: 142K<br>Sales Volume: 157
2025,NE63 0,102000,139,North England,NE63 0<br>Avg. Price: 102K<br>Sales Volume: 139
2025,NE63 8,161000,137,North England,NE63 8<br>Avg. Price: 161K<br>Sales Volume: 137
2025,NE63 9,154000,223,North England,NE63 9<br>Avg. Price: 154K<br>Sales Volume: 223
2025,NE64 6,143000,96,North England,NE64 6<br>Avg. Price: 143K<br>Sales Volume: 96
2025,NE65 0,258000,150,North England,NE65 0<br>Avg. Price: 258K<br>Sales Volume: 150
2025,NE65 7,328000,59,North England,NE65 7<br>Avg. Price: 328K<br>Sales Volume: 59
2025,NE65 8,353000,55,North England,NE65 8<br>Avg. Price: 353K<br>Sales Volume: 55
2025,NE65 9,339000,105,North England,NE65 9<br>Avg. Price: 339K<br>Sales Volume: 105
2025,NE66 1,226000,141,North England,NE66 1<br>Avg. Price: 226K<br>Sales Volume: 141
2025,NE66 2,377000,85,North England,NE66 2<br>Avg. Price: 377K<br>Sales Volume: 85
2025,NE66 3,460000,56,North England,NE66 3<br>Avg. Price: 460K<br>Sales Volume: 56
2025,NE66 4,286000,19,North England,NE66 4<br>Avg. Price: 286K<br>Sales Volume: 19
2025,NE66 5,558000,2,North England,NE66 5<br>Avg. Price: 558K<br>Sales Volume: 2
2025,NE67 5,368000,33,North England,NE67 5<br>Avg. Price: 368K<br>Sales Volume: 33
2025,NE68 7,294000,51,North England,NE68 7<br>Avg. Price: 294K<br>Sales Volume: 51
2025,NE69 7,627000,8,North England,NE69 7<br>Avg. Price: 627K<br>Sales Volume: 8
2025,NE7 7,258000,216,North England,NE7 7<br>Avg. Price: 258K<br>Sales Volume: 216
2025,NE70 7,250000,29,North England,NE70 7<br>Avg. Price: 250K<br>Sales Volume: 29
2025,NE71 6,230000,49,North England,NE71 6<br>Avg. Price: 230K<br>Sales Volume: 49
2025,NE8 1,162000,47,North England,NE8 1<br>Avg. Price: 162K<br>Sales Volume: 47
2025,NE8 2,157000,96,North England,NE8 2<br>Avg. Price: 157K<br>Sales Volume: 96
2025,NE8 3,140000,139,North England,NE8 3<br>Avg. Price: 140K<br>Sales Volume: 139
2025,NE8 4,130000,141,North England,NE8 4<br>Avg. Price: 130K<br>Sales Volume: 141
2025,NE9 5,230000,143,North England,NE9 5<br>Avg. Price: 230K<br>Sales Volume: 143
2025,NE9 6,206000,155,North England,NE9 6<br>Avg. Price: 206K<br>Sales Volume: 155
2025,NE9 7,173000,110,North England,NE9 7<br>Avg. Price: 173K<br>Sales Volume: 110
2025,NG1 1,144000,44,Midlands,NG1 1<br>Avg. Price: 144K<br>Sales Volume: 44
2025,NG1 2,241000,7,Midlands,NG1 2<br>Avg. Price: 241K<br>Sales Volume: 7
2025,NG1 3,120000,12,Midlands,NG1 3<br>Avg. Price: 120K<br>Sales Volume: 12
2025,NG1 4,184000,9,Midlands,NG1 4<br>Avg. Price: 184K<br>Sales Volume: 9
2025,NG1 5,200000,18,Midlands,NG1 5<br>Avg. Price: 200K<br>Sales Volume: 18
2025,NG1 6,148000,22,Midlands,NG1 6<br>Avg. Price: 148K<br>Sales Volume: 22
2025,NG1 7,139000,10,Midlands,NG1 7<br>Avg. Price: 139K<br>Sales Volume: 10
2025,NG10 1,202000,151,Midlands,NG10 1<br>Avg. Price: 202K<br>Sales Volume: 151
2025,NG10 2,229000,81,Midlands,NG10 2<br>Avg. Price: 229K<br>Sales Volume: 81
2025,NG10 3,249000,206,Midlands,NG10 3<br>Avg. Price: 249K<br>Sales Volume: 206
2025,NG10 4,231000,182,Midlands,NG10 4<br>Avg. Price: 231K<br>Sales Volume: 182
2025,NG10 5,233000,127,Midlands,NG10 5<br>Avg. Price: 233K<br>Sales Volume: 127
2025,NG11 0,516000,29,Midlands,NG11 0<br>Avg. Price: 516K<br>Sales Volume: 29
2025,NG11 6,383000,169,Midlands,NG11 6<br>Avg. Price: 383K<br>Sales Volume: 169
2025,NG11 7,306000,100,Midlands,NG11 7<br>Avg. Price: 306K<br>Sales Volume: 100
2025,NG11 8,206000,131,Midlands,NG11 8<br>Avg. Price: 206K<br>Sales Volume: 131
2025,NG11 9,192000,108,Midlands,NG11 9<br>Avg. Price: 192K<br>Sales Volume: 108
2025,NG12 1,373000,78,Midlands,NG12 1<br>Avg. Price: 373K<br>Sales Volume: 78
2025,NG12 2,347000,110,Midlands,NG12 2<br>Avg. Price: 347K<br>Sales Volume: 110
2025,NG12 3,300000,175,Midlands,NG12 3<br>Avg. Price: 300K<br>Sales Volume: 175
2025,NG12 4,487000,107,Midlands,NG12 4<br>Avg. Price: 487K<br>Sales Volume: 107
2025,NG12 5,366000,179,Midlands,NG12 5<br>Avg. Price: 366K<br>Sales Volume: 179
2025,NG13 0,371000,80,Midlands,NG13 0<br>Avg. Price: 371K<br>Sales Volume: 80
2025,NG13 7,362000,67,Midlands,NG13 7<br>Avg. Price: 362K<br>Sales Volume: 67
2025,NG13 8,318000,216,Midlands,NG13 8<br>Avg. Price: 318K<br>Sales Volume: 216
2025,NG13 9,379000,54,Midlands,NG13 9<br>Avg. Price: 379K<br>Sales Volume: 54
2025,NG14 5,358000,101,Midlands,NG14 5<br>Avg. Price: 358K<br>Sales Volume: 101
2025,NG14 6,329000,145,Midlands,NG14 6<br>Avg. Price: 329K<br>Sales Volume: 145
2025,NG14 7,530000,64,Midlands,NG14 7<br>Avg. Price: 530K<br>Sales Volume: 64
2025,NG15 0,180000,39,Midlands,NG15 0<br>Avg. Price: 180K<br>Sales Volume: 39
2025,NG15 6,241000,260,Midlands,NG15 6<br>Avg. Price: 241K<br>Sales Volume: 260
2025,NG15 7,199000,222,Midlands,NG15 7<br>Avg. Price: 199K<br>Sales Volume: 222
2025,NG15 8,293000,87,Midlands,NG15 8<br>Avg. Price: 293K<br>Sales Volume: 87
2025,NG15 9,418000,80,Midlands,NG15 9<br>Avg. Price: 418K<br>Sales Volume: 80
2025,NG16 1,295000,100,Midlands,NG16 1<br>Avg. Price: 295K<br>Sales Volume: 100
2025,NG16 2,249000,247,Midlands,NG16 2<br>Avg. Price: 249K<br>Sales Volume: 247
2025,NG16 3,201000,183,Midlands,NG16 3<br>Avg. Price: 201K<br>Sales Volume: 183
2025,NG16 4,180000,71,Midlands,NG16 4<br>Avg. Price: 180K<br>Sales Volume: 71
2025,NG16 5,221000,142,Midlands,NG16 5<br>Avg. Price: 221K<br>Sales Volume: 142
2025,NG16 6,207000,196,Midlands,NG16 6<br>Avg. Price: 207K<br>Sales Volume: 196
2025,NG17 1,210000,99,Midlands,NG17 1<br>Avg. Price: 210K<br>Sales Volume: 99
2025,NG17 2,168000,166,Midlands,NG17 2<br>Avg. Price: 168K<br>Sales Volume: 166
2025,NG17 3,223000,208,Midlands,NG17 3<br>Avg. Price: 223K<br>Sales Volume: 208
2025,NG17 4,159000,152,Midlands,NG17 4<br>Avg. Price: 159K<br>Sales Volume: 152
2025,NG17 5,191000,105,Midlands,NG17 5<br>Avg. Price: 191K<br>Sales Volume: 105
2025,NG17 7,187000,97,Midlands,NG17 7<br>Avg. Price: 187K<br>Sales Volume: 97
2025,NG17 8,202000,191,Midlands,NG17 8<br>Avg. Price: 202K<br>Sales Volume: 191
2025,NG17 9,207000,76,Midlands,NG17 9<br>Avg. Price: 207K<br>Sales Volume: 76
2025,NG18 1,123000,32,Midlands,NG18 1<br>Avg. Price: 123K<br>Sales Volume: 32
2025,NG18 2,141000,130,Midlands,NG18 2<br>Avg. Price: 141K<br>Sales Volume: 130
2025,NG18 3,221000,122,Midlands,NG18 3<br>Avg. Price: 221K<br>Sales Volume: 122
2025,NG18 4,274000,194,Midlands,NG18 4<br>Avg. Price: 274K<br>Sales Volume: 194
2025,NG18 5,205000,155,Midlands,NG18 5<br>Avg. Price: 205K<br>Sales Volume: 155
2025,NG18 6,281000,17,Midlands,NG18 6<br>Avg. Price: 281K<br>Sales Volume: 17
2025,NG19 0,218000,217,Midlands,NG19 0<br>Avg. Price: 218K<br>Sales Volume: 217
2025,NG19 6,178000,195,Midlands,NG19 6<br>Avg. Price: 178K<br>Sales Volume: 195
2025,NG19 7,187000,122,Midlands,NG19 7<br>Avg. Price: 187K<br>Sales Volume: 122
2025,NG19 8,182000,128,Midlands,NG19 8<br>Avg. Price: 182K<br>Sales Volume: 128
2025,NG19 9,199000,114,Midlands,NG19 9<br>Avg. Price: 199K<br>Sales Volume: 114
2025,NG2 1,176000,28,Midlands,NG2 1<br>Avg. Price: 176K<br>Sales Volume: 28
2025,NG2 2,220000,72,Midlands,NG2 2<br>Avg. Price: 220K<br>Sales Volume: 72
2025,NG2 3,188000,26,Midlands,NG2 3<br>Avg. Price: 188K<br>Sales Volume: 26
2025,NG2 4,160000,133,Midlands,NG2 4<br>Avg. Price: 160K<br>Sales Volume: 133
2025,NG2 5,430000,129,Midlands,NG2 5<br>Avg. Price: 430K<br>Sales Volume: 129
2025,NG2 6,391000,191,Midlands,NG2 6<br>Avg. Price: 391K<br>Sales Volume: 191
2025,NG2 7,410000,213,Midlands,NG2 7<br>Avg. Price: 410K<br>Sales Volume: 213
2025,NG20 0,189000,151,Midlands,NG20 0<br>Avg. Price: 189K<br>Sales Volume: 151
2025,NG20 8,159000,147,Midlands,NG20 8<br>Avg. Price: 159K<br>Sales Volume: 147
2025,NG20 9,168000,93,Midlands,NG20 9<br>Avg. Price: 168K<br>Sales Volume: 93
2025,NG21 0,196000,220,Midlands,NG21 0<br>Avg. Price: 196K<br>Sales Volume: 220
2025,NG21 9,235000,209,Midlands,NG21 9<br>Avg. Price: 235K<br>Sales Volume: 209
2025,NG22 0,292000,91,Midlands,NG22 0<br>Avg. Price: 292K<br>Sales Volume: 91
2025,NG22 8,341000,117,Midlands,NG22 8<br>Avg. Price: 341K<br>Sales Volume: 117
2025,NG22 9,198000,200,Midlands,NG22 9<br>Avg. Price: 198K<br>Sales Volume: 200
2025,NG23 5,422000,97,Midlands,NG23 5<br>Avg. Price: 422K<br>Sales Volume: 97
2025,NG23 6,363000,77,Midlands,NG23 6<br>Avg. Price: 363K<br>Sales Volume: 77
2025,NG23 7,353000,67,Midlands,NG23 7<br>Avg. Price: 353K<br>Sales Volume: 67
2025,NG24 1,192000,133,Midlands,NG24 1<br>Avg. Price: 192K<br>Sales Volume: 133
2025,NG24 2,252000,167,Midlands,NG24 2<br>Avg. Price: 252K<br>Sales Volume: 167
2025,NG24 3,232000,318,Midlands,NG24 3<br>Avg. Price: 232K<br>Sales Volume: 318
2025,NG24 4,230000,211,Midlands,NG24 4<br>Avg. Price: 230K<br>Sales Volume: 211
2025,NG24 5,325000,45,Midlands,NG24 5<br>Avg. Price: 325K<br>Sales Volume: 45
2025,NG25 0,395000,132,Midlands,NG25 0<br>Avg. Price: 395K<br>Sales Volume: 132
2025,NG3 1,178000,27,Midlands,NG3 1<br>Avg. Price: 178K<br>Sales Volume: 27
2025,NG3 2,170000,77,Midlands,NG3 2<br>Avg. Price: 170K<br>Sales Volume: 77
2025,NG3 3,168000,57,Midlands,NG3 3<br>Avg. Price: 168K<br>Sales Volume: 57
2025,NG3 4,185000,41,Midlands,NG3 4<br>Avg. Price: 185K<br>Sales Volume: 41
2025,NG3 5,286000,173,Midlands,NG3 5<br>Avg. Price: 286K<br>Sales Volume: 173
2025,NG3 6,264000,152,Midlands,NG3 6<br>Avg. Price: 264K<br>Sales Volume: 152
2025,NG3 7,223000,84,Midlands,NG3 7<br>Avg. Price: 223K<br>Sales Volume: 84
2025,NG31 6,143000,76,Midlands,NG31 6<br>Avg. Price: 143K<br>Sales Volume: 76
2025,NG31 7,184000,199,Midlands,NG31 7<br>Avg. Price: 184K<br>Sales Volume: 199
2025,NG31 8,257000,302,Midlands,NG31 8<br>Avg. Price: 257K<br>Sales Volume: 302
2025,NG31 9,245000,176,Midlands,NG31 9<br>Avg. Price: 245K<br>Sales Volume: 176
2025,NG32 1,344000,44,Midlands,NG32 1<br>Avg. Price: 344K<br>Sales Volume: 44
2025,NG32 2,423000,25,Midlands,NG32 2<br>Avg. Price: 423K<br>Sales Volume: 25
2025,NG32 3,390000,75,Midlands,NG32 3<br>Avg. Price: 390K<br>Sales Volume: 75
2025,NG33 4,355000,88,Midlands,NG33 4<br>Avg. Price: 355K<br>Sales Volume: 88
2025,NG33 5,291000,81,Midlands,NG33 5<br>Avg. Price: 291K<br>Sales Volume: 81
2025,NG34 0,325000,76,Midlands,NG34 0<br>Avg. Price: 325K<br>Sales Volume: 76
2025,NG34 6,247000,29,Midlands,NG34 6<br>Avg. Price: 247K<br>Sales Volume: 29
2025,NG34 7,216000,220,Midlands,NG34 7<br>Avg. Price: 216K<br>Sales Volume: 220
2025,NG34 8,255000,180,Midlands,NG34 8<br>Avg. Price: 255K<br>Sales Volume: 180
2025,NG34 9,261000,192,Midlands,NG34 9<br>Avg. Price: 261K<br>Sales Volume: 192
2025,NG4 1,220000,194,Midlands,NG4 1<br>Avg. Price: 220K<br>Sales Volume: 194
2025,NG4 2,212000,173,Midlands,NG4 2<br>Avg. Price: 212K<br>Sales Volume: 173
2025,NG4 3,233000,159,Midlands,NG4 3<br>Avg. Price: 233K<br>Sales Volume: 159
2025,NG4 4,270000,181,Midlands,NG4 4<br>Avg. Price: 270K<br>Sales Volume: 181
2025,NG5 1,204000,115,Midlands,NG5 1<br>Avg. Price: 204K<br>Sales Volume: 115
2025,NG5 2,242000,103,Midlands,NG5 2<br>Avg. Price: 242K<br>Sales Volume: 103
2025,NG5 3,264000,66,Midlands,NG5 3<br>Avg. Price: 264K<br>Sales Volume: 66
2025,NG5 4,307000,121,Midlands,NG5 4<br>Avg. Price: 307K<br>Sales Volume: 121
2025,NG5 5,194000,202,Midlands,NG5 5<br>Avg. Price: 194K<br>Sales Volume: 202
2025,NG5 6,222000,177,Midlands,NG5 6<br>Avg. Price: 222K<br>Sales Volume: 177
2025,NG5 7,212000,111,Midlands,NG5 7<br>Avg. Price: 212K<br>Sales Volume: 111
2025,NG5 8,256000,186,Midlands,NG5 8<br>Avg. Price: 256K<br>Sales Volume: 186
2025,NG5 9,180000,106,Midlands,NG5 9<br>Avg. Price: 180K<br>Sales Volume: 106
2025,NG6 0,182000,123,Midlands,NG6 0<br>Avg. Price: 182K<br>Sales Volume: 123
2025,NG6 7,189000,65,Midlands,NG6 7<br>Avg. Price: 189K<br>Sales Volume: 65
2025,NG6 8,182000,182,Midlands,NG6 8<br>Avg. Price: 182K<br>Sales Volume: 182
2025,NG6 9,169000,120,Midlands,NG6 9<br>Avg. Price: 169K<br>Sales Volume: 120
2025,NG7 1,316000,125,Midlands,NG7 1<br>Avg. Price: 316K<br>Sales Volume: 125
2025,NG7 2,235000,77,Midlands,NG7 2<br>Avg. Price: 235K<br>Sales Volume: 77
2025,NG7 3,142000,36,Midlands,NG7 3<br>Avg. Price: 142K<br>Sales Volume: 36
2025,NG7 4,165000,35,Midlands,NG7 4<br>Avg. Price: 165K<br>Sales Volume: 35
2025,NG7 5,145000,70,Midlands,NG7 5<br>Avg. Price: 145K<br>Sales Volume: 70
2025,NG7 6,176000,81,Midlands,NG7 6<br>Avg. Price: 176K<br>Sales Volume: 81
2025,NG7 7,158000,53,Midlands,NG7 7<br>Avg. Price: 158K<br>Sales Volume: 53
2025,NG8 1,319000,86,Midlands,NG8 1<br>Avg. Price: 319K<br>Sales Volume: 86
2025,NG8 2,326000,130,Midlands,NG8 2<br>Avg. Price: 326K<br>Sales Volume: 130
2025,NG8 3,248000,131,Midlands,NG8 3<br>Avg. Price: 248K<br>Sales Volume: 131
2025,NG8 4,188000,63,Midlands,NG8 4<br>Avg. Price: 188K<br>Sales Volume: 63
2025,NG8 5,188000,120,Midlands,NG8 5<br>Avg. Price: 188K<br>Sales Volume: 120
2025,NG8 6,200000,91,Midlands,NG8 6<br>Avg. Price: 200K<br>Sales Volume: 91
2025,NG9 1,273000,171,Midlands,NG9 1<br>Avg. Price: 273K<br>Sales Volume: 171
2025,NG9 2,263000,162,Midlands,NG9 2<br>Avg. Price: 263K<br>Sales Volume: 162
2025,NG9 3,332000,160,Midlands,NG9 3<br>Avg. Price: 332K<br>Sales Volume: 160
2025,NG9 4,279000,112,Midlands,NG9 4<br>Avg. Price: 279K<br>Sales Volume: 112
2025,NG9 5,309000,98,Midlands,NG9 5<br>Avg. Price: 309K<br>Sales Volume: 98
2025,NG9 6,318000,126,Midlands,NG9 6<br>Avg. Price: 318K<br>Sales Volume: 126
2025,NG9 7,226000,89,Midlands,NG9 7<br>Avg. Price: 226K<br>Sales Volume: 89
2025,NG9 8,216000,143,Midlands,NG9 8<br>Avg. Price: 216K<br>Sales Volume: 143
2025,NN1 1,168000,32,Midlands,NN1 1<br>Avg. Price: 168K<br>Sales Volume: 32
2025,NN1 2,133000,31,Midlands,NN1 2<br>Avg. Price: 133K<br>Sales Volume: 31
2025,NN1 3,177000,112,Midlands,NN1 3<br>Avg. Price: 177K<br>Sales Volume: 112
2025,NN1 4,231000,182,Midlands,NN1 4<br>Avg. Price: 231K<br>Sales Volume: 182
2025,NN1 5,261000,118,Midlands,NN1 5<br>Avg. Price: 261K<br>Sales Volume: 118
2025,NN10 0,240000,217,Midlands,NN10 0<br>Avg. Price: 240K<br>Sales Volume: 217
2025,NN10 6,304000,94,Midlands,NN10 6<br>Avg. Price: 304K<br>Sales Volume: 94
2025,NN10 8,312000,145,Midlands,NN10 8<br>Avg. Price: 312K<br>Sales Volume: 145
2025,NN10 9,243000,186,Midlands,NN10 9<br>Avg. Price: 243K<br>Sales Volume: 186
2025,NN11 0,295000,72,Midlands,NN11 0<br>Avg. Price: 295K<br>Sales Volume: 72
2025,NN11 2,314000,59,Midlands,NN11 2<br>Avg. Price: 314K<br>Sales Volume: 59
2025,NN11 3,393000,91,Midlands,NN11 3<br>Avg. Price: 393K<br>Sales Volume: 91
2025,NN11 4,258000,200,Midlands,NN11 4<br>Avg. Price: 258K<br>Sales Volume: 200
2025,NN11 6,430000,39,Midlands,NN11 6<br>Avg. Price: 430K<br>Sales Volume: 39
2025,NN11 7,303000,22,Midlands,NN11 7<br>Avg. Price: 303K<br>Sales Volume: 22
2025,NN11 8,275000,49,Midlands,NN11 8<br>Avg. Price: 275K<br>Sales Volume: 49
2025,NN11 9,235000,89,Midlands,NN11 9<br>Avg. Price: 235K<br>Sales Volume: 89
2025,NN12 6,356000,282,Midlands,NN12 6<br>Avg. Price: 356K<br>Sales Volume: 282
2025,NN12 7,439000,77,Midlands,NN12 7<br>Avg. Price: 439K<br>Sales Volume: 77
2025,NN12 8,477000,166,Midlands,NN12 8<br>Avg. Price: 477K<br>Sales Volume: 166
2025,NN13 5,539000,73,Midlands,NN13 5<br>Avg. Price: 539K<br>Sales Volume: 73
2025,NN13 6,347000,231,Midlands,NN13 6<br>Avg. Price: 347K<br>Sales Volume: 231
2025,NN13 7,297000,76,Midlands,NN13 7<br>Avg. Price: 297K<br>Sales Volume: 76
2025,NN14 1,355000,148,Midlands,NN14 1<br>Avg. Price: 355K<br>Sales Volume: 148
2025,NN14 2,280000,204,Midlands,NN14 2<br>Avg. Price: 280K<br>Sales Volume: 204
2025,NN14 3,399000,70,Midlands,NN14 3<br>Avg. Price: 399K<br>Sales Volume: 70
2025,NN14 4,302000,204,Midlands,NN14 4<br>Avg. Price: 302K<br>Sales Volume: 204
2025,NN14 6,249000,178,Midlands,NN14 6<br>Avg. Price: 249K<br>Sales Volume: 178
2025,NN15 4,353000,87,Midlands,NN15 4<br>Avg. Price: 353K<br>Sales Volume: 87
2025,NN15 5,296000,256,Midlands,NN15 5<br>Avg. Price: 296K<br>Sales Volume: 256
2025,NN15 6,275000,212,Midlands,NN15 6<br>Avg. Price: 275K<br>Sales Volume: 212
2025,NN15 7,265000,122,Midlands,NN15 7<br>Avg. Price: 265K<br>Sales Volume: 122
2025,NN16 0,172000,91,Midlands,NN16 0<br>Avg. Price: 172K<br>Sales Volume: 91
2025,NN16 8,179000,132,Midlands,NN16 8<br>Avg. Price: 179K<br>Sales Volume: 132
2025,NN16 9,248000,201,Midlands,NN16 9<br>Avg. Price: 248K<br>Sales Volume: 201
2025,NN17 1,200000,105,Midlands,NN17 1<br>Avg. Price: 200K<br>Sales Volume: 105
2025,NN17 2,203000,150,Midlands,NN17 2<br>Avg. Price: 203K<br>Sales Volume: 150
2025,NN17 3,307000,131,Midlands,NN17 3<br>Avg. Price: 307K<br>Sales Volume: 131
2025,NN17 4,242000,8,Midlands,NN17 4<br>Avg. Price: 242K<br>Sales Volume: 8
2025,NN17 5,269000,172,Midlands,NN17 5<br>Avg. Price: 269K<br>Sales Volume: 172
2025,NN18 0,192000,122,Midlands,NN18 0<br>Avg. Price: 192K<br>Sales Volume: 122
2025,NN18 8,254000,255,Midlands,NN18 8<br>Avg. Price: 254K<br>Sales Volume: 255
2025,NN18 9,197000,84,Midlands,NN18 9<br>Avg. Price: 197K<br>Sales Volume: 84
2025,NN2 6,233000,151,Midlands,NN2 6<br>Avg. Price: 233K<br>Sales Volume: 151
2025,NN2 7,232000,219,Midlands,NN2 7<br>Avg. Price: 232K<br>Sales Volume: 219
2025,NN2 8,308000,272,Midlands,NN2 8<br>Avg. Price: 308K<br>Sales Volume: 272
2025,NN29 7,304000,194,Midlands,NN29 7<br>Avg. Price: 304K<br>Sales Volume: 194
2025,NN3 2,262000,127,Midlands,NN3 2<br>Avg. Price: 262K<br>Sales Volume: 127
2025,NN3 3,358000,143,Midlands,NN3 3<br>Avg. Price: 358K<br>Sales Volume: 143
2025,NN3 5,251000,105,Midlands,NN3 5<br>Avg. Price: 251K<br>Sales Volume: 105
2025,NN3 6,283000,118,Midlands,NN3 6<br>Avg. Price: 283K<br>Sales Volume: 118
2025,NN3 7,339000,173,Midlands,NN3 7<br>Avg. Price: 339K<br>Sales Volume: 173
2025,NN3 8,209000,146,Midlands,NN3 8<br>Avg. Price: 209K<br>Sales Volume: 146
2025,NN3 9,284000,136,Midlands,NN3 9<br>Avg. Price: 284K<br>Sales Volume: 136
2025,NN4 0,333000,208,Midlands,NN4 0<br>Avg. Price: 333K<br>Sales Volume: 208
2025,NN4 5,321000,95,Midlands,NN4 5<br>Avg. Price: 321K<br>Sales Volume: 95
2025,NN4 6,376000,190,Midlands,NN4 6<br>Avg. Price: 376K<br>Sales Volume: 190
2025,NN4 7,433000,17,Midlands,NN4 7<br>Avg. Price: 433K<br>Sales Volume: 17
2025,NN4 8,239000,194,Midlands,NN4 8<br>Avg. Price: 239K<br>Sales Volume: 194
2025,NN4 9,342000,138,Midlands,NN4 9<br>Avg. Price: 342K<br>Sales Volume: 138
2025,NN5 4,300000,161,Midlands,NN5 4<br>Avg. Price: 300K<br>Sales Volume: 161
2025,NN5 5,203000,93,Midlands,NN5 5<br>Avg. Price: 203K<br>Sales Volume: 93
2025,NN5 6,286000,326,Midlands,NN5 6<br>Avg. Price: 286K<br>Sales Volume: 326
2025,NN5 7,258000,102,Midlands,NN5 7<br>Avg. Price: 258K<br>Sales Volume: 102
2025,NN6 0,377000,218,Midlands,NN6 0<br>Avg. Price: 377K<br>Sales Volume: 218
2025,NN6 6,438000,61,Midlands,NN6 6<br>Avg. Price: 438K<br>Sales Volume: 61
2025,NN6 7,378000,116,Midlands,NN6 7<br>Avg. Price: 378K<br>Sales Volume: 116
2025,NN6 8,526000,85,Midlands,NN6 8<br>Avg. Price: 526K<br>Sales Volume: 85
2025,NN6 9,431000,116,Midlands,NN6 9<br>Avg. Price: 431K<br>Sales Volume: 116
2025,NN7 1,500000,67,Midlands,NN7 1<br>Avg. Price: 500K<br>Sales Volume: 67
2025,NN7 2,397000,102,Midlands,NN7 2<br>Avg. Price: 397K<br>Sales Volume: 102
2025,NN7 3,398000,106,Midlands,NN7 3<br>Avg. Price: 398K<br>Sales Volume: 106
2025,NN7 4,378000,146,Midlands,NN7 4<br>Avg. Price: 378K<br>Sales Volume: 146
2025,NN8 1,241000,193,Midlands,NN8 1<br>Avg. Price: 241K<br>Sales Volume: 193
2025,NN8 2,246000,104,Midlands,NN8 2<br>Avg. Price: 246K<br>Sales Volume: 104
2025,NN8 3,255000,188,Midlands,NN8 3<br>Avg. Price: 255K<br>Sales Volume: 188
2025,NN8 4,230000,116,Midlands,NN8 4<br>Avg. Price: 230K<br>Sales Volume: 116
2025,NN8 5,301000,106,Midlands,NN8 5<br>Avg. Price: 301K<br>Sales Volume: 106
2025,NN8 6,300000,95,Midlands,NN8 6<br>Avg. Price: 300K<br>Sales Volume: 95
2025,NN9 5,248000,253,Midlands,NN9 5<br>Avg. Price: 248K<br>Sales Volume: 253
2025,NN9 6,299000,202,Midlands,NN9 6<br>Avg. Price: 299K<br>Sales Volume: 202
2025,NP10 0,341000,27,Wales,NP10 0<br>Avg. Price: 341K<br>Sales Volume: 27
2025,NP10 8,291000,176,Wales,NP10 8<br>Avg. Price: 291K<br>Sales Volume: 176
2025,NP10 9,320000,185,Wales,NP10 9<br>Avg. Price: 320K<br>Sales Volume: 185
2025,NP11 3,212000,41,Wales,NP11 3<br>Avg. Price: 212K<br>Sales Volume: 41
2025,NP11 4,174000,82,Wales,NP11 4<br>Avg. Price: 174K<br>Sales Volume: 82
2025,NP11 5,160000,71,Wales,NP11 5<br>Avg. Price: 160K<br>Sales Volume: 71
2025,NP11 6,194000,125,Wales,NP11 6<br>Avg. Price: 194K<br>Sales Volume: 125
2025,NP11 7,170000,118,Wales,NP11 7<br>Avg. Price: 170K<br>Sales Volume: 118
2025,NP12 0,221000,100,Wales,NP12 0<br>Avg. Price: 221K<br>Sales Volume: 100
2025,NP12 1,225000,109,Wales,NP12 1<br>Avg. Price: 225K<br>Sales Volume: 109
2025,NP12 2,234000,115,Wales,NP12 2<br>Avg. Price: 234K<br>Sales Volume: 115
2025,NP12 3,190000,72,Wales,NP12 3<br>Avg. Price: 190K<br>Sales Volume: 72
2025,NP13 1,134000,125,Wales,NP13 1<br>Avg. Price: 134K<br>Sales Volume: 125
2025,NP13 2,122000,82,Wales,NP13 2<br>Avg. Price: 122K<br>Sales Volume: 82
2025,NP13 3,150000,47,Wales,NP13 3<br>Avg. Price: 150K<br>Sales Volume: 47
2025,NP15 1,415000,63,Wales,NP15 1<br>Avg. Price: 415K<br>Sales Volume: 63
2025,NP15 2,384000,16,Wales,NP15 2<br>Avg. Price: 384K<br>Sales Volume: 16
2025,NP16 5,322000,187,Wales,NP16 5<br>Avg. Price: 322K<br>Sales Volume: 187
2025,NP16 6,554000,62,Wales,NP16 6<br>Avg. Price: 554K<br>Sales Volume: 62
2025,NP16 7,413000,58,Wales,NP16 7<br>Avg. Price: 413K<br>Sales Volume: 58
2025,NP18 1,339000,63,Wales,NP18 1<br>Avg. Price: 339K<br>Sales Volume: 63
2025,NP18 2,371000,108,Wales,NP18 2<br>Avg. Price: 371K<br>Sales Volume: 108
2025,NP18 3,291000,80,Wales,NP18 3<br>Avg. Price: 291K<br>Sales Volume: 80
2025,NP19 0,166000,156,Wales,NP19 0<br>Avg. Price: 166K<br>Sales Volume: 156
2025,NP19 4,251000,191,Wales,NP19 4<br>Avg. Price: 251K<br>Sales Volume: 191
2025,NP19 7,205000,174,Wales,NP19 7<br>Avg. Price: 205K<br>Sales Volume: 174
2025,NP19 8,211000,154,Wales,NP19 8<br>Avg. Price: 211K<br>Sales Volume: 154
2025,NP19 9,199000,134,Wales,NP19 9<br>Avg. Price: 199K<br>Sales Volume: 134
2025,NP20 1,147000,14,Wales,NP20 1<br>Avg. Price: 147K<br>Sales Volume: 14
2025,NP20 2,213000,118,Wales,NP20 2<br>Avg. Price: 213K<br>Sales Volume: 118
2025,NP20 3,229000,135,Wales,NP20 3<br>Avg. Price: 229K<br>Sales Volume: 135
2025,NP20 4,220000,86,Wales,NP20 4<br>Avg. Price: 220K<br>Sales Volume: 86
2025,NP20 5,260000,162,Wales,NP20 5<br>Avg. Price: 260K<br>Sales Volume: 162
2025,NP20 6,238000,92,Wales,NP20 6<br>Avg. Price: 238K<br>Sales Volume: 92
2025,NP20 7,170000,62,Wales,NP20 7<br>Avg. Price: 170K<br>Sales Volume: 62
2025,NP22 3,148000,105,Wales,NP22 3<br>Avg. Price: 148K<br>Sales Volume: 105
2025,NP22 4,163000,91,Wales,NP22 4<br>Avg. Price: 163K<br>Sales Volume: 91
2025,NP22 5,118000,56,Wales,NP22 5<br>Avg. Price: 118K<br>Sales Volume: 56
2025,NP23 4,166000,101,Wales,NP23 4<br>Avg. Price: 166K<br>Sales Volume: 101
2025,NP23 5,180000,99,Wales,NP23 5<br>Avg. Price: 180K<br>Sales Volume: 99
2025,NP23 6,142000,145,Wales,NP23 6<br>Avg. Price: 142K<br>Sales Volume: 145
2025,NP23 7,100000,38,Wales,NP23 7<br>Avg. Price: 100K<br>Sales Volume: 38
2025,NP23 8,255000,10,Wales,NP23 8<br>Avg. Price: 255K<br>Sales Volume: 10
2025,NP24 6,104000,71,Wales,NP24 6<br>Avg. Price: 104K<br>Sales Volume: 71
2025,NP25 3,368000,82,Wales,NP25 3<br>Avg. Price: 368K<br>Sales Volume: 82
2025,NP25 4,503000,40,Wales,NP25 4<br>Avg. Price: 503K<br>Sales Volume: 40
2025,NP25 5,307000,95,Wales,NP25 5<br>Avg. Price: 307K<br>Sales Volume: 95
2025,NP26 3,356000,123,Wales,NP26 3<br>Avg. Price: 356K<br>Sales Volume: 123
2025,NP26 4,289000,94,Wales,NP26 4<br>Avg. Price: 289K<br>Sales Volume: 94
2025,NP26 5,312000,82,Wales,NP26 5<br>Avg. Price: 312K<br>Sales Volume: 82
2025,NP4 0,257000,78,Wales,NP4 0<br>Avg. Price: 257K<br>Sales Volume: 78
2025,NP4 5,198000,100,Wales,NP4 5<br>Avg. Price: 198K<br>Sales Volume: 100
2025,NP4 6,179000,87,Wales,NP4 6<br>Avg. Price: 179K<br>Sales Volume: 87
2025,NP4 7,159000,64,Wales,NP4 7<br>Avg. Price: 159K<br>Sales Volume: 64
2025,NP4 8,213000,58,Wales,NP4 8<br>Avg. Price: 213K<br>Sales Volume: 58
2025,NP4 9,155000,58,Wales,NP4 9<br>Avg. Price: 155K<br>Sales Volume: 58
2025,NP44 1,220000,115,Wales,NP44 1<br>Avg. Price: 220K<br>Sales Volume: 115
2025,NP44 2,211000,63,Wales,NP44 2<br>Avg. Price: 211K<br>Sales Volume: 63
2025,NP44 3,247000,119,Wales,NP44 3<br>Avg. Price: 247K<br>Sales Volume: 119
2025,NP44 4,168000,56,Wales,NP44 4<br>Avg. Price: 168K<br>Sales Volume: 56
2025,NP44 5,213000,49,Wales,NP44 5<br>Avg. Price: 213K<br>Sales Volume: 49
2025,NP44 6,286000,55,Wales,NP44 6<br>Avg. Price: 286K<br>Sales Volume: 55
2025,NP44 7,219000,56,Wales,NP44 7<br>Avg. Price: 219K<br>Sales Volume: 56
2025,NP44 8,232000,35,Wales,NP44 8<br>Avg. Price: 232K<br>Sales Volume: 35
2025,NP7 0,329000,54,Wales,NP7 0<br>Avg. Price: 329K<br>Sales Volume: 54
2025,NP7 5,272000,95,Wales,NP7 5<br>Avg. Price: 272K<br>Sales Volume: 95
2025,NP7 6,328000,55,Wales,NP7 6<br>Avg. Price: 328K<br>Sales Volume: 55
2025,NP7 7,498000,41,Wales,NP7 7<br>Avg. Price: 498K<br>Sales Volume: 41
2025,NP7 8,448000,26,Wales,NP7 8<br>Avg. Price: 448K<br>Sales Volume: 26
2025,NP7 9,358000,86,Wales,NP7 9<br>Avg. Price: 358K<br>Sales Volume: 86
2025,NP8 1,445000,50,Wales,NP8 1<br>Avg. Price: 445K<br>Sales Volume: 50
2025,NP9 1,142000,1,Wales,NP9 1<br>Avg. Price: 142K<br>Sales Volume: 1
2025,NR1 1,205000,159,Midlands,NR1 1<br>Avg. Price: 205K<br>Sales Volume: 159
2025,NR1 2,255000,113,Midlands,NR1 2<br>Avg. Price: 255K<br>Sales Volume: 113
2025,NR1 3,223000,94,Midlands,NR1 3<br>Avg. Price: 223K<br>Sales Volume: 94
2025,NR1 4,267000,114,Midlands,NR1 4<br>Avg. Price: 267K<br>Sales Volume: 114
2025,NR10 3,339000,147,Midlands,NR10 3<br>Avg. Price: 339K<br>Sales Volume: 147
2025,NR10 4,340000,69,Midlands,NR10 4<br>Avg. Price: 340K<br>Sales Volume: 69
2025,NR10 5,283000,66,Midlands,NR10 5<br>Avg. Price: 283K<br>Sales Volume: 66
2025,NR11 6,353000,157,Midlands,NR11 6<br>Avg. Price: 353K<br>Sales Volume: 157
2025,NR11 7,452000,25,Midlands,NR11 7<br>Avg. Price: 452K<br>Sales Volume: 25
2025,NR11 8,341000,99,Midlands,NR11 8<br>Avg. Price: 341K<br>Sales Volume: 99
2025,NR12 0,309000,85,Midlands,NR12 0<br>Avg. Price: 309K<br>Sales Volume: 85
2025,NR12 7,332000,41,Midlands,NR12 7<br>Avg. Price: 332K<br>Sales Volume: 41
2025,NR12 8,474000,98,Midlands,NR12 8<br>Avg. Price: 474K<br>Sales Volume: 98
2025,NR12 9,295000,81,Midlands,NR12 9<br>Avg. Price: 295K<br>Sales Volume: 81
2025,NR13 3,312000,106,Midlands,NR13 3<br>Avg. Price: 312K<br>Sales Volume: 106
2025,NR13 4,369000,118,Midlands,NR13 4<br>Avg. Price: 369K<br>Sales Volume: 118
2025,NR13 5,362000,153,Midlands,NR13 5<br>Avg. Price: 362K<br>Sales Volume: 153
2025,NR13 6,342000,210,Midlands,NR13 6<br>Avg. Price: 342K<br>Sales Volume: 210
2025,NR14 6,322000,95,Midlands,NR14 6<br>Avg. Price: 322K<br>Sales Volume: 95
2025,NR14 7,350000,173,Midlands,NR14 7<br>Avg. Price: 350K<br>Sales Volume: 173
2025,NR14 8,407000,135,Midlands,NR14 8<br>Avg. Price: 407K<br>Sales Volume: 135
2025,NR15 1,435000,80,Midlands,NR15 1<br>Avg. Price: 435K<br>Sales Volume: 80
2025,NR15 2,317000,122,Midlands,NR15 2<br>Avg. Price: 317K<br>Sales Volume: 122
2025,NR16 1,426000,70,Midlands,NR16 1<br>Avg. Price: 426K<br>Sales Volume: 70
2025,NR16 2,351000,99,Midlands,NR16 2<br>Avg. Price: 351K<br>Sales Volume: 99
2025,NR17 1,364000,183,Midlands,NR17 1<br>Avg. Price: 364K<br>Sales Volume: 183
2025,NR17 2,279000,139,Midlands,NR17 2<br>Avg. Price: 279K<br>Sales Volume: 139
2025,NR18 0,296000,220,Midlands,NR18 0<br>Avg. Price: 296K<br>Sales Volume: 220
2025,NR18 9,356000,112,Midlands,NR18 9<br>Avg. Price: 356K<br>Sales Volume: 112
2025,NR19 1,247000,187,Midlands,NR19 1<br>Avg. Price: 247K<br>Sales Volume: 187
2025,NR19 2,264000,124,Midlands,NR19 2<br>Avg. Price: 264K<br>Sales Volume: 124
2025,NR2 1,239000,25,Midlands,NR2 1<br>Avg. Price: 239K<br>Sales Volume: 25
2025,NR2 2,365000,133,Midlands,NR2 2<br>Avg. Price: 365K<br>Sales Volume: 133
2025,NR2 3,324000,214,Midlands,NR2 3<br>Avg. Price: 324K<br>Sales Volume: 214
2025,NR2 4,210000,110,Midlands,NR2 4<br>Avg. Price: 210K<br>Sales Volume: 110
2025,NR20 3,345000,145,Midlands,NR20 3<br>Avg. Price: 345K<br>Sales Volume: 145
2025,NR20 4,355000,83,Midlands,NR20 4<br>Avg. Price: 355K<br>Sales Volume: 83
2025,NR20 5,439000,63,Midlands,NR20 5<br>Avg. Price: 439K<br>Sales Volume: 63
2025,NR21 0,408000,44,Midlands,NR21 0<br>Avg. Price: 408K<br>Sales Volume: 44
2025,NR21 7,309000,35,Midlands,NR21 7<br>Avg. Price: 309K<br>Sales Volume: 35
2025,NR21 8,266000,74,Midlands,NR21 8<br>Avg. Price: 266K<br>Sales Volume: 74
2025,NR21 9,318000,66,Midlands,NR21 9<br>Avg. Price: 318K<br>Sales Volume: 66
2025,NR22 6,326000,8,Midlands,NR22 6<br>Avg. Price: 326K<br>Sales Volume: 8
2025,NR23 1,476000,52,Midlands,NR23 1<br>Avg. Price: 476K<br>Sales Volume: 52
2025,NR24 2,372000,58,Midlands,NR24 2<br>Avg. Price: 372K<br>Sales Volume: 58
2025,NR25 6,370000,123,Midlands,NR25 6<br>Avg. Price: 370K<br>Sales Volume: 123
2025,NR25 7,570000,59,Midlands,NR25 7<br>Avg. Price: 570K<br>Sales Volume: 59
2025,NR26 8,343000,153,Midlands,NR26 8<br>Avg. Price: 343K<br>Sales Volume: 153
2025,NR27 0,308000,104,Midlands,NR27 0<br>Avg. Price: 308K<br>Sales Volume: 104
2025,NR27 9,314000,95,Midlands,NR27 9<br>Avg. Price: 314K<br>Sales Volume: 95
2025,NR28 0,283000,122,Midlands,NR28 0<br>Avg. Price: 283K<br>Sales Volume: 122
2025,NR28 9,297000,100,Midlands,NR28 9<br>Avg. Price: 297K<br>Sales Volume: 100
2025,NR29 3,316000,106,Midlands,NR29 3<br>Avg. Price: 316K<br>Sales Volume: 106
2025,NR29 4,275000,151,Midlands,NR29 4<br>Avg. Price: 275K<br>Sales Volume: 151
2025,NR29 5,327000,62,Midlands,NR29 5<br>Avg. Price: 327K<br>Sales Volume: 62
2025,NR3 1,204000,79,Midlands,NR3 1<br>Avg. Price: 204K<br>Sales Volume: 79
2025,NR3 2,197000,81,Midlands,NR3 2<br>Avg. Price: 197K<br>Sales Volume: 81
2025,NR3 3,230000,154,Midlands,NR3 3<br>Avg. Price: 230K<br>Sales Volume: 154
2025,NR3 4,221000,180,Midlands,NR3 4<br>Avg. Price: 221K<br>Sales Volume: 180
2025,NR30 1,148000,66,Midlands,NR30 1<br>Avg. Price: 148K<br>Sales Volume: 66
2025,NR30 2,120000,82,Midlands,NR30 2<br>Avg. Price: 120K<br>Sales Volume: 82
2025,NR30 3,138000,52,Midlands,NR30 3<br>Avg. Price: 138K<br>Sales Volume: 52
2025,NR30 4,193000,90,Midlands,NR30 4<br>Avg. Price: 193K<br>Sales Volume: 90
2025,NR30 5,249000,162,Midlands,NR30 5<br>Avg. Price: 249K<br>Sales Volume: 162
2025,NR31 0,147000,120,Midlands,NR31 0<br>Avg. Price: 147K<br>Sales Volume: 120
2025,NR31 6,250000,148,Midlands,NR31 6<br>Avg. Price: 250K<br>Sales Volume: 148
2025,NR31 7,211000,114,Midlands,NR31 7<br>Avg. Price: 211K<br>Sales Volume: 114
2025,NR31 8,247000,159,Midlands,NR31 8<br>Avg. Price: 247K<br>Sales Volume: 159
2025,NR31 9,298000,202,Midlands,NR31 9<br>Avg. Price: 298K<br>Sales Volume: 202
2025,NR32 1,143000,57,Midlands,NR32 1<br>Avg. Price: 143K<br>Sales Volume: 57
2025,NR32 2,155000,113,Midlands,NR32 2<br>Avg. Price: 155K<br>Sales Volume: 113
2025,NR32 3,271000,142,Midlands,NR32 3<br>Avg. Price: 271K<br>Sales Volume: 142
2025,NR32 4,248000,183,Midlands,NR32 4<br>Avg. Price: 248K<br>Sales Volume: 183
2025,NR32 5,301000,51,Midlands,NR32 5<br>Avg. Price: 301K<br>Sales Volume: 51
2025,NR33 0,206000,127,Midlands,NR33 0<br>Avg. Price: 206K<br>Sales Volume: 127
2025,NR33 3,220000,1,Midlands,NR33 3<br>Avg. Price: 220K<br>Sales Volume: 1
2025,NR33 7,238000,149,Midlands,NR33 7<br>Avg. Price: 238K<br>Sales Volume: 149
2025,NR33 8,268000,197,Midlands,NR33 8<br>Avg. Price: 268K<br>Sales Volume: 197
2025,NR33 9,238000,111,Midlands,NR33 9<br>Avg. Price: 238K<br>Sales Volume: 111
2025,NR34 0,414000,34,Midlands,NR34 0<br>Avg. Price: 414K<br>Sales Volume: 34
2025,NR34 7,324000,94,Midlands,NR34 7<br>Avg. Price: 324K<br>Sales Volume: 94
2025,NR34 8,381000,29,Midlands,NR34 8<br>Avg. Price: 381K<br>Sales Volume: 29
2025,NR34 9,267000,164,Midlands,NR34 9<br>Avg. Price: 267K<br>Sales Volume: 164
2025,NR35 1,302000,94,Midlands,NR35 1<br>Avg. Price: 302K<br>Sales Volume: 94
2025,NR35 2,309000,63,Midlands,NR35 2<br>Avg. Price: 309K<br>Sales Volume: 63
2025,NR4 6,390000,126,Midlands,NR4 6<br>Avg. Price: 390K<br>Sales Volume: 126
2025,NR4 7,345000,211,Midlands,NR4 7<br>Avg. Price: 345K<br>Sales Volume: 211
2025,NR5 0,287000,125,Midlands,NR5 0<br>Avg. Price: 287K<br>Sales Volume: 125
2025,NR5 8,228000,74,Midlands,NR5 8<br>Avg. Price: 228K<br>Sales Volume: 74
2025,NR5 9,243000,104,Midlands,NR5 9<br>Avg. Price: 243K<br>Sales Volume: 104
2025,NR6 5,288000,99,Midlands,NR6 5<br>Avg. Price: 288K<br>Sales Volume: 99
2025,NR6 6,252000,150,Midlands,NR6 6<br>Avg. Price: 252K<br>Sales Volume: 150
2025,NR6 7,295000,198,Midlands,NR6 7<br>Avg. Price: 295K<br>Sales Volume: 198
2025,NR7 0,320000,207,Midlands,NR7 0<br>Avg. Price: 320K<br>Sales Volume: 207
2025,NR7 8,281000,247,Midlands,NR7 8<br>Avg. Price: 281K<br>Sales Volume: 247
2025,NR7 9,239000,91,Midlands,NR7 9<br>Avg. Price: 239K<br>Sales Volume: 91
2025,NR8 5,276000,150,Midlands,NR8 5<br>Avg. Price: 276K<br>Sales Volume: 150
2025,NR8 6,344000,229,Midlands,NR8 6<br>Avg. Price: 344K<br>Sales Volume: 229
2025,NR8 7,417000,14,Midlands,NR8 7<br>Avg. Price: 417K<br>Sales Volume: 14
2025,NR9 3,344000,168,Midlands,NR9 3<br>Avg. Price: 344K<br>Sales Volume: 168
2025,NR9 4,359000,73,Midlands,NR9 4<br>Avg. Price: 359K<br>Sales Volume: 73
2025,NR9 5,325000,80,Midlands,NR9 5<br>Avg. Price: 325K<br>Sales Volume: 80
2025,NW1 0,588000,53,Greater London,NW1 0<br>Avg. Price: 588K<br>Sales Volume: 53
2025,NW1 1,532000,22,Greater London,NW1 1<br>Avg. Price: 532K<br>Sales Volume: 22
2025,NW1 2,691000,7,Greater London,NW1 2<br>Avg. Price: 691K<br>Sales Volume: 7
2025,NW1 3,588000,14,Greater London,NW1 3<br>Avg. Price: 588K<br>Sales Volume: 14
2025,NW1 4,1654000,15,Greater London,"NW1 4<br>Avg. Price: 1,654K<br>Sales Volume: 15"
2025,NW1 5,1026000,22,Greater London,"NW1 5<br>Avg. Price: 1,026K<br>Sales Volume: 22"
2025,NW1 6,800000,53,Greater London,NW1 6<br>Avg. Price: 800K<br>Sales Volume: 53
2025,NW1 7,1244000,40,Greater London,"NW1 7<br>Avg. Price: 1,244K<br>Sales Volume: 40"
2025,NW1 8,1501000,51,Greater London,"NW1 8<br>Avg. Price: 1,501K<br>Sales Volume: 51"
2025,NW1 9,886000,90,Greater London,NW1 9<br>Avg. Price: 886K<br>Sales Volume: 90
2025,NW10 0,386000,34,Greater London,NW10 0<br>Avg. Price: 386K<br>Sales Volume: 34
2025,NW10 1,712000,40,Greater London,NW10 1<br>Avg. Price: 712K<br>Sales Volume: 40
2025,NW10 2,541000,38,Greater London,NW10 2<br>Avg. Price: 541K<br>Sales Volume: 38
2025,NW10 3,1094000,65,Greater London,"NW10 3<br>Avg. Price: 1,094K<br>Sales Volume: 65"
2025,NW10 4,495000,79,Greater London,NW10 4<br>Avg. Price: 495K<br>Sales Volume: 79
2025,NW10 5,816000,133,Greater London,NW10 5<br>Avg. Price: 816K<br>Sales Volume: 133
2025,NW10 6,571000,27,Greater London,NW10 6<br>Avg. Price: 571K<br>Sales Volume: 27
2025,NW10 7,452000,44,Greater London,NW10 7<br>Avg. Price: 452K<br>Sales Volume: 44
2025,NW10 8,331000,51,Greater London,NW10 8<br>Avg. Price: 331K<br>Sales Volume: 51
2025,NW10 9,443000,59,Greater London,NW10 9<br>Avg. Price: 443K<br>Sales Volume: 59
2025,NW11 0,1057000,43,Greater London,"NW11 0<br>Avg. Price: 1,057K<br>Sales Volume: 43"
2025,NW11 6,1193000,62,Greater London,"NW11 6<br>Avg. Price: 1,193K<br>Sales Volume: 62"
2025,NW11 7,1341000,62,Greater London,"NW11 7<br>Avg. Price: 1,341K<br>Sales Volume: 62"
2025,NW11 8,1085000,32,Greater London,"NW11 8<br>Avg. Price: 1,085K<br>Sales Volume: 32"
2025,NW11 9,737000,59,Greater London,NW11 9<br>Avg. Price: 737K<br>Sales Volume: 59
2025,NW2 1,590000,46,Greater London,NW2 1<br>Avg. Price: 590K<br>Sales Volume: 46
2025,NW2 2,844000,62,Greater London,NW2 2<br>Avg. Price: 844K<br>Sales Volume: 62
2025,NW2 3,779000,76,Greater London,NW2 3<br>Avg. Price: 779K<br>Sales Volume: 76
2025,NW2 4,848000,70,Greater London,NW2 4<br>Avg. Price: 848K<br>Sales Volume: 70
2025,NW2 5,558000,81,Greater London,NW2 5<br>Avg. Price: 558K<br>Sales Volume: 81
2025,NW2 6,588000,85,Greater London,NW2 6<br>Avg. Price: 588K<br>Sales Volume: 85
2025,NW2 7,478000,51,Greater London,NW2 7<br>Avg. Price: 478K<br>Sales Volume: 51
2025,NW2 8,605000,65,Greater London,NW2 8<br>Avg. Price: 605K<br>Sales Volume: 65
2025,NW3 1,1638000,52,Greater London,"NW3 1<br>Avg. Price: 1,638K<br>Sales Volume: 52"
2025,NW3 2,1471000,122,Greater London,"NW3 2<br>Avg. Price: 1,471K<br>Sales Volume: 122"
2025,NW3 3,1363000,81,Greater London,"NW3 3<br>Avg. Price: 1,363K<br>Sales Volume: 81"
2025,NW3 4,1263000,104,Greater London,"NW3 4<br>Avg. Price: 1,263K<br>Sales Volume: 104"
2025,NW3 5,1689000,58,Greater London,"NW3 5<br>Avg. Price: 1,689K<br>Sales Volume: 58"
2025,NW3 6,1597000,61,Greater London,"NW3 6<br>Avg. Price: 1,597K<br>Sales Volume: 61"
2025,NW3 7,1521000,67,Greater London,"NW3 7<br>Avg. Price: 1,521K<br>Sales Volume: 67"
2025,NW4 1,663000,85,Greater London,NW4 1<br>Avg. Price: 663K<br>Sales Volume: 85
2025,NW4 2,733000,74,Greater London,NW4 2<br>Avg. Price: 733K<br>Sales Volume: 74
2025,NW4 3,612000,52,Greater London,NW4 3<br>Avg. Price: 612K<br>Sales Volume: 52
2025,NW4 4,471000,71,Greater London,NW4 4<br>Avg. Price: 471K<br>Sales Volume: 71
2025,NW5 1,1026000,85,Greater London,"NW5 1<br>Avg. Price: 1,026K<br>Sales Volume: 85"
2025,NW5 2,919000,76,Greater London,NW5 2<br>Avg. Price: 919K<br>Sales Volume: 76
2025,NW5 3,782000,47,Greater London,NW5 3<br>Avg. Price: 782K<br>Sales Volume: 47
2025,NW5 4,634000,46,Greater London,NW5 4<br>Avg. Price: 634K<br>Sales Volume: 46
2025,NW6 1,954000,133,Greater London,NW6 1<br>Avg. Price: 954K<br>Sales Volume: 133
2025,NW6 2,669000,93,Greater London,NW6 2<br>Avg. Price: 669K<br>Sales Volume: 93
2025,NW6 3,1061000,88,Greater London,"NW6 3<br>Avg. Price: 1,061K<br>Sales Volume: 88"
2025,NW6 4,783000,61,Greater London,NW6 4<br>Avg. Price: 783K<br>Sales Volume: 61
2025,NW6 5,550000,88,Greater London,NW6 5<br>Avg. Price: 550K<br>Sales Volume: 88
2025,NW6 6,1145000,91,Greater London,"NW6 6<br>Avg. Price: 1,145K<br>Sales Volume: 91"
2025,NW6 7,788000,123,Greater London,NW6 7<br>Avg. Price: 788K<br>Sales Volume: 123
2025,NW7 1,597000,161,Greater London,NW7 1<br>Avg. Price: 597K<br>Sales Volume: 161
2025,NW7 2,697000,80,Greater London,NW7 2<br>Avg. Price: 697K<br>Sales Volume: 80
2025,NW7 3,720000,58,Greater London,NW7 3<br>Avg. Price: 720K<br>Sales Volume: 58
2025,NW7 4,1185000,47,Greater London,"NW7 4<br>Avg. Price: 1,185K<br>Sales Volume: 47"
2025,NW8 0,2674000,47,Greater London,"NW8 0<br>Avg. Price: 2,674K<br>Sales Volume: 47"
2025,NW8 6,3832000,44,Greater London,"NW8 6<br>Avg. Price: 3,832K<br>Sales Volume: 44"
2025,NW8 7,1585000,41,Greater London,"NW8 7<br>Avg. Price: 1,585K<br>Sales Volume: 41"
2025,NW8 8,746000,34,Greater London,NW8 8<br>Avg. Price: 746K<br>Sales Volume: 34
2025,NW8 9,1549000,86,Greater London,"NW8 9<br>Avg. Price: 1,549K<br>Sales Volume: 86"
2025,NW9 0,465000,82,Greater London,NW9 0<br>Avg. Price: 465K<br>Sales Volume: 82
2025,NW9 4,479000,155,Greater London,NW9 4<br>Avg. Price: 479K<br>Sales Volume: 155
2025,NW9 5,364000,136,Greater London,NW9 5<br>Avg. Price: 364K<br>Sales Volume: 136
2025,NW9 6,503000,111,Greater London,NW9 6<br>Avg. Price: 503K<br>Sales Volume: 111
2025,NW9 7,458000,68,Greater London,NW9 7<br>Avg. Price: 458K<br>Sales Volume: 68
2025,NW9 8,506000,59,Greater London,NW9 8<br>Avg. Price: 506K<br>Sales Volume: 59
2025,NW9 9,506000,51,Greater London,NW9 9<br>Avg. Price: 506K<br>Sales Volume: 51
2025,OL1 1,129000,4,North England,OL1 1<br>Avg. Price: 129K<br>Sales Volume: 4
2025,OL1 2,244000,52,North England,OL1 2<br>Avg. Price: 244K<br>Sales Volume: 52
2025,OL1 3,134000,22,North England,OL1 3<br>Avg. Price: 134K<br>Sales Volume: 22
2025,OL1 4,174000,118,North England,OL1 4<br>Avg. Price: 174K<br>Sales Volume: 118
2025,OL10 1,184000,63,North England,OL10 1<br>Avg. Price: 184K<br>Sales Volume: 63
2025,OL10 2,262000,124,North England,OL10 2<br>Avg. Price: 262K<br>Sales Volume: 124
2025,OL10 3,165000,111,North England,OL10 3<br>Avg. Price: 165K<br>Sales Volume: 111
2025,OL10 4,183000,114,North England,OL10 4<br>Avg. Price: 183K<br>Sales Volume: 114
2025,OL11 1,130000,45,North England,OL11 1<br>Avg. Price: 130K<br>Sales Volume: 45
2025,OL11 2,177000,127,North England,OL11 2<br>Avg. Price: 177K<br>Sales Volume: 127
2025,OL11 3,180000,112,North England,OL11 3<br>Avg. Price: 180K<br>Sales Volume: 112
2025,OL11 4,239000,77,North England,OL11 4<br>Avg. Price: 239K<br>Sales Volume: 77
2025,OL11 5,283000,185,North England,OL11 5<br>Avg. Price: 283K<br>Sales Volume: 185
2025,OL12 0,149000,66,North England,OL12 0<br>Avg. Price: 149K<br>Sales Volume: 66
2025,OL12 6,209000,84,North England,OL12 6<br>Avg. Price: 209K<br>Sales Volume: 84
2025,OL12 7,267000,143,North England,OL12 7<br>Avg. Price: 267K<br>Sales Volume: 143
2025,OL12 8,193000,133,North England,OL12 8<br>Avg. Price: 193K<br>Sales Volume: 133
2025,OL12 9,203000,101,North England,OL12 9<br>Avg. Price: 203K<br>Sales Volume: 101
2025,OL13 0,146000,68,North England,OL13 0<br>Avg. Price: 146K<br>Sales Volume: 68
2025,OL13 8,199000,80,North England,OL13 8<br>Avg. Price: 199K<br>Sales Volume: 80
2025,OL13 9,203000,114,North England,OL13 9<br>Avg. Price: 203K<br>Sales Volume: 114
2025,OL14 5,175000,79,North England,OL14 5<br>Avg. Price: 175K<br>Sales Volume: 79
2025,OL14 6,243000,49,North England,OL14 6<br>Avg. Price: 243K<br>Sales Volume: 49
2025,OL14 7,283000,42,North England,OL14 7<br>Avg. Price: 283K<br>Sales Volume: 42
2025,OL14 8,209000,72,North England,OL14 8<br>Avg. Price: 209K<br>Sales Volume: 72
2025,OL15 0,263000,60,North England,OL15 0<br>Avg. Price: 263K<br>Sales Volume: 60
2025,OL15 8,233000,103,North England,OL15 8<br>Avg. Price: 233K<br>Sales Volume: 103
2025,OL15 9,196000,85,North England,OL15 9<br>Avg. Price: 196K<br>Sales Volume: 85
2025,OL16 1,108000,5,North England,OL16 1<br>Avg. Price: 108K<br>Sales Volume: 5
2025,OL16 2,171000,59,North England,OL16 2<br>Avg. Price: 171K<br>Sales Volume: 59
2025,OL16 3,213000,125,North England,OL16 3<br>Avg. Price: 213K<br>Sales Volume: 125
2025,OL16 4,231000,141,North England,OL16 4<br>Avg. Price: 231K<br>Sales Volume: 141
2025,OL16 5,150000,57,North England,OL16 5<br>Avg. Price: 150K<br>Sales Volume: 57
2025,OL2 5,240000,138,North England,OL2 5<br>Avg. Price: 240K<br>Sales Volume: 138
2025,OL2 6,240000,207,North England,OL2 6<br>Avg. Price: 240K<br>Sales Volume: 207
2025,OL2 7,213000,150,North England,OL2 7<br>Avg. Price: 213K<br>Sales Volume: 150
2025,OL2 8,224000,109,North England,OL2 8<br>Avg. Price: 224K<br>Sales Volume: 109
2025,OL3 5,354000,107,North England,OL3 5<br>Avg. Price: 354K<br>Sales Volume: 107
2025,OL3 6,315000,55,North England,OL3 6<br>Avg. Price: 315K<br>Sales Volume: 55
2025,OL3 7,345000,77,North England,OL3 7<br>Avg. Price: 345K<br>Sales Volume: 77
2025,OL4 1,137000,39,North England,OL4 1<br>Avg. Price: 137K<br>Sales Volume: 39
2025,OL4 2,200000,120,North England,OL4 2<br>Avg. Price: 200K<br>Sales Volume: 120
2025,OL4 3,193000,80,North England,OL4 3<br>Avg. Price: 193K<br>Sales Volume: 80
2025,OL4 4,311000,98,North England,OL4 4<br>Avg. Price: 311K<br>Sales Volume: 98
2025,OL4 5,212000,103,North England,OL4 5<br>Avg. Price: 212K<br>Sales Volume: 103
2025,OL5 0,210000,100,North England,OL5 0<br>Avg. Price: 210K<br>Sales Volume: 100
2025,OL5 9,225000,95,North England,OL5 9<br>Avg. Price: 225K<br>Sales Volume: 95
2025,OL6 6,195000,79,North England,OL6 6<br>Avg. Price: 195K<br>Sales Volume: 79
2025,OL6 7,134000,9,North England,OL6 7<br>Avg. Price: 134K<br>Sales Volume: 9
2025,OL6 8,227000,114,North England,OL6 8<br>Avg. Price: 227K<br>Sales Volume: 114
2025,OL6 9,223000,136,North England,OL6 9<br>Avg. Price: 223K<br>Sales Volume: 136
2025,OL7 0,153000,65,North England,OL7 0<br>Avg. Price: 153K<br>Sales Volume: 65
2025,OL7 9,209000,111,North England,OL7 9<br>Avg. Price: 209K<br>Sales Volume: 111
2025,OL8 1,137000,51,North England,OL8 1<br>Avg. Price: 137K<br>Sales Volume: 51
2025,OL8 2,209000,113,North England,OL8 2<br>Avg. Price: 209K<br>Sales Volume: 113
2025,OL8 3,185000,110,North England,OL8 3<br>Avg. Price: 185K<br>Sales Volume: 110
2025,OL8 4,182000,88,North England,OL8 4<br>Avg. Price: 182K<br>Sales Volume: 88
2025,OL9 0,239000,122,North England,OL9 0<br>Avg. Price: 239K<br>Sales Volume: 122
2025,OL9 6,134000,20,North England,OL9 6<br>Avg. Price: 134K<br>Sales Volume: 20
2025,OL9 7,160000,45,North England,OL9 7<br>Avg. Price: 160K<br>Sales Volume: 45
2025,OL9 8,179000,142,North England,OL9 8<br>Avg. Price: 179K<br>Sales Volume: 142
2025,OL9 9,228000,105,North England,OL9 9<br>Avg. Price: 228K<br>Sales Volume: 105
2025,OX1 1,489000,35,South East,OX1 1<br>Avg. Price: 489K<br>Sales Volume: 35
2025,OX1 2,626000,12,South East,OX1 2<br>Avg. Price: 626K<br>Sales Volume: 12
2025,OX1 4,546000,66,South East,OX1 4<br>Avg. Price: 546K<br>Sales Volume: 66
2025,OX1 5,628000,68,South East,OX1 5<br>Avg. Price: 628K<br>Sales Volume: 68
2025,OX10 0,494000,91,South East,OX10 0<br>Avg. Price: 494K<br>Sales Volume: 91
2025,OX10 6,595000,111,South East,OX10 6<br>Avg. Price: 595K<br>Sales Volume: 111
2025,OX10 7,455000,59,South East,OX10 7<br>Avg. Price: 455K<br>Sales Volume: 59
2025,OX10 8,510000,46,South East,OX10 8<br>Avg. Price: 510K<br>Sales Volume: 46
2025,OX10 9,513000,112,South East,OX10 9<br>Avg. Price: 513K<br>Sales Volume: 112
2025,OX11 0,478000,83,South East,OX11 0<br>Avg. Price: 478K<br>Sales Volume: 83
2025,OX11 6,368000,206,South East,OX11 6<br>Avg. Price: 368K<br>Sales Volume: 206
2025,OX11 7,350000,186,South East,OX11 7<br>Avg. Price: 350K<br>Sales Volume: 186
2025,OX11 8,329000,106,South East,OX11 8<br>Avg. Price: 329K<br>Sales Volume: 106
2025,OX11 9,525000,126,South East,OX11 9<br>Avg. Price: 525K<br>Sales Volume: 126
2025,OX12 0,405000,185,South East,OX12 0<br>Avg. Price: 405K<br>Sales Volume: 185
2025,OX12 7,384000,123,South East,OX12 7<br>Avg. Price: 384K<br>Sales Volume: 123
2025,OX12 8,428000,76,South East,OX12 8<br>Avg. Price: 428K<br>Sales Volume: 76
2025,OX12 9,407000,158,South East,OX12 9<br>Avg. Price: 407K<br>Sales Volume: 158
2025,OX13 5,633000,90,South East,OX13 5<br>Avg. Price: 633K<br>Sales Volume: 90
2025,OX13 6,495000,92,South East,OX13 6<br>Avg. Price: 495K<br>Sales Volume: 92
2025,OX14 1,411000,176,South East,OX14 1<br>Avg. Price: 411K<br>Sales Volume: 176
2025,OX14 2,443000,91,South East,OX14 2<br>Avg. Price: 443K<br>Sales Volume: 91
2025,OX14 3,448000,119,South East,OX14 3<br>Avg. Price: 448K<br>Sales Volume: 119
2025,OX14 4,525000,110,South East,OX14 4<br>Avg. Price: 525K<br>Sales Volume: 110
2025,OX14 5,312000,162,South East,OX14 5<br>Avg. Price: 312K<br>Sales Volume: 162
2025,OX15 0,465000,43,South East,OX15 0<br>Avg. Price: 465K<br>Sales Volume: 43
2025,OX15 4,432000,138,South East,OX15 4<br>Avg. Price: 432K<br>Sales Volume: 138
2025,OX15 5,504000,73,South East,OX15 5<br>Avg. Price: 504K<br>Sales Volume: 73
2025,OX15 6,597000,35,South East,OX15 6<br>Avg. Price: 597K<br>Sales Volume: 35
2025,OX16 0,285000,98,South East,OX16 0<br>Avg. Price: 285K<br>Sales Volume: 98
2025,OX16 1,308000,197,South East,OX16 1<br>Avg. Price: 308K<br>Sales Volume: 197
2025,OX16 2,251000,92,South East,OX16 2<br>Avg. Price: 251K<br>Sales Volume: 92
2025,OX16 3,270000,70,South East,OX16 3<br>Avg. Price: 270K<br>Sales Volume: 70
2025,OX16 4,229000,52,South East,OX16 4<br>Avg. Price: 229K<br>Sales Volume: 52
2025,OX16 5,222000,34,South East,OX16 5<br>Avg. Price: 222K<br>Sales Volume: 34
2025,OX16 9,363000,241,South East,OX16 9<br>Avg. Price: 363K<br>Sales Volume: 241
2025,OX17 1,430000,48,South East,OX17 1<br>Avg. Price: 430K<br>Sales Volume: 48
2025,OX17 2,443000,105,South East,OX17 2<br>Avg. Price: 443K<br>Sales Volume: 105
2025,OX17 3,521000,93,South East,OX17 3<br>Avg. Price: 521K<br>Sales Volume: 93
2025,OX18 1,339000,149,South East,OX18 1<br>Avg. Price: 339K<br>Sales Volume: 149
2025,OX18 2,544000,94,South East,OX18 2<br>Avg. Price: 544K<br>Sales Volume: 94
2025,OX18 3,377000,100,South East,OX18 3<br>Avg. Price: 377K<br>Sales Volume: 100
2025,OX18 4,826000,69,South East,OX18 4<br>Avg. Price: 826K<br>Sales Volume: 69
2025,OX2 0,496000,52,South East,OX2 0<br>Avg. Price: 496K<br>Sales Volume: 52
2025,OX2 6,1179000,85,South East,"OX2 6<br>Avg. Price: 1,179K<br>Sales Volume: 85"
2025,OX2 7,770000,101,South East,OX2 7<br>Avg. Price: 770K<br>Sales Volume: 101
2025,OX2 8,768000,97,South East,OX2 8<br>Avg. Price: 768K<br>Sales Volume: 97
2025,OX2 9,554000,143,South East,OX2 9<br>Avg. Price: 554K<br>Sales Volume: 143
2025,OX20 1,655000,82,South East,OX20 1<br>Avg. Price: 655K<br>Sales Volume: 82
2025,OX25 1,395000,18,South East,OX25 1<br>Avg. Price: 395K<br>Sales Volume: 18
2025,OX25 2,401000,97,South East,OX25 2<br>Avg. Price: 401K<br>Sales Volume: 97
2025,OX25 3,633000,9,South East,OX25 3<br>Avg. Price: 633K<br>Sales Volume: 9
2025,OX25 4,752000,13,South East,OX25 4<br>Avg. Price: 752K<br>Sales Volume: 13
2025,OX25 5,457000,50,South East,OX25 5<br>Avg. Price: 457K<br>Sales Volume: 50
2025,OX25 6,589000,13,South East,OX25 6<br>Avg. Price: 589K<br>Sales Volume: 13
2025,OX26 1,429000,75,South East,OX26 1<br>Avg. Price: 429K<br>Sales Volume: 75
2025,OX26 2,356000,99,South East,OX26 2<br>Avg. Price: 356K<br>Sales Volume: 99
2025,OX26 3,368000,106,South East,OX26 3<br>Avg. Price: 368K<br>Sales Volume: 106
2025,OX26 4,342000,58,South East,OX26 4<br>Avg. Price: 342K<br>Sales Volume: 58
2025,OX26 5,433000,27,South East,OX26 5<br>Avg. Price: 433K<br>Sales Volume: 27
2025,OX26 6,340000,197,South East,OX26 6<br>Avg. Price: 340K<br>Sales Volume: 197
2025,OX27 0,558000,19,South East,OX27 0<br>Avg. Price: 558K<br>Sales Volume: 19
2025,OX27 7,461000,33,South East,OX27 7<br>Avg. Price: 461K<br>Sales Volume: 33
2025,OX27 8,390000,64,South East,OX27 8<br>Avg. Price: 390K<br>Sales Volume: 64
2025,OX27 9,646000,5,South East,OX27 9<br>Avg. Price: 646K<br>Sales Volume: 5
2025,OX28 1,376000,122,South East,OX28 1<br>Avg. Price: 376K<br>Sales Volume: 122
2025,OX28 2,562000,8,South East,OX28 2<br>Avg. Price: 562K<br>Sales Volume: 8
2025,OX28 3,358000,50,South East,OX28 3<br>Avg. Price: 358K<br>Sales Volume: 50
2025,OX28 4,275000,48,South East,OX28 4<br>Avg. Price: 275K<br>Sales Volume: 48
2025,OX28 5,345000,104,South East,OX28 5<br>Avg. Price: 345K<br>Sales Volume: 104
2025,OX28 6,375000,83,South East,OX28 6<br>Avg. Price: 375K<br>Sales Volume: 83
2025,OX29 0,478000,21,South East,OX29 0<br>Avg. Price: 478K<br>Sales Volume: 21
2025,OX29 4,451000,55,South East,OX29 4<br>Avg. Price: 451K<br>Sales Volume: 55
2025,OX29 5,700000,16,South East,OX29 5<br>Avg. Price: 700K<br>Sales Volume: 16
2025,OX29 6,550000,30,South East,OX29 6<br>Avg. Price: 550K<br>Sales Volume: 30
2025,OX29 7,491000,88,South East,OX29 7<br>Avg. Price: 491K<br>Sales Volume: 88
2025,OX29 8,486000,93,South East,OX29 8<br>Avg. Price: 486K<br>Sales Volume: 93
2025,OX29 9,731000,20,South East,OX29 9<br>Avg. Price: 731K<br>Sales Volume: 20
2025,OX3 0,531000,91,South East,OX3 0<br>Avg. Price: 531K<br>Sales Volume: 91
2025,OX3 7,473000,115,South East,OX3 7<br>Avg. Price: 473K<br>Sales Volume: 115
2025,OX3 8,469000,115,South East,OX3 8<br>Avg. Price: 469K<br>Sales Volume: 115
2025,OX3 9,586000,92,South East,OX3 9<br>Avg. Price: 586K<br>Sales Volume: 92
2025,OX33 1,551000,76,South East,OX33 1<br>Avg. Price: 551K<br>Sales Volume: 76
2025,OX39 4,540000,112,South East,OX39 4<br>Avg. Price: 540K<br>Sales Volume: 112
2025,OX4 1,636000,101,South East,OX4 1<br>Avg. Price: 636K<br>Sales Volume: 101
2025,OX4 2,397000,104,South East,OX4 2<br>Avg. Price: 397K<br>Sales Volume: 104
2025,OX4 3,430000,120,South East,OX4 3<br>Avg. Price: 430K<br>Sales Volume: 120
2025,OX4 4,432000,103,South East,OX4 4<br>Avg. Price: 432K<br>Sales Volume: 103
2025,OX4 6,325000,37,South East,OX4 6<br>Avg. Price: 325K<br>Sales Volume: 37
2025,OX4 7,305000,31,South East,OX4 7<br>Avg. Price: 305K<br>Sales Volume: 31
2025,OX44 7,495000,80,South East,OX44 7<br>Avg. Price: 495K<br>Sales Volume: 80
2025,OX44 9,607000,24,South East,OX44 9<br>Avg. Price: 607K<br>Sales Volume: 24
2025,OX49 5,560000,40,South East,OX49 5<br>Avg. Price: 560K<br>Sales Volume: 40
2025,OX5 1,401000,136,South East,OX5 1<br>Avg. Price: 401K<br>Sales Volume: 136
2025,OX5 2,459000,108,South East,OX5 2<br>Avg. Price: 459K<br>Sales Volume: 108
2025,OX5 3,565000,30,South East,OX5 3<br>Avg. Price: 565K<br>Sales Volume: 30
2025,OX7 3,677000,60,South East,OX7 3<br>Avg. Price: 677K<br>Sales Volume: 60
2025,OX7 4,692000,23,South East,OX7 4<br>Avg. Price: 692K<br>Sales Volume: 23
2025,OX7 5,436000,145,South East,OX7 5<br>Avg. Price: 436K<br>Sales Volume: 145
2025,OX7 6,744000,89,South East,OX7 6<br>Avg. Price: 744K<br>Sales Volume: 89
2025,OX7 7,529000,24,South East,OX7 7<br>Avg. Price: 529K<br>Sales Volume: 24
2025,OX9 2,616000,68,South East,OX9 2<br>Avg. Price: 616K<br>Sales Volume: 68
2025,OX9 3,465000,174,South East,OX9 3<br>Avg. Price: 465K<br>Sales Volume: 174
2025,OX9 7,713000,5,South East,OX9 7<br>Avg. Price: 713K<br>Sales Volume: 5
2025,PE1 1,131000,7,Midlands,PE1 1<br>Avg. Price: 131K<br>Sales Volume: 7
2025,PE1 2,206000,72,Midlands,PE1 2<br>Avg. Price: 206K<br>Sales Volume: 72
2025,PE1 3,206000,105,Midlands,PE1 3<br>Avg. Price: 206K<br>Sales Volume: 105
2025,PE1 4,232000,168,Midlands,PE1 4<br>Avg. Price: 232K<br>Sales Volume: 168
2025,PE1 5,191000,74,Midlands,PE1 5<br>Avg. Price: 191K<br>Sales Volume: 74
2025,PE10 0,274000,202,Midlands,PE10 0<br>Avg. Price: 274K<br>Sales Volume: 202
2025,PE10 2,284000,61,Midlands,PE10 2<br>Avg. Price: 284K<br>Sales Volume: 61
2025,PE10 9,270000,214,Midlands,PE10 9<br>Avg. Price: 270K<br>Sales Volume: 214
2025,PE11 1,211000,157,Midlands,PE11 1<br>Avg. Price: 211K<br>Sales Volume: 157
2025,PE11 2,197000,169,Midlands,PE11 2<br>Avg. Price: 197K<br>Sales Volume: 169
2025,PE11 3,253000,235,Midlands,PE11 3<br>Avg. Price: 253K<br>Sales Volume: 235
2025,PE11 4,259000,147,Midlands,PE11 4<br>Avg. Price: 259K<br>Sales Volume: 147
2025,PE11 5,354000,24,Midlands,PE11 5<br>Avg. Price: 354K<br>Sales Volume: 24
2025,PE11 7,226000,5,Midlands,PE11 7<br>Avg. Price: 226K<br>Sales Volume: 5
2025,PE12 0,319000,84,Midlands,PE12 0<br>Avg. Price: 319K<br>Sales Volume: 84
2025,PE12 6,285000,170,Midlands,PE12 6<br>Avg. Price: 285K<br>Sales Volume: 170
2025,PE12 7,220000,211,Midlands,PE12 7<br>Avg. Price: 220K<br>Sales Volume: 211
2025,PE12 8,265000,66,Midlands,PE12 8<br>Avg. Price: 265K<br>Sales Volume: 66
2025,PE12 9,217000,158,Midlands,PE12 9<br>Avg. Price: 217K<br>Sales Volume: 158
2025,PE13 1,191000,33,Midlands,PE13 1<br>Avg. Price: 191K<br>Sales Volume: 33
2025,PE13 2,197000,119,Midlands,PE13 2<br>Avg. Price: 197K<br>Sales Volume: 119
2025,PE13 3,183000,126,Midlands,PE13 3<br>Avg. Price: 183K<br>Sales Volume: 126
2025,PE13 4,274000,92,Midlands,PE13 4<br>Avg. Price: 274K<br>Sales Volume: 92
2025,PE13 5,270000,96,Midlands,PE13 5<br>Avg. Price: 270K<br>Sales Volume: 96
2025,PE14 0,251000,82,Midlands,PE14 0<br>Avg. Price: 251K<br>Sales Volume: 82
2025,PE14 7,300000,79,Midlands,PE14 7<br>Avg. Price: 300K<br>Sales Volume: 79
2025,PE14 8,288000,79,Midlands,PE14 8<br>Avg. Price: 288K<br>Sales Volume: 79
2025,PE14 9,301000,63,Midlands,PE14 9<br>Avg. Price: 301K<br>Sales Volume: 63
2025,PE15 0,283000,137,Midlands,PE15 0<br>Avg. Price: 283K<br>Sales Volume: 137
2025,PE15 8,226000,189,Midlands,PE15 8<br>Avg. Price: 226K<br>Sales Volume: 189
2025,PE15 9,248000,138,Midlands,PE15 9<br>Avg. Price: 248K<br>Sales Volume: 138
2025,PE16 6,252000,202,Midlands,PE16 6<br>Avg. Price: 252K<br>Sales Volume: 202
2025,PE19 0,405000,71,Midlands,PE19 0<br>Avg. Price: 405K<br>Sales Volume: 71
2025,PE19 1,327000,103,Midlands,PE19 1<br>Avg. Price: 327K<br>Sales Volume: 103
2025,PE19 2,291000,182,Midlands,PE19 2<br>Avg. Price: 291K<br>Sales Volume: 182
2025,PE19 5,411000,84,Midlands,PE19 5<br>Avg. Price: 411K<br>Sales Volume: 84
2025,PE19 6,363000,177,Midlands,PE19 6<br>Avg. Price: 363K<br>Sales Volume: 177
2025,PE19 7,362000,85,Midlands,PE19 7<br>Avg. Price: 362K<br>Sales Volume: 85
2025,PE19 8,314000,101,Midlands,PE19 8<br>Avg. Price: 314K<br>Sales Volume: 101
2025,PE2 5,239000,139,Midlands,PE2 5<br>Avg. Price: 239K<br>Sales Volume: 139
2025,PE2 6,320000,73,Midlands,PE2 6<br>Avg. Price: 320K<br>Sales Volume: 73
2025,PE2 7,305000,51,Midlands,PE2 7<br>Avg. Price: 305K<br>Sales Volume: 51
2025,PE2 8,238000,270,Midlands,PE2 8<br>Avg. Price: 238K<br>Sales Volume: 270
2025,PE2 9,212000,143,Midlands,PE2 9<br>Avg. Price: 212K<br>Sales Volume: 143
2025,PE20 1,240000,111,Midlands,PE20 1<br>Avg. Price: 240K<br>Sales Volume: 111
2025,PE20 2,228000,55,Midlands,PE20 2<br>Avg. Price: 228K<br>Sales Volume: 55
2025,PE20 3,252000,70,Midlands,PE20 3<br>Avg. Price: 252K<br>Sales Volume: 70
2025,PE21 0,189000,135,Midlands,PE21 0<br>Avg. Price: 189K<br>Sales Volume: 135
2025,PE21 6,138000,34,Midlands,PE21 6<br>Avg. Price: 138K<br>Sales Volume: 34
2025,PE21 7,228000,132,Midlands,PE21 7<br>Avg. Price: 228K<br>Sales Volume: 132
2025,PE21 8,141000,121,Midlands,PE21 8<br>Avg. Price: 141K<br>Sales Volume: 121
2025,PE21 9,222000,153,Midlands,PE21 9<br>Avg. Price: 222K<br>Sales Volume: 153
2025,PE22 0,260000,76,Midlands,PE22 0<br>Avg. Price: 260K<br>Sales Volume: 76
2025,PE22 7,230000,54,Midlands,PE22 7<br>Avg. Price: 230K<br>Sales Volume: 54
2025,PE22 8,469000,59,Midlands,PE22 8<br>Avg. Price: 469K<br>Sales Volume: 59
2025,PE22 9,264000,39,Midlands,PE22 9<br>Avg. Price: 264K<br>Sales Volume: 39
2025,PE23 4,338000,55,Midlands,PE23 4<br>Avg. Price: 338K<br>Sales Volume: 55
2025,PE23 5,222000,103,Midlands,PE23 5<br>Avg. Price: 222K<br>Sales Volume: 103
2025,PE24 4,218000,45,Midlands,PE24 4<br>Avg. Price: 218K<br>Sales Volume: 45
2025,PE24 5,215000,125,Midlands,PE24 5<br>Avg. Price: 215K<br>Sales Volume: 125
2025,PE25 1,203000,144,Midlands,PE25 1<br>Avg. Price: 203K<br>Sales Volume: 144
2025,PE25 2,165000,108,Midlands,PE25 2<br>Avg. Price: 165K<br>Sales Volume: 108
2025,PE25 3,209000,49,Midlands,PE25 3<br>Avg. Price: 209K<br>Sales Volume: 49
2025,PE26 1,271000,118,Midlands,PE26 1<br>Avg. Price: 271K<br>Sales Volume: 118
2025,PE26 2,276000,94,Midlands,PE26 2<br>Avg. Price: 276K<br>Sales Volume: 94
2025,PE27 3,302000,106,Midlands,PE27 3<br>Avg. Price: 302K<br>Sales Volume: 106
2025,PE27 4,400000,38,Midlands,PE27 4<br>Avg. Price: 400K<br>Sales Volume: 38
2025,PE27 5,298000,77,Midlands,PE27 5<br>Avg. Price: 298K<br>Sales Volume: 77
2025,PE27 6,343000,68,Midlands,PE27 6<br>Avg. Price: 343K<br>Sales Volume: 68
2025,PE28 0,432000,77,Midlands,PE28 0<br>Avg. Price: 432K<br>Sales Volume: 77
2025,PE28 2,377000,139,Midlands,PE28 2<br>Avg. Price: 377K<br>Sales Volume: 139
2025,PE28 3,361000,139,Midlands,PE28 3<br>Avg. Price: 361K<br>Sales Volume: 139
2025,PE28 4,394000,231,Midlands,PE28 4<br>Avg. Price: 394K<br>Sales Volume: 231
2025,PE28 5,354000,134,Midlands,PE28 5<br>Avg. Price: 354K<br>Sales Volume: 134
2025,PE28 9,507000,81,Midlands,PE28 9<br>Avg. Price: 507K<br>Sales Volume: 81
2025,PE29 1,317000,156,Midlands,PE29 1<br>Avg. Price: 317K<br>Sales Volume: 156
2025,PE29 2,350000,130,Midlands,PE29 2<br>Avg. Price: 350K<br>Sales Volume: 130
2025,PE29 3,198000,58,Midlands,PE29 3<br>Avg. Price: 198K<br>Sales Volume: 58
2025,PE29 6,327000,71,Midlands,PE29 6<br>Avg. Price: 327K<br>Sales Volume: 71
2025,PE29 7,202000,45,Midlands,PE29 7<br>Avg. Price: 202K<br>Sales Volume: 45
2025,PE3 6,336000,85,Midlands,PE3 6<br>Avg. Price: 336K<br>Sales Volume: 85
2025,PE3 7,185000,38,Midlands,PE3 7<br>Avg. Price: 185K<br>Sales Volume: 38
2025,PE3 8,192000,61,Midlands,PE3 8<br>Avg. Price: 192K<br>Sales Volume: 61
2025,PE3 9,251000,103,Midlands,PE3 9<br>Avg. Price: 251K<br>Sales Volume: 103
2025,PE30 1,202000,36,Midlands,PE30 1<br>Avg. Price: 202K<br>Sales Volume: 36
2025,PE30 2,171000,80,Midlands,PE30 2<br>Avg. Price: 171K<br>Sales Volume: 80
2025,PE30 3,289000,220,Midlands,PE30 3<br>Avg. Price: 289K<br>Sales Volume: 220
2025,PE30 4,219000,142,Midlands,PE30 4<br>Avg. Price: 219K<br>Sales Volume: 142
2025,PE30 5,171000,129,Midlands,PE30 5<br>Avg. Price: 171K<br>Sales Volume: 129
2025,PE31 6,328000,116,Midlands,PE31 6<br>Avg. Price: 328K<br>Sales Volume: 116
2025,PE31 7,337000,154,Midlands,PE31 7<br>Avg. Price: 337K<br>Sales Volume: 154
2025,PE31 8,482000,90,Midlands,PE31 8<br>Avg. Price: 482K<br>Sales Volume: 90
2025,PE32 1,331000,114,Midlands,PE32 1<br>Avg. Price: 331K<br>Sales Volume: 114
2025,PE32 2,339000,85,Midlands,PE32 2<br>Avg. Price: 339K<br>Sales Volume: 85
2025,PE33 0,298000,115,Midlands,PE33 0<br>Avg. Price: 298K<br>Sales Volume: 115
2025,PE33 9,320000,99,Midlands,PE33 9<br>Avg. Price: 320K<br>Sales Volume: 99
2025,PE34 3,270000,61,Midlands,PE34 3<br>Avg. Price: 270K<br>Sales Volume: 61
2025,PE34 4,272000,108,Midlands,PE34 4<br>Avg. Price: 272K<br>Sales Volume: 108
2025,PE36 5,277000,79,Midlands,PE36 5<br>Avg. Price: 277K<br>Sales Volume: 79
2025,PE36 6,547000,48,Midlands,PE36 6<br>Avg. Price: 547K<br>Sales Volume: 48
2025,PE37 7,232000,123,Midlands,PE37 7<br>Avg. Price: 232K<br>Sales Volume: 123
2025,PE37 8,302000,92,Midlands,PE37 8<br>Avg. Price: 302K<br>Sales Volume: 92
2025,PE38 0,328000,46,Midlands,PE38 0<br>Avg. Price: 328K<br>Sales Volume: 46
2025,PE38 9,281000,224,Midlands,PE38 9<br>Avg. Price: 281K<br>Sales Volume: 224
2025,PE4 5,215000,85,Midlands,PE4 5<br>Avg. Price: 215K<br>Sales Volume: 85
2025,PE4 6,252000,136,Midlands,PE4 6<br>Avg. Price: 252K<br>Sales Volume: 136
2025,PE4 7,218000,155,Midlands,PE4 7<br>Avg. Price: 218K<br>Sales Volume: 155
2025,PE5 7,724000,16,Midlands,PE5 7<br>Avg. Price: 724K<br>Sales Volume: 16
2025,PE6 0,275000,118,Midlands,PE6 0<br>Avg. Price: 275K<br>Sales Volume: 118
2025,PE6 7,317000,132,Midlands,PE6 7<br>Avg. Price: 317K<br>Sales Volume: 132
2025,PE6 8,297000,245,Midlands,PE6 8<br>Avg. Price: 297K<br>Sales Volume: 245
2025,PE6 9,417000,86,Midlands,PE6 9<br>Avg. Price: 417K<br>Sales Volume: 86
2025,PE7 0,248000,24,Midlands,PE7 0<br>Avg. Price: 248K<br>Sales Volume: 24
2025,PE7 1,263000,227,Midlands,PE7 1<br>Avg. Price: 263K<br>Sales Volume: 227
2025,PE7 2,276000,131,Midlands,PE7 2<br>Avg. Price: 276K<br>Sales Volume: 131
2025,PE7 3,290000,260,Midlands,PE7 3<br>Avg. Price: 290K<br>Sales Volume: 260
2025,PE7 4,377000,15,Midlands,PE7 4<br>Avg. Price: 377K<br>Sales Volume: 15
2025,PE7 7,340000,1,Midlands,PE7 7<br>Avg. Price: 340K<br>Sales Volume: 1
2025,PE7 8,283000,346,Midlands,PE7 8<br>Avg. Price: 283K<br>Sales Volume: 346
2025,PE8 4,373000,110,Midlands,PE8 4<br>Avg. Price: 373K<br>Sales Volume: 110
2025,PE8 5,810000,42,Midlands,PE8 5<br>Avg. Price: 810K<br>Sales Volume: 42
2025,PE8 6,387000,123,Midlands,PE8 6<br>Avg. Price: 387K<br>Sales Volume: 123
2025,PE9 1,296000,157,Midlands,PE9 1<br>Avg. Price: 296K<br>Sales Volume: 157
2025,PE9 2,385000,184,Midlands,PE9 2<br>Avg. Price: 385K<br>Sales Volume: 184
2025,PE9 3,540000,85,Midlands,PE9 3<br>Avg. Price: 540K<br>Sales Volume: 85
2025,PE9 4,379000,66,Midlands,PE9 4<br>Avg. Price: 379K<br>Sales Volume: 66
2025,PL1 1,106000,4,South West,PL1 1<br>Avg. Price: 106K<br>Sales Volume: 4
2025,PL1 2,212000,34,South West,PL1 2<br>Avg. Price: 212K<br>Sales Volume: 34
2025,PL1 3,231000,106,South West,PL1 3<br>Avg. Price: 231K<br>Sales Volume: 106
2025,PL1 4,186000,87,South West,PL1 4<br>Avg. Price: 186K<br>Sales Volume: 87
2025,PL1 5,203000,101,South West,PL1 5<br>Avg. Price: 203K<br>Sales Volume: 101
2025,PL10 1,341000,42,South West,PL10 1<br>Avg. Price: 341K<br>Sales Volume: 42
2025,PL11 2,233000,102,South West,PL11 2<br>Avg. Price: 233K<br>Sales Volume: 102
2025,PL11 3,357000,32,South West,PL11 3<br>Avg. Price: 357K<br>Sales Volume: 32
2025,PL12 4,270000,137,South West,PL12 4<br>Avg. Price: 270K<br>Sales Volume: 137
2025,PL12 5,368000,28,South West,PL12 5<br>Avg. Price: 368K<br>Sales Volume: 28
2025,PL12 6,316000,169,South West,PL12 6<br>Avg. Price: 316K<br>Sales Volume: 169
2025,PL13 1,306000,80,South West,PL13 1<br>Avg. Price: 306K<br>Sales Volume: 80
2025,PL13 2,303000,83,South West,PL13 2<br>Avg. Price: 303K<br>Sales Volume: 83
2025,PL14 3,238000,138,South West,PL14 3<br>Avg. Price: 238K<br>Sales Volume: 138
2025,PL14 4,280000,82,South West,PL14 4<br>Avg. Price: 280K<br>Sales Volume: 82
2025,PL14 5,284000,91,South West,PL14 5<br>Avg. Price: 284K<br>Sales Volume: 91
2025,PL14 6,282000,53,South West,PL14 6<br>Avg. Price: 282K<br>Sales Volume: 53
2025,PL15 7,305000,93,South West,PL15 7<br>Avg. Price: 305K<br>Sales Volume: 93
2025,PL15 8,309000,75,South West,PL15 8<br>Avg. Price: 309K<br>Sales Volume: 75
2025,PL15 9,270000,94,South West,PL15 9<br>Avg. Price: 270K<br>Sales Volume: 94
2025,PL16 0,377000,24,South West,PL16 0<br>Avg. Price: 377K<br>Sales Volume: 24
2025,PL17 7,266000,92,South West,PL17 7<br>Avg. Price: 266K<br>Sales Volume: 92
2025,PL17 8,332000,60,South West,PL17 8<br>Avg. Price: 332K<br>Sales Volume: 60
2025,PL18 9,313000,97,South West,PL18 9<br>Avg. Price: 313K<br>Sales Volume: 97
2025,PL19 0,349000,87,South West,PL19 0<br>Avg. Price: 349K<br>Sales Volume: 87
2025,PL19 8,322000,100,South West,PL19 8<br>Avg. Price: 322K<br>Sales Volume: 100
2025,PL19 9,369000,96,South West,PL19 9<br>Avg. Price: 369K<br>Sales Volume: 96
2025,PL2 1,177000,186,South West,PL2 1<br>Avg. Price: 177K<br>Sales Volume: 186
2025,PL2 2,193000,123,South West,PL2 2<br>Avg. Price: 193K<br>Sales Volume: 123
2025,PL2 3,243000,160,South West,PL2 3<br>Avg. Price: 243K<br>Sales Volume: 160
2025,PL20 6,411000,60,South West,PL20 6<br>Avg. Price: 411K<br>Sales Volume: 60
2025,PL20 7,338000,86,South West,PL20 7<br>Avg. Price: 338K<br>Sales Volume: 86
2025,PL21 0,355000,192,South West,PL21 0<br>Avg. Price: 355K<br>Sales Volume: 192
2025,PL21 9,307000,134,South West,PL21 9<br>Avg. Price: 307K<br>Sales Volume: 134
2025,PL22 0,335000,55,South West,PL22 0<br>Avg. Price: 335K<br>Sales Volume: 55
2025,PL23 1,532000,72,South West,PL23 1<br>Avg. Price: 532K<br>Sales Volume: 72
2025,PL24 2,259000,148,South West,PL24 2<br>Avg. Price: 259K<br>Sales Volume: 148
2025,PL25 3,326000,172,South West,PL25 3<br>Avg. Price: 326K<br>Sales Volume: 172
2025,PL25 4,221000,118,South West,PL25 4<br>Avg. Price: 221K<br>Sales Volume: 118
2025,PL25 5,267000,85,South West,PL25 5<br>Avg. Price: 267K<br>Sales Volume: 85
2025,PL26 6,437000,77,South West,PL26 6<br>Avg. Price: 437K<br>Sales Volume: 77
2025,PL26 7,294000,133,South West,PL26 7<br>Avg. Price: 294K<br>Sales Volume: 133
2025,PL26 8,232000,127,South West,PL26 8<br>Avg. Price: 232K<br>Sales Volume: 127
2025,PL27 6,625000,100,South West,PL27 6<br>Avg. Price: 625K<br>Sales Volume: 100
2025,PL27 7,358000,119,South West,PL27 7<br>Avg. Price: 358K<br>Sales Volume: 119
2025,PL28 8,574000,66,South West,PL28 8<br>Avg. Price: 574K<br>Sales Volume: 66
2025,PL29 3,547000,18,South West,PL29 3<br>Avg. Price: 547K<br>Sales Volume: 18
2025,PL3 4,258000,191,South West,PL3 4<br>Avg. Price: 258K<br>Sales Volume: 191
2025,PL3 5,336000,151,South West,PL3 5<br>Avg. Price: 336K<br>Sales Volume: 151
2025,PL3 6,216000,159,South West,PL3 6<br>Avg. Price: 216K<br>Sales Volume: 159
2025,PL30 3,392000,33,South West,PL30 3<br>Avg. Price: 392K<br>Sales Volume: 33
2025,PL30 4,381000,32,South West,PL30 4<br>Avg. Price: 381K<br>Sales Volume: 32
2025,PL30 5,368000,43,South West,PL30 5<br>Avg. Price: 368K<br>Sales Volume: 43
2025,PL31 1,221000,131,South West,PL31 1<br>Avg. Price: 221K<br>Sales Volume: 131
2025,PL31 2,255000,116,South West,PL31 2<br>Avg. Price: 255K<br>Sales Volume: 116
2025,PL32 9,267000,51,South West,PL32 9<br>Avg. Price: 267K<br>Sales Volume: 51
2025,PL33 9,247000,25,South West,PL33 9<br>Avg. Price: 247K<br>Sales Volume: 25
2025,PL34 0,407000,27,South West,PL34 0<br>Avg. Price: 407K<br>Sales Volume: 27
2025,PL35 0,325000,19,South West,PL35 0<br>Avg. Price: 325K<br>Sales Volume: 19
2025,PL4 0,200000,38,South West,PL4 0<br>Avg. Price: 200K<br>Sales Volume: 38
2025,PL4 6,215000,64,South West,PL4 6<br>Avg. Price: 215K<br>Sales Volume: 64
2025,PL4 7,208000,127,South West,PL4 7<br>Avg. Price: 208K<br>Sales Volume: 127
2025,PL4 8,192000,129,South West,PL4 8<br>Avg. Price: 192K<br>Sales Volume: 129
2025,PL4 9,179000,118,South West,PL4 9<br>Avg. Price: 179K<br>Sales Volume: 118
2025,PL5 1,186000,148,South West,PL5 1<br>Avg. Price: 186K<br>Sales Volume: 148
2025,PL5 2,211000,122,South West,PL5 2<br>Avg. Price: 211K<br>Sales Volume: 122
2025,PL5 3,211000,138,South West,PL5 3<br>Avg. Price: 211K<br>Sales Volume: 138
2025,PL5 4,197000,120,South West,PL5 4<br>Avg. Price: 197K<br>Sales Volume: 120
2025,PL6 5,285000,189,South West,PL6 5<br>Avg. Price: 285K<br>Sales Volume: 189
2025,PL6 6,244000,126,South West,PL6 6<br>Avg. Price: 244K<br>Sales Volume: 126
2025,PL6 7,289000,139,South West,PL6 7<br>Avg. Price: 289K<br>Sales Volume: 139
2025,PL6 8,245000,164,South West,PL6 8<br>Avg. Price: 245K<br>Sales Volume: 164
2025,PL7 1,277000,153,South West,PL7 1<br>Avg. Price: 277K<br>Sales Volume: 153
2025,PL7 2,255000,181,South West,PL7 2<br>Avg. Price: 255K<br>Sales Volume: 181
2025,PL7 4,286000,114,South West,PL7 4<br>Avg. Price: 286K<br>Sales Volume: 114
2025,PL7 5,337000,32,South West,PL7 5<br>Avg. Price: 337K<br>Sales Volume: 32
2025,PL8 1,721000,37,South West,PL8 1<br>Avg. Price: 721K<br>Sales Volume: 37
2025,PL8 2,441000,50,South West,PL8 2<br>Avg. Price: 441K<br>Sales Volume: 50
2025,PL9 0,475000,48,South West,PL9 0<br>Avg. Price: 475K<br>Sales Volume: 48
2025,PL9 7,295000,124,South West,PL9 7<br>Avg. Price: 295K<br>Sales Volume: 124
2025,PL9 8,344000,209,South West,PL9 8<br>Avg. Price: 344K<br>Sales Volume: 209
2025,PL9 9,288000,213,South West,PL9 9<br>Avg. Price: 288K<br>Sales Volume: 213
2025,PO1 1,164000,16,South East,PO1 1<br>Avg. Price: 164K<br>Sales Volume: 16
2025,PO1 2,345000,66,South East,PO1 2<br>Avg. Price: 345K<br>Sales Volume: 66
2025,PO1 3,287000,33,South East,PO1 3<br>Avg. Price: 287K<br>Sales Volume: 33
2025,PO1 4,235000,5,South East,PO1 4<br>Avg. Price: 235K<br>Sales Volume: 5
2025,PO1 5,206000,153,South East,PO1 5<br>Avg. Price: 206K<br>Sales Volume: 153
2025,PO10 7,476000,156,South East,PO10 7<br>Avg. Price: 476K<br>Sales Volume: 156
2025,PO10 8,444000,117,South East,PO10 8<br>Avg. Price: 444K<br>Sales Volume: 117
2025,PO11 0,388000,116,South East,PO11 0<br>Avg. Price: 388K<br>Sales Volume: 116
2025,PO11 9,344000,134,South East,PO11 9<br>Avg. Price: 344K<br>Sales Volume: 134
2025,PO12 1,187000,140,South East,PO12 1<br>Avg. Price: 187K<br>Sales Volume: 140
2025,PO12 2,353000,164,South East,PO12 2<br>Avg. Price: 353K<br>Sales Volume: 164
2025,PO12 3,227000,181,South East,PO12 3<br>Avg. Price: 227K<br>Sales Volume: 181
2025,PO12 4,232000,246,South East,PO12 4<br>Avg. Price: 232K<br>Sales Volume: 246
2025,PO13 0,279000,152,South East,PO13 0<br>Avg. Price: 279K<br>Sales Volume: 152
2025,PO13 8,309000,119,South East,PO13 8<br>Avg. Price: 309K<br>Sales Volume: 119
2025,PO13 9,327000,164,South East,PO13 9<br>Avg. Price: 327K<br>Sales Volume: 164
2025,PO14 1,300000,92,South East,PO14 1<br>Avg. Price: 300K<br>Sales Volume: 92
2025,PO14 2,417000,135,South East,PO14 2<br>Avg. Price: 417K<br>Sales Volume: 135
2025,PO14 3,401000,124,South East,PO14 3<br>Avg. Price: 401K<br>Sales Volume: 124
2025,PO14 4,363000,139,South East,PO14 4<br>Avg. Price: 363K<br>Sales Volume: 139
2025,PO15 5,381000,119,South East,PO15 5<br>Avg. Price: 381K<br>Sales Volume: 119
2025,PO15 6,315000,106,South East,PO15 6<br>Avg. Price: 315K<br>Sales Volume: 106
2025,PO15 7,362000,153,South East,PO15 7<br>Avg. Price: 362K<br>Sales Volume: 153
2025,PO16 0,296000,78,South East,PO16 0<br>Avg. Price: 296K<br>Sales Volume: 78
2025,PO16 7,320000,170,South East,PO16 7<br>Avg. Price: 320K<br>Sales Volume: 170
2025,PO16 8,366000,159,South East,PO16 8<br>Avg. Price: 366K<br>Sales Volume: 159
2025,PO16 9,342000,132,South East,PO16 9<br>Avg. Price: 342K<br>Sales Volume: 132
2025,PO17 5,343000,86,South East,PO17 5<br>Avg. Price: 343K<br>Sales Volume: 86
2025,PO17 6,534000,11,South East,PO17 6<br>Avg. Price: 534K<br>Sales Volume: 11
2025,PO18 0,501000,57,South East,PO18 0<br>Avg. Price: 501K<br>Sales Volume: 57
2025,PO18 8,653000,94,South East,PO18 8<br>Avg. Price: 653K<br>Sales Volume: 94
2025,PO18 9,838000,15,South East,PO18 9<br>Avg. Price: 838K<br>Sales Volume: 15
2025,PO19 1,448000,42,South East,PO19 1<br>Avg. Price: 448K<br>Sales Volume: 42
2025,PO19 3,469000,92,South East,PO19 3<br>Avg. Price: 469K<br>Sales Volume: 92
2025,PO19 5,657000,50,South East,PO19 5<br>Avg. Price: 657K<br>Sales Volume: 50
2025,PO19 6,399000,95,South East,PO19 6<br>Avg. Price: 399K<br>Sales Volume: 95
2025,PO19 7,348000,115,South East,PO19 7<br>Avg. Price: 348K<br>Sales Volume: 115
2025,PO19 8,409000,64,South East,PO19 8<br>Avg. Price: 409K<br>Sales Volume: 64
2025,PO2 0,271000,169,South East,PO2 0<br>Avg. Price: 271K<br>Sales Volume: 169
2025,PO2 7,214000,153,South East,PO2 7<br>Avg. Price: 214K<br>Sales Volume: 153
2025,PO2 8,203000,139,South East,PO2 8<br>Avg. Price: 203K<br>Sales Volume: 139
2025,PO2 9,269000,116,South East,PO2 9<br>Avg. Price: 269K<br>Sales Volume: 116
2025,PO20 0,371000,145,South East,PO20 0<br>Avg. Price: 371K<br>Sales Volume: 145
2025,PO20 1,415000,34,South East,PO20 1<br>Avg. Price: 415K<br>Sales Volume: 34
2025,PO20 2,360000,70,South East,PO20 2<br>Avg. Price: 360K<br>Sales Volume: 70
2025,PO20 3,412000,101,South East,PO20 3<br>Avg. Price: 412K<br>Sales Volume: 101
2025,PO20 7,737000,46,South East,PO20 7<br>Avg. Price: 737K<br>Sales Volume: 46
2025,PO20 8,585000,104,South East,PO20 8<br>Avg. Price: 585K<br>Sales Volume: 104
2025,PO20 9,406000,23,South East,PO20 9<br>Avg. Price: 406K<br>Sales Volume: 23
2025,PO21 1,167000,92,South East,PO21 1<br>Avg. Price: 167K<br>Sales Volume: 92
2025,PO21 2,275000,134,South East,PO21 2<br>Avg. Price: 275K<br>Sales Volume: 134
2025,PO21 3,377000,149,South East,PO21 3<br>Avg. Price: 377K<br>Sales Volume: 149
2025,PO21 4,493000,142,South East,PO21 4<br>Avg. Price: 493K<br>Sales Volume: 142
2025,PO21 5,306000,130,South East,PO21 5<br>Avg. Price: 306K<br>Sales Volume: 130
2025,PO22 0,457000,74,South East,PO22 0<br>Avg. Price: 457K<br>Sales Volume: 74
2025,PO22 6,392000,88,South East,PO22 6<br>Avg. Price: 392K<br>Sales Volume: 88
2025,PO22 7,450000,101,South East,PO22 7<br>Avg. Price: 450K<br>Sales Volume: 101
2025,PO22 8,337000,111,South East,PO22 8<br>Avg. Price: 337K<br>Sales Volume: 111
2025,PO22 9,269000,85,South East,PO22 9<br>Avg. Price: 269K<br>Sales Volume: 85
2025,PO3 5,251000,138,South East,PO3 5<br>Avg. Price: 251K<br>Sales Volume: 138
2025,PO3 6,281000,164,South East,PO3 6<br>Avg. Price: 281K<br>Sales Volume: 164
2025,PO30 1,246000,105,South East,PO30 1<br>Avg. Price: 246K<br>Sales Volume: 105
2025,PO30 2,234000,101,South East,PO30 2<br>Avg. Price: 234K<br>Sales Volume: 101
2025,PO30 3,359000,25,South East,PO30 3<br>Avg. Price: 359K<br>Sales Volume: 25
2025,PO30 4,393000,31,South East,PO30 4<br>Avg. Price: 393K<br>Sales Volume: 31
2025,PO30 5,229000,162,South East,PO30 5<br>Avg. Price: 229K<br>Sales Volume: 162
2025,PO31 7,310000,147,South East,PO31 7<br>Avg. Price: 310K<br>Sales Volume: 147
2025,PO31 8,381000,93,South East,PO31 8<br>Avg. Price: 381K<br>Sales Volume: 93
2025,PO32 6,242000,126,South East,PO32 6<br>Avg. Price: 242K<br>Sales Volume: 126
2025,PO33 1,266000,113,South East,PO33 1<br>Avg. Price: 266K<br>Sales Volume: 113
2025,PO33 2,184000,139,South East,PO33 2<br>Avg. Price: 184K<br>Sales Volume: 139
2025,PO33 3,288000,116,South East,PO33 3<br>Avg. Price: 288K<br>Sales Volume: 116
2025,PO33 4,349000,81,South East,PO33 4<br>Avg. Price: 349K<br>Sales Volume: 81
2025,PO34 5,437000,44,South East,PO34 5<br>Avg. Price: 437K<br>Sales Volume: 44
2025,PO35 5,439000,65,South East,PO35 5<br>Avg. Price: 439K<br>Sales Volume: 65
2025,PO36 0,323000,55,South East,PO36 0<br>Avg. Price: 323K<br>Sales Volume: 55
2025,PO36 8,260000,86,South East,PO36 8<br>Avg. Price: 260K<br>Sales Volume: 86
2025,PO36 9,260000,90,South East,PO36 9<br>Avg. Price: 260K<br>Sales Volume: 90
2025,PO37 6,282000,56,South East,PO37 6<br>Avg. Price: 282K<br>Sales Volume: 56
2025,PO37 7,269000,74,South East,PO37 7<br>Avg. Price: 269K<br>Sales Volume: 74
2025,PO38 1,291000,98,South East,PO38 1<br>Avg. Price: 291K<br>Sales Volume: 98
2025,PO38 2,388000,37,South East,PO38 2<br>Avg. Price: 388K<br>Sales Volume: 37
2025,PO38 3,305000,69,South East,PO38 3<br>Avg. Price: 305K<br>Sales Volume: 69
2025,PO39 0,390000,43,South East,PO39 0<br>Avg. Price: 390K<br>Sales Volume: 43
2025,PO4 0,280000,182,South East,PO4 0<br>Avg. Price: 280K<br>Sales Volume: 182
2025,PO4 8,279000,217,South East,PO4 8<br>Avg. Price: 279K<br>Sales Volume: 217
2025,PO4 9,292000,227,South East,PO4 9<br>Avg. Price: 292K<br>Sales Volume: 227
2025,PO40 9,299000,98,South East,PO40 9<br>Avg. Price: 299K<br>Sales Volume: 98
2025,PO41 0,445000,31,South East,PO41 0<br>Avg. Price: 445K<br>Sales Volume: 31
2025,PO5 1,250000,120,South East,PO5 1<br>Avg. Price: 250K<br>Sales Volume: 120
2025,PO5 2,326000,93,South East,PO5 2<br>Avg. Price: 326K<br>Sales Volume: 93
2025,PO5 3,267000,101,South East,PO5 3<br>Avg. Price: 267K<br>Sales Volume: 101
2025,PO5 4,253000,25,South East,PO5 4<br>Avg. Price: 253K<br>Sales Volume: 25
2025,PO6 1,389000,124,South East,PO6 1<br>Avg. Price: 389K<br>Sales Volume: 124
2025,PO6 2,341000,150,South East,PO6 2<br>Avg. Price: 341K<br>Sales Volume: 150
2025,PO6 3,581000,74,South East,PO6 3<br>Avg. Price: 581K<br>Sales Volume: 74
2025,PO6 4,276000,110,South East,PO6 4<br>Avg. Price: 276K<br>Sales Volume: 110
2025,PO7 3,437000,64,South East,PO7 3<br>Avg. Price: 437K<br>Sales Volume: 64
2025,PO7 4,867000,14,South East,PO7 4<br>Avg. Price: 867K<br>Sales Volume: 14
2025,PO7 5,345000,163,South East,PO7 5<br>Avg. Price: 345K<br>Sales Volume: 163
2025,PO7 6,384000,130,South East,PO7 6<br>Avg. Price: 384K<br>Sales Volume: 130
2025,PO7 7,363000,128,South East,PO7 7<br>Avg. Price: 363K<br>Sales Volume: 128
2025,PO7 8,283000,115,South East,PO7 8<br>Avg. Price: 283K<br>Sales Volume: 115
2025,PO8 0,404000,168,South East,PO8 0<br>Avg. Price: 404K<br>Sales Volume: 168
2025,PO8 8,351000,140,South East,PO8 8<br>Avg. Price: 351K<br>Sales Volume: 140
2025,PO8 9,397000,210,South East,PO8 9<br>Avg. Price: 397K<br>Sales Volume: 210
2025,PO9 1,309000,78,South East,PO9 1<br>Avg. Price: 309K<br>Sales Volume: 78
2025,PO9 2,334000,137,South East,PO9 2<br>Avg. Price: 334K<br>Sales Volume: 137
2025,PO9 3,358000,161,South East,PO9 3<br>Avg. Price: 358K<br>Sales Volume: 161
2025,PO9 4,252000,70,South East,PO9 4<br>Avg. Price: 252K<br>Sales Volume: 70
2025,PO9 5,233000,118,South East,PO9 5<br>Avg. Price: 233K<br>Sales Volume: 118
2025,PO9 6,596000,44,South East,PO9 6<br>Avg. Price: 596K<br>Sales Volume: 44
2025,PR1 0,289000,112,North England,PR1 0<br>Avg. Price: 289K<br>Sales Volume: 112
2025,PR1 1,121000,28,North England,PR1 1<br>Avg. Price: 121K<br>Sales Volume: 28
2025,PR1 2,122000,5,North England,PR1 2<br>Avg. Price: 122K<br>Sales Volume: 5
2025,PR1 3,123000,44,North England,PR1 3<br>Avg. Price: 123K<br>Sales Volume: 44
2025,PR1 4,113000,71,North England,PR1 4<br>Avg. Price: 113K<br>Sales Volume: 71
2025,PR1 5,105000,114,North England,PR1 5<br>Avg. Price: 105K<br>Sales Volume: 114
2025,PR1 6,134000,86,North England,PR1 6<br>Avg. Price: 134K<br>Sales Volume: 86
2025,PR1 7,114000,80,North England,PR1 7<br>Avg. Price: 114K<br>Sales Volume: 80
2025,PR1 8,124000,96,North England,PR1 8<br>Avg. Price: 124K<br>Sales Volume: 96
2025,PR1 9,227000,209,North England,PR1 9<br>Avg. Price: 227K<br>Sales Volume: 209
2025,PR2 1,189000,229,North England,PR2 1<br>Avg. Price: 189K<br>Sales Volume: 229
2025,PR2 2,131000,155,North England,PR2 2<br>Avg. Price: 131K<br>Sales Volume: 155
2025,PR2 3,203000,223,North England,PR2 3<br>Avg. Price: 203K<br>Sales Volume: 223
2025,PR2 5,318000,73,North England,PR2 5<br>Avg. Price: 318K<br>Sales Volume: 73
2025,PR2 6,155000,136,North England,PR2 6<br>Avg. Price: 155K<br>Sales Volume: 136
2025,PR2 7,228000,95,North England,PR2 7<br>Avg. Price: 228K<br>Sales Volume: 95
2025,PR2 8,238000,85,North England,PR2 8<br>Avg. Price: 238K<br>Sales Volume: 85
2025,PR2 9,238000,202,North England,PR2 9<br>Avg. Price: 238K<br>Sales Volume: 202
2025,PR25 1,241000,134,North England,PR25 1<br>Avg. Price: 241K<br>Sales Volume: 134
2025,PR25 2,160000,61,North England,PR25 2<br>Avg. Price: 160K<br>Sales Volume: 61
2025,PR25 3,234000,185,North England,PR25 3<br>Avg. Price: 234K<br>Sales Volume: 185
2025,PR25 4,203000,104,North England,PR25 4<br>Avg. Price: 203K<br>Sales Volume: 104
2025,PR25 5,284000,81,North England,PR25 5<br>Avg. Price: 284K<br>Sales Volume: 81
2025,PR26 6,280000,94,North England,PR26 6<br>Avg. Price: 280K<br>Sales Volume: 94
2025,PR26 7,225000,113,North England,PR26 7<br>Avg. Price: 225K<br>Sales Volume: 113
2025,PR26 8,208000,3,North England,PR26 8<br>Avg. Price: 208K<br>Sales Volume: 3
2025,PR26 9,320000,58,North England,PR26 9<br>Avg. Price: 320K<br>Sales Volume: 58
2025,PR3 0,335000,137,North England,PR3 0<br>Avg. Price: 335K<br>Sales Volume: 137
2025,PR3 1,278000,144,North England,PR3 1<br>Avg. Price: 278K<br>Sales Volume: 144
2025,PR3 2,311000,158,North England,PR3 2<br>Avg. Price: 311K<br>Sales Volume: 158
2025,PR3 3,231000,135,North England,PR3 3<br>Avg. Price: 231K<br>Sales Volume: 135
2025,PR3 5,322000,121,North England,PR3 5<br>Avg. Price: 322K<br>Sales Volume: 121
2025,PR3 6,325000,29,North England,PR3 6<br>Avg. Price: 325K<br>Sales Volume: 29
2025,PR4 0,305000,262,North England,PR4 0<br>Avg. Price: 305K<br>Sales Volume: 262
2025,PR4 1,232000,172,North England,PR4 1<br>Avg. Price: 232K<br>Sales Volume: 172
2025,PR4 2,256000,156,North England,PR4 2<br>Avg. Price: 256K<br>Sales Volume: 156
2025,PR4 3,278000,140,North England,PR4 3<br>Avg. Price: 278K<br>Sales Volume: 140
2025,PR4 4,373000,95,North England,PR4 4<br>Avg. Price: 373K<br>Sales Volume: 95
2025,PR4 5,329000,122,North England,PR4 5<br>Avg. Price: 329K<br>Sales Volume: 122
2025,PR4 6,299000,163,North England,PR4 6<br>Avg. Price: 299K<br>Sales Volume: 163
2025,PR5 0,285000,87,North England,PR5 0<br>Avg. Price: 285K<br>Sales Volume: 87
2025,PR5 4,216000,193,North England,PR5 4<br>Avg. Price: 216K<br>Sales Volume: 193
2025,PR5 5,205000,175,North England,PR5 5<br>Avg. Price: 205K<br>Sales Volume: 175
2025,PR5 6,196000,185,North England,PR5 6<br>Avg. Price: 196K<br>Sales Volume: 185
2025,PR5 8,201000,34,North England,PR5 8<br>Avg. Price: 201K<br>Sales Volume: 34
2025,PR6 0,149000,135,North England,PR6 0<br>Avg. Price: 149K<br>Sales Volume: 135
2025,PR6 7,269000,155,North England,PR6 7<br>Avg. Price: 269K<br>Sales Volume: 155
2025,PR6 8,296000,90,North England,PR6 8<br>Avg. Price: 296K<br>Sales Volume: 90
2025,PR6 9,264000,121,North England,PR6 9<br>Avg. Price: 264K<br>Sales Volume: 121
2025,PR7 1,231000,87,North England,PR7 1<br>Avg. Price: 231K<br>Sales Volume: 87
2025,PR7 2,174000,169,North England,PR7 2<br>Avg. Price: 174K<br>Sales Volume: 169
2025,PR7 3,218000,157,North England,PR7 3<br>Avg. Price: 218K<br>Sales Volume: 157
2025,PR7 4,248000,73,North England,PR7 4<br>Avg. Price: 248K<br>Sales Volume: 73
2025,PR7 5,271000,169,North England,PR7 5<br>Avg. Price: 271K<br>Sales Volume: 169
2025,PR7 6,291000,151,North England,PR7 6<br>Avg. Price: 291K<br>Sales Volume: 151
2025,PR7 7,214000,246,North England,PR7 7<br>Avg. Price: 214K<br>Sales Volume: 246
2025,PR8 1,189000,72,North England,PR8 1<br>Avg. Price: 189K<br>Sales Volume: 72
2025,PR8 2,350000,147,North England,PR8 2<br>Avg. Price: 350K<br>Sales Volume: 147
2025,PR8 3,257000,185,North England,PR8 3<br>Avg. Price: 257K<br>Sales Volume: 185
2025,PR8 4,270000,155,North England,PR8 4<br>Avg. Price: 270K<br>Sales Volume: 155
2025,PR8 5,216000,126,North England,PR8 5<br>Avg. Price: 216K<br>Sales Volume: 126
2025,PR8 6,228000,186,North England,PR8 6<br>Avg. Price: 228K<br>Sales Volume: 186
2025,PR9 0,186000,104,North England,PR9 0<br>Avg. Price: 186K<br>Sales Volume: 104
2025,PR9 7,231000,156,North England,PR9 7<br>Avg. Price: 231K<br>Sales Volume: 156
2025,PR9 8,237000,184,North England,PR9 8<br>Avg. Price: 237K<br>Sales Volume: 184
2025,PR9 9,229000,228,North England,PR9 9<br>Avg. Price: 229K<br>Sales Volume: 228
2025,RG1 1,428000,3,South East,RG1 1<br>Avg. Price: 428K<br>Sales Volume: 3
2025,RG1 2,305000,79,South East,RG1 2<br>Avg. Price: 305K<br>Sales Volume: 79
2025,RG1 3,310000,96,South East,RG1 3<br>Avg. Price: 310K<br>Sales Volume: 96
2025,RG1 4,309000,55,South East,RG1 4<br>Avg. Price: 309K<br>Sales Volume: 55
2025,RG1 5,366000,112,South East,RG1 5<br>Avg. Price: 366K<br>Sales Volume: 112
2025,RG1 6,342000,121,South East,RG1 6<br>Avg. Price: 342K<br>Sales Volume: 121
2025,RG1 7,305000,114,South East,RG1 7<br>Avg. Price: 305K<br>Sales Volume: 114
2025,RG1 8,356000,43,South East,RG1 8<br>Avg. Price: 356K<br>Sales Volume: 43
2025,RG10 0,735000,69,South East,RG10 0<br>Avg. Price: 735K<br>Sales Volume: 69
2025,RG10 8,1133000,45,South East,"RG10 8<br>Avg. Price: 1,133K<br>Sales Volume: 45"
2025,RG10 9,617000,125,South East,RG10 9<br>Avg. Price: 617K<br>Sales Volume: 125
2025,RG12 0,376000,128,South East,RG12 0<br>Avg. Price: 376K<br>Sales Volume: 128
2025,RG12 1,245000,17,South East,RG12 1<br>Avg. Price: 245K<br>Sales Volume: 17
2025,RG12 2,439000,79,South East,RG12 2<br>Avg. Price: 439K<br>Sales Volume: 79
2025,RG12 7,366000,229,South East,RG12 7<br>Avg. Price: 366K<br>Sales Volume: 229
2025,RG12 8,382000,159,South East,RG12 8<br>Avg. Price: 382K<br>Sales Volume: 159
2025,RG12 9,406000,155,South East,RG12 9<br>Avg. Price: 406K<br>Sales Volume: 155
2025,RG14 1,369000,117,South East,RG14 1<br>Avg. Price: 369K<br>Sales Volume: 117
2025,RG14 2,360000,115,South East,RG14 2<br>Avg. Price: 360K<br>Sales Volume: 115
2025,RG14 3,685000,15,South East,RG14 3<br>Avg. Price: 685K<br>Sales Volume: 15
2025,RG14 5,281000,106,South East,RG14 5<br>Avg. Price: 281K<br>Sales Volume: 106
2025,RG14 6,482000,114,South East,RG14 6<br>Avg. Price: 482K<br>Sales Volume: 114
2025,RG14 7,380000,226,South East,RG14 7<br>Avg. Price: 380K<br>Sales Volume: 226
2025,RG17 0,445000,88,South East,RG17 0<br>Avg. Price: 445K<br>Sales Volume: 88
2025,RG17 7,700000,27,South East,RG17 7<br>Avg. Price: 700K<br>Sales Volume: 27
2025,RG17 8,422000,48,South East,RG17 8<br>Avg. Price: 422K<br>Sales Volume: 48
2025,RG17 9,674000,43,South East,RG17 9<br>Avg. Price: 674K<br>Sales Volume: 43
2025,RG18 0,417000,11,South East,RG18 0<br>Avg. Price: 417K<br>Sales Volume: 11
2025,RG18 3,387000,96,South East,RG18 3<br>Avg. Price: 387K<br>Sales Volume: 96
2025,RG18 4,438000,67,South East,RG18 4<br>Avg. Price: 438K<br>Sales Volume: 67
2025,RG18 9,718000,87,South East,RG18 9<br>Avg. Price: 718K<br>Sales Volume: 87
2025,RG19 3,344000,130,South East,RG19 3<br>Avg. Price: 344K<br>Sales Volume: 130
2025,RG19 4,359000,83,South East,RG19 4<br>Avg. Price: 359K<br>Sales Volume: 83
2025,RG19 8,705000,45,South East,RG19 8<br>Avg. Price: 705K<br>Sales Volume: 45
2025,RG2 0,316000,84,South East,RG2 0<br>Avg. Price: 316K<br>Sales Volume: 84
2025,RG2 6,406000,53,South East,RG2 6<br>Avg. Price: 406K<br>Sales Volume: 53
2025,RG2 7,386000,74,South East,RG2 7<br>Avg. Price: 386K<br>Sales Volume: 74
2025,RG2 8,359000,93,South East,RG2 8<br>Avg. Price: 359K<br>Sales Volume: 93
2025,RG2 9,460000,198,South East,RG2 9<br>Avg. Price: 460K<br>Sales Volume: 198
2025,RG20 0,724000,26,South East,RG20 0<br>Avg. Price: 724K<br>Sales Volume: 26
2025,RG20 4,528000,7,South East,RG20 4<br>Avg. Price: 528K<br>Sales Volume: 7
2025,RG20 5,520000,33,South East,RG20 5<br>Avg. Price: 520K<br>Sales Volume: 33
2025,RG20 6,619000,10,South East,RG20 6<br>Avg. Price: 619K<br>Sales Volume: 10
2025,RG20 7,706000,23,South East,RG20 7<br>Avg. Price: 706K<br>Sales Volume: 23
2025,RG20 8,729000,44,South East,RG20 8<br>Avg. Price: 729K<br>Sales Volume: 44
2025,RG20 9,846000,54,South East,RG20 9<br>Avg. Price: 846K<br>Sales Volume: 54
2025,RG21 3,335000,120,South East,RG21 3<br>Avg. Price: 335K<br>Sales Volume: 120
2025,RG21 4,300000,56,South East,RG21 4<br>Avg. Price: 300K<br>Sales Volume: 56
2025,RG21 5,331000,71,South East,RG21 5<br>Avg. Price: 331K<br>Sales Volume: 71
2025,RG21 6,270000,39,South East,RG21 6<br>Avg. Price: 270K<br>Sales Volume: 39
2025,RG21 7,231000,73,South East,RG21 7<br>Avg. Price: 231K<br>Sales Volume: 73
2025,RG21 8,326000,66,South East,RG21 8<br>Avg. Price: 326K<br>Sales Volume: 66
2025,RG22 4,365000,287,South East,RG22 4<br>Avg. Price: 365K<br>Sales Volume: 287
2025,RG22 5,461000,112,South East,RG22 5<br>Avg. Price: 461K<br>Sales Volume: 112
2025,RG22 6,339000,115,South East,RG22 6<br>Avg. Price: 339K<br>Sales Volume: 115
2025,RG23 7,477000,142,South East,RG23 7<br>Avg. Price: 477K<br>Sales Volume: 142
2025,RG23 8,360000,94,South East,RG23 8<br>Avg. Price: 360K<br>Sales Volume: 94
2025,RG24 7,522000,51,South East,RG24 7<br>Avg. Price: 522K<br>Sales Volume: 51
2025,RG24 8,388000,226,South East,RG24 8<br>Avg. Price: 388K<br>Sales Volume: 226
2025,RG24 9,328000,280,South East,RG24 9<br>Avg. Price: 328K<br>Sales Volume: 280
2025,RG25 2,613000,31,South East,RG25 2<br>Avg. Price: 613K<br>Sales Volume: 31
2025,RG25 3,454000,53,South East,RG25 3<br>Avg. Price: 454K<br>Sales Volume: 53
2025,RG26 3,413000,130,South East,RG26 3<br>Avg. Price: 413K<br>Sales Volume: 130
2025,RG26 4,347000,76,South East,RG26 4<br>Avg. Price: 347K<br>Sales Volume: 76
2025,RG26 5,508000,131,South East,RG26 5<br>Avg. Price: 508K<br>Sales Volume: 131
2025,RG27 0,552000,92,South East,RG27 0<br>Avg. Price: 552K<br>Sales Volume: 92
2025,RG27 8,586000,110,South East,RG27 8<br>Avg. Price: 586K<br>Sales Volume: 110
2025,RG27 9,483000,161,South East,RG27 9<br>Avg. Price: 483K<br>Sales Volume: 161
2025,RG28 7,410000,89,South East,RG28 7<br>Avg. Price: 410K<br>Sales Volume: 89
2025,RG29 1,576000,72,South East,RG29 1<br>Avg. Price: 576K<br>Sales Volume: 72
2025,RG30 1,276000,76,South East,RG30 1<br>Avg. Price: 276K<br>Sales Volume: 76
2025,RG30 2,310000,231,South East,RG30 2<br>Avg. Price: 310K<br>Sales Volume: 231
2025,RG30 3,418000,75,South East,RG30 3<br>Avg. Price: 418K<br>Sales Volume: 75
2025,RG30 4,382000,147,South East,RG30 4<br>Avg. Price: 382K<br>Sales Volume: 147
2025,RG30 6,355000,77,South East,RG30 6<br>Avg. Price: 355K<br>Sales Volume: 77
2025,RG31 4,404000,49,South East,RG31 4<br>Avg. Price: 404K<br>Sales Volume: 49
2025,RG31 5,395000,108,South East,RG31 5<br>Avg. Price: 395K<br>Sales Volume: 108
2025,RG31 6,474000,143,South East,RG31 6<br>Avg. Price: 474K<br>Sales Volume: 143
2025,RG31 7,393000,93,South East,RG31 7<br>Avg. Price: 393K<br>Sales Volume: 93
2025,RG4 5,434000,88,South East,RG4 5<br>Avg. Price: 434K<br>Sales Volume: 88
2025,RG4 6,551000,80,South East,RG4 6<br>Avg. Price: 551K<br>Sales Volume: 80
2025,RG4 7,666000,112,South East,RG4 7<br>Avg. Price: 666K<br>Sales Volume: 112
2025,RG4 8,496000,176,South East,RG4 8<br>Avg. Price: 496K<br>Sales Volume: 176
2025,RG4 9,644000,73,South East,RG4 9<br>Avg. Price: 644K<br>Sales Volume: 73
2025,RG40 1,438000,158,South East,RG40 1<br>Avg. Price: 438K<br>Sales Volume: 158
2025,RG40 2,482000,90,South East,RG40 2<br>Avg. Price: 482K<br>Sales Volume: 90
2025,RG40 3,939000,66,South East,RG40 3<br>Avg. Price: 939K<br>Sales Volume: 66
2025,RG40 4,640000,142,South East,RG40 4<br>Avg. Price: 640K<br>Sales Volume: 142
2025,RG40 5,564000,64,South East,RG40 5<br>Avg. Price: 564K<br>Sales Volume: 64
2025,RG41 1,511000,78,South East,RG41 1<br>Avg. Price: 511K<br>Sales Volume: 78
2025,RG41 2,506000,62,South East,RG41 2<br>Avg. Price: 506K<br>Sales Volume: 62
2025,RG41 3,524000,83,South East,RG41 3<br>Avg. Price: 524K<br>Sales Volume: 83
2025,RG41 4,693000,57,South East,RG41 4<br>Avg. Price: 693K<br>Sales Volume: 57
2025,RG41 5,540000,116,South East,RG41 5<br>Avg. Price: 540K<br>Sales Volume: 116
2025,RG42 1,381000,46,South East,RG42 1<br>Avg. Price: 381K<br>Sales Volume: 46
2025,RG42 2,451000,61,South East,RG42 2<br>Avg. Price: 451K<br>Sales Volume: 61
2025,RG42 3,489000,82,South East,RG42 3<br>Avg. Price: 489K<br>Sales Volume: 82
2025,RG42 4,535000,135,South East,RG42 4<br>Avg. Price: 535K<br>Sales Volume: 135
2025,RG42 5,620000,77,South East,RG42 5<br>Avg. Price: 620K<br>Sales Volume: 77
2025,RG42 6,638000,36,South East,RG42 6<br>Avg. Price: 638K<br>Sales Volume: 36
2025,RG42 7,622000,19,South East,RG42 7<br>Avg. Price: 622K<br>Sales Volume: 19
2025,RG45 6,607000,150,South East,RG45 6<br>Avg. Price: 607K<br>Sales Volume: 150
2025,RG45 7,449000,56,South East,RG45 7<br>Avg. Price: 449K<br>Sales Volume: 56
2025,RG5 3,439000,139,South East,RG5 3<br>Avg. Price: 439K<br>Sales Volume: 139
2025,RG5 4,453000,226,South East,RG5 4<br>Avg. Price: 453K<br>Sales Volume: 226
2025,RG6 1,440000,93,South East,RG6 1<br>Avg. Price: 440K<br>Sales Volume: 93
2025,RG6 3,386000,68,South East,RG6 3<br>Avg. Price: 386K<br>Sales Volume: 68
2025,RG6 4,401000,106,South East,RG6 4<br>Avg. Price: 401K<br>Sales Volume: 106
2025,RG6 5,494000,78,South East,RG6 5<br>Avg. Price: 494K<br>Sales Volume: 78
2025,RG6 7,561000,80,South East,RG6 7<br>Avg. Price: 561K<br>Sales Volume: 80
2025,RG7 1,488000,180,South East,RG7 1<br>Avg. Price: 488K<br>Sales Volume: 180
2025,RG7 2,617000,14,South East,RG7 2<br>Avg. Price: 617K<br>Sales Volume: 14
2025,RG7 3,478000,158,South East,RG7 3<br>Avg. Price: 478K<br>Sales Volume: 158
2025,RG7 4,500000,43,South East,RG7 4<br>Avg. Price: 500K<br>Sales Volume: 43
2025,RG7 5,422000,77,South East,RG7 5<br>Avg. Price: 422K<br>Sales Volume: 77
2025,RG7 6,733000,32,South East,RG7 6<br>Avg. Price: 733K<br>Sales Volume: 32
2025,RG8 0,655000,60,South East,RG8 0<br>Avg. Price: 655K<br>Sales Volume: 60
2025,RG8 7,846000,55,South East,RG8 7<br>Avg. Price: 846K<br>Sales Volume: 55
2025,RG8 8,620000,65,South East,RG8 8<br>Avg. Price: 620K<br>Sales Volume: 65
2025,RG8 9,864000,45,South East,RG8 9<br>Avg. Price: 864K<br>Sales Volume: 45
2025,RG9 1,755000,125,South East,RG9 1<br>Avg. Price: 755K<br>Sales Volume: 125
2025,RG9 2,768000,52,South East,RG9 2<br>Avg. Price: 768K<br>Sales Volume: 52
2025,RG9 3,1154000,21,South East,"RG9 3<br>Avg. Price: 1,154K<br>Sales Volume: 21"
2025,RG9 4,891000,27,South East,RG9 4<br>Avg. Price: 891K<br>Sales Volume: 27
2025,RG9 5,1042000,37,South East,"RG9 5<br>Avg. Price: 1,042K<br>Sales Volume: 37"
2025,RG9 6,1214000,23,South East,"RG9 6<br>Avg. Price: 1,214K<br>Sales Volume: 23"
2025,RH1 1,314000,90,South East,RH1 1<br>Avg. Price: 314K<br>Sales Volume: 90
2025,RH1 2,440000,102,South East,RH1 2<br>Avg. Price: 440K<br>Sales Volume: 102
2025,RH1 3,446000,85,South East,RH1 3<br>Avg. Price: 446K<br>Sales Volume: 85
2025,RH1 4,586000,83,South East,RH1 4<br>Avg. Price: 586K<br>Sales Volume: 83
2025,RH1 5,565000,97,South East,RH1 5<br>Avg. Price: 565K<br>Sales Volume: 97
2025,RH1 6,471000,196,South East,RH1 6<br>Avg. Price: 471K<br>Sales Volume: 196
2025,RH10 1,324000,83,South East,RH10 1<br>Avg. Price: 324K<br>Sales Volume: 83
2025,RH10 2,313000,3,South East,RH10 2<br>Avg. Price: 313K<br>Sales Volume: 3
2025,RH10 3,448000,202,South East,RH10 3<br>Avg. Price: 448K<br>Sales Volume: 202
2025,RH10 4,488000,82,South East,RH10 4<br>Avg. Price: 488K<br>Sales Volume: 82
2025,RH10 5,349000,75,South East,RH10 5<br>Avg. Price: 349K<br>Sales Volume: 75
2025,RH10 6,349000,109,South East,RH10 6<br>Avg. Price: 349K<br>Sales Volume: 109
2025,RH10 7,387000,202,South East,RH10 7<br>Avg. Price: 387K<br>Sales Volume: 202
2025,RH10 8,353000,62,South East,RH10 8<br>Avg. Price: 353K<br>Sales Volume: 62
2025,RH10 9,190000,1,South East,RH10 9<br>Avg. Price: 190K<br>Sales Volume: 1
2025,RH11 0,365000,123,South East,RH11 0<br>Avg. Price: 365K<br>Sales Volume: 123
2025,RH11 6,311000,15,South East,RH11 6<br>Avg. Price: 311K<br>Sales Volume: 15
2025,RH11 7,328000,120,South East,RH11 7<br>Avg. Price: 328K<br>Sales Volume: 120
2025,RH11 8,342000,149,South East,RH11 8<br>Avg. Price: 342K<br>Sales Volume: 149
2025,RH11 9,374000,182,South East,RH11 9<br>Avg. Price: 374K<br>Sales Volume: 182
2025,RH12 0,357000,58,South East,RH12 0<br>Avg. Price: 357K<br>Sales Volume: 58
2025,RH12 1,400000,196,South East,RH12 1<br>Avg. Price: 400K<br>Sales Volume: 196
2025,RH12 2,438000,142,South East,RH12 2<br>Avg. Price: 438K<br>Sales Volume: 142
2025,RH12 3,531000,131,South East,RH12 3<br>Avg. Price: 531K<br>Sales Volume: 131
2025,RH12 4,456000,150,South East,RH12 4<br>Avg. Price: 456K<br>Sales Volume: 150
2025,RH12 5,483000,141,South East,RH12 5<br>Avg. Price: 483K<br>Sales Volume: 141
2025,RH13 0,600000,46,South East,RH13 0<br>Avg. Price: 600K<br>Sales Volume: 46
2025,RH13 5,402000,139,South East,RH13 5<br>Avg. Price: 402K<br>Sales Volume: 139
2025,RH13 6,567000,92,South East,RH13 6<br>Avg. Price: 567K<br>Sales Volume: 92
2025,RH13 8,538000,80,South East,RH13 8<br>Avg. Price: 538K<br>Sales Volume: 80
2025,RH13 9,453000,122,South East,RH13 9<br>Avg. Price: 453K<br>Sales Volume: 122
2025,RH14 0,777000,76,South East,RH14 0<br>Avg. Price: 777K<br>Sales Volume: 76
2025,RH14 9,442000,176,South East,RH14 9<br>Avg. Price: 442K<br>Sales Volume: 176
2025,RH15 0,466000,268,South East,RH15 0<br>Avg. Price: 466K<br>Sales Volume: 268
2025,RH15 8,386000,200,South East,RH15 8<br>Avg. Price: 386K<br>Sales Volume: 200
2025,RH15 9,388000,139,South East,RH15 9<br>Avg. Price: 388K<br>Sales Volume: 139
2025,RH16 1,551000,124,South East,RH16 1<br>Avg. Price: 551K<br>Sales Volume: 124
2025,RH16 2,617000,117,South East,RH16 2<br>Avg. Price: 617K<br>Sales Volume: 117
2025,RH16 3,384000,158,South East,RH16 3<br>Avg. Price: 384K<br>Sales Volume: 158
2025,RH16 4,437000,239,South East,RH16 4<br>Avg. Price: 437K<br>Sales Volume: 239
2025,RH17 5,721000,87,South East,RH17 5<br>Avg. Price: 721K<br>Sales Volume: 87
2025,RH17 6,638000,59,South East,RH17 6<br>Avg. Price: 638K<br>Sales Volume: 59
2025,RH17 7,665000,99,South East,RH17 7<br>Avg. Price: 665K<br>Sales Volume: 99
2025,RH18 5,524000,55,South East,RH18 5<br>Avg. Price: 524K<br>Sales Volume: 55
2025,RH19 1,378000,122,South East,RH19 1<br>Avg. Price: 378K<br>Sales Volume: 122
2025,RH19 2,620000,105,South East,RH19 2<br>Avg. Price: 620K<br>Sales Volume: 105
2025,RH19 3,455000,188,South East,RH19 3<br>Avg. Price: 455K<br>Sales Volume: 188
2025,RH19 4,550000,112,South East,RH19 4<br>Avg. Price: 550K<br>Sales Volume: 112
2025,RH2 0,643000,132,South East,RH2 0<br>Avg. Price: 643K<br>Sales Volume: 132
2025,RH2 7,729000,119,South East,RH2 7<br>Avg. Price: 729K<br>Sales Volume: 119
2025,RH2 8,583000,89,South East,RH2 8<br>Avg. Price: 583K<br>Sales Volume: 89
2025,RH2 9,685000,77,South East,RH2 9<br>Avg. Price: 685K<br>Sales Volume: 77
2025,RH20 1,544000,64,South East,RH20 1<br>Avg. Price: 544K<br>Sales Volume: 64
2025,RH20 2,685000,113,South East,RH20 2<br>Avg. Price: 685K<br>Sales Volume: 113
2025,RH20 3,539000,98,South East,RH20 3<br>Avg. Price: 539K<br>Sales Volume: 98
2025,RH20 4,477000,94,South East,RH20 4<br>Avg. Price: 477K<br>Sales Volume: 94
2025,RH3 7,723000,51,South East,RH3 7<br>Avg. Price: 723K<br>Sales Volume: 51
2025,RH4 1,470000,90,South East,RH4 1<br>Avg. Price: 470K<br>Sales Volume: 90
2025,RH4 2,476000,57,South East,RH4 2<br>Avg. Price: 476K<br>Sales Volume: 57
2025,RH4 3,630000,63,South East,RH4 3<br>Avg. Price: 630K<br>Sales Volume: 63
2025,RH5 4,552000,98,South East,RH5 4<br>Avg. Price: 552K<br>Sales Volume: 98
2025,RH5 5,784000,50,South East,RH5 5<br>Avg. Price: 784K<br>Sales Volume: 50
2025,RH5 6,872000,31,South East,RH5 6<br>Avg. Price: 872K<br>Sales Volume: 31
2025,RH6 0,587000,33,South East,RH6 0<br>Avg. Price: 587K<br>Sales Volume: 33
2025,RH6 7,341000,99,South East,RH6 7<br>Avg. Price: 341K<br>Sales Volume: 99
2025,RH6 8,428000,200,South East,RH6 8<br>Avg. Price: 428K<br>Sales Volume: 200
2025,RH6 9,451000,192,South East,RH6 9<br>Avg. Price: 451K<br>Sales Volume: 192
2025,RH7 6,555000,82,South East,RH7 6<br>Avg. Price: 555K<br>Sales Volume: 82
2025,RH8 0,807000,119,South East,RH8 0<br>Avg. Price: 807K<br>Sales Volume: 119
2025,RH8 9,605000,81,South East,RH8 9<br>Avg. Price: 605K<br>Sales Volume: 81
2025,RH9 8,531000,65,South East,RH9 8<br>Avg. Price: 531K<br>Sales Volume: 65
2025,RM1 1,219000,22,Greater London,RM1 1<br>Avg. Price: 219K<br>Sales Volume: 22
2025,RM1 2,349000,84,Greater London,RM1 2<br>Avg. Price: 349K<br>Sales Volume: 84
2025,RM1 3,317000,41,Greater London,RM1 3<br>Avg. Price: 317K<br>Sales Volume: 41
2025,RM1 4,550000,159,Greater London,RM1 4<br>Avg. Price: 550K<br>Sales Volume: 159
2025,RM10 7,363000,78,Greater London,RM10 7<br>Avg. Price: 363K<br>Sales Volume: 78
2025,RM10 8,344000,136,Greater London,RM10 8<br>Avg. Price: 344K<br>Sales Volume: 136
2025,RM10 9,340000,97,Greater London,RM10 9<br>Avg. Price: 340K<br>Sales Volume: 97
2025,RM11 1,478000,165,Greater London,RM11 1<br>Avg. Price: 478K<br>Sales Volume: 165
2025,RM11 2,603000,141,Greater London,RM11 2<br>Avg. Price: 603K<br>Sales Volume: 141
2025,RM11 3,554000,143,Greater London,RM11 3<br>Avg. Price: 554K<br>Sales Volume: 143
2025,RM12 4,484000,248,Greater London,RM12 4<br>Avg. Price: 484K<br>Sales Volume: 248
2025,RM12 5,441000,104,Greater London,RM12 5<br>Avg. Price: 441K<br>Sales Volume: 104
2025,RM12 6,442000,132,Greater London,RM12 6<br>Avg. Price: 442K<br>Sales Volume: 132
2025,RM13 7,414000,114,Greater London,RM13 7<br>Avg. Price: 414K<br>Sales Volume: 114
2025,RM13 8,396000,113,Greater London,RM13 8<br>Avg. Price: 396K<br>Sales Volume: 113
2025,RM13 9,416000,152,Greater London,RM13 9<br>Avg. Price: 416K<br>Sales Volume: 152
2025,RM14 1,577000,140,Greater London,RM14 1<br>Avg. Price: 577K<br>Sales Volume: 140
2025,RM14 2,608000,125,Greater London,RM14 2<br>Avg. Price: 608K<br>Sales Volume: 125
2025,RM14 3,677000,85,Greater London,RM14 3<br>Avg. Price: 677K<br>Sales Volume: 85
2025,RM15 4,358000,125,Greater London,RM15 4<br>Avg. Price: 358K<br>Sales Volume: 125
2025,RM15 5,323000,140,Greater London,RM15 5<br>Avg. Price: 323K<br>Sales Volume: 140
2025,RM15 6,362000,94,Greater London,RM15 6<br>Avg. Price: 362K<br>Sales Volume: 94
2025,RM16 2,426000,134,Greater London,RM16 2<br>Avg. Price: 426K<br>Sales Volume: 134
2025,RM16 3,471000,51,Greater London,RM16 3<br>Avg. Price: 471K<br>Sales Volume: 51
2025,RM16 4,370000,88,Greater London,RM16 4<br>Avg. Price: 370K<br>Sales Volume: 88
2025,RM16 5,608000,8,Greater London,RM16 5<br>Avg. Price: 608K<br>Sales Volume: 8
2025,RM16 6,371000,203,Greater London,RM16 6<br>Avg. Price: 371K<br>Sales Volume: 203
2025,RM17 5,352000,155,Greater London,RM17 5<br>Avg. Price: 352K<br>Sales Volume: 155
2025,RM17 6,293000,199,Greater London,RM17 6<br>Avg. Price: 293K<br>Sales Volume: 199
2025,RM18 7,280000,33,Greater London,RM18 7<br>Avg. Price: 280K<br>Sales Volume: 33
2025,RM18 8,336000,160,Greater London,RM18 8<br>Avg. Price: 336K<br>Sales Volume: 160
2025,RM19 1,260000,81,Greater London,RM19 1<br>Avg. Price: 260K<br>Sales Volume: 81
2025,RM2 5,585000,112,Greater London,RM2 5<br>Avg. Price: 585K<br>Sales Volume: 112
2025,RM2 6,500000,104,Greater London,RM2 6<br>Avg. Price: 500K<br>Sales Volume: 104
2025,RM20 3,318000,49,Greater London,RM20 3<br>Avg. Price: 318K<br>Sales Volume: 49
2025,RM20 4,279000,55,Greater London,RM20 4<br>Avg. Price: 279K<br>Sales Volume: 55
2025,RM3 0,428000,176,Greater London,RM3 0<br>Avg. Price: 428K<br>Sales Volume: 176
2025,RM3 7,385000,98,Greater London,RM3 7<br>Avg. Price: 385K<br>Sales Volume: 98
2025,RM3 8,355000,81,Greater London,RM3 8<br>Avg. Price: 355K<br>Sales Volume: 81
2025,RM3 9,392000,116,Greater London,RM3 9<br>Avg. Price: 392K<br>Sales Volume: 116
2025,RM4 1,667000,61,Greater London,RM4 1<br>Avg. Price: 667K<br>Sales Volume: 61
2025,RM5 2,440000,96,Greater London,RM5 2<br>Avg. Price: 440K<br>Sales Volume: 96
2025,RM5 3,425000,132,Greater London,RM5 3<br>Avg. Price: 425K<br>Sales Volume: 132
2025,RM6 4,370000,108,Greater London,RM6 4<br>Avg. Price: 370K<br>Sales Volume: 108
2025,RM6 5,422000,105,Greater London,RM6 5<br>Avg. Price: 422K<br>Sales Volume: 105
2025,RM6 6,416000,94,Greater London,RM6 6<br>Avg. Price: 416K<br>Sales Volume: 94
2025,RM7 0,393000,124,Greater London,RM7 0<br>Avg. Price: 393K<br>Sales Volume: 124
2025,RM7 7,444000,91,Greater London,RM7 7<br>Avg. Price: 444K<br>Sales Volume: 91
2025,RM7 8,431000,86,Greater London,RM7 8<br>Avg. Price: 431K<br>Sales Volume: 86
2025,RM7 9,391000,59,Greater London,RM7 9<br>Avg. Price: 391K<br>Sales Volume: 59
2025,RM8 1,385000,93,Greater London,RM8 1<br>Avg. Price: 385K<br>Sales Volume: 93
2025,RM8 2,355000,129,Greater London,RM8 2<br>Avg. Price: 355K<br>Sales Volume: 129
2025,RM8 3,369000,97,Greater London,RM8 3<br>Avg. Price: 369K<br>Sales Volume: 97
2025,RM9 4,369000,109,Greater London,RM9 4<br>Avg. Price: 369K<br>Sales Volume: 109
2025,RM9 5,366000,91,Greater London,RM9 5<br>Avg. Price: 366K<br>Sales Volume: 91
2025,RM9 6,358000,77,Greater London,RM9 6<br>Avg. Price: 358K<br>Sales Volume: 77
2025,S1 1,132000,5,Midlands,S1 1<br>Avg. Price: 132K<br>Sales Volume: 5
2025,S1 2,137000,37,Midlands,S1 2<br>Avg. Price: 137K<br>Sales Volume: 37
2025,S1 4,119000,52,Midlands,S1 4<br>Avg. Price: 119K<br>Sales Volume: 52
2025,S10 1,279000,206,Midlands,S10 1<br>Avg. Price: 279K<br>Sales Volume: 206
2025,S10 2,348000,40,Midlands,S10 2<br>Avg. Price: 348K<br>Sales Volume: 40
2025,S10 3,465000,102,Midlands,S10 3<br>Avg. Price: 465K<br>Sales Volume: 102
2025,S10 4,433000,61,Midlands,S10 4<br>Avg. Price: 433K<br>Sales Volume: 61
2025,S10 5,373000,109,Midlands,S10 5<br>Avg. Price: 373K<br>Sales Volume: 109
2025,S11 7,411000,143,Midlands,S11 7<br>Avg. Price: 411K<br>Sales Volume: 143
2025,S11 8,309000,162,Midlands,S11 8<br>Avg. Price: 309K<br>Sales Volume: 162
2025,S11 9,491000,121,Midlands,S11 9<br>Avg. Price: 491K<br>Sales Volume: 121
2025,S12 2,186000,174,Midlands,S12 2<br>Avg. Price: 186K<br>Sales Volume: 174
2025,S12 3,208000,91,Midlands,S12 3<br>Avg. Price: 208K<br>Sales Volume: 91
2025,S12 4,185000,117,Midlands,S12 4<br>Avg. Price: 185K<br>Sales Volume: 117
2025,S13 7,170000,94,Midlands,S13 7<br>Avg. Price: 170K<br>Sales Volume: 94
2025,S13 8,182000,124,Midlands,S13 8<br>Avg. Price: 182K<br>Sales Volume: 124
2025,S13 9,196000,124,Midlands,S13 9<br>Avg. Price: 196K<br>Sales Volume: 124
2025,S14 1,129000,61,Midlands,S14 1<br>Avg. Price: 129K<br>Sales Volume: 61
2025,S17 3,570000,83,Midlands,S17 3<br>Avg. Price: 570K<br>Sales Volume: 83
2025,S17 4,365000,103,Midlands,S17 4<br>Avg. Price: 365K<br>Sales Volume: 103
2025,S18 1,313000,123,Midlands,S18 1<br>Avg. Price: 313K<br>Sales Volume: 123
2025,S18 2,287000,75,Midlands,S18 2<br>Avg. Price: 287K<br>Sales Volume: 75
2025,S18 3,337000,25,Midlands,S18 3<br>Avg. Price: 337K<br>Sales Volume: 25
2025,S18 4,281000,13,Midlands,S18 4<br>Avg. Price: 281K<br>Sales Volume: 13
2025,S18 7,474000,20,Midlands,S18 7<br>Avg. Price: 474K<br>Sales Volume: 20
2025,S18 8,341000,74,Midlands,S18 8<br>Avg. Price: 341K<br>Sales Volume: 74
2025,S2 1,178000,102,Midlands,S2 1<br>Avg. Price: 178K<br>Sales Volume: 102
2025,S2 2,182000,74,Midlands,S2 2<br>Avg. Price: 182K<br>Sales Volume: 74
2025,S2 3,188000,100,Midlands,S2 3<br>Avg. Price: 188K<br>Sales Volume: 100
2025,S2 4,178000,46,Midlands,S2 4<br>Avg. Price: 178K<br>Sales Volume: 46
2025,S2 5,168000,48,Midlands,S2 5<br>Avg. Price: 168K<br>Sales Volume: 48
2025,S20 1,188000,71,Midlands,S20 1<br>Avg. Price: 188K<br>Sales Volume: 71
2025,S20 2,236000,55,Midlands,S20 2<br>Avg. Price: 236K<br>Sales Volume: 55
2025,S20 4,223000,64,Midlands,S20 4<br>Avg. Price: 223K<br>Sales Volume: 64
2025,S20 5,259000,87,Midlands,S20 5<br>Avg. Price: 259K<br>Sales Volume: 87
2025,S20 6,241000,35,Midlands,S20 6<br>Avg. Price: 241K<br>Sales Volume: 35
2025,S20 7,199000,39,Midlands,S20 7<br>Avg. Price: 199K<br>Sales Volume: 39
2025,S20 8,163000,38,Midlands,S20 8<br>Avg. Price: 163K<br>Sales Volume: 38
2025,S21 1,228000,80,Midlands,S21 1<br>Avg. Price: 228K<br>Sales Volume: 80
2025,S21 2,198000,10,Midlands,S21 2<br>Avg. Price: 198K<br>Sales Volume: 10
2025,S21 3,193000,36,Midlands,S21 3<br>Avg. Price: 193K<br>Sales Volume: 36
2025,S21 4,214000,89,Midlands,S21 4<br>Avg. Price: 214K<br>Sales Volume: 89
2025,S21 5,471000,6,Midlands,S21 5<br>Avg. Price: 471K<br>Sales Volume: 6
2025,S25 1,335000,18,Midlands,S25 1<br>Avg. Price: 335K<br>Sales Volume: 18
2025,S25 2,196000,137,Midlands,S25 2<br>Avg. Price: 196K<br>Sales Volume: 137
2025,S25 3,170000,52,Midlands,S25 3<br>Avg. Price: 170K<br>Sales Volume: 52
2025,S25 4,210000,77,Midlands,S25 4<br>Avg. Price: 210K<br>Sales Volume: 77
2025,S25 5,278000,28,Midlands,S25 5<br>Avg. Price: 278K<br>Sales Volume: 28
2025,S26 1,300000,24,Midlands,S26 1<br>Avg. Price: 300K<br>Sales Volume: 24
2025,S26 2,247000,88,Midlands,S26 2<br>Avg. Price: 247K<br>Sales Volume: 88
2025,S26 3,262000,19,Midlands,S26 3<br>Avg. Price: 262K<br>Sales Volume: 19
2025,S26 4,224000,65,Midlands,S26 4<br>Avg. Price: 224K<br>Sales Volume: 65
2025,S26 5,188000,71,Midlands,S26 5<br>Avg. Price: 188K<br>Sales Volume: 71
2025,S26 6,198000,50,Midlands,S26 6<br>Avg. Price: 198K<br>Sales Volume: 50
2025,S26 7,317000,22,Midlands,S26 7<br>Avg. Price: 317K<br>Sales Volume: 22
2025,S3 7,126000,41,Midlands,S3 7<br>Avg. Price: 126K<br>Sales Volume: 41
2025,S3 8,160000,77,Midlands,S3 8<br>Avg. Price: 160K<br>Sales Volume: 77
2025,S3 9,136000,18,Midlands,S3 9<br>Avg. Price: 136K<br>Sales Volume: 18
2025,S30 4,105000,1,Midlands,S30 4<br>Avg. Price: 105K<br>Sales Volume: 1
2025,S32 1,590000,18,Midlands,S32 1<br>Avg. Price: 590K<br>Sales Volume: 18
2025,S32 2,502000,10,Midlands,S32 2<br>Avg. Price: 502K<br>Sales Volume: 10
2025,S32 3,533000,15,Midlands,S32 3<br>Avg. Price: 533K<br>Sales Volume: 15
2025,S32 4,350000,8,Midlands,S32 4<br>Avg. Price: 350K<br>Sales Volume: 8
2025,S32 5,476000,13,Midlands,S32 5<br>Avg. Price: 476K<br>Sales Volume: 13
2025,S33 0,427000,17,Midlands,S33 0<br>Avg. Price: 427K<br>Sales Volume: 17
2025,S33 6,313000,10,Midlands,S33 6<br>Avg. Price: 313K<br>Sales Volume: 10
2025,S33 7,360000,1,Midlands,S33 7<br>Avg. Price: 360K<br>Sales Volume: 1
2025,S33 8,411000,7,Midlands,S33 8<br>Avg. Price: 411K<br>Sales Volume: 7
2025,S33 9,386000,19,Midlands,S33 9<br>Avg. Price: 386K<br>Sales Volume: 19
2025,S35 0,326000,107,Midlands,S35 0<br>Avg. Price: 326K<br>Sales Volume: 107
2025,S35 1,243000,101,Midlands,S35 1<br>Avg. Price: 243K<br>Sales Volume: 101
2025,S35 2,225000,61,Midlands,S35 2<br>Avg. Price: 225K<br>Sales Volume: 61
2025,S35 3,219000,33,Midlands,S35 3<br>Avg. Price: 219K<br>Sales Volume: 33
2025,S35 4,203000,78,Midlands,S35 4<br>Avg. Price: 203K<br>Sales Volume: 78
2025,S35 7,410000,26,Midlands,S35 7<br>Avg. Price: 410K<br>Sales Volume: 26
2025,S35 8,302000,61,Midlands,S35 8<br>Avg. Price: 302K<br>Sales Volume: 61
2025,S35 9,224000,57,Midlands,S35 9<br>Avg. Price: 224K<br>Sales Volume: 57
2025,S36 1,190000,88,Midlands,S36 1<br>Avg. Price: 190K<br>Sales Volume: 88
2025,S36 2,240000,120,Midlands,S36 2<br>Avg. Price: 240K<br>Sales Volume: 120
2025,S36 3,342000,5,Midlands,S36 3<br>Avg. Price: 342K<br>Sales Volume: 5
2025,S36 4,401000,10,Midlands,S36 4<br>Avg. Price: 401K<br>Sales Volume: 10
2025,S36 6,234000,101,Midlands,S36 6<br>Avg. Price: 234K<br>Sales Volume: 101
2025,S36 7,374000,32,Midlands,S36 7<br>Avg. Price: 374K<br>Sales Volume: 32
2025,S36 8,305000,78,Midlands,S36 8<br>Avg. Price: 305K<br>Sales Volume: 78
2025,S36 9,265000,58,Midlands,S36 9<br>Avg. Price: 265K<br>Sales Volume: 58
2025,S4 7,127000,28,Midlands,S4 7<br>Avg. Price: 127K<br>Sales Volume: 28
2025,S4 8,98000,53,Midlands,S4 8<br>Avg. Price: 98K<br>Sales Volume: 53
2025,S40 1,183000,81,Midlands,S40 1<br>Avg. Price: 183K<br>Sales Volume: 81
2025,S40 2,153000,161,Midlands,S40 2<br>Avg. Price: 153K<br>Sales Volume: 161
2025,S40 3,316000,151,Midlands,S40 3<br>Avg. Price: 316K<br>Sales Volume: 151
2025,S40 4,237000,146,Midlands,S40 4<br>Avg. Price: 237K<br>Sales Volume: 146
2025,S41 0,208000,192,Midlands,S41 0<br>Avg. Price: 208K<br>Sales Volume: 192
2025,S41 7,206000,127,Midlands,S41 7<br>Avg. Price: 206K<br>Sales Volume: 127
2025,S41 8,230000,139,Midlands,S41 8<br>Avg. Price: 230K<br>Sales Volume: 139
2025,S41 9,193000,72,Midlands,S41 9<br>Avg. Price: 193K<br>Sales Volume: 72
2025,S42 5,202000,211,Midlands,S42 5<br>Avg. Price: 202K<br>Sales Volume: 211
2025,S42 6,284000,210,Midlands,S42 6<br>Avg. Price: 284K<br>Sales Volume: 210
2025,S42 7,401000,79,Midlands,S42 7<br>Avg. Price: 401K<br>Sales Volume: 79
2025,S43 1,196000,159,Midlands,S43 1<br>Avg. Price: 196K<br>Sales Volume: 159
2025,S43 2,176000,105,Midlands,S43 2<br>Avg. Price: 176K<br>Sales Volume: 105
2025,S43 3,196000,175,Midlands,S43 3<br>Avg. Price: 196K<br>Sales Volume: 175
2025,S43 4,211000,202,Midlands,S43 4<br>Avg. Price: 211K<br>Sales Volume: 202
2025,S44 5,252000,118,Midlands,S44 5<br>Avg. Price: 252K<br>Sales Volume: 118
2025,S44 6,205000,283,Midlands,S44 6<br>Avg. Price: 205K<br>Sales Volume: 283
2025,S45 0,584000,21,Midlands,S45 0<br>Avg. Price: 584K<br>Sales Volume: 21
2025,S45 8,199000,54,Midlands,S45 8<br>Avg. Price: 199K<br>Sales Volume: 54
2025,S45 9,205000,136,Midlands,S45 9<br>Avg. Price: 205K<br>Sales Volume: 136
2025,S5 0,135000,79,Midlands,S5 0<br>Avg. Price: 135K<br>Sales Volume: 79
2025,S5 6,132000,93,Midlands,S5 6<br>Avg. Price: 132K<br>Sales Volume: 93
2025,S5 7,151000,87,Midlands,S5 7<br>Avg. Price: 151K<br>Sales Volume: 87
2025,S5 8,162000,93,Midlands,S5 8<br>Avg. Price: 162K<br>Sales Volume: 93
2025,S5 9,186000,101,Midlands,S5 9<br>Avg. Price: 186K<br>Sales Volume: 101
2025,S6 1,196000,182,Midlands,S6 1<br>Avg. Price: 196K<br>Sales Volume: 182
2025,S6 2,212000,141,Midlands,S6 2<br>Avg. Price: 212K<br>Sales Volume: 141
2025,S6 3,228000,111,Midlands,S6 3<br>Avg. Price: 228K<br>Sales Volume: 111
2025,S6 4,228000,188,Midlands,S6 4<br>Avg. Price: 228K<br>Sales Volume: 188
2025,S6 5,264000,162,Midlands,S6 5<br>Avg. Price: 264K<br>Sales Volume: 162
2025,S6 6,382000,89,Midlands,S6 6<br>Avg. Price: 382K<br>Sales Volume: 89
2025,S60 1,68000,7,Midlands,S60 1<br>Avg. Price: 68K<br>Sales Volume: 7
2025,S60 2,185000,64,Midlands,S60 2<br>Avg. Price: 185K<br>Sales Volume: 64
2025,S60 3,279000,89,Midlands,S60 3<br>Avg. Price: 279K<br>Sales Volume: 89
2025,S60 4,240000,77,Midlands,S60 4<br>Avg. Price: 240K<br>Sales Volume: 77
2025,S60 5,192000,185,Midlands,S60 5<br>Avg. Price: 192K<br>Sales Volume: 185
2025,S60 8,301000,135,Midlands,S60 8<br>Avg. Price: 301K<br>Sales Volume: 135
2025,S61 1,134000,90,Midlands,S61 1<br>Avg. Price: 134K<br>Sales Volume: 90
2025,S61 2,217000,171,Midlands,S61 2<br>Avg. Price: 217K<br>Sales Volume: 171
2025,S61 3,156000,45,Midlands,S61 3<br>Avg. Price: 156K<br>Sales Volume: 45
2025,S61 4,158000,81,Midlands,S61 4<br>Avg. Price: 158K<br>Sales Volume: 81
2025,S62 5,134000,90,Midlands,S62 5<br>Avg. Price: 134K<br>Sales Volume: 90
2025,S62 6,136000,51,Midlands,S62 6<br>Avg. Price: 136K<br>Sales Volume: 51
2025,S62 7,225000,102,Midlands,S62 7<br>Avg. Price: 225K<br>Sales Volume: 102
2025,S63 0,157000,161,Midlands,S63 0<br>Avg. Price: 157K<br>Sales Volume: 161
2025,S63 6,188000,132,Midlands,S63 6<br>Avg. Price: 188K<br>Sales Volume: 132
2025,S63 7,174000,113,Midlands,S63 7<br>Avg. Price: 174K<br>Sales Volume: 113
2025,S63 8,130000,110,Midlands,S63 8<br>Avg. Price: 130K<br>Sales Volume: 110
2025,S63 9,135000,197,Midlands,S63 9<br>Avg. Price: 135K<br>Sales Volume: 197
2025,S64 0,185000,104,Midlands,S64 0<br>Avg. Price: 185K<br>Sales Volume: 104
2025,S64 5,182000,46,Midlands,S64 5<br>Avg. Price: 182K<br>Sales Volume: 46
2025,S64 8,175000,158,Midlands,S64 8<br>Avg. Price: 175K<br>Sales Volume: 158
2025,S64 9,97000,119,Midlands,S64 9<br>Avg. Price: 97K<br>Sales Volume: 119
2025,S65 1,104000,38,Midlands,S65 1<br>Avg. Price: 104K<br>Sales Volume: 38
2025,S65 2,138000,116,Midlands,S65 2<br>Avg. Price: 138K<br>Sales Volume: 116
2025,S65 3,227000,79,Midlands,S65 3<br>Avg. Price: 227K<br>Sales Volume: 79
2025,S65 4,263000,91,Midlands,S65 4<br>Avg. Price: 263K<br>Sales Volume: 91
2025,S66 1,313000,92,Midlands,S66 1<br>Avg. Price: 313K<br>Sales Volume: 92
2025,S66 2,202000,108,Midlands,S66 2<br>Avg. Price: 202K<br>Sales Volume: 108
2025,S66 3,220000,84,Midlands,S66 3<br>Avg. Price: 220K<br>Sales Volume: 84
2025,S66 7,159000,154,Midlands,S66 7<br>Avg. Price: 159K<br>Sales Volume: 154
2025,S66 8,204000,119,Midlands,S66 8<br>Avg. Price: 204K<br>Sales Volume: 119
2025,S66 9,178000,72,Midlands,S66 9<br>Avg. Price: 178K<br>Sales Volume: 72
2025,S7 1,327000,101,Midlands,S7 1<br>Avg. Price: 327K<br>Sales Volume: 101
2025,S7 2,363000,101,Midlands,S7 2<br>Avg. Price: 363K<br>Sales Volume: 101
2025,S70 1,124000,95,Midlands,S70 1<br>Avg. Price: 124K<br>Sales Volume: 95
2025,S70 2,138000,28,Midlands,S70 2<br>Avg. Price: 138K<br>Sales Volume: 28
2025,S70 3,155000,98,Midlands,S70 3<br>Avg. Price: 155K<br>Sales Volume: 98
2025,S70 4,151000,143,Midlands,S70 4<br>Avg. Price: 151K<br>Sales Volume: 143
2025,S70 5,200000,119,Midlands,S70 5<br>Avg. Price: 200K<br>Sales Volume: 119
2025,S70 6,158000,142,Midlands,S70 6<br>Avg. Price: 158K<br>Sales Volume: 142
2025,S71 1,137000,96,Midlands,S71 1<br>Avg. Price: 137K<br>Sales Volume: 96
2025,S71 2,191000,102,Midlands,S71 2<br>Avg. Price: 191K<br>Sales Volume: 102
2025,S71 3,162000,82,Midlands,S71 3<br>Avg. Price: 162K<br>Sales Volume: 82
2025,S71 4,183000,137,Midlands,S71 4<br>Avg. Price: 183K<br>Sales Volume: 137
2025,S71 5,175000,101,Midlands,S71 5<br>Avg. Price: 175K<br>Sales Volume: 101
2025,S72 0,179000,52,Midlands,S72 0<br>Avg. Price: 179K<br>Sales Volume: 52
2025,S72 7,159000,77,Midlands,S72 7<br>Avg. Price: 159K<br>Sales Volume: 77
2025,S72 8,176000,176,Midlands,S72 8<br>Avg. Price: 176K<br>Sales Volume: 176
2025,S72 9,229000,52,Midlands,S72 9<br>Avg. Price: 229K<br>Sales Volume: 52
2025,S73 0,186000,186,Midlands,S73 0<br>Avg. Price: 186K<br>Sales Volume: 186
2025,S73 8,157000,131,Midlands,S73 8<br>Avg. Price: 157K<br>Sales Volume: 131
2025,S73 9,161000,91,Midlands,S73 9<br>Avg. Price: 161K<br>Sales Volume: 91
2025,S74 0,186000,109,Midlands,S74 0<br>Avg. Price: 186K<br>Sales Volume: 109
2025,S74 8,196000,48,Midlands,S74 8<br>Avg. Price: 196K<br>Sales Volume: 48
2025,S74 9,172000,71,Midlands,S74 9<br>Avg. Price: 172K<br>Sales Volume: 71
2025,S75 1,230000,128,Midlands,S75 1<br>Avg. Price: 230K<br>Sales Volume: 128
2025,S75 2,202000,130,Midlands,S75 2<br>Avg. Price: 202K<br>Sales Volume: 130
2025,S75 3,262000,88,Midlands,S75 3<br>Avg. Price: 262K<br>Sales Volume: 88
2025,S75 4,375000,48,Midlands,S75 4<br>Avg. Price: 375K<br>Sales Volume: 48
2025,S75 5,224000,116,Midlands,S75 5<br>Avg. Price: 224K<br>Sales Volume: 116
2025,S75 6,243000,120,Midlands,S75 6<br>Avg. Price: 243K<br>Sales Volume: 120
2025,S8 0,262000,181,Midlands,S8 0<br>Avg. Price: 262K<br>Sales Volume: 181
2025,S8 7,266000,130,Midlands,S8 7<br>Avg. Price: 266K<br>Sales Volume: 130
2025,S8 8,245000,177,Midlands,S8 8<br>Avg. Price: 245K<br>Sales Volume: 177
2025,S8 9,277000,151,Midlands,S8 9<br>Avg. Price: 277K<br>Sales Volume: 151
2025,S80 1,154000,107,Midlands,S80 1<br>Avg. Price: 154K<br>Sales Volume: 107
2025,S80 2,129000,94,Midlands,S80 2<br>Avg. Price: 129K<br>Sales Volume: 94
2025,S80 3,257000,107,Midlands,S80 3<br>Avg. Price: 257K<br>Sales Volume: 107
2025,S80 4,180000,161,Midlands,S80 4<br>Avg. Price: 180K<br>Sales Volume: 161
2025,S81 0,209000,152,Midlands,S81 0<br>Avg. Price: 209K<br>Sales Volume: 152
2025,S81 7,228000,205,Midlands,S81 7<br>Avg. Price: 228K<br>Sales Volume: 205
2025,S81 8,301000,165,Midlands,S81 8<br>Avg. Price: 301K<br>Sales Volume: 165
2025,S81 9,197000,188,Midlands,S81 9<br>Avg. Price: 197K<br>Sales Volume: 188
2025,S9 1,138000,87,Midlands,S9 1<br>Avg. Price: 138K<br>Sales Volume: 87
2025,S9 3,144000,10,Midlands,S9 3<br>Avg. Price: 144K<br>Sales Volume: 10
2025,S9 4,148000,92,Midlands,S9 4<br>Avg. Price: 148K<br>Sales Volume: 92
2025,S9 5,140000,16,Midlands,S9 5<br>Avg. Price: 140K<br>Sales Volume: 16
2025,SA1 1,207000,51,Wales,SA1 1<br>Avg. Price: 207K<br>Sales Volume: 51
2025,SA1 2,127000,80,Wales,SA1 2<br>Avg. Price: 127K<br>Sales Volume: 80
2025,SA1 3,172000,52,Wales,SA1 3<br>Avg. Price: 172K<br>Sales Volume: 52
2025,SA1 4,197000,52,Wales,SA1 4<br>Avg. Price: 197K<br>Sales Volume: 52
2025,SA1 5,224000,6,Wales,SA1 5<br>Avg. Price: 224K<br>Sales Volume: 6
2025,SA1 6,147000,174,Wales,SA1 6<br>Avg. Price: 147K<br>Sales Volume: 174
2025,SA1 7,152000,87,Wales,SA1 7<br>Avg. Price: 152K<br>Sales Volume: 87
2025,SA1 8,162000,113,Wales,SA1 8<br>Avg. Price: 162K<br>Sales Volume: 113
2025,SA10 6,189000,135,Wales,SA10 6<br>Avg. Price: 189K<br>Sales Volume: 135
2025,SA10 7,243000,111,Wales,SA10 7<br>Avg. Price: 243K<br>Sales Volume: 111
2025,SA10 8,231000,78,Wales,SA10 8<br>Avg. Price: 231K<br>Sales Volume: 78
2025,SA10 9,136000,42,Wales,SA10 9<br>Avg. Price: 136K<br>Sales Volume: 42
2025,SA11 1,118000,104,Wales,SA11 1<br>Avg. Price: 118K<br>Sales Volume: 104
2025,SA11 2,141000,138,Wales,SA11 2<br>Avg. Price: 141K<br>Sales Volume: 138
2025,SA11 3,203000,173,Wales,SA11 3<br>Avg. Price: 203K<br>Sales Volume: 173
2025,SA11 4,142000,59,Wales,SA11 4<br>Avg. Price: 142K<br>Sales Volume: 59
2025,SA11 5,166000,61,Wales,SA11 5<br>Avg. Price: 166K<br>Sales Volume: 61
2025,SA12 6,154000,155,Wales,SA12 6<br>Avg. Price: 154K<br>Sales Volume: 155
2025,SA12 7,163000,59,Wales,SA12 7<br>Avg. Price: 163K<br>Sales Volume: 59
2025,SA12 8,199000,93,Wales,SA12 8<br>Avg. Price: 199K<br>Sales Volume: 93
2025,SA12 9,153000,82,Wales,SA12 9<br>Avg. Price: 153K<br>Sales Volume: 82
2025,SA13 1,131000,80,Wales,SA13 1<br>Avg. Price: 131K<br>Sales Volume: 80
2025,SA13 2,189000,106,Wales,SA13 2<br>Avg. Price: 189K<br>Sales Volume: 106
2025,SA13 3,99000,40,Wales,SA13 3<br>Avg. Price: 99K<br>Sales Volume: 40
2025,SA14 6,212000,98,Wales,SA14 6<br>Avg. Price: 212K<br>Sales Volume: 98
2025,SA14 7,239000,85,Wales,SA14 7<br>Avg. Price: 239K<br>Sales Volume: 85
2025,SA14 8,197000,140,Wales,SA14 8<br>Avg. Price: 197K<br>Sales Volume: 140
2025,SA14 9,196000,101,Wales,SA14 9<br>Avg. Price: 196K<br>Sales Volume: 101
2025,SA15 1,138000,104,Wales,SA15 1<br>Avg. Price: 138K<br>Sales Volume: 104
2025,SA15 2,162000,118,Wales,SA15 2<br>Avg. Price: 162K<br>Sales Volume: 118
2025,SA15 3,184000,73,Wales,SA15 3<br>Avg. Price: 184K<br>Sales Volume: 73
2025,SA15 4,183000,75,Wales,SA15 4<br>Avg. Price: 183K<br>Sales Volume: 75
2025,SA15 5,205000,74,Wales,SA15 5<br>Avg. Price: 205K<br>Sales Volume: 74
2025,SA16 0,200000,135,Wales,SA16 0<br>Avg. Price: 200K<br>Sales Volume: 135
2025,SA17 4,200000,121,Wales,SA17 4<br>Avg. Price: 200K<br>Sales Volume: 121
2025,SA17 5,245000,42,Wales,SA17 5<br>Avg. Price: 245K<br>Sales Volume: 42
2025,SA18 1,162000,108,Wales,SA18 1<br>Avg. Price: 162K<br>Sales Volume: 108
2025,SA18 2,224000,125,Wales,SA18 2<br>Avg. Price: 224K<br>Sales Volume: 125
2025,SA18 3,214000,118,Wales,SA18 3<br>Avg. Price: 214K<br>Sales Volume: 118
2025,SA19 6,243000,47,Wales,SA19 6<br>Avg. Price: 243K<br>Sales Volume: 47
2025,SA19 7,287000,25,Wales,SA19 7<br>Avg. Price: 287K<br>Sales Volume: 25
2025,SA19 8,276000,14,Wales,SA19 8<br>Avg. Price: 276K<br>Sales Volume: 14
2025,SA19 9,274000,9,Wales,SA19 9<br>Avg. Price: 274K<br>Sales Volume: 9
2025,SA2 0,257000,162,Wales,SA2 0<br>Avg. Price: 257K<br>Sales Volume: 162
2025,SA2 7,302000,146,Wales,SA2 7<br>Avg. Price: 302K<br>Sales Volume: 146
2025,SA2 8,376000,49,Wales,SA2 8<br>Avg. Price: 376K<br>Sales Volume: 49
2025,SA2 9,313000,113,Wales,SA2 9<br>Avg. Price: 313K<br>Sales Volume: 113
2025,SA20 0,264000,42,Wales,SA20 0<br>Avg. Price: 264K<br>Sales Volume: 42
2025,SA3 1,428000,31,Wales,SA3 1<br>Avg. Price: 428K<br>Sales Volume: 31
2025,SA3 2,435000,39,Wales,SA3 2<br>Avg. Price: 435K<br>Sales Volume: 39
2025,SA3 3,340000,47,Wales,SA3 3<br>Avg. Price: 340K<br>Sales Volume: 47
2025,SA3 4,412000,133,Wales,SA3 4<br>Avg. Price: 412K<br>Sales Volume: 133
2025,SA3 5,340000,121,Wales,SA3 5<br>Avg. Price: 340K<br>Sales Volume: 121
2025,SA31 1,156000,70,Wales,SA31 1<br>Avg. Price: 156K<br>Sales Volume: 70
2025,SA31 2,302000,47,Wales,SA31 2<br>Avg. Price: 302K<br>Sales Volume: 47
2025,SA31 3,238000,114,Wales,SA31 3<br>Avg. Price: 238K<br>Sales Volume: 114
2025,SA32 7,312000,37,Wales,SA32 7<br>Avg. Price: 312K<br>Sales Volume: 37
2025,SA32 8,326000,28,Wales,SA32 8<br>Avg. Price: 326K<br>Sales Volume: 28
2025,SA33 4,279000,72,Wales,SA33 4<br>Avg. Price: 279K<br>Sales Volume: 72
2025,SA33 5,247000,29,Wales,SA33 5<br>Avg. Price: 247K<br>Sales Volume: 29
2025,SA33 6,296000,24,Wales,SA33 6<br>Avg. Price: 296K<br>Sales Volume: 24
2025,SA34 0,272000,47,Wales,SA34 0<br>Avg. Price: 272K<br>Sales Volume: 47
2025,SA35 0,242000,11,Wales,SA35 0<br>Avg. Price: 242K<br>Sales Volume: 11
2025,SA36 0,204000,4,Wales,SA36 0<br>Avg. Price: 204K<br>Sales Volume: 4
2025,SA37 0,266000,10,Wales,SA37 0<br>Avg. Price: 266K<br>Sales Volume: 10
2025,SA38 9,260000,48,Wales,SA38 9<br>Avg. Price: 260K<br>Sales Volume: 48
2025,SA39 9,214000,27,Wales,SA39 9<br>Avg. Price: 214K<br>Sales Volume: 27
2025,SA4 0,262000,52,Wales,SA4 0<br>Avg. Price: 262K<br>Sales Volume: 52
2025,SA4 3,276000,132,Wales,SA4 3<br>Avg. Price: 276K<br>Sales Volume: 132
2025,SA4 4,202000,175,Wales,SA4 4<br>Avg. Price: 202K<br>Sales Volume: 175
2025,SA4 6,236000,98,Wales,SA4 6<br>Avg. Price: 236K<br>Sales Volume: 98
2025,SA4 8,208000,106,Wales,SA4 8<br>Avg. Price: 208K<br>Sales Volume: 106
2025,SA4 9,284000,118,Wales,SA4 9<br>Avg. Price: 284K<br>Sales Volume: 118
2025,SA40 9,220000,31,Wales,SA40 9<br>Avg. Price: 220K<br>Sales Volume: 31
2025,SA41 3,249000,13,Wales,SA41 3<br>Avg. Price: 249K<br>Sales Volume: 13
2025,SA42 0,471000,21,Wales,SA42 0<br>Avg. Price: 471K<br>Sales Volume: 21
2025,SA43 1,272000,56,Wales,SA43 1<br>Avg. Price: 272K<br>Sales Volume: 56
2025,SA43 2,274000,61,Wales,SA43 2<br>Avg. Price: 274K<br>Sales Volume: 61
2025,SA43 3,235000,46,Wales,SA43 3<br>Avg. Price: 235K<br>Sales Volume: 46
2025,SA44 4,231000,46,Wales,SA44 4<br>Avg. Price: 231K<br>Sales Volume: 46
2025,SA44 5,254000,40,Wales,SA44 5<br>Avg. Price: 254K<br>Sales Volume: 40
2025,SA44 6,299000,30,Wales,SA44 6<br>Avg. Price: 299K<br>Sales Volume: 30
2025,SA45 9,291000,26,Wales,SA45 9<br>Avg. Price: 291K<br>Sales Volume: 26
2025,SA46 0,254000,33,Wales,SA46 0<br>Avg. Price: 254K<br>Sales Volume: 33
2025,SA47 0,240000,6,Wales,SA47 0<br>Avg. Price: 240K<br>Sales Volume: 6
2025,SA48 7,230000,55,Wales,SA48 7<br>Avg. Price: 230K<br>Sales Volume: 55
2025,SA48 8,270000,47,Wales,SA48 8<br>Avg. Price: 270K<br>Sales Volume: 47
2025,SA5 4,215000,64,Wales,SA5 4<br>Avg. Price: 215K<br>Sales Volume: 64
2025,SA5 5,138000,36,Wales,SA5 5<br>Avg. Price: 138K<br>Sales Volume: 36
2025,SA5 7,192000,48,Wales,SA5 7<br>Avg. Price: 192K<br>Sales Volume: 48
2025,SA5 8,152000,86,Wales,SA5 8<br>Avg. Price: 152K<br>Sales Volume: 86
2025,SA5 9,153000,118,Wales,SA5 9<br>Avg. Price: 153K<br>Sales Volume: 118
2025,SA6 5,222000,112,Wales,SA6 5<br>Avg. Price: 222K<br>Sales Volume: 112
2025,SA6 6,212000,144,Wales,SA6 6<br>Avg. Price: 212K<br>Sales Volume: 144
2025,SA6 7,154000,78,Wales,SA6 7<br>Avg. Price: 154K<br>Sales Volume: 78
2025,SA6 8,133000,57,Wales,SA6 8<br>Avg. Price: 133K<br>Sales Volume: 57
2025,SA61 1,223000,124,Wales,SA61 1<br>Avg. Price: 223K<br>Sales Volume: 124
2025,SA61 2,188000,79,Wales,SA61 2<br>Avg. Price: 188K<br>Sales Volume: 79
2025,SA62 3,249000,73,Wales,SA62 3<br>Avg. Price: 249K<br>Sales Volume: 73
2025,SA62 4,286000,56,Wales,SA62 4<br>Avg. Price: 286K<br>Sales Volume: 56
2025,SA62 5,290000,52,Wales,SA62 5<br>Avg. Price: 290K<br>Sales Volume: 52
2025,SA62 6,296000,73,Wales,SA62 6<br>Avg. Price: 296K<br>Sales Volume: 73
2025,SA63 4,302000,8,Wales,SA63 4<br>Avg. Price: 302K<br>Sales Volume: 8
2025,SA64 0,192000,22,Wales,SA64 0<br>Avg. Price: 192K<br>Sales Volume: 22
2025,SA65 9,231000,77,Wales,SA65 9<br>Avg. Price: 231K<br>Sales Volume: 77
2025,SA66 7,304000,26,Wales,SA66 7<br>Avg. Price: 304K<br>Sales Volume: 26
2025,SA67 7,221000,54,Wales,SA67 7<br>Avg. Price: 221K<br>Sales Volume: 54
2025,SA67 8,329000,45,Wales,SA67 8<br>Avg. Price: 329K<br>Sales Volume: 45
2025,SA68 0,287000,53,Wales,SA68 0<br>Avg. Price: 287K<br>Sales Volume: 53
2025,SA69 9,312000,76,Wales,SA69 9<br>Avg. Price: 312K<br>Sales Volume: 76
2025,SA7 0,255000,30,Wales,SA7 0<br>Avg. Price: 255K<br>Sales Volume: 30
2025,SA7 9,201000,140,Wales,SA7 9<br>Avg. Price: 201K<br>Sales Volume: 140
2025,SA70 7,346000,78,Wales,SA70 7<br>Avg. Price: 346K<br>Sales Volume: 78
2025,SA70 8,312000,71,Wales,SA70 8<br>Avg. Price: 312K<br>Sales Volume: 71
2025,SA71 4,207000,75,Wales,SA71 4<br>Avg. Price: 207K<br>Sales Volume: 75
2025,SA71 5,242000,56,Wales,SA71 5<br>Avg. Price: 242K<br>Sales Volume: 56
2025,SA72 4,296000,8,Wales,SA72 4<br>Avg. Price: 296K<br>Sales Volume: 8
2025,SA72 6,169000,134,Wales,SA72 6<br>Avg. Price: 169K<br>Sales Volume: 134
2025,SA73 1,228000,97,Wales,SA73 1<br>Avg. Price: 228K<br>Sales Volume: 97
2025,SA73 2,151000,73,Wales,SA73 2<br>Avg. Price: 151K<br>Sales Volume: 73
2025,SA73 3,188000,58,Wales,SA73 3<br>Avg. Price: 188K<br>Sales Volume: 58
2025,SA8 3,246000,79,Wales,SA8 3<br>Avg. Price: 246K<br>Sales Volume: 79
2025,SA8 4,197000,79,Wales,SA8 4<br>Avg. Price: 197K<br>Sales Volume: 79
2025,SA9 1,211000,92,Wales,SA9 1<br>Avg. Price: 211K<br>Sales Volume: 92
2025,SA9 2,159000,90,Wales,SA9 2<br>Avg. Price: 159K<br>Sales Volume: 90
2025,SE1 0,652000,32,Greater London,SE1 0<br>Avg. Price: 652K<br>Sales Volume: 32
2025,SE1 1,659000,38,Greater London,SE1 1<br>Avg. Price: 659K<br>Sales Volume: 38
2025,SE1 2,770000,109,Greater London,SE1 2<br>Avg. Price: 770K<br>Sales Volume: 109
2025,SE1 3,679000,96,Greater London,SE1 3<br>Avg. Price: 679K<br>Sales Volume: 96
2025,SE1 4,580000,102,Greater London,SE1 4<br>Avg. Price: 580K<br>Sales Volume: 102
2025,SE1 5,510000,69,Greater London,SE1 5<br>Avg. Price: 510K<br>Sales Volume: 69
2025,SE1 6,575000,64,Greater London,SE1 6<br>Avg. Price: 575K<br>Sales Volume: 64
2025,SE1 7,846000,71,Greater London,SE1 7<br>Avg. Price: 846K<br>Sales Volume: 71
2025,SE1 8,855000,42,Greater London,SE1 8<br>Avg. Price: 855K<br>Sales Volume: 42
2025,SE1 9,1152000,32,Greater London,"SE1 9<br>Avg. Price: 1,152K<br>Sales Volume: 32"
2025,SE10 0,532000,229,Greater London,SE10 0<br>Avg. Price: 532K<br>Sales Volume: 229
2025,SE10 8,638000,150,Greater London,SE10 8<br>Avg. Price: 638K<br>Sales Volume: 150
2025,SE10 9,547000,156,Greater London,SE10 9<br>Avg. Price: 547K<br>Sales Volume: 156
2025,SE11 4,702000,74,Greater London,SE11 4<br>Avg. Price: 702K<br>Sales Volume: 74
2025,SE11 5,610000,76,Greater London,SE11 5<br>Avg. Price: 610K<br>Sales Volume: 76
2025,SE11 6,445000,53,Greater London,SE11 6<br>Avg. Price: 445K<br>Sales Volume: 53
2025,SE12 0,492000,103,Greater London,SE12 0<br>Avg. Price: 492K<br>Sales Volume: 103
2025,SE12 8,520000,87,Greater London,SE12 8<br>Avg. Price: 520K<br>Sales Volume: 87
2025,SE12 9,475000,88,Greater London,SE12 9<br>Avg. Price: 475K<br>Sales Volume: 88
2025,SE13 5,623000,175,Greater London,SE13 5<br>Avg. Price: 623K<br>Sales Volume: 175
2025,SE13 6,493000,154,Greater London,SE13 6<br>Avg. Price: 493K<br>Sales Volume: 154
2025,SE13 7,522000,204,Greater London,SE13 7<br>Avg. Price: 522K<br>Sales Volume: 204
2025,SE14 5,576000,157,Greater London,SE14 5<br>Avg. Price: 576K<br>Sales Volume: 157
2025,SE14 6,450000,81,Greater London,SE14 6<br>Avg. Price: 450K<br>Sales Volume: 81
2025,SE15 1,491000,46,Greater London,SE15 1<br>Avg. Price: 491K<br>Sales Volume: 46
2025,SE15 2,564000,120,Greater London,SE15 2<br>Avg. Price: 564K<br>Sales Volume: 120
2025,SE15 3,642000,143,Greater London,SE15 3<br>Avg. Price: 642K<br>Sales Volume: 143
2025,SE15 4,781000,134,Greater London,SE15 4<br>Avg. Price: 781K<br>Sales Volume: 134
2025,SE15 5,656000,82,Greater London,SE15 5<br>Avg. Price: 656K<br>Sales Volume: 82
2025,SE15 6,402000,64,Greater London,SE15 6<br>Avg. Price: 402K<br>Sales Volume: 64
2025,SE16 2,477000,49,Greater London,SE16 2<br>Avg. Price: 477K<br>Sales Volume: 49
2025,SE16 3,449000,93,Greater London,SE16 3<br>Avg. Price: 449K<br>Sales Volume: 93
2025,SE16 4,519000,66,Greater London,SE16 4<br>Avg. Price: 519K<br>Sales Volume: 66
2025,SE16 5,537000,73,Greater London,SE16 5<br>Avg. Price: 537K<br>Sales Volume: 73
2025,SE16 6,595000,69,Greater London,SE16 6<br>Avg. Price: 595K<br>Sales Volume: 69
2025,SE16 7,488000,113,Greater London,SE16 7<br>Avg. Price: 488K<br>Sales Volume: 113
2025,SE17 1,562000,87,Greater London,SE17 1<br>Avg. Price: 562K<br>Sales Volume: 87
2025,SE17 2,511000,45,Greater London,SE17 2<br>Avg. Price: 511K<br>Sales Volume: 45
2025,SE17 3,516000,103,Greater London,SE17 3<br>Avg. Price: 516K<br>Sales Volume: 103
2025,SE18 1,395000,105,Greater London,SE18 1<br>Avg. Price: 395K<br>Sales Volume: 105
2025,SE18 2,415000,95,Greater London,SE18 2<br>Avg. Price: 415K<br>Sales Volume: 95
2025,SE18 3,466000,96,Greater London,SE18 3<br>Avg. Price: 466K<br>Sales Volume: 96
2025,SE18 4,365000,53,Greater London,SE18 4<br>Avg. Price: 365K<br>Sales Volume: 53
2025,SE18 5,433000,38,Greater London,SE18 5<br>Avg. Price: 433K<br>Sales Volume: 38
2025,SE18 6,444000,191,Greater London,SE18 6<br>Avg. Price: 444K<br>Sales Volume: 191
2025,SE18 7,412000,54,Greater London,SE18 7<br>Avg. Price: 412K<br>Sales Volume: 54
2025,SE19 1,528000,141,Greater London,SE19 1<br>Avg. Price: 528K<br>Sales Volume: 141
2025,SE19 2,486000,157,Greater London,SE19 2<br>Avg. Price: 486K<br>Sales Volume: 157
2025,SE19 3,500000,151,Greater London,SE19 3<br>Avg. Price: 500K<br>Sales Volume: 151
2025,SE2 0,447000,131,Greater London,SE2 0<br>Avg. Price: 447K<br>Sales Volume: 131
2025,SE2 9,359000,85,Greater London,SE2 9<br>Avg. Price: 359K<br>Sales Volume: 85
2025,SE20 7,490000,150,Greater London,SE20 7<br>Avg. Price: 490K<br>Sales Volume: 150
2025,SE20 8,409000,136,Greater London,SE20 8<br>Avg. Price: 409K<br>Sales Volume: 136
2025,SE21 7,1657000,30,Greater London,"SE21 7<br>Avg. Price: 1,657K<br>Sales Volume: 30"
2025,SE21 8,761000,121,Greater London,SE21 8<br>Avg. Price: 761K<br>Sales Volume: 121
2025,SE22 0,791000,171,Greater London,SE22 0<br>Avg. Price: 791K<br>Sales Volume: 171
2025,SE22 8,741000,134,Greater London,SE22 8<br>Avg. Price: 741K<br>Sales Volume: 134
2025,SE22 9,834000,145,Greater London,SE22 9<br>Avg. Price: 834K<br>Sales Volume: 145
2025,SE23 1,612000,147,Greater London,SE23 1<br>Avg. Price: 612K<br>Sales Volume: 147
2025,SE23 2,551000,156,Greater London,SE23 2<br>Avg. Price: 551K<br>Sales Volume: 156
2025,SE23 3,572000,159,Greater London,SE23 3<br>Avg. Price: 572K<br>Sales Volume: 159
2025,SE24 0,733000,126,Greater London,SE24 0<br>Avg. Price: 733K<br>Sales Volume: 126
2025,SE24 9,964000,95,Greater London,SE24 9<br>Avg. Price: 964K<br>Sales Volume: 95
2025,SE25 4,443000,153,Greater London,SE25 4<br>Avg. Price: 443K<br>Sales Volume: 153
2025,SE25 5,369000,124,Greater London,SE25 5<br>Avg. Price: 369K<br>Sales Volume: 124
2025,SE25 6,369000,168,Greater London,SE25 6<br>Avg. Price: 369K<br>Sales Volume: 168
2025,SE26 4,546000,123,Greater London,SE26 4<br>Avg. Price: 546K<br>Sales Volume: 123
2025,SE26 5,551000,128,Greater London,SE26 5<br>Avg. Price: 551K<br>Sales Volume: 128
2025,SE26 6,479000,125,Greater London,SE26 6<br>Avg. Price: 479K<br>Sales Volume: 125
2025,SE27 0,591000,138,Greater London,SE27 0<br>Avg. Price: 591K<br>Sales Volume: 138
2025,SE27 9,663000,125,Greater London,SE27 9<br>Avg. Price: 663K<br>Sales Volume: 125
2025,SE28 0,330000,137,Greater London,SE28 0<br>Avg. Price: 330K<br>Sales Volume: 137
2025,SE28 8,340000,116,Greater London,SE28 8<br>Avg. Price: 340K<br>Sales Volume: 116
2025,SE3 0,709000,65,Greater London,SE3 0<br>Avg. Price: 709K<br>Sales Volume: 65
2025,SE3 7,728000,108,Greater London,SE3 7<br>Avg. Price: 728K<br>Sales Volume: 108
2025,SE3 8,588000,98,Greater London,SE3 8<br>Avg. Price: 588K<br>Sales Volume: 98
2025,SE3 9,530000,267,Greater London,SE3 9<br>Avg. Price: 530K<br>Sales Volume: 267
2025,SE4 1,647000,190,Greater London,SE4 1<br>Avg. Price: 647K<br>Sales Volume: 190
2025,SE4 2,587000,143,Greater London,SE4 2<br>Avg. Price: 587K<br>Sales Volume: 143
2025,SE5 0,475000,90,Greater London,SE5 0<br>Avg. Price: 475K<br>Sales Volume: 90
2025,SE5 7,445000,95,Greater London,SE5 7<br>Avg. Price: 445K<br>Sales Volume: 95
2025,SE5 8,726000,173,Greater London,SE5 8<br>Avg. Price: 726K<br>Sales Volume: 173
2025,SE5 9,579000,117,Greater London,SE5 9<br>Avg. Price: 579K<br>Sales Volume: 117
2025,SE6 1,512000,154,Greater London,SE6 1<br>Avg. Price: 512K<br>Sales Volume: 154
2025,SE6 2,538000,100,Greater London,SE6 2<br>Avg. Price: 538K<br>Sales Volume: 100
2025,SE6 3,378000,86,Greater London,SE6 3<br>Avg. Price: 378K<br>Sales Volume: 86
2025,SE6 4,487000,196,Greater London,SE6 4<br>Avg. Price: 487K<br>Sales Volume: 196
2025,SE7 7,540000,112,Greater London,SE7 7<br>Avg. Price: 540K<br>Sales Volume: 112
2025,SE7 8,506000,49,Greater London,SE7 8<br>Avg. Price: 506K<br>Sales Volume: 49
2025,SE8 3,439000,93,Greater London,SE8 3<br>Avg. Price: 439K<br>Sales Volume: 93
2025,SE8 4,461000,87,Greater London,SE8 4<br>Avg. Price: 461K<br>Sales Volume: 87
2025,SE8 5,395000,79,Greater London,SE8 5<br>Avg. Price: 395K<br>Sales Volume: 79
2025,SE9 1,588000,142,Greater London,SE9 1<br>Avg. Price: 588K<br>Sales Volume: 142
2025,SE9 2,506000,124,Greater London,SE9 2<br>Avg. Price: 506K<br>Sales Volume: 124
2025,SE9 3,526000,114,Greater London,SE9 3<br>Avg. Price: 526K<br>Sales Volume: 114
2025,SE9 4,424000,126,Greater London,SE9 4<br>Avg. Price: 424K<br>Sales Volume: 126
2025,SE9 5,413000,57,Greater London,SE9 5<br>Avg. Price: 413K<br>Sales Volume: 57
2025,SE9 6,442000,80,Greater London,SE9 6<br>Avg. Price: 442K<br>Sales Volume: 80
2025,SG1 1,269000,53,South East,SG1 1<br>Avg. Price: 269K<br>Sales Volume: 53
2025,SG1 2,383000,74,South East,SG1 2<br>Avg. Price: 383K<br>Sales Volume: 74
2025,SG1 3,368000,97,South East,SG1 3<br>Avg. Price: 368K<br>Sales Volume: 97
2025,SG1 4,402000,135,South East,SG1 4<br>Avg. Price: 402K<br>Sales Volume: 135
2025,SG1 5,323000,122,South East,SG1 5<br>Avg. Price: 323K<br>Sales Volume: 122
2025,SG1 6,384000,110,South East,SG1 6<br>Avg. Price: 384K<br>Sales Volume: 110
2025,SG10 6,681000,19,South East,SG10 6<br>Avg. Price: 681K<br>Sales Volume: 19
2025,SG11 1,498000,73,South East,SG11 1<br>Avg. Price: 498K<br>Sales Volume: 73
2025,SG11 2,674000,19,South East,SG11 2<br>Avg. Price: 674K<br>Sales Volume: 19
2025,SG12 0,494000,124,South East,SG12 0<br>Avg. Price: 494K<br>Sales Volume: 124
2025,SG12 7,461000,146,South East,SG12 7<br>Avg. Price: 461K<br>Sales Volume: 146
2025,SG12 8,493000,91,South East,SG12 8<br>Avg. Price: 493K<br>Sales Volume: 91
2025,SG12 9,421000,109,South East,SG12 9<br>Avg. Price: 421K<br>Sales Volume: 109
2025,SG13 7,463000,184,South East,SG13 7<br>Avg. Price: 463K<br>Sales Volume: 184
2025,SG13 8,687000,78,South East,SG13 8<br>Avg. Price: 687K<br>Sales Volume: 78
2025,SG14 1,379000,73,South East,SG14 1<br>Avg. Price: 379K<br>Sales Volume: 73
2025,SG14 2,549000,109,South East,SG14 2<br>Avg. Price: 549K<br>Sales Volume: 109
2025,SG14 3,559000,121,South East,SG14 3<br>Avg. Price: 559K<br>Sales Volume: 121
2025,SG15 6,372000,87,South East,SG15 6<br>Avg. Price: 372K<br>Sales Volume: 87
2025,SG16 6,404000,114,South East,SG16 6<br>Avg. Price: 404K<br>Sales Volume: 114
2025,SG17 5,403000,260,South East,SG17 5<br>Avg. Price: 403K<br>Sales Volume: 260
2025,SG18 0,337000,143,South East,SG18 0<br>Avg. Price: 337K<br>Sales Volume: 143
2025,SG18 8,346000,258,South East,SG18 8<br>Avg. Price: 346K<br>Sales Volume: 258
2025,SG18 9,449000,119,South East,SG18 9<br>Avg. Price: 449K<br>Sales Volume: 119
2025,SG19 1,303000,140,South East,SG19 1<br>Avg. Price: 303K<br>Sales Volume: 140
2025,SG19 2,398000,168,South East,SG19 2<br>Avg. Price: 398K<br>Sales Volume: 168
2025,SG19 3,500000,80,South East,SG19 3<br>Avg. Price: 500K<br>Sales Volume: 80
2025,SG2 0,329000,117,South East,SG2 0<br>Avg. Price: 329K<br>Sales Volume: 117
2025,SG2 7,505000,122,South East,SG2 7<br>Avg. Price: 505K<br>Sales Volume: 122
2025,SG2 8,368000,148,South East,SG2 8<br>Avg. Price: 368K<br>Sales Volume: 148
2025,SG2 9,351000,154,South East,SG2 9<br>Avg. Price: 351K<br>Sales Volume: 154
2025,SG3 6,487000,124,South East,SG3 6<br>Avg. Price: 487K<br>Sales Volume: 124
2025,SG4 0,432000,124,South East,SG4 0<br>Avg. Price: 432K<br>Sales Volume: 124
2025,SG4 7,775000,62,South East,SG4 7<br>Avg. Price: 775K<br>Sales Volume: 62
2025,SG4 8,604000,127,South East,SG4 8<br>Avg. Price: 604K<br>Sales Volume: 127
2025,SG4 9,543000,138,South East,SG4 9<br>Avg. Price: 543K<br>Sales Volume: 138
2025,SG5 1,442000,141,South East,SG5 1<br>Avg. Price: 442K<br>Sales Volume: 141
2025,SG5 2,495000,115,South East,SG5 2<br>Avg. Price: 495K<br>Sales Volume: 115
2025,SG5 3,607000,116,South East,SG5 3<br>Avg. Price: 607K<br>Sales Volume: 116
2025,SG5 4,435000,188,South East,SG5 4<br>Avg. Price: 435K<br>Sales Volume: 188
2025,SG6 1,411000,73,South East,SG6 1<br>Avg. Price: 411K<br>Sales Volume: 73
2025,SG6 2,483000,73,South East,SG6 2<br>Avg. Price: 483K<br>Sales Volume: 73
2025,SG6 3,497000,65,South East,SG6 3<br>Avg. Price: 497K<br>Sales Volume: 65
2025,SG6 4,394000,141,South East,SG6 4<br>Avg. Price: 394K<br>Sales Volume: 141
2025,SG7 5,452000,86,South East,SG7 5<br>Avg. Price: 452K<br>Sales Volume: 86
2025,SG7 6,379000,112,South East,SG7 6<br>Avg. Price: 379K<br>Sales Volume: 112
2025,SG8 0,670000,45,South East,SG8 0<br>Avg. Price: 670K<br>Sales Volume: 45
2025,SG8 5,369000,139,South East,SG8 5<br>Avg. Price: 369K<br>Sales Volume: 139
2025,SG8 6,494000,102,South East,SG8 6<br>Avg. Price: 494K<br>Sales Volume: 102
2025,SG8 7,456000,141,South East,SG8 7<br>Avg. Price: 456K<br>Sales Volume: 141
2025,SG8 8,689000,31,South East,SG8 8<br>Avg. Price: 689K<br>Sales Volume: 31
2025,SG8 9,420000,105,South East,SG8 9<br>Avg. Price: 420K<br>Sales Volume: 105
2025,SG9 0,646000,35,South East,SG9 0<br>Avg. Price: 646K<br>Sales Volume: 35
2025,SG9 9,473000,119,South East,SG9 9<br>Avg. Price: 473K<br>Sales Volume: 119
2025,SK1 1,210000,9,North England,SK1 1<br>Avg. Price: 210K<br>Sales Volume: 9
2025,SK1 2,194000,29,North England,SK1 2<br>Avg. Price: 194K<br>Sales Volume: 29
2025,SK1 3,239000,40,North England,SK1 3<br>Avg. Price: 239K<br>Sales Volume: 40
2025,SK1 4,216000,124,North England,SK1 4<br>Avg. Price: 216K<br>Sales Volume: 124
2025,SK10 1,322000,115,North England,SK10 1<br>Avg. Price: 322K<br>Sales Volume: 115
2025,SK10 2,336000,202,North England,SK10 2<br>Avg. Price: 336K<br>Sales Volume: 202
2025,SK10 3,295000,164,North England,SK10 3<br>Avg. Price: 295K<br>Sales Volume: 164
2025,SK10 4,929000,123,North England,SK10 4<br>Avg. Price: 929K<br>Sales Volume: 123
2025,SK10 5,369000,166,North England,SK10 5<br>Avg. Price: 369K<br>Sales Volume: 166
2025,SK11 0,454000,63,North England,SK11 0<br>Avg. Price: 454K<br>Sales Volume: 63
2025,SK11 6,184000,136,North England,SK11 6<br>Avg. Price: 184K<br>Sales Volume: 136
2025,SK11 7,261000,183,North England,SK11 7<br>Avg. Price: 261K<br>Sales Volume: 183
2025,SK11 8,289000,205,North England,SK11 8<br>Avg. Price: 289K<br>Sales Volume: 205
2025,SK11 9,558000,68,North England,SK11 9<br>Avg. Price: 558K<br>Sales Volume: 68
2025,SK12 1,473000,259,North England,SK12 1<br>Avg. Price: 473K<br>Sales Volume: 259
2025,SK12 2,382000,96,North England,SK12 2<br>Avg. Price: 382K<br>Sales Volume: 96
2025,SK13 0,155000,7,North England,SK13 0<br>Avg. Price: 155K<br>Sales Volume: 7
2025,SK13 1,257000,89,North England,SK13 1<br>Avg. Price: 257K<br>Sales Volume: 89
2025,SK13 2,235000,48,North England,SK13 2<br>Avg. Price: 235K<br>Sales Volume: 48
2025,SK13 5,301000,26,North England,SK13 5<br>Avg. Price: 301K<br>Sales Volume: 26
2025,SK13 6,317000,69,North England,SK13 6<br>Avg. Price: 317K<br>Sales Volume: 69
2025,SK13 7,339000,72,North England,SK13 7<br>Avg. Price: 339K<br>Sales Volume: 72
2025,SK13 8,250000,152,North England,SK13 8<br>Avg. Price: 250K<br>Sales Volume: 152
2025,SK14 1,158000,58,North England,SK14 1<br>Avg. Price: 158K<br>Sales Volume: 58
2025,SK14 2,202000,84,North England,SK14 2<br>Avg. Price: 202K<br>Sales Volume: 84
2025,SK14 3,246000,91,North England,SK14 3<br>Avg. Price: 246K<br>Sales Volume: 91
2025,SK14 4,230000,221,North England,SK14 4<br>Avg. Price: 230K<br>Sales Volume: 221
2025,SK14 5,270000,174,North England,SK14 5<br>Avg. Price: 270K<br>Sales Volume: 174
2025,SK14 6,250000,56,North England,SK14 6<br>Avg. Price: 250K<br>Sales Volume: 56
2025,SK14 8,196000,41,North England,SK14 8<br>Avg. Price: 196K<br>Sales Volume: 41
2025,SK15 1,190000,105,North England,SK15 1<br>Avg. Price: 190K<br>Sales Volume: 105
2025,SK15 2,238000,126,North England,SK15 2<br>Avg. Price: 238K<br>Sales Volume: 126
2025,SK15 3,260000,83,North England,SK15 3<br>Avg. Price: 260K<br>Sales Volume: 83
2025,SK16 4,192000,103,North England,SK16 4<br>Avg. Price: 192K<br>Sales Volume: 103
2025,SK16 5,244000,113,North England,SK16 5<br>Avg. Price: 244K<br>Sales Volume: 113
2025,SK17 0,435000,23,North England,SK17 0<br>Avg. Price: 435K<br>Sales Volume: 23
2025,SK17 6,280000,112,North England,SK17 6<br>Avg. Price: 280K<br>Sales Volume: 112
2025,SK17 7,199000,85,North England,SK17 7<br>Avg. Price: 199K<br>Sales Volume: 85
2025,SK17 8,318000,85,North England,SK17 8<br>Avg. Price: 318K<br>Sales Volume: 85
2025,SK17 9,301000,145,North England,SK17 9<br>Avg. Price: 301K<br>Sales Volume: 145
2025,SK2 5,293000,194,North England,SK2 5<br>Avg. Price: 293K<br>Sales Volume: 194
2025,SK2 6,300000,121,North England,SK2 6<br>Avg. Price: 300K<br>Sales Volume: 121
2025,SK2 7,299000,129,North England,SK2 7<br>Avg. Price: 299K<br>Sales Volume: 129
2025,SK22 1,446000,12,North England,SK22 1<br>Avg. Price: 446K<br>Sales Volume: 12
2025,SK22 2,286000,23,North England,SK22 2<br>Avg. Price: 286K<br>Sales Volume: 23
2025,SK22 3,308000,54,North England,SK22 3<br>Avg. Price: 308K<br>Sales Volume: 54
2025,SK22 4,304000,121,North England,SK22 4<br>Avg. Price: 304K<br>Sales Volume: 121
2025,SK23 0,279000,72,North England,SK23 0<br>Avg. Price: 279K<br>Sales Volume: 72
2025,SK23 6,349000,25,North England,SK23 6<br>Avg. Price: 349K<br>Sales Volume: 25
2025,SK23 7,323000,144,North England,SK23 7<br>Avg. Price: 323K<br>Sales Volume: 144
2025,SK23 9,370000,37,North England,SK23 9<br>Avg. Price: 370K<br>Sales Volume: 37
2025,SK3 0,292000,118,North England,SK3 0<br>Avg. Price: 292K<br>Sales Volume: 118
2025,SK3 8,293000,145,North England,SK3 8<br>Avg. Price: 293K<br>Sales Volume: 145
2025,SK3 9,231000,165,North England,SK3 9<br>Avg. Price: 231K<br>Sales Volume: 165
2025,SK4 1,219000,52,North England,SK4 1<br>Avg. Price: 219K<br>Sales Volume: 52
2025,SK4 2,366000,117,North England,SK4 2<br>Avg. Price: 366K<br>Sales Volume: 117
2025,SK4 3,373000,114,North England,SK4 3<br>Avg. Price: 373K<br>Sales Volume: 114
2025,SK4 4,424000,114,North England,SK4 4<br>Avg. Price: 424K<br>Sales Volume: 114
2025,SK4 5,361000,86,North England,SK4 5<br>Avg. Price: 361K<br>Sales Volume: 86
2025,SK5 6,217000,242,North England,SK5 6<br>Avg. Price: 217K<br>Sales Volume: 242
2025,SK5 7,235000,152,North England,SK5 7<br>Avg. Price: 235K<br>Sales Volume: 152
2025,SK5 8,205000,57,North England,SK5 8<br>Avg. Price: 205K<br>Sales Volume: 57
2025,SK6 1,302000,116,North England,SK6 1<br>Avg. Price: 302K<br>Sales Volume: 116
2025,SK6 2,250000,129,North England,SK6 2<br>Avg. Price: 250K<br>Sales Volume: 129
2025,SK6 3,272000,76,North England,SK6 3<br>Avg. Price: 272K<br>Sales Volume: 76
2025,SK6 4,341000,84,North England,SK6 4<br>Avg. Price: 341K<br>Sales Volume: 84
2025,SK6 5,493000,76,North England,SK6 5<br>Avg. Price: 493K<br>Sales Volume: 76
2025,SK6 6,372000,95,North England,SK6 6<br>Avg. Price: 372K<br>Sales Volume: 95
2025,SK6 7,374000,122,North England,SK6 7<br>Avg. Price: 374K<br>Sales Volume: 122
2025,SK6 8,376000,78,North England,SK6 8<br>Avg. Price: 376K<br>Sales Volume: 78
2025,SK7 1,602000,178,North England,SK7 1<br>Avg. Price: 602K<br>Sales Volume: 178
2025,SK7 2,587000,106,North England,SK7 2<br>Avg. Price: 587K<br>Sales Volume: 106
2025,SK7 3,574000,81,North England,SK7 3<br>Avg. Price: 574K<br>Sales Volume: 81
2025,SK7 4,259000,160,North England,SK7 4<br>Avg. Price: 259K<br>Sales Volume: 160
2025,SK7 5,362000,84,North England,SK7 5<br>Avg. Price: 362K<br>Sales Volume: 84
2025,SK7 6,409000,87,North England,SK7 6<br>Avg. Price: 409K<br>Sales Volume: 87
2025,SK8 1,405000,92,North England,SK8 1<br>Avg. Price: 405K<br>Sales Volume: 92
2025,SK8 2,299000,153,North England,SK8 2<br>Avg. Price: 299K<br>Sales Volume: 153
2025,SK8 3,373000,191,North England,SK8 3<br>Avg. Price: 373K<br>Sales Volume: 191
2025,SK8 4,399000,115,North England,SK8 4<br>Avg. Price: 399K<br>Sales Volume: 115
2025,SK8 5,377000,127,North England,SK8 5<br>Avg. Price: 377K<br>Sales Volume: 127
2025,SK8 6,414000,115,North England,SK8 6<br>Avg. Price: 414K<br>Sales Volume: 115
2025,SK8 7,465000,103,North England,SK8 7<br>Avg. Price: 465K<br>Sales Volume: 103
2025,SK9 1,542000,66,North England,SK9 1<br>Avg. Price: 542K<br>Sales Volume: 66
2025,SK9 2,621000,145,North England,SK9 2<br>Avg. Price: 621K<br>Sales Volume: 145
2025,SK9 3,340000,149,North England,SK9 3<br>Avg. Price: 340K<br>Sales Volume: 149
2025,SK9 4,450000,83,North England,SK9 4<br>Avg. Price: 450K<br>Sales Volume: 83
2025,SK9 5,660000,89,North England,SK9 5<br>Avg. Price: 660K<br>Sales Volume: 89
2025,SK9 6,593000,92,North England,SK9 6<br>Avg. Price: 593K<br>Sales Volume: 92
2025,SK9 7,703000,120,North England,SK9 7<br>Avg. Price: 703K<br>Sales Volume: 120
2025,SL0 0,630000,91,South East,SL0 0<br>Avg. Price: 630K<br>Sales Volume: 91
2025,SL0 9,610000,77,South East,SL0 9<br>Avg. Price: 610K<br>Sales Volume: 77
2025,SL1 1,272000,52,South East,SL1 1<br>Avg. Price: 272K<br>Sales Volume: 52
2025,SL1 2,319000,97,South East,SL1 2<br>Avg. Price: 319K<br>Sales Volume: 97
2025,SL1 3,377000,98,South East,SL1 3<br>Avg. Price: 377K<br>Sales Volume: 98
2025,SL1 4,234000,7,South East,SL1 4<br>Avg. Price: 234K<br>Sales Volume: 7
2025,SL1 5,404000,135,South East,SL1 5<br>Avg. Price: 404K<br>Sales Volume: 135
2025,SL1 6,376000,97,South East,SL1 6<br>Avg. Price: 376K<br>Sales Volume: 97
2025,SL1 7,533000,55,South East,SL1 7<br>Avg. Price: 533K<br>Sales Volume: 55
2025,SL1 8,660000,54,South East,SL1 8<br>Avg. Price: 660K<br>Sales Volume: 54
2025,SL1 9,329000,49,South East,SL1 9<br>Avg. Price: 329K<br>Sales Volume: 49
2025,SL2 1,343000,62,South East,SL2 1<br>Avg. Price: 343K<br>Sales Volume: 62
2025,SL2 2,386000,85,South East,SL2 2<br>Avg. Price: 386K<br>Sales Volume: 85
2025,SL2 3,808000,92,South East,SL2 3<br>Avg. Price: 808K<br>Sales Volume: 92
2025,SL2 4,658000,66,South East,SL2 4<br>Avg. Price: 658K<br>Sales Volume: 66
2025,SL2 5,361000,87,South East,SL2 5<br>Avg. Price: 361K<br>Sales Volume: 87
2025,SL3 0,380000,50,South East,SL3 0<br>Avg. Price: 380K<br>Sales Volume: 50
2025,SL3 6,699000,26,South East,SL3 6<br>Avg. Price: 699K<br>Sales Volume: 26
2025,SL3 7,509000,115,South East,SL3 7<br>Avg. Price: 509K<br>Sales Volume: 115
2025,SL3 8,426000,163,South East,SL3 8<br>Avg. Price: 426K<br>Sales Volume: 163
2025,SL3 9,545000,67,South East,SL3 9<br>Avg. Price: 545K<br>Sales Volume: 67
2025,SL4 1,598000,59,South East,SL4 1<br>Avg. Price: 598K<br>Sales Volume: 59
2025,SL4 2,686000,68,South East,SL4 2<br>Avg. Price: 686K<br>Sales Volume: 68
2025,SL4 3,558000,147,South East,SL4 3<br>Avg. Price: 558K<br>Sales Volume: 147
2025,SL4 4,582000,99,South East,SL4 4<br>Avg. Price: 582K<br>Sales Volume: 99
2025,SL4 5,547000,125,South East,SL4 5<br>Avg. Price: 547K<br>Sales Volume: 125
2025,SL4 6,466000,47,South East,SL4 6<br>Avg. Price: 466K<br>Sales Volume: 47
2025,SL5 0,1252000,79,South East,"SL5 0<br>Avg. Price: 1,252K<br>Sales Volume: 79"
2025,SL5 7,833000,78,South East,SL5 7<br>Avg. Price: 833K<br>Sales Volume: 78
2025,SL5 8,625000,112,South East,SL5 8<br>Avg. Price: 625K<br>Sales Volume: 112
2025,SL5 9,944000,97,South East,SL5 9<br>Avg. Price: 944K<br>Sales Volume: 97
2025,SL6 0,570000,92,South East,SL6 0<br>Avg. Price: 570K<br>Sales Volume: 92
2025,SL6 1,549000,108,South East,SL6 1<br>Avg. Price: 549K<br>Sales Volume: 108
2025,SL6 2,619000,115,South East,SL6 2<br>Avg. Price: 619K<br>Sales Volume: 115
2025,SL6 3,727000,127,South East,SL6 3<br>Avg. Price: 727K<br>Sales Volume: 127
2025,SL6 4,541000,104,South East,SL6 4<br>Avg. Price: 541K<br>Sales Volume: 104
2025,SL6 5,648000,76,South East,SL6 5<br>Avg. Price: 648K<br>Sales Volume: 76
2025,SL6 6,615000,146,South East,SL6 6<br>Avg. Price: 615K<br>Sales Volume: 146
2025,SL6 7,414000,119,South East,SL6 7<br>Avg. Price: 414K<br>Sales Volume: 119
2025,SL6 8,592000,144,South East,SL6 8<br>Avg. Price: 592K<br>Sales Volume: 144
2025,SL6 9,927000,60,South East,SL6 9<br>Avg. Price: 927K<br>Sales Volume: 60
2025,SL7 1,763000,112,South East,SL7 1<br>Avg. Price: 763K<br>Sales Volume: 112
2025,SL7 2,957000,55,South East,SL7 2<br>Avg. Price: 957K<br>Sales Volume: 55
2025,SL7 3,672000,89,South East,SL7 3<br>Avg. Price: 672K<br>Sales Volume: 89
2025,SL8 5,614000,128,South East,SL8 5<br>Avg. Price: 614K<br>Sales Volume: 128
2025,SL9 0,856000,64,South East,SL9 0<br>Avg. Price: 856K<br>Sales Volume: 64
2025,SL9 7,1415000,66,South East,"SL9 7<br>Avg. Price: 1,415K<br>Sales Volume: 66"
2025,SL9 8,1221000,61,South East,"SL9 8<br>Avg. Price: 1,221K<br>Sales Volume: 61"
2025,SL9 9,702000,106,South East,SL9 9<br>Avg. Price: 702K<br>Sales Volume: 106
2025,SM1 1,423000,35,Greater London,SM1 1<br>Avg. Price: 423K<br>Sales Volume: 35
2025,SM1 2,467000,166,Greater London,SM1 2<br>Avg. Price: 467K<br>Sales Volume: 166
2025,SM1 3,493000,149,Greater London,SM1 3<br>Avg. Price: 493K<br>Sales Volume: 149
2025,SM1 4,378000,164,Greater London,SM1 4<br>Avg. Price: 378K<br>Sales Volume: 164
2025,SM2 5,481000,169,Greater London,SM2 5<br>Avg. Price: 481K<br>Sales Volume: 169
2025,SM2 6,428000,142,Greater London,SM2 6<br>Avg. Price: 428K<br>Sales Volume: 142
2025,SM2 7,954000,52,Greater London,SM2 7<br>Avg. Price: 954K<br>Sales Volume: 52
2025,SM3 8,539000,115,Greater London,SM3 8<br>Avg. Price: 539K<br>Sales Volume: 115
2025,SM3 9,515000,154,Greater London,SM3 9<br>Avg. Price: 515K<br>Sales Volume: 154
2025,SM4 4,564000,123,Greater London,SM4 4<br>Avg. Price: 564K<br>Sales Volume: 123
2025,SM4 5,440000,83,Greater London,SM4 5<br>Avg. Price: 440K<br>Sales Volume: 83
2025,SM4 6,451000,111,Greater London,SM4 6<br>Avg. Price: 451K<br>Sales Volume: 111
2025,SM5 1,423000,94,Greater London,SM5 1<br>Avg. Price: 423K<br>Sales Volume: 94
2025,SM5 2,404000,188,Greater London,SM5 2<br>Avg. Price: 404K<br>Sales Volume: 188
2025,SM5 3,581000,78,Greater London,SM5 3<br>Avg. Price: 581K<br>Sales Volume: 78
2025,SM5 4,658000,65,Greater London,SM5 4<br>Avg. Price: 658K<br>Sales Volume: 65
2025,SM6 0,399000,76,Greater London,SM6 0<br>Avg. Price: 399K<br>Sales Volume: 76
2025,SM6 7,390000,96,Greater London,SM6 7<br>Avg. Price: 390K<br>Sales Volume: 96
2025,SM6 8,461000,113,Greater London,SM6 8<br>Avg. Price: 461K<br>Sales Volume: 113
2025,SM6 9,499000,107,Greater London,SM6 9<br>Avg. Price: 499K<br>Sales Volume: 107
2025,SM7 1,776000,76,Greater London,SM7 1<br>Avg. Price: 776K<br>Sales Volume: 76
2025,SM7 2,552000,106,Greater London,SM7 2<br>Avg. Price: 552K<br>Sales Volume: 106
2025,SM7 3,673000,64,Greater London,SM7 3<br>Avg. Price: 673K<br>Sales Volume: 64
2025,SN1 1,154000,15,South West,SN1 1<br>Avg. Price: 154K<br>Sales Volume: 15
2025,SN1 2,234000,78,South West,SN1 2<br>Avg. Price: 234K<br>Sales Volume: 78
2025,SN1 3,210000,133,South West,SN1 3<br>Avg. Price: 210K<br>Sales Volume: 133
2025,SN1 4,317000,137,South West,SN1 4<br>Avg. Price: 317K<br>Sales Volume: 137
2025,SN1 5,189000,89,South West,SN1 5<br>Avg. Price: 189K<br>Sales Volume: 89
2025,SN1 7,333000,98,South West,SN1 7<br>Avg. Price: 333K<br>Sales Volume: 98
2025,SN10 1,295000,73,South West,SN10 1<br>Avg. Price: 295K<br>Sales Volume: 73
2025,SN10 2,331000,131,South West,SN10 2<br>Avg. Price: 331K<br>Sales Volume: 131
2025,SN10 3,335000,93,South West,SN10 3<br>Avg. Price: 335K<br>Sales Volume: 93
2025,SN10 4,379000,72,South West,SN10 4<br>Avg. Price: 379K<br>Sales Volume: 72
2025,SN10 5,382000,135,South West,SN10 5<br>Avg. Price: 382K<br>Sales Volume: 135
2025,SN11 0,356000,125,South West,SN11 0<br>Avg. Price: 356K<br>Sales Volume: 125
2025,SN11 8,313000,177,South West,SN11 8<br>Avg. Price: 313K<br>Sales Volume: 177
2025,SN11 9,303000,130,South West,SN11 9<br>Avg. Price: 303K<br>Sales Volume: 130
2025,SN12 6,345000,199,South West,SN12 6<br>Avg. Price: 345K<br>Sales Volume: 199
2025,SN12 7,277000,205,South West,SN12 7<br>Avg. Price: 277K<br>Sales Volume: 205
2025,SN12 8,372000,75,South West,SN12 8<br>Avg. Price: 372K<br>Sales Volume: 75
2025,SN13 0,373000,62,South West,SN13 0<br>Avg. Price: 373K<br>Sales Volume: 62
2025,SN13 8,751000,48,South West,SN13 8<br>Avg. Price: 751K<br>Sales Volume: 48
2025,SN13 9,401000,159,South West,SN13 9<br>Avg. Price: 401K<br>Sales Volume: 159
2025,SN14 0,301000,205,South West,SN14 0<br>Avg. Price: 301K<br>Sales Volume: 205
2025,SN14 6,428000,81,South West,SN14 6<br>Avg. Price: 428K<br>Sales Volume: 81
2025,SN14 7,608000,28,South West,SN14 7<br>Avg. Price: 608K<br>Sales Volume: 28
2025,SN14 8,532000,50,South West,SN14 8<br>Avg. Price: 532K<br>Sales Volume: 50
2025,SN15 1,315000,137,South West,SN15 1<br>Avg. Price: 315K<br>Sales Volume: 137
2025,SN15 2,429000,88,South West,SN15 2<br>Avg. Price: 429K<br>Sales Volume: 88
2025,SN15 3,294000,190,South West,SN15 3<br>Avg. Price: 294K<br>Sales Volume: 190
2025,SN15 4,384000,80,South West,SN15 4<br>Avg. Price: 384K<br>Sales Volume: 80
2025,SN15 5,510000,53,South West,SN15 5<br>Avg. Price: 510K<br>Sales Volume: 53
2025,SN16 0,427000,103,South West,SN16 0<br>Avg. Price: 427K<br>Sales Volume: 103
2025,SN16 9,498000,116,South West,SN16 9<br>Avg. Price: 498K<br>Sales Volume: 116
2025,SN2 1,260000,142,South West,SN2 1<br>Avg. Price: 260K<br>Sales Volume: 142
2025,SN2 2,221000,225,South West,SN2 2<br>Avg. Price: 221K<br>Sales Volume: 225
2025,SN2 5,210000,23,South West,SN2 5<br>Avg. Price: 210K<br>Sales Volume: 23
2025,SN2 7,281000,139,South West,SN2 7<br>Avg. Price: 281K<br>Sales Volume: 139
2025,SN2 8,231000,17,South West,SN2 8<br>Avg. Price: 231K<br>Sales Volume: 17
2025,SN25 1,278000,171,South West,SN25 1<br>Avg. Price: 278K<br>Sales Volume: 171
2025,SN25 2,315000,287,South West,SN25 2<br>Avg. Price: 315K<br>Sales Volume: 287
2025,SN25 3,285000,104,South West,SN25 3<br>Avg. Price: 285K<br>Sales Volume: 104
2025,SN25 4,332000,183,South West,SN25 4<br>Avg. Price: 332K<br>Sales Volume: 183
2025,SN25 5,525000,1,South West,SN25 5<br>Avg. Price: 525K<br>Sales Volume: 1
2025,SN25 6,388000,1,South West,SN25 6<br>Avg. Price: 388K<br>Sales Volume: 1
2025,SN26 7,409000,28,South West,SN26 7<br>Avg. Price: 409K<br>Sales Volume: 28
2025,SN26 8,437000,10,South West,SN26 8<br>Avg. Price: 437K<br>Sales Volume: 10
2025,SN3 0,365000,14,South West,SN3 0<br>Avg. Price: 365K<br>Sales Volume: 14
2025,SN3 1,367000,137,South West,SN3 1<br>Avg. Price: 367K<br>Sales Volume: 137
2025,SN3 2,222000,79,South West,SN3 2<br>Avg. Price: 222K<br>Sales Volume: 79
2025,SN3 3,268000,132,South West,SN3 3<br>Avg. Price: 268K<br>Sales Volume: 132
2025,SN3 4,305000,207,South West,SN3 4<br>Avg. Price: 305K<br>Sales Volume: 207
2025,SN3 5,305000,74,South West,SN3 5<br>Avg. Price: 305K<br>Sales Volume: 74
2025,SN3 6,330000,143,South West,SN3 6<br>Avg. Price: 330K<br>Sales Volume: 143
2025,SN4 0,486000,94,South West,SN4 0<br>Avg. Price: 486K<br>Sales Volume: 94
2025,SN4 7,344000,103,South West,SN4 7<br>Avg. Price: 344K<br>Sales Volume: 103
2025,SN4 8,314000,109,South West,SN4 8<br>Avg. Price: 314K<br>Sales Volume: 109
2025,SN4 9,342000,80,South West,SN4 9<br>Avg. Price: 342K<br>Sales Volume: 80
2025,SN5 3,495000,15,South West,SN5 3<br>Avg. Price: 495K<br>Sales Volume: 15
2025,SN5 4,372000,95,South West,SN5 4<br>Avg. Price: 372K<br>Sales Volume: 95
2025,SN5 5,299000,132,South West,SN5 5<br>Avg. Price: 299K<br>Sales Volume: 132
2025,SN5 6,291000,74,South West,SN5 6<br>Avg. Price: 291K<br>Sales Volume: 74
2025,SN5 7,231000,56,South West,SN5 7<br>Avg. Price: 231K<br>Sales Volume: 56
2025,SN5 8,262000,121,South West,SN5 8<br>Avg. Price: 262K<br>Sales Volume: 121
2025,SN6 6,463000,94,South West,SN6 6<br>Avg. Price: 463K<br>Sales Volume: 94
2025,SN6 7,332000,145,South West,SN6 7<br>Avg. Price: 332K<br>Sales Volume: 145
2025,SN6 8,437000,121,South West,SN6 8<br>Avg. Price: 437K<br>Sales Volume: 121
2025,SN7 7,391000,202,South West,SN7 7<br>Avg. Price: 391K<br>Sales Volume: 202
2025,SN7 8,483000,87,South West,SN7 8<br>Avg. Price: 483K<br>Sales Volume: 87
2025,SN8 1,460000,87,South West,SN8 1<br>Avg. Price: 460K<br>Sales Volume: 87
2025,SN8 2,478000,68,South West,SN8 2<br>Avg. Price: 478K<br>Sales Volume: 68
2025,SN8 3,595000,75,South West,SN8 3<br>Avg. Price: 595K<br>Sales Volume: 75
2025,SN8 4,443000,50,South West,SN8 4<br>Avg. Price: 443K<br>Sales Volume: 50
2025,SN9 5,407000,81,South West,SN9 5<br>Avg. Price: 407K<br>Sales Volume: 81
2025,SN9 6,541000,45,South West,SN9 6<br>Avg. Price: 541K<br>Sales Volume: 45
2025,SO14 0,271000,45,South East,SO14 0<br>Avg. Price: 271K<br>Sales Volume: 45
2025,SO14 1,177000,18,South East,SO14 1<br>Avg. Price: 177K<br>Sales Volume: 18
2025,SO14 2,220000,16,South East,SO14 2<br>Avg. Price: 220K<br>Sales Volume: 16
2025,SO14 3,215000,106,South East,SO14 3<br>Avg. Price: 215K<br>Sales Volume: 106
2025,SO14 5,174000,27,South East,SO14 5<br>Avg. Price: 174K<br>Sales Volume: 27
2025,SO14 6,282000,65,South East,SO14 6<br>Avg. Price: 282K<br>Sales Volume: 65
2025,SO14 7,267000,25,South East,SO14 7<br>Avg. Price: 267K<br>Sales Volume: 25
2025,SO15 0,193000,26,South East,SO15 0<br>Avg. Price: 193K<br>Sales Volume: 26
2025,SO15 1,242000,9,South East,SO15 1<br>Avg. Price: 242K<br>Sales Volume: 9
2025,SO15 2,266000,134,South East,SO15 2<br>Avg. Price: 266K<br>Sales Volume: 134
2025,SO15 3,213000,111,South East,SO15 3<br>Avg. Price: 213K<br>Sales Volume: 111
2025,SO15 4,326000,46,South East,SO15 4<br>Avg. Price: 326K<br>Sales Volume: 46
2025,SO15 5,313000,140,South East,SO15 5<br>Avg. Price: 313K<br>Sales Volume: 140
2025,SO15 7,429000,36,South East,SO15 7<br>Avg. Price: 429K<br>Sales Volume: 36
2025,SO15 8,258000,44,South East,SO15 8<br>Avg. Price: 258K<br>Sales Volume: 44
2025,SO16 0,405000,34,South East,SO16 0<br>Avg. Price: 405K<br>Sales Volume: 34
2025,SO16 2,290000,10,South East,SO16 2<br>Avg. Price: 290K<br>Sales Volume: 10
2025,SO16 3,392000,82,South East,SO16 3<br>Avg. Price: 392K<br>Sales Volume: 82
2025,SO16 4,235000,71,South East,SO16 4<br>Avg. Price: 235K<br>Sales Volume: 71
2025,SO16 5,259000,79,South East,SO16 5<br>Avg. Price: 259K<br>Sales Volume: 79
2025,SO16 6,257000,85,South East,SO16 6<br>Avg. Price: 257K<br>Sales Volume: 85
2025,SO16 7,469000,79,South East,SO16 7<br>Avg. Price: 469K<br>Sales Volume: 79
2025,SO16 8,333000,106,South East,SO16 8<br>Avg. Price: 333K<br>Sales Volume: 106
2025,SO16 9,223000,100,South East,SO16 9<br>Avg. Price: 223K<br>Sales Volume: 100
2025,SO17 1,326000,98,South East,SO17 1<br>Avg. Price: 326K<br>Sales Volume: 98
2025,SO17 2,185000,397,South East,SO17 2<br>Avg. Price: 185K<br>Sales Volume: 397
2025,SO17 3,325000,39,South East,SO17 3<br>Avg. Price: 325K<br>Sales Volume: 39
2025,SO18 1,267000,121,South East,SO18 1<br>Avg. Price: 267K<br>Sales Volume: 121
2025,SO18 2,278000,96,South East,SO18 2<br>Avg. Price: 278K<br>Sales Volume: 96
2025,SO18 3,325000,78,South East,SO18 3<br>Avg. Price: 325K<br>Sales Volume: 78
2025,SO18 4,304000,50,South East,SO18 4<br>Avg. Price: 304K<br>Sales Volume: 50
2025,SO18 5,260000,89,South East,SO18 5<br>Avg. Price: 260K<br>Sales Volume: 89
2025,SO18 6,243000,47,South East,SO18 6<br>Avg. Price: 243K<br>Sales Volume: 47
2025,SO19 0,247000,45,South East,SO19 0<br>Avg. Price: 247K<br>Sales Volume: 45
2025,SO19 1,267000,44,South East,SO19 1<br>Avg. Price: 267K<br>Sales Volume: 44
2025,SO19 2,272000,106,South East,SO19 2<br>Avg. Price: 272K<br>Sales Volume: 106
2025,SO19 4,387000,14,South East,SO19 4<br>Avg. Price: 387K<br>Sales Volume: 14
2025,SO19 5,294000,18,South East,SO19 5<br>Avg. Price: 294K<br>Sales Volume: 18
2025,SO19 6,254000,66,South East,SO19 6<br>Avg. Price: 254K<br>Sales Volume: 66
2025,SO19 7,270000,84,South East,SO19 7<br>Avg. Price: 270K<br>Sales Volume: 84
2025,SO19 8,248000,108,South East,SO19 8<br>Avg. Price: 248K<br>Sales Volume: 108
2025,SO19 9,250000,207,South East,SO19 9<br>Avg. Price: 250K<br>Sales Volume: 207
2025,SO20 6,667000,52,South East,SO20 6<br>Avg. Price: 667K<br>Sales Volume: 52
2025,SO20 8,711000,38,South East,SO20 8<br>Avg. Price: 711K<br>Sales Volume: 38
2025,SO21 1,647000,83,South East,SO21 1<br>Avg. Price: 647K<br>Sales Volume: 83
2025,SO21 2,1055000,52,South East,"SO21 2<br>Avg. Price: 1,055K<br>Sales Volume: 52"
2025,SO21 3,576000,54,South East,SO21 3<br>Avg. Price: 576K<br>Sales Volume: 54
2025,SO22 4,463000,134,South East,SO22 4<br>Avg. Price: 463K<br>Sales Volume: 134
2025,SO22 5,763000,127,South East,SO22 5<br>Avg. Price: 763K<br>Sales Volume: 127
2025,SO22 6,632000,126,South East,SO22 6<br>Avg. Price: 632K<br>Sales Volume: 126
2025,SO23 0,489000,63,South East,SO23 0<br>Avg. Price: 489K<br>Sales Volume: 63
2025,SO23 7,548000,120,South East,SO23 7<br>Avg. Price: 548K<br>Sales Volume: 120
2025,SO23 8,487000,50,South East,SO23 8<br>Avg. Price: 487K<br>Sales Volume: 50
2025,SO23 9,642000,64,South East,SO23 9<br>Avg. Price: 642K<br>Sales Volume: 64
2025,SO24 0,789000,31,South East,SO24 0<br>Avg. Price: 789K<br>Sales Volume: 31
2025,SO24 9,699000,88,South East,SO24 9<br>Avg. Price: 699K<br>Sales Volume: 88
2025,SO30 0,330000,119,South East,SO30 0<br>Avg. Price: 330K<br>Sales Volume: 119
2025,SO30 2,369000,219,South East,SO30 2<br>Avg. Price: 369K<br>Sales Volume: 219
2025,SO30 3,343000,80,South East,SO30 3<br>Avg. Price: 343K<br>Sales Volume: 80
2025,SO30 4,360000,82,South East,SO30 4<br>Avg. Price: 360K<br>Sales Volume: 82
2025,SO31 1,422000,46,South East,SO31 1<br>Avg. Price: 422K<br>Sales Volume: 46
2025,SO31 4,386000,64,South East,SO31 4<br>Avg. Price: 386K<br>Sales Volume: 64
2025,SO31 5,376000,94,South East,SO31 5<br>Avg. Price: 376K<br>Sales Volume: 94
2025,SO31 6,381000,203,South East,SO31 6<br>Avg. Price: 381K<br>Sales Volume: 203
2025,SO31 7,445000,101,South East,SO31 7<br>Avg. Price: 445K<br>Sales Volume: 101
2025,SO31 8,372000,101,South East,SO31 8<br>Avg. Price: 372K<br>Sales Volume: 101
2025,SO31 9,527000,137,South East,SO31 9<br>Avg. Price: 527K<br>Sales Volume: 137
2025,SO32 1,435000,141,South East,SO32 1<br>Avg. Price: 435K<br>Sales Volume: 141
2025,SO32 2,466000,258,South East,SO32 2<br>Avg. Price: 466K<br>Sales Volume: 258
2025,SO32 3,749000,29,South East,SO32 3<br>Avg. Price: 749K<br>Sales Volume: 29
2025,SO40 2,408000,113,South East,SO40 2<br>Avg. Price: 408K<br>Sales Volume: 113
2025,SO40 3,319000,120,South East,SO40 3<br>Avg. Price: 319K<br>Sales Volume: 120
2025,SO40 4,326000,65,South East,SO40 4<br>Avg. Price: 326K<br>Sales Volume: 65
2025,SO40 7,497000,63,South East,SO40 7<br>Avg. Price: 497K<br>Sales Volume: 63
2025,SO40 8,331000,143,South East,SO40 8<br>Avg. Price: 331K<br>Sales Volume: 143
2025,SO40 9,314000,78,South East,SO40 9<br>Avg. Price: 314K<br>Sales Volume: 78
2025,SO41 0,585000,188,South East,SO41 0<br>Avg. Price: 585K<br>Sales Volume: 188
2025,SO41 3,765000,59,South East,SO41 3<br>Avg. Price: 765K<br>Sales Volume: 59
2025,SO41 5,1009000,12,South East,"SO41 5<br>Avg. Price: 1,009K<br>Sales Volume: 12"
2025,SO41 6,653000,33,South East,SO41 6<br>Avg. Price: 653K<br>Sales Volume: 33
2025,SO41 8,478000,76,South East,SO41 8<br>Avg. Price: 478K<br>Sales Volume: 76
2025,SO41 9,433000,144,South East,SO41 9<br>Avg. Price: 433K<br>Sales Volume: 144
2025,SO42 7,1032000,61,South East,"SO42 7<br>Avg. Price: 1,032K<br>Sales Volume: 61"
2025,SO43 7,572000,80,South East,SO43 7<br>Avg. Price: 572K<br>Sales Volume: 80
2025,SO45 1,368000,92,South East,SO45 1<br>Avg. Price: 368K<br>Sales Volume: 92
2025,SO45 2,311000,81,South East,SO45 2<br>Avg. Price: 311K<br>Sales Volume: 81
2025,SO45 3,311000,49,South East,SO45 3<br>Avg. Price: 311K<br>Sales Volume: 49
2025,SO45 4,388000,63,South East,SO45 4<br>Avg. Price: 388K<br>Sales Volume: 63
2025,SO45 5,336000,115,South East,SO45 5<br>Avg. Price: 336K<br>Sales Volume: 115
2025,SO45 6,378000,43,South East,SO45 6<br>Avg. Price: 378K<br>Sales Volume: 43
2025,SO50 4,334000,119,South East,SO50 4<br>Avg. Price: 334K<br>Sales Volume: 119
2025,SO50 5,249000,154,South East,SO50 5<br>Avg. Price: 249K<br>Sales Volume: 154
2025,SO50 6,347000,80,South East,SO50 6<br>Avg. Price: 347K<br>Sales Volume: 80
2025,SO50 7,387000,121,South East,SO50 7<br>Avg. Price: 387K<br>Sales Volume: 121
2025,SO50 8,342000,85,South East,SO50 8<br>Avg. Price: 342K<br>Sales Volume: 85
2025,SO50 9,331000,165,South East,SO50 9<br>Avg. Price: 331K<br>Sales Volume: 165
2025,SO51 0,592000,104,South East,SO51 0<br>Avg. Price: 592K<br>Sales Volume: 104
2025,SO51 5,373000,63,South East,SO51 5<br>Avg. Price: 373K<br>Sales Volume: 63
2025,SO51 6,624000,33,South East,SO51 6<br>Avg. Price: 624K<br>Sales Volume: 33
2025,SO51 7,414000,125,South East,SO51 7<br>Avg. Price: 414K<br>Sales Volume: 125
2025,SO51 8,385000,111,South East,SO51 8<br>Avg. Price: 385K<br>Sales Volume: 111
2025,SO51 9,724000,10,South East,SO51 9<br>Avg. Price: 724K<br>Sales Volume: 10
2025,SO52 9,394000,100,South East,SO52 9<br>Avg. Price: 394K<br>Sales Volume: 100
2025,SO53 1,569000,64,South East,SO53 1<br>Avg. Price: 569K<br>Sales Volume: 64
2025,SO53 2,407000,130,South East,SO53 2<br>Avg. Price: 407K<br>Sales Volume: 130
2025,SO53 3,395000,97,South East,SO53 3<br>Avg. Price: 395K<br>Sales Volume: 97
2025,SO53 4,451000,105,South East,SO53 4<br>Avg. Price: 451K<br>Sales Volume: 105
2025,SO53 5,516000,55,South East,SO53 5<br>Avg. Price: 516K<br>Sales Volume: 55
2025,SP1 1,323000,77,South West,SP1 1<br>Avg. Price: 323K<br>Sales Volume: 77
2025,SP1 2,348000,71,South West,SP1 2<br>Avg. Price: 348K<br>Sales Volume: 71
2025,SP1 3,369000,205,South West,SP1 3<br>Avg. Price: 369K<br>Sales Volume: 205
2025,SP10 1,230000,59,South West,SP10 1<br>Avg. Price: 230K<br>Sales Volume: 59
2025,SP10 2,330000,149,South West,SP10 2<br>Avg. Price: 330K<br>Sales Volume: 149
2025,SP10 3,295000,190,South West,SP10 3<br>Avg. Price: 295K<br>Sales Volume: 190
2025,SP10 4,298000,82,South West,SP10 4<br>Avg. Price: 298K<br>Sales Volume: 82
2025,SP10 5,260000,43,South West,SP10 5<br>Avg. Price: 260K<br>Sales Volume: 43
2025,SP11 0,516000,28,South West,SP11 0<br>Avg. Price: 516K<br>Sales Volume: 28
2025,SP11 6,353000,255,South West,SP11 6<br>Avg. Price: 353K<br>Sales Volume: 255
2025,SP11 7,554000,54,South West,SP11 7<br>Avg. Price: 554K<br>Sales Volume: 54
2025,SP11 8,539000,42,South West,SP11 8<br>Avg. Price: 539K<br>Sales Volume: 42
2025,SP11 9,345000,115,South West,SP11 9<br>Avg. Price: 345K<br>Sales Volume: 115
2025,SP2 0,342000,83,South West,SP2 0<br>Avg. Price: 342K<br>Sales Volume: 83
2025,SP2 7,277000,141,South West,SP2 7<br>Avg. Price: 277K<br>Sales Volume: 141
2025,SP2 8,388000,108,South West,SP2 8<br>Avg. Price: 388K<br>Sales Volume: 108
2025,SP2 9,308000,133,South West,SP2 9<br>Avg. Price: 308K<br>Sales Volume: 133
2025,SP3 4,425000,43,South West,SP3 4<br>Avg. Price: 425K<br>Sales Volume: 43
2025,SP3 5,674000,26,South West,SP3 5<br>Avg. Price: 674K<br>Sales Volume: 26
2025,SP3 6,523000,56,South West,SP3 6<br>Avg. Price: 523K<br>Sales Volume: 56
2025,SP4 0,513000,36,South West,SP4 0<br>Avg. Price: 513K<br>Sales Volume: 36
2025,SP4 6,392000,88,South West,SP4 6<br>Avg. Price: 392K<br>Sales Volume: 88
2025,SP4 7,317000,184,South West,SP4 7<br>Avg. Price: 317K<br>Sales Volume: 184
2025,SP4 8,321000,58,South West,SP4 8<br>Avg. Price: 321K<br>Sales Volume: 58
2025,SP4 9,368000,29,South West,SP4 9<br>Avg. Price: 368K<br>Sales Volume: 29
2025,SP5 1,602000,44,South West,SP5 1<br>Avg. Price: 602K<br>Sales Volume: 44
2025,SP5 2,600000,60,South West,SP5 2<br>Avg. Price: 600K<br>Sales Volume: 60
2025,SP5 3,389000,102,South West,SP5 3<br>Avg. Price: 389K<br>Sales Volume: 102
2025,SP5 4,680000,25,South West,SP5 4<br>Avg. Price: 680K<br>Sales Volume: 25
2025,SP5 5,443000,31,South West,SP5 5<br>Avg. Price: 443K<br>Sales Volume: 31
2025,SP6 1,344000,111,South West,SP6 1<br>Avg. Price: 344K<br>Sales Volume: 111
2025,SP6 2,743000,39,South West,SP6 2<br>Avg. Price: 743K<br>Sales Volume: 39
2025,SP6 3,473000,49,South West,SP6 3<br>Avg. Price: 473K<br>Sales Volume: 49
2025,SP7 0,502000,33,South West,SP7 0<br>Avg. Price: 502K<br>Sales Volume: 33
2025,SP7 8,315000,180,South West,SP7 8<br>Avg. Price: 315K<br>Sales Volume: 180
2025,SP7 9,499000,40,South West,SP7 9<br>Avg. Price: 499K<br>Sales Volume: 40
2025,SP8 4,284000,249,South West,SP8 4<br>Avg. Price: 284K<br>Sales Volume: 249
2025,SP8 5,412000,60,South West,SP8 5<br>Avg. Price: 412K<br>Sales Volume: 60
2025,SP9 7,274000,63,South West,SP9 7<br>Avg. Price: 274K<br>Sales Volume: 63
2025,SR1 1,64000,49,North England,SR1 1<br>Avg. Price: 64K<br>Sales Volume: 49
2025,SR1 2,57000,21,North England,SR1 2<br>Avg. Price: 57K<br>Sales Volume: 21
2025,SR1 3,98000,9,North England,SR1 3<br>Avg. Price: 98K<br>Sales Volume: 9
2025,SR2 0,175000,119,North England,SR2 0<br>Avg. Price: 175K<br>Sales Volume: 119
2025,SR2 7,174000,161,North England,SR2 7<br>Avg. Price: 174K<br>Sales Volume: 161
2025,SR2 8,74000,104,North England,SR2 8<br>Avg. Price: 74K<br>Sales Volume: 104
2025,SR2 9,165000,89,North England,SR2 9<br>Avg. Price: 165K<br>Sales Volume: 89
2025,SR3 1,176000,129,North England,SR3 1<br>Avg. Price: 176K<br>Sales Volume: 129
2025,SR3 2,209000,186,North England,SR3 2<br>Avg. Price: 209K<br>Sales Volume: 186
2025,SR3 3,169000,109,North England,SR3 3<br>Avg. Price: 169K<br>Sales Volume: 109
2025,SR3 4,128000,58,North England,SR3 4<br>Avg. Price: 128K<br>Sales Volume: 58
2025,SR4 0,142000,85,North England,SR4 0<br>Avg. Price: 142K<br>Sales Volume: 85
2025,SR4 6,99000,138,North England,SR4 6<br>Avg. Price: 99K<br>Sales Volume: 138
2025,SR4 7,130000,187,North England,SR4 7<br>Avg. Price: 130K<br>Sales Volume: 187
2025,SR4 8,165000,101,North England,SR4 8<br>Avg. Price: 165K<br>Sales Volume: 101
2025,SR4 9,163000,66,North England,SR4 9<br>Avg. Price: 163K<br>Sales Volume: 66
2025,SR5 1,158000,57,North England,SR5 1<br>Avg. Price: 158K<br>Sales Volume: 57
2025,SR5 2,84000,43,North England,SR5 2<br>Avg. Price: 84K<br>Sales Volume: 43
2025,SR5 3,153000,61,North England,SR5 3<br>Avg. Price: 153K<br>Sales Volume: 61
2025,SR5 4,104000,55,North England,SR5 4<br>Avg. Price: 104K<br>Sales Volume: 55
2025,SR5 5,109000,71,North England,SR5 5<br>Avg. Price: 109K<br>Sales Volume: 71
2025,SR6 0,177000,83,North England,SR6 0<br>Avg. Price: 177K<br>Sales Volume: 83
2025,SR6 7,281000,132,North England,SR6 7<br>Avg. Price: 281K<br>Sales Volume: 132
2025,SR6 8,284000,73,North England,SR6 8<br>Avg. Price: 284K<br>Sales Volume: 73
2025,SR6 9,205000,130,North England,SR6 9<br>Avg. Price: 205K<br>Sales Volume: 130
2025,SR7 0,162000,83,North England,SR7 0<br>Avg. Price: 162K<br>Sales Volume: 83
2025,SR7 7,152000,147,North England,SR7 7<br>Avg. Price: 152K<br>Sales Volume: 147
2025,SR7 8,158000,98,North England,SR7 8<br>Avg. Price: 158K<br>Sales Volume: 98
2025,SR7 9,99000,124,North England,SR7 9<br>Avg. Price: 99K<br>Sales Volume: 124
2025,SR8 1,196000,60,North England,SR8 1<br>Avg. Price: 196K<br>Sales Volume: 60
2025,SR8 2,100000,86,North England,SR8 2<br>Avg. Price: 100K<br>Sales Volume: 86
2025,SR8 3,93000,186,North England,SR8 3<br>Avg. Price: 93K<br>Sales Volume: 186
2025,SR8 4,63000,179,North England,SR8 4<br>Avg. Price: 63K<br>Sales Volume: 179
2025,SR8 5,96000,97,North England,SR8 5<br>Avg. Price: 96K<br>Sales Volume: 97
2025,SS0 0,390000,129,South East,SS0 0<br>Avg. Price: 390K<br>Sales Volume: 129
2025,SS0 7,270000,158,South East,SS0 7<br>Avg. Price: 270K<br>Sales Volume: 158
2025,SS0 8,467000,112,South East,SS0 8<br>Avg. Price: 467K<br>Sales Volume: 112
2025,SS0 9,281000,238,South East,SS0 9<br>Avg. Price: 281K<br>Sales Volume: 238
2025,SS1 1,284000,73,South East,SS1 1<br>Avg. Price: 284K<br>Sales Volume: 73
2025,SS1 2,276000,187,South East,SS1 2<br>Avg. Price: 276K<br>Sales Volume: 187
2025,SS1 3,606000,128,South East,SS1 3<br>Avg. Price: 606K<br>Sales Volume: 128
2025,SS11 7,457000,141,South East,SS11 7<br>Avg. Price: 457K<br>Sales Volume: 141
2025,SS11 8,376000,163,South East,SS11 8<br>Avg. Price: 376K<br>Sales Volume: 163
2025,SS12 0,401000,110,South East,SS12 0<br>Avg. Price: 401K<br>Sales Volume: 110
2025,SS12 9,361000,169,South East,SS12 9<br>Avg. Price: 361K<br>Sales Volume: 169
2025,SS13 1,266000,106,South East,SS13 1<br>Avg. Price: 266K<br>Sales Volume: 106
2025,SS13 2,402000,61,South East,SS13 2<br>Avg. Price: 402K<br>Sales Volume: 61
2025,SS13 3,291000,73,South East,SS13 3<br>Avg. Price: 291K<br>Sales Volume: 73
2025,SS14 1,303000,99,South East,SS14 1<br>Avg. Price: 303K<br>Sales Volume: 99
2025,SS14 2,309000,174,South East,SS14 2<br>Avg. Price: 309K<br>Sales Volume: 174
2025,SS14 3,339000,73,South East,SS14 3<br>Avg. Price: 339K<br>Sales Volume: 73
2025,SS15 4,393000,91,South East,SS15 4<br>Avg. Price: 393K<br>Sales Volume: 91
2025,SS15 5,310000,192,South East,SS15 5<br>Avg. Price: 310K<br>Sales Volume: 192
2025,SS15 6,360000,139,South East,SS15 6<br>Avg. Price: 360K<br>Sales Volume: 139
2025,SS16 4,277000,127,South East,SS16 4<br>Avg. Price: 277K<br>Sales Volume: 127
2025,SS16 5,410000,176,South East,SS16 5<br>Avg. Price: 410K<br>Sales Volume: 176
2025,SS16 6,403000,125,South East,SS16 6<br>Avg. Price: 403K<br>Sales Volume: 125
2025,SS17 0,348000,120,South East,SS17 0<br>Avg. Price: 348K<br>Sales Volume: 120
2025,SS17 7,362000,145,South East,SS17 7<br>Avg. Price: 362K<br>Sales Volume: 145
2025,SS17 8,404000,102,South East,SS17 8<br>Avg. Price: 404K<br>Sales Volume: 102
2025,SS17 9,400000,49,South East,SS17 9<br>Avg. Price: 400K<br>Sales Volume: 49
2025,SS2 4,325000,218,South East,SS2 4<br>Avg. Price: 325K<br>Sales Volume: 218
2025,SS2 5,258000,120,South East,SS2 5<br>Avg. Price: 258K<br>Sales Volume: 120
2025,SS2 6,302000,188,South East,SS2 6<br>Avg. Price: 302K<br>Sales Volume: 188
2025,SS3 0,401000,105,South East,SS3 0<br>Avg. Price: 401K<br>Sales Volume: 105
2025,SS3 8,380000,81,South East,SS3 8<br>Avg. Price: 380K<br>Sales Volume: 81
2025,SS3 9,350000,153,South East,SS3 9<br>Avg. Price: 350K<br>Sales Volume: 153
2025,SS4 1,373000,203,South East,SS4 1<br>Avg. Price: 373K<br>Sales Volume: 203
2025,SS4 2,366000,7,South East,SS4 2<br>Avg. Price: 366K<br>Sales Volume: 7
2025,SS4 3,424000,103,South East,SS4 3<br>Avg. Price: 424K<br>Sales Volume: 103
2025,SS5 4,489000,156,South East,SS5 4<br>Avg. Price: 489K<br>Sales Volume: 156
2025,SS5 5,448000,82,South East,SS5 5<br>Avg. Price: 448K<br>Sales Volume: 82
2025,SS5 6,485000,105,South East,SS5 6<br>Avg. Price: 485K<br>Sales Volume: 105
2025,SS6 7,434000,135,South East,SS6 7<br>Avg. Price: 434K<br>Sales Volume: 135
2025,SS6 8,415000,162,South East,SS6 8<br>Avg. Price: 415K<br>Sales Volume: 162
2025,SS6 9,437000,190,South East,SS6 9<br>Avg. Price: 437K<br>Sales Volume: 190
2025,SS7 1,478000,136,South East,SS7 1<br>Avg. Price: 478K<br>Sales Volume: 136
2025,SS7 2,424000,154,South East,SS7 2<br>Avg. Price: 424K<br>Sales Volume: 154
2025,SS7 3,413000,150,South East,SS7 3<br>Avg. Price: 413K<br>Sales Volume: 150
2025,SS7 4,375000,121,South East,SS7 4<br>Avg. Price: 375K<br>Sales Volume: 121
2025,SS7 5,399000,165,South East,SS7 5<br>Avg. Price: 399K<br>Sales Volume: 165
2025,SS8 0,356000,73,South East,SS8 0<br>Avg. Price: 356K<br>Sales Volume: 73
2025,SS8 7,319000,120,South East,SS8 7<br>Avg. Price: 319K<br>Sales Volume: 120
2025,SS8 8,305000,94,South East,SS8 8<br>Avg. Price: 305K<br>Sales Volume: 94
2025,SS8 9,335000,205,South East,SS8 9<br>Avg. Price: 335K<br>Sales Volume: 205
2025,SS9 1,435000,184,South East,SS9 1<br>Avg. Price: 435K<br>Sales Volume: 184
2025,SS9 2,503000,139,South East,SS9 2<br>Avg. Price: 503K<br>Sales Volume: 139
2025,SS9 3,491000,149,South East,SS9 3<br>Avg. Price: 491K<br>Sales Volume: 149
2025,SS9 4,388000,154,South East,SS9 4<br>Avg. Price: 388K<br>Sales Volume: 154
2025,SS9 5,405000,162,South East,SS9 5<br>Avg. Price: 405K<br>Sales Volume: 162
2025,ST1 1,98000,3,Midlands,ST1 1<br>Avg. Price: 98K<br>Sales Volume: 3
2025,ST1 2,88000,60,Midlands,ST1 2<br>Avg. Price: 88K<br>Sales Volume: 60
2025,ST1 3,119000,87,Midlands,ST1 3<br>Avg. Price: 119K<br>Sales Volume: 87
2025,ST1 4,88000,43,Midlands,ST1 4<br>Avg. Price: 88K<br>Sales Volume: 43
2025,ST1 5,119000,59,Midlands,ST1 5<br>Avg. Price: 119K<br>Sales Volume: 59
2025,ST1 6,151000,192,Midlands,ST1 6<br>Avg. Price: 151K<br>Sales Volume: 192
2025,ST10 1,229000,217,Midlands,ST10 1<br>Avg. Price: 229K<br>Sales Volume: 217
2025,ST10 2,325000,58,Midlands,ST10 2<br>Avg. Price: 325K<br>Sales Volume: 58
2025,ST10 3,322000,16,Midlands,ST10 3<br>Avg. Price: 322K<br>Sales Volume: 16
2025,ST10 4,321000,116,Midlands,ST10 4<br>Avg. Price: 321K<br>Sales Volume: 116
2025,ST11 9,262000,148,Midlands,ST11 9<br>Avg. Price: 262K<br>Sales Volume: 148
2025,ST12 9,354000,57,Midlands,ST12 9<br>Avg. Price: 354K<br>Sales Volume: 57
2025,ST13 5,237000,103,Midlands,ST13 5<br>Avg. Price: 237K<br>Sales Volume: 103
2025,ST13 6,187000,73,Midlands,ST13 6<br>Avg. Price: 187K<br>Sales Volume: 73
2025,ST13 7,266000,96,Midlands,ST13 7<br>Avg. Price: 266K<br>Sales Volume: 96
2025,ST13 8,218000,120,Midlands,ST13 8<br>Avg. Price: 218K<br>Sales Volume: 120
2025,ST14 5,352000,102,Midlands,ST14 5<br>Avg. Price: 352K<br>Sales Volume: 102
2025,ST14 7,238000,142,Midlands,ST14 7<br>Avg. Price: 238K<br>Sales Volume: 142
2025,ST14 8,327000,139,Midlands,ST14 8<br>Avg. Price: 327K<br>Sales Volume: 139
2025,ST15 0,277000,152,Midlands,ST15 0<br>Avg. Price: 277K<br>Sales Volume: 152
2025,ST15 8,266000,171,Midlands,ST15 8<br>Avg. Price: 266K<br>Sales Volume: 171
2025,ST16 1,268000,263,Midlands,ST16 1<br>Avg. Price: 268K<br>Sales Volume: 263
2025,ST16 2,164000,28,Midlands,ST16 2<br>Avg. Price: 164K<br>Sales Volume: 28
2025,ST16 3,185000,196,Midlands,ST16 3<br>Avg. Price: 185K<br>Sales Volume: 196
2025,ST17 0,398000,154,Midlands,ST17 0<br>Avg. Price: 398K<br>Sales Volume: 154
2025,ST17 4,239000,191,Midlands,ST17 4<br>Avg. Price: 239K<br>Sales Volume: 191
2025,ST17 9,217000,184,Midlands,ST17 9<br>Avg. Price: 217K<br>Sales Volume: 184
2025,ST18 0,360000,161,Midlands,ST18 0<br>Avg. Price: 360K<br>Sales Volume: 161
2025,ST18 9,378000,77,Midlands,ST18 9<br>Avg. Price: 378K<br>Sales Volume: 77
2025,ST19 5,305000,114,Midlands,ST19 5<br>Avg. Price: 305K<br>Sales Volume: 114
2025,ST19 9,361000,54,Midlands,ST19 9<br>Avg. Price: 361K<br>Sales Volume: 54
2025,ST2 0,128000,58,Midlands,ST2 0<br>Avg. Price: 128K<br>Sales Volume: 58
2025,ST2 7,196000,127,Midlands,ST2 7<br>Avg. Price: 196K<br>Sales Volume: 127
2025,ST2 8,167000,80,Midlands,ST2 8<br>Avg. Price: 167K<br>Sales Volume: 80
2025,ST2 9,164000,97,Midlands,ST2 9<br>Avg. Price: 164K<br>Sales Volume: 97
2025,ST20 0,331000,91,Midlands,ST20 0<br>Avg. Price: 331K<br>Sales Volume: 91
2025,ST21 6,368000,73,Midlands,ST21 6<br>Avg. Price: 368K<br>Sales Volume: 73
2025,ST3 1,155000,85,Midlands,ST3 1<br>Avg. Price: 155K<br>Sales Volume: 85
2025,ST3 2,167000,97,Midlands,ST3 2<br>Avg. Price: 167K<br>Sales Volume: 97
2025,ST3 3,164000,48,Midlands,ST3 3<br>Avg. Price: 164K<br>Sales Volume: 48
2025,ST3 4,175000,100,Midlands,ST3 4<br>Avg. Price: 175K<br>Sales Volume: 100
2025,ST3 5,173000,179,Midlands,ST3 5<br>Avg. Price: 173K<br>Sales Volume: 179
2025,ST3 6,173000,147,Midlands,ST3 6<br>Avg. Price: 173K<br>Sales Volume: 147
2025,ST3 7,248000,155,Midlands,ST3 7<br>Avg. Price: 248K<br>Sales Volume: 155
2025,ST4 1,96000,19,Midlands,ST4 1<br>Avg. Price: 96K<br>Sales Volume: 19
2025,ST4 2,125000,93,Midlands,ST4 2<br>Avg. Price: 125K<br>Sales Volume: 93
2025,ST4 3,106000,127,Midlands,ST4 3<br>Avg. Price: 106K<br>Sales Volume: 127
2025,ST4 4,127000,113,Midlands,ST4 4<br>Avg. Price: 127K<br>Sales Volume: 113
2025,ST4 5,158000,94,Midlands,ST4 5<br>Avg. Price: 158K<br>Sales Volume: 94
2025,ST4 6,164000,121,Midlands,ST4 6<br>Avg. Price: 164K<br>Sales Volume: 121
2025,ST4 7,152000,121,Midlands,ST4 7<br>Avg. Price: 152K<br>Sales Volume: 121
2025,ST4 8,255000,175,Midlands,ST4 8<br>Avg. Price: 255K<br>Sales Volume: 175
2025,ST5 0,200000,154,Midlands,ST5 0<br>Avg. Price: 200K<br>Sales Volume: 154
2025,ST5 1,135000,72,Midlands,ST5 1<br>Avg. Price: 135K<br>Sales Volume: 72
2025,ST5 2,215000,126,Midlands,ST5 2<br>Avg. Price: 215K<br>Sales Volume: 126
2025,ST5 3,278000,139,Midlands,ST5 3<br>Avg. Price: 278K<br>Sales Volume: 139
2025,ST5 4,251000,99,Midlands,ST5 4<br>Avg. Price: 251K<br>Sales Volume: 99
2025,ST5 5,391000,40,Midlands,ST5 5<br>Avg. Price: 391K<br>Sales Volume: 40
2025,ST5 6,162000,117,Midlands,ST5 6<br>Avg. Price: 162K<br>Sales Volume: 117
2025,ST5 7,177000,112,Midlands,ST5 7<br>Avg. Price: 177K<br>Sales Volume: 112
2025,ST5 8,199000,163,Midlands,ST5 8<br>Avg. Price: 199K<br>Sales Volume: 163
2025,ST5 9,191000,107,Midlands,ST5 9<br>Avg. Price: 191K<br>Sales Volume: 107
2025,ST6 1,109000,147,Midlands,ST6 1<br>Avg. Price: 109K<br>Sales Volume: 147
2025,ST6 2,110000,50,Midlands,ST6 2<br>Avg. Price: 110K<br>Sales Volume: 50
2025,ST6 3,102000,38,Midlands,ST6 3<br>Avg. Price: 102K<br>Sales Volume: 38
2025,ST6 4,114000,70,Midlands,ST6 4<br>Avg. Price: 114K<br>Sales Volume: 70
2025,ST6 5,143000,137,Midlands,ST6 5<br>Avg. Price: 143K<br>Sales Volume: 137
2025,ST6 6,146000,158,Midlands,ST6 6<br>Avg. Price: 146K<br>Sales Volume: 158
2025,ST6 7,156000,92,Midlands,ST6 7<br>Avg. Price: 156K<br>Sales Volume: 92
2025,ST6 8,182000,154,Midlands,ST6 8<br>Avg. Price: 182K<br>Sales Volume: 154
2025,ST7 1,178000,162,Midlands,ST7 1<br>Avg. Price: 178K<br>Sales Volume: 162
2025,ST7 2,308000,214,Midlands,ST7 2<br>Avg. Price: 308K<br>Sales Volume: 214
2025,ST7 3,319000,108,Midlands,ST7 3<br>Avg. Price: 319K<br>Sales Volume: 108
2025,ST7 4,208000,204,Midlands,ST7 4<br>Avg. Price: 208K<br>Sales Volume: 204
2025,ST7 8,200000,110,Midlands,ST7 8<br>Avg. Price: 200K<br>Sales Volume: 110
2025,ST8 6,200000,167,Midlands,ST8 6<br>Avg. Price: 200K<br>Sales Volume: 167
2025,ST8 7,261000,152,Midlands,ST8 7<br>Avg. Price: 261K<br>Sales Volume: 152
2025,ST9 0,243000,90,Midlands,ST9 0<br>Avg. Price: 243K<br>Sales Volume: 90
2025,ST9 9,342000,66,Midlands,ST9 9<br>Avg. Price: 342K<br>Sales Volume: 66
2025,SW10 0,1666000,95,Greater London,"SW10 0<br>Avg. Price: 1,666K<br>Sales Volume: 95"
2025,SW10 9,1447000,91,Greater London,"SW10 9<br>Avg. Price: 1,447K<br>Sales Volume: 91"
2025,SW11 1,825000,163,Greater London,SW11 1<br>Avg. Price: 825K<br>Sales Volume: 163
2025,SW11 2,659000,141,Greater London,SW11 2<br>Avg. Price: 659K<br>Sales Volume: 141
2025,SW11 3,673000,149,Greater London,SW11 3<br>Avg. Price: 673K<br>Sales Volume: 149
2025,SW11 4,1036000,141,Greater London,"SW11 4<br>Avg. Price: 1,036K<br>Sales Volume: 141"
2025,SW11 5,760000,218,Greater London,SW11 5<br>Avg. Price: 760K<br>Sales Volume: 218
2025,SW11 6,1471000,129,Greater London,"SW11 6<br>Avg. Price: 1,471K<br>Sales Volume: 129"
2025,SW11 7,830000,66,Greater London,SW11 7<br>Avg. Price: 830K<br>Sales Volume: 66
2025,SW11 8,1076000,108,Greater London,"SW11 8<br>Avg. Price: 1,076K<br>Sales Volume: 108"
2025,SW12 0,780000,134,Greater London,SW12 0<br>Avg. Price: 780K<br>Sales Volume: 134
2025,SW12 8,1043000,189,Greater London,"SW12 8<br>Avg. Price: 1,043K<br>Sales Volume: 189"
2025,SW12 9,748000,180,Greater London,SW12 9<br>Avg. Price: 748K<br>Sales Volume: 180
2025,SW13 0,1275000,100,Greater London,"SW13 0<br>Avg. Price: 1,275K<br>Sales Volume: 100"
2025,SW13 8,946000,22,Greater London,SW13 8<br>Avg. Price: 946K<br>Sales Volume: 22
2025,SW13 9,1986000,79,Greater London,"SW13 9<br>Avg. Price: 1,986K<br>Sales Volume: 79"
2025,SW14 7,1169000,79,Greater London,"SW14 7<br>Avg. Price: 1,169K<br>Sales Volume: 79"
2025,SW14 8,1074000,152,Greater London,"SW14 8<br>Avg. Price: 1,074K<br>Sales Volume: 152"
2025,SW15 1,1029000,127,Greater London,"SW15 1<br>Avg. Price: 1,029K<br>Sales Volume: 127"
2025,SW15 2,731000,192,Greater London,SW15 2<br>Avg. Price: 731K<br>Sales Volume: 192
2025,SW15 3,593000,126,Greater London,SW15 3<br>Avg. Price: 593K<br>Sales Volume: 126
2025,SW15 4,390000,47,Greater London,SW15 4<br>Avg. Price: 390K<br>Sales Volume: 47
2025,SW15 5,764000,109,Greater London,SW15 5<br>Avg. Price: 764K<br>Sales Volume: 109
2025,SW15 6,950000,147,Greater London,SW15 6<br>Avg. Price: 950K<br>Sales Volume: 147
2025,SW16 1,607000,155,Greater London,SW16 1<br>Avg. Price: 607K<br>Sales Volume: 155
2025,SW16 2,502000,240,Greater London,SW16 2<br>Avg. Price: 502K<br>Sales Volume: 240
2025,SW16 3,638000,80,Greater London,SW16 3<br>Avg. Price: 638K<br>Sales Volume: 80
2025,SW16 4,492000,99,Greater London,SW16 4<br>Avg. Price: 492K<br>Sales Volume: 99
2025,SW16 5,537000,230,Greater London,SW16 5<br>Avg. Price: 537K<br>Sales Volume: 230
2025,SW16 6,561000,205,Greater London,SW16 6<br>Avg. Price: 561K<br>Sales Volume: 205
2025,SW17 0,599000,234,Greater London,SW17 0<br>Avg. Price: 599K<br>Sales Volume: 234
2025,SW17 6,487000,27,Greater London,SW17 6<br>Avg. Price: 487K<br>Sales Volume: 27
2025,SW17 7,773000,176,Greater London,SW17 7<br>Avg. Price: 773K<br>Sales Volume: 176
2025,SW17 8,801000,243,Greater London,SW17 8<br>Avg. Price: 801K<br>Sales Volume: 243
2025,SW17 9,555000,215,Greater London,SW17 9<br>Avg. Price: 555K<br>Sales Volume: 215
2025,SW18 1,709000,260,Greater London,SW18 1<br>Avg. Price: 709K<br>Sales Volume: 260
2025,SW18 2,860000,162,Greater London,SW18 2<br>Avg. Price: 860K<br>Sales Volume: 162
2025,SW18 3,1056000,220,Greater London,"SW18 3<br>Avg. Price: 1,056K<br>Sales Volume: 220"
2025,SW18 4,581000,204,Greater London,SW18 4<br>Avg. Price: 581K<br>Sales Volume: 204
2025,SW18 5,915000,174,Greater London,SW18 5<br>Avg. Price: 915K<br>Sales Volume: 174
2025,SW19 1,617000,175,Greater London,SW19 1<br>Avg. Price: 617K<br>Sales Volume: 175
2025,SW19 2,498000,169,Greater London,SW19 2<br>Avg. Price: 498K<br>Sales Volume: 169
2025,SW19 3,851000,129,Greater London,SW19 3<br>Avg. Price: 851K<br>Sales Volume: 129
2025,SW19 4,1201000,95,Greater London,"SW19 4<br>Avg. Price: 1,201K<br>Sales Volume: 95"
2025,SW19 5,2661000,59,Greater London,"SW19 5<br>Avg. Price: 2,661K<br>Sales Volume: 59"
2025,SW19 6,554000,119,Greater London,SW19 6<br>Avg. Price: 554K<br>Sales Volume: 119
2025,SW19 7,1459000,77,Greater London,"SW19 7<br>Avg. Price: 1,459K<br>Sales Volume: 77"
2025,SW19 8,813000,219,Greater London,SW19 8<br>Avg. Price: 813K<br>Sales Volume: 219
2025,SW1A 1,2716000,5,Greater London,"SW1A 1<br>Avg. Price: 2,716K<br>Sales Volume: 5"
2025,SW1A 2,2520000,8,Greater London,"SW1A 2<br>Avg. Price: 2,520K<br>Sales Volume: 8"
2025,SW1E 5,1058000,2,Greater London,"SW1E 5<br>Avg. Price: 1,058K<br>Sales Volume: 2"
2025,SW1E 6,2254000,4,Greater London,"SW1E 6<br>Avg. Price: 2,254K<br>Sales Volume: 4"
2025,SW1H 0,2338000,18,Greater London,"SW1H 0<br>Avg. Price: 2,338K<br>Sales Volume: 18"
2025,SW1H 9,556000,8,Greater London,SW1H 9<br>Avg. Price: 556K<br>Sales Volume: 8
2025,SW1P 1,1043000,24,Greater London,"SW1P 1<br>Avg. Price: 1,043K<br>Sales Volume: 24"
2025,SW1P 2,921000,35,Greater London,SW1P 2<br>Avg. Price: 921K<br>Sales Volume: 35
2025,SW1P 3,2336000,22,Greater London,"SW1P 3<br>Avg. Price: 2,336K<br>Sales Volume: 22"
2025,SW1P 4,950000,73,Greater London,SW1P 4<br>Avg. Price: 950K<br>Sales Volume: 73
2025,SW1V 1,1033000,20,Greater London,"SW1V 1<br>Avg. Price: 1,033K<br>Sales Volume: 20"
2025,SW1V 2,809000,63,Greater London,SW1V 2<br>Avg. Price: 809K<br>Sales Volume: 63
2025,SW1V 3,731000,51,Greater London,SW1V 3<br>Avg. Price: 731K<br>Sales Volume: 51
2025,SW1V 4,924000,51,Greater London,SW1V 4<br>Avg. Price: 924K<br>Sales Volume: 51
2025,SW1W 0,2612000,7,Greater London,"SW1W 0<br>Avg. Price: 2,612K<br>Sales Volume: 7"
2025,SW1W 8,1902000,56,Greater London,"SW1W 8<br>Avg. Price: 1,902K<br>Sales Volume: 56"
2025,SW1W 9,4547000,29,Greater London,"SW1W 9<br>Avg. Price: 4,547K<br>Sales Volume: 29"
2025,SW1X 0,1775000,30,Greater London,"SW1X 0<br>Avg. Price: 1,775K<br>Sales Volume: 30"
2025,SW1X 7,5317000,11,Greater London,"SW1X 7<br>Avg. Price: 5,317K<br>Sales Volume: 11"
2025,SW1X 8,4378000,16,Greater London,"SW1X 8<br>Avg. Price: 4,378K<br>Sales Volume: 16"
2025,SW1X 9,2829000,18,Greater London,"SW1X 9<br>Avg. Price: 2,829K<br>Sales Volume: 18"
2025,SW1Y 5,800000,1,Greater London,SW1Y 5<br>Avg. Price: 800K<br>Sales Volume: 1
2025,SW1Y 6,885000,3,Greater London,SW1Y 6<br>Avg. Price: 885K<br>Sales Volume: 3
2025,SW2 1,598000,85,Greater London,SW2 1<br>Avg. Price: 598K<br>Sales Volume: 85
2025,SW2 2,569000,124,Greater London,SW2 2<br>Avg. Price: 569K<br>Sales Volume: 124
2025,SW2 3,611000,146,Greater London,SW2 3<br>Avg. Price: 611K<br>Sales Volume: 146
2025,SW2 4,518000,177,Greater London,SW2 4<br>Avg. Price: 518K<br>Sales Volume: 177
2025,SW2 5,636000,128,Greater London,SW2 5<br>Avg. Price: 636K<br>Sales Volume: 128
2025,SW20 0,1011000,118,Greater London,"SW20 0<br>Avg. Price: 1,011K<br>Sales Volume: 118"
2025,SW20 8,749000,165,Greater London,SW20 8<br>Avg. Price: 749K<br>Sales Volume: 165
2025,SW20 9,733000,81,Greater London,SW20 9<br>Avg. Price: 733K<br>Sales Volume: 81
2025,SW3 1,1040000,12,Greater London,"SW3 1<br>Avg. Price: 1,040K<br>Sales Volume: 12"
2025,SW3 2,2389000,50,Greater London,"SW3 2<br>Avg. Price: 2,389K<br>Sales Volume: 50"
2025,SW3 3,1183000,72,Greater London,"SW3 3<br>Avg. Price: 1,183K<br>Sales Volume: 72"
2025,SW3 4,1989000,54,Greater London,"SW3 4<br>Avg. Price: 1,989K<br>Sales Volume: 54"
2025,SW3 5,2356000,60,Greater London,"SW3 5<br>Avg. Price: 2,356K<br>Sales Volume: 60"
2025,SW3 6,2453000,34,Greater London,"SW3 6<br>Avg. Price: 2,453K<br>Sales Volume: 34"
2025,SW4 0,933000,100,Greater London,SW4 0<br>Avg. Price: 933K<br>Sales Volume: 100
2025,SW4 6,667000,98,Greater London,SW4 6<br>Avg. Price: 667K<br>Sales Volume: 98
2025,SW4 7,628000,96,Greater London,SW4 7<br>Avg. Price: 628K<br>Sales Volume: 96
2025,SW4 8,679000,71,Greater London,SW4 8<br>Avg. Price: 679K<br>Sales Volume: 71
2025,SW4 9,1097000,122,Greater London,"SW4 9<br>Avg. Price: 1,097K<br>Sales Volume: 122"
2025,SW5 0,1189000,81,Greater London,"SW5 0<br>Avg. Price: 1,189K<br>Sales Volume: 81"
2025,SW5 9,841000,82,Greater London,SW5 9<br>Avg. Price: 841K<br>Sales Volume: 82
2025,SW6 1,855000,80,Greater London,SW6 1<br>Avg. Price: 855K<br>Sales Volume: 80
2025,SW6 2,904000,194,Greater London,SW6 2<br>Avg. Price: 904K<br>Sales Volume: 194
2025,SW6 3,1972000,100,Greater London,"SW6 3<br>Avg. Price: 1,972K<br>Sales Volume: 100"
2025,SW6 4,1077000,98,Greater London,"SW6 4<br>Avg. Price: 1,077K<br>Sales Volume: 98"
2025,SW6 5,1167000,89,Greater London,"SW6 5<br>Avg. Price: 1,167K<br>Sales Volume: 89"
2025,SW6 6,1039000,137,Greater London,"SW6 6<br>Avg. Price: 1,039K<br>Sales Volume: 137"
2025,SW6 7,845000,150,Greater London,SW6 7<br>Avg. Price: 845K<br>Sales Volume: 150
2025,SW7 1,3670000,32,Greater London,"SW7 1<br>Avg. Price: 3,670K<br>Sales Volume: 32"
2025,SW7 2,3588000,16,Greater London,"SW7 2<br>Avg. Price: 3,588K<br>Sales Volume: 16"
2025,SW7 3,1901000,31,Greater London,"SW7 3<br>Avg. Price: 1,901K<br>Sales Volume: 31"
2025,SW7 4,1452000,59,Greater London,"SW7 4<br>Avg. Price: 1,452K<br>Sales Volume: 59"
2025,SW7 5,1844000,53,Greater London,"SW7 5<br>Avg. Price: 1,844K<br>Sales Volume: 53"
2025,SW8 1,680000,93,Greater London,SW8 1<br>Avg. Price: 680K<br>Sales Volume: 93
2025,SW8 2,615000,129,Greater London,SW8 2<br>Avg. Price: 615K<br>Sales Volume: 129
2025,SW8 3,628000,100,Greater London,SW8 3<br>Avg. Price: 628K<br>Sales Volume: 100
2025,SW8 4,513000,57,Greater London,SW8 4<br>Avg. Price: 513K<br>Sales Volume: 57
2025,SW8 5,1977000,78,Greater London,"SW8 5<br>Avg. Price: 1,977K<br>Sales Volume: 78"
2025,SW9 0,567000,130,Greater London,SW9 0<br>Avg. Price: 567K<br>Sales Volume: 130
2025,SW9 6,540000,75,Greater London,SW9 6<br>Avg. Price: 540K<br>Sales Volume: 75
2025,SW9 7,489000,33,Greater London,SW9 7<br>Avg. Price: 489K<br>Sales Volume: 33
2025,SW9 8,486000,36,Greater London,SW9 8<br>Avg. Price: 486K<br>Sales Volume: 36
2025,SW9 9,609000,128,Greater London,SW9 9<br>Avg. Price: 609K<br>Sales Volume: 128
2025,SY1 1,333000,39,Wales,SY1 1<br>Avg. Price: 333K<br>Sales Volume: 39
2025,SY1 2,245000,148,Wales,SY1 2<br>Avg. Price: 245K<br>Sales Volume: 148
2025,SY1 3,223000,88,Wales,SY1 3<br>Avg. Price: 223K<br>Sales Volume: 88
2025,SY1 4,224000,111,Wales,SY1 4<br>Avg. Price: 224K<br>Sales Volume: 111
2025,SY10 0,263000,17,Wales,SY10 0<br>Avg. Price: 263K<br>Sales Volume: 17
2025,SY10 7,302000,63,Wales,SY10 7<br>Avg. Price: 302K<br>Sales Volume: 63
2025,SY10 8,367000,46,Wales,SY10 8<br>Avg. Price: 367K<br>Sales Volume: 46
2025,SY10 9,369000,53,Wales,SY10 9<br>Avg. Price: 369K<br>Sales Volume: 53
2025,SY11 1,217000,114,Wales,SY11 1<br>Avg. Price: 217K<br>Sales Volume: 114
2025,SY11 2,237000,140,Wales,SY11 2<br>Avg. Price: 237K<br>Sales Volume: 140
2025,SY11 3,267000,80,Wales,SY11 3<br>Avg. Price: 267K<br>Sales Volume: 80
2025,SY11 4,323000,64,Wales,SY11 4<br>Avg. Price: 323K<br>Sales Volume: 64
2025,SY12 0,253000,75,Wales,SY12 0<br>Avg. Price: 253K<br>Sales Volume: 75
2025,SY12 9,323000,44,Wales,SY12 9<br>Avg. Price: 323K<br>Sales Volume: 44
2025,SY13 1,239000,163,Wales,SY13 1<br>Avg. Price: 239K<br>Sales Volume: 163
2025,SY13 2,331000,66,Wales,SY13 2<br>Avg. Price: 331K<br>Sales Volume: 66
2025,SY13 3,335000,56,Wales,SY13 3<br>Avg. Price: 335K<br>Sales Volume: 56
2025,SY13 4,358000,28,Wales,SY13 4<br>Avg. Price: 358K<br>Sales Volume: 28
2025,SY14 7,523000,45,Wales,SY14 7<br>Avg. Price: 523K<br>Sales Volume: 45
2025,SY14 8,347000,47,Wales,SY14 8<br>Avg. Price: 347K<br>Sales Volume: 47
2025,SY15 6,294000,53,Wales,SY15 6<br>Avg. Price: 294K<br>Sales Volume: 53
2025,SY16 1,189000,46,Wales,SY16 1<br>Avg. Price: 189K<br>Sales Volume: 46
2025,SY16 2,237000,59,Wales,SY16 2<br>Avg. Price: 237K<br>Sales Volume: 59
2025,SY16 3,310000,36,Wales,SY16 3<br>Avg. Price: 310K<br>Sales Volume: 36
2025,SY16 4,282000,39,Wales,SY16 4<br>Avg. Price: 282K<br>Sales Volume: 39
2025,SY17 5,271000,39,Wales,SY17 5<br>Avg. Price: 271K<br>Sales Volume: 39
2025,SY18 6,240000,49,Wales,SY18 6<br>Avg. Price: 240K<br>Sales Volume: 49
2025,SY19 7,275000,10,Wales,SY19 7<br>Avg. Price: 275K<br>Sales Volume: 10
2025,SY2 5,290000,165,Wales,SY2 5<br>Avg. Price: 290K<br>Sales Volume: 165
2025,SY2 6,301000,118,Wales,SY2 6<br>Avg. Price: 301K<br>Sales Volume: 118
2025,SY20 8,214000,37,Wales,SY20 8<br>Avg. Price: 214K<br>Sales Volume: 37
2025,SY20 9,215000,23,Wales,SY20 9<br>Avg. Price: 215K<br>Sales Volume: 23
2025,SY21 0,249000,23,Wales,SY21 0<br>Avg. Price: 249K<br>Sales Volume: 23
2025,SY21 7,199000,64,Wales,SY21 7<br>Avg. Price: 199K<br>Sales Volume: 64
2025,SY21 8,273000,47,Wales,SY21 8<br>Avg. Price: 273K<br>Sales Volume: 47
2025,SY21 9,309000,33,Wales,SY21 9<br>Avg. Price: 309K<br>Sales Volume: 33
2025,SY22 5,216000,20,Wales,SY22 5<br>Avg. Price: 216K<br>Sales Volume: 20
2025,SY22 6,281000,86,Wales,SY22 6<br>Avg. Price: 281K<br>Sales Volume: 86
2025,SY23 1,225000,72,Wales,SY23 1<br>Avg. Price: 225K<br>Sales Volume: 72
2025,SY23 2,220000,28,Wales,SY23 2<br>Avg. Price: 220K<br>Sales Volume: 28
2025,SY23 3,240000,90,Wales,SY23 3<br>Avg. Price: 240K<br>Sales Volume: 90
2025,SY23 4,261000,57,Wales,SY23 4<br>Avg. Price: 261K<br>Sales Volume: 57
2025,SY23 5,216000,33,Wales,SY23 5<br>Avg. Price: 216K<br>Sales Volume: 33
2025,SY24 5,250000,58,Wales,SY24 5<br>Avg. Price: 250K<br>Sales Volume: 58
2025,SY25 6,195000,50,Wales,SY25 6<br>Avg. Price: 195K<br>Sales Volume: 50
2025,SY3 0,310000,61,Wales,SY3 0<br>Avg. Price: 310K<br>Sales Volume: 61
2025,SY3 5,296000,113,Wales,SY3 5<br>Avg. Price: 296K<br>Sales Volume: 113
2025,SY3 6,271000,37,Wales,SY3 6<br>Avg. Price: 271K<br>Sales Volume: 37
2025,SY3 7,356000,107,Wales,SY3 7<br>Avg. Price: 356K<br>Sales Volume: 107
2025,SY3 8,378000,149,Wales,SY3 8<br>Avg. Price: 378K<br>Sales Volume: 149
2025,SY3 9,418000,102,Wales,SY3 9<br>Avg. Price: 418K<br>Sales Volume: 102
2025,SY4 1,395000,34,Wales,SY4 1<br>Avg. Price: 395K<br>Sales Volume: 34
2025,SY4 2,365000,73,Wales,SY4 2<br>Avg. Price: 365K<br>Sales Volume: 73
2025,SY4 3,361000,46,Wales,SY4 3<br>Avg. Price: 361K<br>Sales Volume: 46
2025,SY4 4,359000,79,Wales,SY4 4<br>Avg. Price: 359K<br>Sales Volume: 79
2025,SY4 5,312000,109,Wales,SY4 5<br>Avg. Price: 312K<br>Sales Volume: 109
2025,SY5 0,334000,100,Wales,SY5 0<br>Avg. Price: 334K<br>Sales Volume: 100
2025,SY5 6,310000,35,Wales,SY5 6<br>Avg. Price: 310K<br>Sales Volume: 35
2025,SY5 7,515000,25,Wales,SY5 7<br>Avg. Price: 515K<br>Sales Volume: 25
2025,SY5 8,324000,55,Wales,SY5 8<br>Avg. Price: 324K<br>Sales Volume: 55
2025,SY5 9,329000,53,Wales,SY5 9<br>Avg. Price: 329K<br>Sales Volume: 53
2025,SY6 6,332000,66,Wales,SY6 6<br>Avg. Price: 332K<br>Sales Volume: 66
2025,SY6 7,531000,30,Wales,SY6 7<br>Avg. Price: 531K<br>Sales Volume: 30
2025,SY7 0,403000,38,Wales,SY7 0<br>Avg. Price: 403K<br>Sales Volume: 38
2025,SY7 7,425000,1,Wales,SY7 7<br>Avg. Price: 425K<br>Sales Volume: 1
2025,SY7 8,414000,34,Wales,SY7 8<br>Avg. Price: 414K<br>Sales Volume: 34
2025,SY7 9,378000,50,Wales,SY7 9<br>Avg. Price: 378K<br>Sales Volume: 50
2025,SY8 1,288000,119,Wales,SY8 1<br>Avg. Price: 288K<br>Sales Volume: 119
2025,SY8 2,296000,59,Wales,SY8 2<br>Avg. Price: 296K<br>Sales Volume: 59
2025,SY8 3,401000,27,Wales,SY8 3<br>Avg. Price: 401K<br>Sales Volume: 27
2025,SY8 4,395000,29,Wales,SY8 4<br>Avg. Price: 395K<br>Sales Volume: 29
2025,SY9 5,372000,18,Wales,SY9 5<br>Avg. Price: 372K<br>Sales Volume: 18
2025,TA1 1,222000,119,South West,TA1 1<br>Avg. Price: 222K<br>Sales Volume: 119
2025,TA1 2,259000,154,South West,TA1 2<br>Avg. Price: 259K<br>Sales Volume: 154
2025,TA1 3,306000,172,South West,TA1 3<br>Avg. Price: 306K<br>Sales Volume: 172
2025,TA1 4,291000,119,South West,TA1 4<br>Avg. Price: 291K<br>Sales Volume: 119
2025,TA1 5,330000,91,South West,TA1 5<br>Avg. Price: 330K<br>Sales Volume: 91
2025,TA10 0,403000,49,South West,TA10 0<br>Avg. Price: 403K<br>Sales Volume: 49
2025,TA10 9,392000,102,South West,TA10 9<br>Avg. Price: 392K<br>Sales Volume: 102
2025,TA11 6,383000,108,South West,TA11 6<br>Avg. Price: 383K<br>Sales Volume: 108
2025,TA11 7,585000,31,South West,TA11 7<br>Avg. Price: 585K<br>Sales Volume: 31
2025,TA12 6,324000,95,South West,TA12 6<br>Avg. Price: 324K<br>Sales Volume: 95
2025,TA13 5,417000,62,South West,TA13 5<br>Avg. Price: 417K<br>Sales Volume: 62
2025,TA14 6,362000,51,South West,TA14 6<br>Avg. Price: 362K<br>Sales Volume: 51
2025,TA15 6,372000,5,South West,TA15 6<br>Avg. Price: 372K<br>Sales Volume: 5
2025,TA16 5,282000,21,South West,TA16 5<br>Avg. Price: 282K<br>Sales Volume: 21
2025,TA17 8,598000,9,South West,TA17 8<br>Avg. Price: 598K<br>Sales Volume: 9
2025,TA18 7,275000,76,South West,TA18 7<br>Avg. Price: 275K<br>Sales Volume: 76
2025,TA18 8,262000,144,South West,TA18 8<br>Avg. Price: 262K<br>Sales Volume: 144
2025,TA19 0,288000,69,South West,TA19 0<br>Avg. Price: 288K<br>Sales Volume: 69
2025,TA19 9,328000,114,South West,TA19 9<br>Avg. Price: 328K<br>Sales Volume: 114
2025,TA2 6,282000,200,South West,TA2 6<br>Avg. Price: 282K<br>Sales Volume: 200
2025,TA2 7,246000,121,South West,TA2 7<br>Avg. Price: 246K<br>Sales Volume: 121
2025,TA2 8,331000,202,South West,TA2 8<br>Avg. Price: 331K<br>Sales Volume: 202
2025,TA20 1,235000,123,South West,TA20 1<br>Avg. Price: 235K<br>Sales Volume: 123
2025,TA20 2,275000,90,South West,TA20 2<br>Avg. Price: 275K<br>Sales Volume: 90
2025,TA20 3,533000,19,South West,TA20 3<br>Avg. Price: 533K<br>Sales Volume: 19
2025,TA20 4,368000,22,South West,TA20 4<br>Avg. Price: 368K<br>Sales Volume: 22
2025,TA21 0,345000,63,South West,TA21 0<br>Avg. Price: 345K<br>Sales Volume: 63
2025,TA21 8,281000,149,South West,TA21 8<br>Avg. Price: 281K<br>Sales Volume: 149
2025,TA21 9,306000,118,South West,TA21 9<br>Avg. Price: 306K<br>Sales Volume: 118
2025,TA22 9,286000,28,South West,TA22 9<br>Avg. Price: 286K<br>Sales Volume: 28
2025,TA23 0,298000,82,South West,TA23 0<br>Avg. Price: 298K<br>Sales Volume: 82
2025,TA24 5,257000,93,South West,TA24 5<br>Avg. Price: 257K<br>Sales Volume: 93
2025,TA24 6,300000,100,South West,TA24 6<br>Avg. Price: 300K<br>Sales Volume: 100
2025,TA24 7,427000,17,South West,TA24 7<br>Avg. Price: 427K<br>Sales Volume: 17
2025,TA24 8,349000,76,South West,TA24 8<br>Avg. Price: 349K<br>Sales Volume: 76
2025,TA3 5,377000,90,South West,TA3 5<br>Avg. Price: 377K<br>Sales Volume: 90
2025,TA3 6,442000,52,South West,TA3 6<br>Avg. Price: 442K<br>Sales Volume: 52
2025,TA3 7,506000,48,South West,TA3 7<br>Avg. Price: 506K<br>Sales Volume: 48
2025,TA4 1,361000,93,South West,TA4 1<br>Avg. Price: 361K<br>Sales Volume: 93
2025,TA4 2,345000,48,South West,TA4 2<br>Avg. Price: 345K<br>Sales Volume: 48
2025,TA4 3,404000,61,South West,TA4 3<br>Avg. Price: 404K<br>Sales Volume: 61
2025,TA4 4,331000,46,South West,TA4 4<br>Avg. Price: 331K<br>Sales Volume: 46
2025,TA5 1,397000,70,South West,TA5 1<br>Avg. Price: 397K<br>Sales Volume: 70
2025,TA5 2,325000,100,South West,TA5 2<br>Avg. Price: 325K<br>Sales Volume: 100
2025,TA6 3,214000,128,South West,TA6 3<br>Avg. Price: 214K<br>Sales Volume: 128
2025,TA6 4,233000,208,South West,TA6 4<br>Avg. Price: 233K<br>Sales Volume: 208
2025,TA6 5,192000,89,South West,TA6 5<br>Avg. Price: 192K<br>Sales Volume: 89
2025,TA6 6,274000,162,South West,TA6 6<br>Avg. Price: 274K<br>Sales Volume: 162
2025,TA6 7,316000,112,South West,TA6 7<br>Avg. Price: 316K<br>Sales Volume: 112
2025,TA7 0,462000,53,South West,TA7 0<br>Avg. Price: 462K<br>Sales Volume: 53
2025,TA7 8,346000,84,South West,TA7 8<br>Avg. Price: 346K<br>Sales Volume: 84
2025,TA7 9,423000,46,South West,TA7 9<br>Avg. Price: 423K<br>Sales Volume: 46
2025,TA8 1,276000,126,South West,TA8 1<br>Avg. Price: 276K<br>Sales Volume: 126
2025,TA8 2,298000,176,South West,TA8 2<br>Avg. Price: 298K<br>Sales Volume: 176
2025,TA9 3,227000,149,South West,TA9 3<br>Avg. Price: 227K<br>Sales Volume: 149
2025,TA9 4,426000,51,South West,TA9 4<br>Avg. Price: 426K<br>Sales Volume: 51
2025,TD12 4,233000,11,Scotland,TD12 4<br>Avg. Price: 233K<br>Sales Volume: 11
2025,TD15 1,239000,87,Scotland,TD15 1<br>Avg. Price: 239K<br>Sales Volume: 87
2025,TD15 2,239000,135,Scotland,TD15 2<br>Avg. Price: 239K<br>Sales Volume: 135
2025,TD9 0,108000,2,Scotland,TD9 0<br>Avg. Price: 108K<br>Sales Volume: 2
2025,TF1 1,176000,54,Midlands,TF1 1<br>Avg. Price: 176K<br>Sales Volume: 54
2025,TF1 2,224000,98,Midlands,TF1 2<br>Avg. Price: 224K<br>Sales Volume: 98
2025,TF1 3,214000,101,Midlands,TF1 3<br>Avg. Price: 214K<br>Sales Volume: 101
2025,TF1 5,196000,153,Midlands,TF1 5<br>Avg. Price: 196K<br>Sales Volume: 153
2025,TF1 6,251000,108,Midlands,TF1 6<br>Avg. Price: 251K<br>Sales Volume: 108
2025,TF10 7,295000,158,Midlands,TF10 7<br>Avg. Price: 295K<br>Sales Volume: 158
2025,TF10 8,478000,36,Midlands,TF10 8<br>Avg. Price: 478K<br>Sales Volume: 36
2025,TF10 9,410000,45,Midlands,TF10 9<br>Avg. Price: 410K<br>Sales Volume: 45
2025,TF11 8,302000,118,Midlands,TF11 8<br>Avg. Price: 302K<br>Sales Volume: 118
2025,TF11 9,342000,41,Midlands,TF11 9<br>Avg. Price: 342K<br>Sales Volume: 41
2025,TF12 5,282000,56,Midlands,TF12 5<br>Avg. Price: 282K<br>Sales Volume: 56
2025,TF13 6,404000,40,Midlands,TF13 6<br>Avg. Price: 404K<br>Sales Volume: 40
2025,TF2 0,219000,35,Midlands,TF2 0<br>Avg. Price: 219K<br>Sales Volume: 35
2025,TF2 5,306000,23,Midlands,TF2 5<br>Avg. Price: 306K<br>Sales Volume: 23
2025,TF2 6,190000,80,Midlands,TF2 6<br>Avg. Price: 190K<br>Sales Volume: 80
2025,TF2 7,188000,89,Midlands,TF2 7<br>Avg. Price: 188K<br>Sales Volume: 89
2025,TF2 8,227000,103,Midlands,TF2 8<br>Avg. Price: 227K<br>Sales Volume: 103
2025,TF2 9,277000,206,Midlands,TF2 9<br>Avg. Price: 277K<br>Sales Volume: 206
2025,TF3 1,179000,105,Midlands,TF3 1<br>Avg. Price: 179K<br>Sales Volume: 105
2025,TF3 2,173000,85,Midlands,TF3 2<br>Avg. Price: 173K<br>Sales Volume: 85
2025,TF3 4,430000,1,Midlands,TF3 4<br>Avg. Price: 430K<br>Sales Volume: 1
2025,TF3 5,230000,97,Midlands,TF3 5<br>Avg. Price: 230K<br>Sales Volume: 97
2025,TF4 2,229000,189,Midlands,TF4 2<br>Avg. Price: 229K<br>Sales Volume: 189
2025,TF4 3,222000,146,Midlands,TF4 3<br>Avg. Price: 222K<br>Sales Volume: 146
2025,TF5 0,316000,66,Midlands,TF5 0<br>Avg. Price: 316K<br>Sales Volume: 66
2025,TF6 5,331000,73,Midlands,TF6 5<br>Avg. Price: 331K<br>Sales Volume: 73
2025,TF6 6,406000,48,Midlands,TF6 6<br>Avg. Price: 406K<br>Sales Volume: 48
2025,TF7 4,179000,74,Midlands,TF7 4<br>Avg. Price: 179K<br>Sales Volume: 74
2025,TF7 5,164000,136,Midlands,TF7 5<br>Avg. Price: 164K<br>Sales Volume: 136
2025,TF8 7,298000,75,Midlands,TF8 7<br>Avg. Price: 298K<br>Sales Volume: 75
2025,TF9 1,252000,84,Midlands,TF9 1<br>Avg. Price: 252K<br>Sales Volume: 84
2025,TF9 2,398000,66,Midlands,TF9 2<br>Avg. Price: 398K<br>Sales Volume: 66
2025,TF9 3,268000,146,Midlands,TF9 3<br>Avg. Price: 268K<br>Sales Volume: 146
2025,TF9 4,387000,81,Midlands,TF9 4<br>Avg. Price: 387K<br>Sales Volume: 81
2025,TN1 1,453000,84,South East,TN1 1<br>Avg. Price: 453K<br>Sales Volume: 84
2025,TN1 2,499000,124,South East,TN1 2<br>Avg. Price: 499K<br>Sales Volume: 124
2025,TN10 3,466000,88,South East,TN10 3<br>Avg. Price: 466K<br>Sales Volume: 88
2025,TN10 4,553000,96,South East,TN10 4<br>Avg. Price: 553K<br>Sales Volume: 96
2025,TN11 0,493000,51,South East,TN11 0<br>Avg. Price: 493K<br>Sales Volume: 51
2025,TN11 8,680000,24,South East,TN11 8<br>Avg. Price: 680K<br>Sales Volume: 24
2025,TN11 9,648000,89,South East,TN11 9<br>Avg. Price: 648K<br>Sales Volume: 89
2025,TN12 0,411000,88,South East,TN12 0<br>Avg. Price: 411K<br>Sales Volume: 88
2025,TN12 5,467000,32,South East,TN12 5<br>Avg. Price: 467K<br>Sales Volume: 32
2025,TN12 6,472000,166,South East,TN12 6<br>Avg. Price: 472K<br>Sales Volume: 166
2025,TN12 7,636000,36,South East,TN12 7<br>Avg. Price: 636K<br>Sales Volume: 36
2025,TN12 8,585000,25,South East,TN12 8<br>Avg. Price: 585K<br>Sales Volume: 25
2025,TN12 9,505000,60,South East,TN12 9<br>Avg. Price: 505K<br>Sales Volume: 60
2025,TN13 1,907000,99,South East,TN13 1<br>Avg. Price: 907K<br>Sales Volume: 99
2025,TN13 2,804000,140,South East,TN13 2<br>Avg. Price: 804K<br>Sales Volume: 140
2025,TN13 3,838000,150,South East,TN13 3<br>Avg. Price: 838K<br>Sales Volume: 150
2025,TN14 5,607000,100,South East,TN14 5<br>Avg. Price: 607K<br>Sales Volume: 100
2025,TN14 6,840000,27,South East,TN14 6<br>Avg. Price: 840K<br>Sales Volume: 27
2025,TN14 7,777000,62,South East,TN14 7<br>Avg. Price: 777K<br>Sales Volume: 62
2025,TN15 0,959000,39,South East,TN15 0<br>Avg. Price: 959K<br>Sales Volume: 39
2025,TN15 6,583000,115,South East,TN15 6<br>Avg. Price: 583K<br>Sales Volume: 115
2025,TN15 7,623000,40,South East,TN15 7<br>Avg. Price: 623K<br>Sales Volume: 40
2025,TN15 8,489000,86,South East,TN15 8<br>Avg. Price: 489K<br>Sales Volume: 86
2025,TN15 9,880000,16,South East,TN15 9<br>Avg. Price: 880K<br>Sales Volume: 16
2025,TN16 1,595000,53,South East,TN16 1<br>Avg. Price: 595K<br>Sales Volume: 53
2025,TN16 2,746000,38,South East,TN16 2<br>Avg. Price: 746K<br>Sales Volume: 38
2025,TN16 3,470000,167,South East,TN16 3<br>Avg. Price: 470K<br>Sales Volume: 167
2025,TN17 1,467000,19,South East,TN17 1<br>Avg. Price: 467K<br>Sales Volume: 19
2025,TN17 2,626000,52,South East,TN17 2<br>Avg. Price: 626K<br>Sales Volume: 52
2025,TN17 3,477000,63,South East,TN17 3<br>Avg. Price: 477K<br>Sales Volume: 63
2025,TN17 4,529000,27,South East,TN17 4<br>Avg. Price: 529K<br>Sales Volume: 27
2025,TN18 4,402000,47,South East,TN18 4<br>Avg. Price: 402K<br>Sales Volume: 47
2025,TN18 5,627000,24,South East,TN18 5<br>Avg. Price: 627K<br>Sales Volume: 24
2025,TN19 7,528000,51,South East,TN19 7<br>Avg. Price: 528K<br>Sales Volume: 51
2025,TN2 3,437000,162,South East,TN2 3<br>Avg. Price: 437K<br>Sales Volume: 162
2025,TN2 4,571000,128,South East,TN2 4<br>Avg. Price: 571K<br>Sales Volume: 128
2025,TN2 5,620000,139,South East,TN2 5<br>Avg. Price: 620K<br>Sales Volume: 139
2025,TN20 6,640000,32,South East,TN20 6<br>Avg. Price: 640K<br>Sales Volume: 32
2025,TN21 0,515000,108,South East,TN21 0<br>Avg. Price: 515K<br>Sales Volume: 108
2025,TN21 8,329000,129,South East,TN21 8<br>Avg. Price: 329K<br>Sales Volume: 129
2025,TN21 9,583000,28,South East,TN21 9<br>Avg. Price: 583K<br>Sales Volume: 28
2025,TN22 1,339000,99,South East,TN22 1<br>Avg. Price: 339K<br>Sales Volume: 99
2025,TN22 2,540000,41,South East,TN22 2<br>Avg. Price: 540K<br>Sales Volume: 41
2025,TN22 3,635000,38,South East,TN22 3<br>Avg. Price: 635K<br>Sales Volume: 38
2025,TN22 4,613000,42,South East,TN22 4<br>Avg. Price: 613K<br>Sales Volume: 42
2025,TN22 5,461000,148,South East,TN22 5<br>Avg. Price: 461K<br>Sales Volume: 148
2025,TN23 1,258000,31,South East,TN23 1<br>Avg. Price: 258K<br>Sales Volume: 31
2025,TN23 3,342000,269,South East,TN23 3<br>Avg. Price: 342K<br>Sales Volume: 269
2025,TN23 4,303000,61,South East,TN23 4<br>Avg. Price: 303K<br>Sales Volume: 61
2025,TN23 5,268000,177,South East,TN23 5<br>Avg. Price: 268K<br>Sales Volume: 177
2025,TN23 6,286000,19,South East,TN23 6<br>Avg. Price: 286K<br>Sales Volume: 19
2025,TN23 7,270000,53,South East,TN23 7<br>Avg. Price: 270K<br>Sales Volume: 53
2025,TN23 8,450000,16,South East,TN23 8<br>Avg. Price: 450K<br>Sales Volume: 16
2025,TN24 0,311000,184,South East,TN24 0<br>Avg. Price: 311K<br>Sales Volume: 184
2025,TN24 8,308000,89,South East,TN24 8<br>Avg. Price: 308K<br>Sales Volume: 89
2025,TN24 9,369000,180,South East,TN24 9<br>Avg. Price: 369K<br>Sales Volume: 180
2025,TN25 4,476000,64,South East,TN25 4<br>Avg. Price: 476K<br>Sales Volume: 64
2025,TN25 5,550000,41,South East,TN25 5<br>Avg. Price: 550K<br>Sales Volume: 41
2025,TN25 6,417000,80,South East,TN25 6<br>Avg. Price: 417K<br>Sales Volume: 80
2025,TN25 7,373000,128,South East,TN25 7<br>Avg. Price: 373K<br>Sales Volume: 128
2025,TN26 1,491000,30,South East,TN26 1<br>Avg. Price: 491K<br>Sales Volume: 30
2025,TN26 2,496000,52,South East,TN26 2<br>Avg. Price: 496K<br>Sales Volume: 52
2025,TN26 3,572000,55,South East,TN26 3<br>Avg. Price: 572K<br>Sales Volume: 55
2025,TN27 0,540000,45,South East,TN27 0<br>Avg. Price: 540K<br>Sales Volume: 45
2025,TN27 8,603000,34,South East,TN27 8<br>Avg. Price: 603K<br>Sales Volume: 34
2025,TN27 9,493000,82,South East,TN27 9<br>Avg. Price: 493K<br>Sales Volume: 82
2025,TN28 8,369000,126,South East,TN28 8<br>Avg. Price: 369K<br>Sales Volume: 126
2025,TN29 0,335000,112,South East,TN29 0<br>Avg. Price: 335K<br>Sales Volume: 112
2025,TN29 9,292000,97,South East,TN29 9<br>Avg. Price: 292K<br>Sales Volume: 97
2025,TN3 0,829000,56,South East,TN3 0<br>Avg. Price: 829K<br>Sales Volume: 56
2025,TN3 8,578000,15,South East,TN3 8<br>Avg. Price: 578K<br>Sales Volume: 15
2025,TN3 9,776000,50,South East,TN3 9<br>Avg. Price: 776K<br>Sales Volume: 50
2025,TN30 6,494000,118,South East,TN30 6<br>Avg. Price: 494K<br>Sales Volume: 118
2025,TN30 7,584000,47,South East,TN30 7<br>Avg. Price: 584K<br>Sales Volume: 47
2025,TN31 6,510000,82,South East,TN31 6<br>Avg. Price: 510K<br>Sales Volume: 82
2025,TN31 7,424000,136,South East,TN31 7<br>Avg. Price: 424K<br>Sales Volume: 136
2025,TN32 5,525000,57,South East,TN32 5<br>Avg. Price: 525K<br>Sales Volume: 57
2025,TN33 0,473000,103,South East,TN33 0<br>Avg. Price: 473K<br>Sales Volume: 103
2025,TN33 9,471000,39,South East,TN33 9<br>Avg. Price: 471K<br>Sales Volume: 39
2025,TN34 1,227000,106,South East,TN34 1<br>Avg. Price: 227K<br>Sales Volume: 106
2025,TN34 2,354000,187,South East,TN34 2<br>Avg. Price: 354K<br>Sales Volume: 187
2025,TN34 3,286000,182,South East,TN34 3<br>Avg. Price: 286K<br>Sales Volume: 182
2025,TN35 4,435000,92,South East,TN35 4<br>Avg. Price: 435K<br>Sales Volume: 92
2025,TN35 5,295000,122,South East,TN35 5<br>Avg. Price: 295K<br>Sales Volume: 122
2025,TN36 4,532000,29,South East,TN36 4<br>Avg. Price: 532K<br>Sales Volume: 29
2025,TN37 6,242000,177,South East,TN37 6<br>Avg. Price: 242K<br>Sales Volume: 177
2025,TN37 7,343000,130,South East,TN37 7<br>Avg. Price: 343K<br>Sales Volume: 130
2025,TN38 0,303000,229,South East,TN38 0<br>Avg. Price: 303K<br>Sales Volume: 229
2025,TN38 8,310000,72,South East,TN38 8<br>Avg. Price: 310K<br>Sales Volume: 72
2025,TN38 9,300000,128,South East,TN38 9<br>Avg. Price: 300K<br>Sales Volume: 128
2025,TN39 3,387000,162,South East,TN39 3<br>Avg. Price: 387K<br>Sales Volume: 162
2025,TN39 4,422000,181,South East,TN39 4<br>Avg. Price: 422K<br>Sales Volume: 181
2025,TN39 5,300000,70,South East,TN39 5<br>Avg. Price: 300K<br>Sales Volume: 70
2025,TN4 0,530000,125,South East,TN4 0<br>Avg. Price: 530K<br>Sales Volume: 125
2025,TN4 8,522000,138,South East,TN4 8<br>Avg. Price: 522K<br>Sales Volume: 138
2025,TN4 9,521000,177,South East,TN4 9<br>Avg. Price: 521K<br>Sales Volume: 177
2025,TN40 1,234000,170,South East,TN40 1<br>Avg. Price: 234K<br>Sales Volume: 170
2025,TN40 2,309000,168,South East,TN40 2<br>Avg. Price: 309K<br>Sales Volume: 168
2025,TN5 6,601000,58,South East,TN5 6<br>Avg. Price: 601K<br>Sales Volume: 58
2025,TN5 7,586000,34,South East,TN5 7<br>Avg. Price: 586K<br>Sales Volume: 34
2025,TN6 1,511000,119,South East,TN6 1<br>Avg. Price: 511K<br>Sales Volume: 119
2025,TN6 2,443000,169,South East,TN6 2<br>Avg. Price: 443K<br>Sales Volume: 169
2025,TN6 3,512000,119,South East,TN6 3<br>Avg. Price: 512K<br>Sales Volume: 119
2025,TN7 4,908000,20,South East,TN7 4<br>Avg. Price: 908K<br>Sales Volume: 20
2025,TN8 5,434000,80,South East,TN8 5<br>Avg. Price: 434K<br>Sales Volume: 80
2025,TN8 6,549000,52,South East,TN8 6<br>Avg. Price: 549K<br>Sales Volume: 52
2025,TN8 7,951000,29,South East,TN8 7<br>Avg. Price: 951K<br>Sales Volume: 29
2025,TN9 1,381000,117,South East,TN9 1<br>Avg. Price: 381K<br>Sales Volume: 117
2025,TN9 2,449000,189,South East,TN9 2<br>Avg. Price: 449K<br>Sales Volume: 189
2025,TQ1 1,228000,147,South West,TQ1 1<br>Avg. Price: 228K<br>Sales Volume: 147
2025,TQ1 2,300000,64,South West,TQ1 2<br>Avg. Price: 300K<br>Sales Volume: 64
2025,TQ1 3,216000,144,South West,TQ1 3<br>Avg. Price: 216K<br>Sales Volume: 144
2025,TQ1 4,252000,155,South West,TQ1 4<br>Avg. Price: 252K<br>Sales Volume: 155
2025,TQ10 9,390000,38,South West,TQ10 9<br>Avg. Price: 390K<br>Sales Volume: 38
2025,TQ11 0,273000,41,South West,TQ11 0<br>Avg. Price: 273K<br>Sales Volume: 41
2025,TQ12 1,287000,231,South West,TQ12 1<br>Avg. Price: 287K<br>Sales Volume: 231
2025,TQ12 2,225000,86,South West,TQ12 2<br>Avg. Price: 225K<br>Sales Volume: 86
2025,TQ12 3,303000,177,South West,TQ12 3<br>Avg. Price: 303K<br>Sales Volume: 177
2025,TQ12 4,295000,123,South West,TQ12 4<br>Avg. Price: 295K<br>Sales Volume: 123
2025,TQ12 5,380000,122,South West,TQ12 5<br>Avg. Price: 380K<br>Sales Volume: 122
2025,TQ12 6,341000,120,South West,TQ12 6<br>Avg. Price: 341K<br>Sales Volume: 120
2025,TQ13 0,340000,100,South West,TQ13 0<br>Avg. Price: 340K<br>Sales Volume: 100
2025,TQ13 7,391000,70,South West,TQ13 7<br>Avg. Price: 391K<br>Sales Volume: 70
2025,TQ13 8,468000,55,South West,TQ13 8<br>Avg. Price: 468K<br>Sales Volume: 55
2025,TQ13 9,440000,130,South West,TQ13 9<br>Avg. Price: 440K<br>Sales Volume: 130
2025,TQ14 0,553000,28,South West,TQ14 0<br>Avg. Price: 553K<br>Sales Volume: 28
2025,TQ14 8,329000,129,South West,TQ14 8<br>Avg. Price: 329K<br>Sales Volume: 129
2025,TQ14 9,341000,143,South West,TQ14 9<br>Avg. Price: 341K<br>Sales Volume: 143
2025,TQ2 5,233000,67,South West,TQ2 5<br>Avg. Price: 233K<br>Sales Volume: 67
2025,TQ2 6,292000,140,South West,TQ2 6<br>Avg. Price: 292K<br>Sales Volume: 140
2025,TQ2 7,281000,157,South West,TQ2 7<br>Avg. Price: 281K<br>Sales Volume: 157
2025,TQ2 8,261000,110,South West,TQ2 8<br>Avg. Price: 261K<br>Sales Volume: 110
2025,TQ3 1,377000,109,South West,TQ3 1<br>Avg. Price: 377K<br>Sales Volume: 109
2025,TQ3 2,233000,158,South West,TQ3 2<br>Avg. Price: 233K<br>Sales Volume: 158
2025,TQ3 3,223000,193,South West,TQ3 3<br>Avg. Price: 223K<br>Sales Volume: 193
2025,TQ4 5,212000,85,South West,TQ4 5<br>Avg. Price: 212K<br>Sales Volume: 85
2025,TQ4 6,321000,72,South West,TQ4 6<br>Avg. Price: 321K<br>Sales Volume: 72
2025,TQ4 7,312000,209,South West,TQ4 7<br>Avg. Price: 312K<br>Sales Volume: 209
2025,TQ5 0,405000,75,South West,TQ5 0<br>Avg. Price: 405K<br>Sales Volume: 75
2025,TQ5 8,274000,78,South West,TQ5 8<br>Avg. Price: 274K<br>Sales Volume: 78
2025,TQ5 9,319000,133,South West,TQ5 9<br>Avg. Price: 319K<br>Sales Volume: 133
2025,TQ6 0,535000,57,South West,TQ6 0<br>Avg. Price: 535K<br>Sales Volume: 57
2025,TQ6 9,469000,81,South West,TQ6 9<br>Avg. Price: 469K<br>Sales Volume: 81
2025,TQ7 1,364000,93,South West,TQ7 1<br>Avg. Price: 364K<br>Sales Volume: 93
2025,TQ7 2,507000,69,South West,TQ7 2<br>Avg. Price: 507K<br>Sales Volume: 69
2025,TQ7 3,592000,69,South West,TQ7 3<br>Avg. Price: 592K<br>Sales Volume: 69
2025,TQ7 4,536000,49,South West,TQ7 4<br>Avg. Price: 536K<br>Sales Volume: 49
2025,TQ8 8,986000,40,South West,TQ8 8<br>Avg. Price: 986K<br>Sales Volume: 40
2025,TQ9 5,411000,135,South West,TQ9 5<br>Avg. Price: 411K<br>Sales Volume: 135
2025,TQ9 6,520000,85,South West,TQ9 6<br>Avg. Price: 520K<br>Sales Volume: 85
2025,TQ9 7,472000,61,South West,TQ9 7<br>Avg. Price: 472K<br>Sales Volume: 61
2025,TR1 1,327000,125,South West,TR1 1<br>Avg. Price: 327K<br>Sales Volume: 125
2025,TR1 2,347000,98,South West,TR1 2<br>Avg. Price: 347K<br>Sales Volume: 98
2025,TR1 3,316000,129,South West,TR1 3<br>Avg. Price: 316K<br>Sales Volume: 129
2025,TR10 8,273000,99,South West,TR10 8<br>Avg. Price: 273K<br>Sales Volume: 99
2025,TR10 9,368000,49,South West,TR10 9<br>Avg. Price: 368K<br>Sales Volume: 49
2025,TR11 2,360000,101,South West,TR11 2<br>Avg. Price: 360K<br>Sales Volume: 101
2025,TR11 3,391000,71,South West,TR11 3<br>Avg. Price: 391K<br>Sales Volume: 71
2025,TR11 4,414000,153,South West,TR11 4<br>Avg. Price: 414K<br>Sales Volume: 153
2025,TR11 5,483000,155,South West,TR11 5<br>Avg. Price: 483K<br>Sales Volume: 155
2025,TR12 6,482000,52,South West,TR12 6<br>Avg. Price: 482K<br>Sales Volume: 52
2025,TR12 7,375000,69,South West,TR12 7<br>Avg. Price: 375K<br>Sales Volume: 69
2025,TR13 0,370000,58,South West,TR13 0<br>Avg. Price: 370K<br>Sales Volume: 58
2025,TR13 8,277000,137,South West,TR13 8<br>Avg. Price: 277K<br>Sales Volume: 137
2025,TR13 9,368000,79,South West,TR13 9<br>Avg. Price: 368K<br>Sales Volume: 79
2025,TR14 0,287000,77,South West,TR14 0<br>Avg. Price: 287K<br>Sales Volume: 77
2025,TR14 7,273000,99,South West,TR14 7<br>Avg. Price: 273K<br>Sales Volume: 99
2025,TR14 8,182000,131,South West,TR14 8<br>Avg. Price: 182K<br>Sales Volume: 131
2025,TR14 9,274000,36,South West,TR14 9<br>Avg. Price: 274K<br>Sales Volume: 36
2025,TR15 1,215000,85,South West,TR15 1<br>Avg. Price: 215K<br>Sales Volume: 85
2025,TR15 2,238000,106,South West,TR15 2<br>Avg. Price: 238K<br>Sales Volume: 106
2025,TR15 3,260000,104,South West,TR15 3<br>Avg. Price: 260K<br>Sales Volume: 104
2025,TR16 4,312000,78,South West,TR16 4<br>Avg. Price: 312K<br>Sales Volume: 78
2025,TR16 5,320000,55,South West,TR16 5<br>Avg. Price: 320K<br>Sales Volume: 55
2025,TR16 6,254000,52,South West,TR16 6<br>Avg. Price: 254K<br>Sales Volume: 52
2025,TR17 0,356000,14,South West,TR17 0<br>Avg. Price: 356K<br>Sales Volume: 14
2025,TR18 2,215000,97,South West,TR18 2<br>Avg. Price: 215K<br>Sales Volume: 97
2025,TR18 3,244000,47,South West,TR18 3<br>Avg. Price: 244K<br>Sales Volume: 47
2025,TR18 4,369000,78,South West,TR18 4<br>Avg. Price: 369K<br>Sales Volume: 78
2025,TR18 5,315000,39,South West,TR18 5<br>Avg. Price: 315K<br>Sales Volume: 39
2025,TR19 6,399000,33,South West,TR19 6<br>Avg. Price: 399K<br>Sales Volume: 33
2025,TR19 7,326000,67,South West,TR19 7<br>Avg. Price: 326K<br>Sales Volume: 67
2025,TR2 4,340000,72,South West,TR2 4<br>Avg. Price: 340K<br>Sales Volume: 72
2025,TR2 5,780000,44,South West,TR2 5<br>Avg. Price: 780K<br>Sales Volume: 44
2025,TR20 8,372000,60,South West,TR20 8<br>Avg. Price: 372K<br>Sales Volume: 60
2025,TR20 9,399000,48,South West,TR20 9<br>Avg. Price: 399K<br>Sales Volume: 48
2025,TR21 0,530000,15,South West,TR21 0<br>Avg. Price: 530K<br>Sales Volume: 15
2025,TR26 1,414000,60,South West,TR26 1<br>Avg. Price: 414K<br>Sales Volume: 60
2025,TR26 2,450000,103,South West,TR26 2<br>Avg. Price: 450K<br>Sales Volume: 103
2025,TR26 3,390000,29,South West,TR26 3<br>Avg. Price: 390K<br>Sales Volume: 29
2025,TR27 4,300000,104,South West,TR27 4<br>Avg. Price: 300K<br>Sales Volume: 104
2025,TR27 5,337000,66,South West,TR27 5<br>Avg. Price: 337K<br>Sales Volume: 66
2025,TR27 6,360000,48,South West,TR27 6<br>Avg. Price: 360K<br>Sales Volume: 48
2025,TR3 6,457000,113,South West,TR3 6<br>Avg. Price: 457K<br>Sales Volume: 113
2025,TR3 7,444000,56,South West,TR3 7<br>Avg. Price: 444K<br>Sales Volume: 56
2025,TR4 8,340000,82,South West,TR4 8<br>Avg. Price: 340K<br>Sales Volume: 82
2025,TR4 9,384000,62,South West,TR4 9<br>Avg. Price: 384K<br>Sales Volume: 62
2025,TR5 0,484000,69,South West,TR5 0<br>Avg. Price: 484K<br>Sales Volume: 69
2025,TR6 0,482000,56,South West,TR6 0<br>Avg. Price: 482K<br>Sales Volume: 56
2025,TR7 1,397000,162,South West,TR7 1<br>Avg. Price: 397K<br>Sales Volume: 162
2025,TR7 2,314000,163,South West,TR7 2<br>Avg. Price: 314K<br>Sales Volume: 163
2025,TR7 3,317000,117,South West,TR7 3<br>Avg. Price: 317K<br>Sales Volume: 117
2025,TR8 4,363000,171,South West,TR8 4<br>Avg. Price: 363K<br>Sales Volume: 171
2025,TR8 5,401000,70,South West,TR8 5<br>Avg. Price: 401K<br>Sales Volume: 70
2025,TR9 6,293000,117,South West,TR9 6<br>Avg. Price: 293K<br>Sales Volume: 117
2025,TS1 1,93000,2,North England,TS1 1<br>Avg. Price: 93K<br>Sales Volume: 2
2025,TS1 2,176000,10,North England,TS1 2<br>Avg. Price: 176K<br>Sales Volume: 10
2025,TS1 3,113000,62,North England,TS1 3<br>Avg. Price: 113K<br>Sales Volume: 62
2025,TS1 4,68000,198,North England,TS1 4<br>Avg. Price: 68K<br>Sales Volume: 198
2025,TS1 5,80000,4,North England,TS1 5<br>Avg. Price: 80K<br>Sales Volume: 4
2025,TS10 1,138000,91,North England,TS10 1<br>Avg. Price: 138K<br>Sales Volume: 91
2025,TS10 2,208000,182,North England,TS10 2<br>Avg. Price: 208K<br>Sales Volume: 182
2025,TS10 3,134000,94,North England,TS10 3<br>Avg. Price: 134K<br>Sales Volume: 94
2025,TS10 4,161000,90,North England,TS10 4<br>Avg. Price: 161K<br>Sales Volume: 90
2025,TS10 5,140000,59,North England,TS10 5<br>Avg. Price: 140K<br>Sales Volume: 59
2025,TS11 6,199000,60,North England,TS11 6<br>Avg. Price: 199K<br>Sales Volume: 60
2025,TS11 7,184000,50,North England,TS11 7<br>Avg. Price: 184K<br>Sales Volume: 50
2025,TS11 8,177000,55,North England,TS11 8<br>Avg. Price: 177K<br>Sales Volume: 55
2025,TS12 1,244000,113,North England,TS12 1<br>Avg. Price: 244K<br>Sales Volume: 113
2025,TS12 2,157000,186,North England,TS12 2<br>Avg. Price: 157K<br>Sales Volume: 186
2025,TS12 3,130000,53,North England,TS12 3<br>Avg. Price: 130K<br>Sales Volume: 53
2025,TS13 4,116000,116,North England,TS13 4<br>Avg. Price: 116K<br>Sales Volume: 116
2025,TS13 5,266000,35,North England,TS13 5<br>Avg. Price: 266K<br>Sales Volume: 35
2025,TS14 6,149000,104,North England,TS14 6<br>Avg. Price: 149K<br>Sales Volume: 104
2025,TS14 7,195000,90,North England,TS14 7<br>Avg. Price: 195K<br>Sales Volume: 90
2025,TS14 8,301000,87,North England,TS14 8<br>Avg. Price: 301K<br>Sales Volume: 87
2025,TS15 0,432000,26,North England,TS15 0<br>Avg. Price: 432K<br>Sales Volume: 26
2025,TS15 9,330000,227,North England,TS15 9<br>Avg. Price: 330K<br>Sales Volume: 227
2025,TS16 0,252000,158,North England,TS16 0<br>Avg. Price: 252K<br>Sales Volume: 158
2025,TS16 9,262000,45,North England,TS16 9<br>Avg. Price: 262K<br>Sales Volume: 45
2025,TS17 0,203000,206,North England,TS17 0<br>Avg. Price: 203K<br>Sales Volume: 206
2025,TS17 5,246000,228,North England,TS17 5<br>Avg. Price: 246K<br>Sales Volume: 228
2025,TS17 6,75000,58,North England,TS17 6<br>Avg. Price: 75K<br>Sales Volume: 58
2025,TS17 7,82000,38,North England,TS17 7<br>Avg. Price: 82K<br>Sales Volume: 38
2025,TS17 8,124000,107,North England,TS17 8<br>Avg. Price: 124K<br>Sales Volume: 107
2025,TS17 9,125000,69,North England,TS17 9<br>Avg. Price: 125K<br>Sales Volume: 69
2025,TS18 1,76000,27,North England,TS18 1<br>Avg. Price: 76K<br>Sales Volume: 27
2025,TS18 2,155000,45,North England,TS18 2<br>Avg. Price: 155K<br>Sales Volume: 45
2025,TS18 3,131000,152,North England,TS18 3<br>Avg. Price: 131K<br>Sales Volume: 152
2025,TS18 4,149000,92,North England,TS18 4<br>Avg. Price: 149K<br>Sales Volume: 92
2025,TS18 5,234000,102,North England,TS18 5<br>Avg. Price: 234K<br>Sales Volume: 102
2025,TS19 0,125000,164,North England,TS19 0<br>Avg. Price: 125K<br>Sales Volume: 164
2025,TS19 7,192000,125,North England,TS19 7<br>Avg. Price: 192K<br>Sales Volume: 125
2025,TS19 8,152000,137,North England,TS19 8<br>Avg. Price: 152K<br>Sales Volume: 137
2025,TS19 9,107000,58,North England,TS19 9<br>Avg. Price: 107K<br>Sales Volume: 58
2025,TS2 1,63000,7,North England,TS2 1<br>Avg. Price: 63K<br>Sales Volume: 7
2025,TS20 1,195000,185,North England,TS20 1<br>Avg. Price: 195K<br>Sales Volume: 185
2025,TS20 2,119000,152,North England,TS20 2<br>Avg. Price: 119K<br>Sales Volume: 152
2025,TS21 1,250000,107,North England,TS21 1<br>Avg. Price: 250K<br>Sales Volume: 107
2025,TS21 2,281000,49,North England,TS21 2<br>Avg. Price: 281K<br>Sales Volume: 49
2025,TS21 3,190000,98,North England,TS21 3<br>Avg. Price: 190K<br>Sales Volume: 98
2025,TS21 4,107000,46,North England,TS21 4<br>Avg. Price: 107K<br>Sales Volume: 46
2025,TS22 5,336000,220,North England,TS22 5<br>Avg. Price: 336K<br>Sales Volume: 220
2025,TS23 1,145000,71,North England,TS23 1<br>Avg. Price: 145K<br>Sales Volume: 71
2025,TS23 2,123000,111,North England,TS23 2<br>Avg. Price: 123K<br>Sales Volume: 111
2025,TS23 3,151000,207,North England,TS23 3<br>Avg. Price: 151K<br>Sales Volume: 207
2025,TS23 4,123000,20,North England,TS23 4<br>Avg. Price: 123K<br>Sales Volume: 20
2025,TS24 0,140000,80,North England,TS24 0<br>Avg. Price: 140K<br>Sales Volume: 80
2025,TS24 7,66000,22,North England,TS24 7<br>Avg. Price: 66K<br>Sales Volume: 22
2025,TS24 8,78000,105,North England,TS24 8<br>Avg. Price: 78K<br>Sales Volume: 105
2025,TS24 9,121000,82,North England,TS24 9<br>Avg. Price: 121K<br>Sales Volume: 82
2025,TS25 1,146000,129,North England,TS25 1<br>Avg. Price: 146K<br>Sales Volume: 129
2025,TS25 2,180000,127,North England,TS25 2<br>Avg. Price: 180K<br>Sales Volume: 127
2025,TS25 3,105000,56,North England,TS25 3<br>Avg. Price: 105K<br>Sales Volume: 56
2025,TS25 4,89000,58,North England,TS25 4<br>Avg. Price: 89K<br>Sales Volume: 58
2025,TS25 5,95000,214,North England,TS25 5<br>Avg. Price: 95K<br>Sales Volume: 214
2025,TS26 0,242000,269,North England,TS26 0<br>Avg. Price: 242K<br>Sales Volume: 269
2025,TS26 8,94000,187,North England,TS26 8<br>Avg. Price: 94K<br>Sales Volume: 187
2025,TS26 9,121000,144,North England,TS26 9<br>Avg. Price: 121K<br>Sales Volume: 144
2025,TS27 3,215000,103,North England,TS27 3<br>Avg. Price: 215K<br>Sales Volume: 103
2025,TS27 4,118000,160,North England,TS27 4<br>Avg. Price: 118K<br>Sales Volume: 160
2025,TS28 5,160000,119,North England,TS28 5<br>Avg. Price: 160K<br>Sales Volume: 119
2025,TS29 6,103000,115,North England,TS29 6<br>Avg. Price: 103K<br>Sales Volume: 115
2025,TS3 0,93000,82,North England,TS3 0<br>Avg. Price: 93K<br>Sales Volume: 82
2025,TS3 6,59000,91,North England,TS3 6<br>Avg. Price: 59K<br>Sales Volume: 91
2025,TS3 7,90000,84,North England,TS3 7<br>Avg. Price: 90K<br>Sales Volume: 84
2025,TS3 8,96000,48,North England,TS3 8<br>Avg. Price: 96K<br>Sales Volume: 48
2025,TS3 9,89000,45,North England,TS3 9<br>Avg. Price: 89K<br>Sales Volume: 45
2025,TS4 2,114000,88,North England,TS4 2<br>Avg. Price: 114K<br>Sales Volume: 88
2025,TS4 3,152000,122,North England,TS4 3<br>Avg. Price: 152K<br>Sales Volume: 122
2025,TS5 4,113000,104,North England,TS5 4<br>Avg. Price: 113K<br>Sales Volume: 104
2025,TS5 5,160000,127,North England,TS5 5<br>Avg. Price: 160K<br>Sales Volume: 127
2025,TS5 6,112000,108,North England,TS5 6<br>Avg. Price: 112K<br>Sales Volume: 108
2025,TS5 7,180000,109,North England,TS5 7<br>Avg. Price: 180K<br>Sales Volume: 109
2025,TS5 8,205000,215,North England,TS5 8<br>Avg. Price: 205K<br>Sales Volume: 215
2025,TS6 0,180000,212,North England,TS6 0<br>Avg. Price: 180K<br>Sales Volume: 212
2025,TS6 6,70000,22,North England,TS6 6<br>Avg. Price: 70K<br>Sales Volume: 22
2025,TS6 7,77000,37,North England,TS6 7<br>Avg. Price: 77K<br>Sales Volume: 37
2025,TS6 8,101000,33,North England,TS6 8<br>Avg. Price: 101K<br>Sales Volume: 33
2025,TS6 9,138000,136,North England,TS6 9<br>Avg. Price: 138K<br>Sales Volume: 136
2025,TS7 0,291000,135,North England,TS7 0<br>Avg. Price: 291K<br>Sales Volume: 135
2025,TS7 8,218000,154,North England,TS7 8<br>Avg. Price: 218K<br>Sales Volume: 154
2025,TS7 9,145000,82,North England,TS7 9<br>Avg. Price: 145K<br>Sales Volume: 82
2025,TS8 0,199000,128,North England,TS8 0<br>Avg. Price: 199K<br>Sales Volume: 128
2025,TS8 9,205000,228,North England,TS8 9<br>Avg. Price: 205K<br>Sales Volume: 228
2025,TS9 5,325000,91,North England,TS9 5<br>Avg. Price: 325K<br>Sales Volume: 91
2025,TS9 6,290000,84,North England,TS9 6<br>Avg. Price: 290K<br>Sales Volume: 84
2025,TS9 7,488000,26,North England,TS9 7<br>Avg. Price: 488K<br>Sales Volume: 26
2025,TW1 1,872000,118,Greater London,TW1 1<br>Avg. Price: 872K<br>Sales Volume: 118
2025,TW1 2,849000,89,Greater London,TW1 2<br>Avg. Price: 849K<br>Sales Volume: 89
2025,TW1 3,830000,79,Greater London,TW1 3<br>Avg. Price: 830K<br>Sales Volume: 79
2025,TW1 4,894000,101,Greater London,TW1 4<br>Avg. Price: 894K<br>Sales Volume: 101
2025,TW10 5,975000,47,Greater London,TW10 5<br>Avg. Price: 975K<br>Sales Volume: 47
2025,TW10 6,1172000,143,Greater London,"TW10 6<br>Avg. Price: 1,172K<br>Sales Volume: 143"
2025,TW10 7,963000,69,Greater London,TW10 7<br>Avg. Price: 963K<br>Sales Volume: 69
2025,TW11 0,762000,85,Greater London,TW11 0<br>Avg. Price: 762K<br>Sales Volume: 85
2025,TW11 8,744000,128,Greater London,TW11 8<br>Avg. Price: 744K<br>Sales Volume: 128
2025,TW11 9,875000,106,Greater London,TW11 9<br>Avg. Price: 875K<br>Sales Volume: 106
2025,TW12 1,720000,87,Greater London,TW12 1<br>Avg. Price: 720K<br>Sales Volume: 87
2025,TW12 2,772000,118,Greater London,TW12 2<br>Avg. Price: 772K<br>Sales Volume: 118
2025,TW12 3,626000,85,Greater London,TW12 3<br>Avg. Price: 626K<br>Sales Volume: 85
2025,TW13 4,335000,122,Greater London,TW13 4<br>Avg. Price: 335K<br>Sales Volume: 122
2025,TW13 5,434000,70,Greater London,TW13 5<br>Avg. Price: 434K<br>Sales Volume: 70
2025,TW13 6,428000,63,Greater London,TW13 6<br>Avg. Price: 428K<br>Sales Volume: 63
2025,TW13 7,449000,59,Greater London,TW13 7<br>Avg. Price: 449K<br>Sales Volume: 59
2025,TW14 0,412000,51,Greater London,TW14 0<br>Avg. Price: 412K<br>Sales Volume: 51
2025,TW14 8,430000,63,Greater London,TW14 8<br>Avg. Price: 430K<br>Sales Volume: 63
2025,TW14 9,425000,91,Greater London,TW14 9<br>Avg. Price: 425K<br>Sales Volume: 91
2025,TW15 1,464000,156,Greater London,TW15 1<br>Avg. Price: 464K<br>Sales Volume: 156
2025,TW15 2,425000,117,Greater London,TW15 2<br>Avg. Price: 425K<br>Sales Volume: 117
2025,TW15 3,462000,110,Greater London,TW15 3<br>Avg. Price: 462K<br>Sales Volume: 110
2025,TW16 5,643000,93,Greater London,TW16 5<br>Avg. Price: 643K<br>Sales Volume: 93
2025,TW16 6,603000,79,Greater London,TW16 6<br>Avg. Price: 603K<br>Sales Volume: 79
2025,TW16 7,390000,112,Greater London,TW16 7<br>Avg. Price: 390K<br>Sales Volume: 112
2025,TW17 0,482000,59,Greater London,TW17 0<br>Avg. Price: 482K<br>Sales Volume: 59
2025,TW17 8,566000,85,Greater London,TW17 8<br>Avg. Price: 566K<br>Sales Volume: 85
2025,TW17 9,577000,40,Greater London,TW17 9<br>Avg. Price: 577K<br>Sales Volume: 40
2025,TW18 1,510000,111,Greater London,TW18 1<br>Avg. Price: 510K<br>Sales Volume: 111
2025,TW18 2,451000,114,Greater London,TW18 2<br>Avg. Price: 451K<br>Sales Volume: 114
2025,TW18 3,457000,74,Greater London,TW18 3<br>Avg. Price: 457K<br>Sales Volume: 74
2025,TW18 4,408000,116,Greater London,TW18 4<br>Avg. Price: 408K<br>Sales Volume: 116
2025,TW19 5,718000,30,Greater London,TW19 5<br>Avg. Price: 718K<br>Sales Volume: 30
2025,TW19 6,411000,16,Greater London,TW19 6<br>Avg. Price: 411K<br>Sales Volume: 16
2025,TW19 7,365000,112,Greater London,TW19 7<br>Avg. Price: 365K<br>Sales Volume: 112
2025,TW2 5,676000,118,Greater London,TW2 5<br>Avg. Price: 676K<br>Sales Volume: 118
2025,TW2 6,701000,139,Greater London,TW2 6<br>Avg. Price: 701K<br>Sales Volume: 139
2025,TW2 7,641000,108,Greater London,TW2 7<br>Avg. Price: 641K<br>Sales Volume: 108
2025,TW20 0,573000,82,Greater London,TW20 0<br>Avg. Price: 573K<br>Sales Volume: 82
2025,TW20 8,486000,90,Greater London,TW20 8<br>Avg. Price: 486K<br>Sales Volume: 90
2025,TW20 9,488000,82,Greater London,TW20 9<br>Avg. Price: 488K<br>Sales Volume: 82
2025,TW3 1,363000,70,Greater London,TW3 1<br>Avg. Price: 363K<br>Sales Volume: 70
2025,TW3 2,454000,85,Greater London,TW3 2<br>Avg. Price: 454K<br>Sales Volume: 85
2025,TW3 3,406000,65,Greater London,TW3 3<br>Avg. Price: 406K<br>Sales Volume: 65
2025,TW3 4,463000,41,Greater London,TW3 4<br>Avg. Price: 463K<br>Sales Volume: 41
2025,TW4 5,407000,50,Greater London,TW4 5<br>Avg. Price: 407K<br>Sales Volume: 50
2025,TW4 6,492000,31,Greater London,TW4 6<br>Avg. Price: 492K<br>Sales Volume: 31
2025,TW4 7,464000,38,Greater London,TW4 7<br>Avg. Price: 464K<br>Sales Volume: 38
2025,TW5 0,515000,67,Greater London,TW5 0<br>Avg. Price: 515K<br>Sales Volume: 67
2025,TW5 9,484000,76,Greater London,TW5 9<br>Avg. Price: 484K<br>Sales Volume: 76
2025,TW6 2,500000,1,Greater London,TW6 2<br>Avg. Price: 500K<br>Sales Volume: 1
2025,TW7 4,526000,72,Greater London,TW7 4<br>Avg. Price: 526K<br>Sales Volume: 72
2025,TW7 5,558000,73,Greater London,TW7 5<br>Avg. Price: 558K<br>Sales Volume: 73
2025,TW7 6,478000,131,Greater London,TW7 6<br>Avg. Price: 478K<br>Sales Volume: 131
2025,TW7 7,558000,93,Greater London,TW7 7<br>Avg. Price: 558K<br>Sales Volume: 93
2025,TW8 0,490000,190,Greater London,TW8 0<br>Avg. Price: 490K<br>Sales Volume: 190
2025,TW8 8,533000,65,Greater London,TW8 8<br>Avg. Price: 533K<br>Sales Volume: 65
2025,TW8 9,574000,63,Greater London,TW8 9<br>Avg. Price: 574K<br>Sales Volume: 63
2025,TW9 1,888000,79,Greater London,TW9 1<br>Avg. Price: 888K<br>Sales Volume: 79
2025,TW9 2,922000,96,Greater London,TW9 2<br>Avg. Price: 922K<br>Sales Volume: 96
2025,TW9 3,854000,48,Greater London,TW9 3<br>Avg. Price: 854K<br>Sales Volume: 48
2025,TW9 4,858000,96,Greater London,TW9 4<br>Avg. Price: 858K<br>Sales Volume: 96
2025,UB1 1,450000,104,Greater London,UB1 1<br>Avg. Price: 450K<br>Sales Volume: 104
2025,UB1 2,494000,89,Greater London,UB1 2<br>Avg. Price: 494K<br>Sales Volume: 89
2025,UB1 3,456000,38,Greater London,UB1 3<br>Avg. Price: 456K<br>Sales Volume: 38
2025,UB10 0,483000,122,Greater London,UB10 0<br>Avg. Price: 483K<br>Sales Volume: 122
2025,UB10 8,775000,174,Greater London,UB10 8<br>Avg. Price: 775K<br>Sales Volume: 174
2025,UB10 9,555000,115,Greater London,UB10 9<br>Avg. Price: 555K<br>Sales Volume: 115
2025,UB2 4,470000,76,Greater London,UB2 4<br>Avg. Price: 470K<br>Sales Volume: 76
2025,UB2 5,457000,92,Greater London,UB2 5<br>Avg. Price: 457K<br>Sales Volume: 92
2025,UB3 1,476000,63,Greater London,UB3 1<br>Avg. Price: 476K<br>Sales Volume: 63
2025,UB3 2,450000,79,Greater London,UB3 2<br>Avg. Price: 450K<br>Sales Volume: 79
2025,UB3 3,445000,23,Greater London,UB3 3<br>Avg. Price: 445K<br>Sales Volume: 23
2025,UB3 4,420000,91,Greater London,UB3 4<br>Avg. Price: 420K<br>Sales Volume: 91
2025,UB3 5,329000,136,Greater London,UB3 5<br>Avg. Price: 329K<br>Sales Volume: 136
2025,UB4 0,487000,68,Greater London,UB4 0<br>Avg. Price: 487K<br>Sales Volume: 68
2025,UB4 8,499000,143,Greater London,UB4 8<br>Avg. Price: 499K<br>Sales Volume: 143
2025,UB4 9,395000,72,Greater London,UB4 9<br>Avg. Price: 395K<br>Sales Volume: 72
2025,UB5 4,440000,110,Greater London,UB5 4<br>Avg. Price: 440K<br>Sales Volume: 110
2025,UB5 5,406000,95,Greater London,UB5 5<br>Avg. Price: 406K<br>Sales Volume: 95
2025,UB5 6,377000,119,Greater London,UB5 6<br>Avg. Price: 377K<br>Sales Volume: 119
2025,UB6 0,493000,85,Greater London,UB6 0<br>Avg. Price: 493K<br>Sales Volume: 85
2025,UB6 7,438000,65,Greater London,UB6 7<br>Avg. Price: 438K<br>Sales Volume: 65
2025,UB6 8,514000,97,Greater London,UB6 8<br>Avg. Price: 514K<br>Sales Volume: 97
2025,UB6 9,458000,85,Greater London,UB6 9<br>Avg. Price: 458K<br>Sales Volume: 85
2025,UB7 0,388000,24,Greater London,UB7 0<br>Avg. Price: 388K<br>Sales Volume: 24
2025,UB7 7,397000,105,Greater London,UB7 7<br>Avg. Price: 397K<br>Sales Volume: 105
2025,UB7 8,417000,56,Greater London,UB7 8<br>Avg. Price: 417K<br>Sales Volume: 56
2025,UB7 9,388000,106,Greater London,UB7 9<br>Avg. Price: 388K<br>Sales Volume: 106
2025,UB8 1,434000,55,Greater London,UB8 1<br>Avg. Price: 434K<br>Sales Volume: 55
2025,UB8 2,416000,131,Greater London,UB8 2<br>Avg. Price: 416K<br>Sales Volume: 131
2025,UB8 3,483000,143,Greater London,UB8 3<br>Avg. Price: 483K<br>Sales Volume: 143
2025,UB9 4,580000,30,Greater London,UB9 4<br>Avg. Price: 580K<br>Sales Volume: 30
2025,UB9 5,567000,67,Greater London,UB9 5<br>Avg. Price: 567K<br>Sales Volume: 67
2025,UB9 6,456000,74,Greater London,UB9 6<br>Avg. Price: 456K<br>Sales Volume: 74
2025,W10 4,724000,70,Greater London,W10 4<br>Avg. Price: 724K<br>Sales Volume: 70
2025,W10 5,768000,57,Greater London,W10 5<br>Avg. Price: 768K<br>Sales Volume: 57
2025,W10 6,1029000,87,Greater London,"W10 6<br>Avg. Price: 1,029K<br>Sales Volume: 87"
2025,W11 1,1020000,80,Greater London,"W11 1<br>Avg. Price: 1,020K<br>Sales Volume: 80"
2025,W11 2,2326000,78,Greater London,"W11 2<br>Avg. Price: 2,326K<br>Sales Volume: 78"
2025,W11 3,3182000,65,Greater London,"W11 3<br>Avg. Price: 3,182K<br>Sales Volume: 65"
2025,W11 4,1941000,56,Greater London,"W11 4<br>Avg. Price: 1,941K<br>Sales Volume: 56"
2025,W12 0,687000,90,Greater London,W12 0<br>Avg. Price: 687K<br>Sales Volume: 90
2025,W12 7,671000,83,Greater London,W12 7<br>Avg. Price: 671K<br>Sales Volume: 83
2025,W12 8,663000,87,Greater London,W12 8<br>Avg. Price: 663K<br>Sales Volume: 87
2025,W12 9,836000,144,Greater London,W12 9<br>Avg. Price: 836K<br>Sales Volume: 144
2025,W13 0,615000,93,Greater London,W13 0<br>Avg. Price: 615K<br>Sales Volume: 93
2025,W13 8,949000,74,Greater London,W13 8<br>Avg. Price: 949K<br>Sales Volume: 74
2025,W13 9,802000,203,Greater London,W13 9<br>Avg. Price: 802K<br>Sales Volume: 203
2025,W14 0,909000,123,Greater London,W14 0<br>Avg. Price: 909K<br>Sales Volume: 123
2025,W14 8,1566000,101,Greater London,"W14 8<br>Avg. Price: 1,566K<br>Sales Volume: 101"
2025,W14 9,615000,177,Greater London,W14 9<br>Avg. Price: 615K<br>Sales Volume: 177
2025,W1B 1,1743000,5,Greater London,"W1B 1<br>Avg. Price: 1,743K<br>Sales Volume: 5"
2025,W1D 3,1480000,4,Greater London,"W1D 3<br>Avg. Price: 1,480K<br>Sales Volume: 4"
2025,W1D 5,750000,1,Greater London,W1D 5<br>Avg. Price: 750K<br>Sales Volume: 1
2025,W1D 7,435000,3,Greater London,W1D 7<br>Avg. Price: 435K<br>Sales Volume: 3
2025,W1F 0,1388000,3,Greater London,"W1F 0<br>Avg. Price: 1,388K<br>Sales Volume: 3"
2025,W1F 7,613000,3,Greater London,W1F 7<br>Avg. Price: 613K<br>Sales Volume: 3
2025,W1F 8,6275000,2,Greater London,"W1F 8<br>Avg. Price: 6,275K<br>Sales Volume: 2"
2025,W1F 9,735000,1,Greater London,W1F 9<br>Avg. Price: 735K<br>Sales Volume: 1
2025,W1G 0,2875000,4,Greater London,"W1G 0<br>Avg. Price: 2,875K<br>Sales Volume: 4"
2025,W1G 6,1923000,9,Greater London,"W1G 6<br>Avg. Price: 1,923K<br>Sales Volume: 9"
2025,W1G 7,3600000,1,Greater London,"W1G 7<br>Avg. Price: 3,600K<br>Sales Volume: 1"
2025,W1G 8,1833000,12,Greater London,"W1G 8<br>Avg. Price: 1,833K<br>Sales Volume: 12"
2025,W1G 9,2403000,5,Greater London,"W1G 9<br>Avg. Price: 2,403K<br>Sales Volume: 5"
2025,W1H 1,1728000,8,Greater London,"W1H 1<br>Avg. Price: 1,728K<br>Sales Volume: 8"
2025,W1H 2,1750000,24,Greater London,"W1H 2<br>Avg. Price: 1,750K<br>Sales Volume: 24"
2025,W1H 4,1176000,5,Greater London,"W1H 4<br>Avg. Price: 1,176K<br>Sales Volume: 5"
2025,W1H 5,1271000,25,Greater London,"W1H 5<br>Avg. Price: 1,271K<br>Sales Volume: 25"
2025,W1H 6,1536000,2,Greater London,"W1H 6<br>Avg. Price: 1,536K<br>Sales Volume: 2"
2025,W1H 7,1503000,11,Greater London,"W1H 7<br>Avg. Price: 1,503K<br>Sales Volume: 11"
2025,W1J 5,4350000,6,Greater London,"W1J 5<br>Avg. Price: 4,350K<br>Sales Volume: 6"
2025,W1J 7,1257000,5,Greater London,"W1J 7<br>Avg. Price: 1,257K<br>Sales Volume: 5"
2025,W1J 8,4952000,6,Greater London,"W1J 8<br>Avg. Price: 4,952K<br>Sales Volume: 6"
2025,W1K 1,3050000,2,Greater London,"W1K 1<br>Avg. Price: 3,050K<br>Sales Volume: 2"
2025,W1K 2,3891000,7,Greater London,"W1K 2<br>Avg. Price: 3,891K<br>Sales Volume: 7"
2025,W1K 3,6182000,4,Greater London,"W1K 3<br>Avg. Price: 6,182K<br>Sales Volume: 4"
2025,W1K 4,2694000,3,Greater London,"W1K 4<br>Avg. Price: 2,694K<br>Sales Volume: 3"
2025,W1K 6,3580000,5,Greater London,"W1K 6<br>Avg. Price: 3,580K<br>Sales Volume: 5"
2025,W1K 7,4614000,7,Greater London,"W1K 7<br>Avg. Price: 4,614K<br>Sales Volume: 7"
2025,W1S 1,2234000,5,Greater London,"W1S 1<br>Avg. Price: 2,234K<br>Sales Volume: 5"
2025,W1S 3,3060000,1,Greater London,"W1S 3<br>Avg. Price: 3,060K<br>Sales Volume: 1"
2025,W1S 4,817000,1,Greater London,W1S 4<br>Avg. Price: 817K<br>Sales Volume: 1
2025,W1T 1,954000,9,Greater London,W1T 1<br>Avg. Price: 954K<br>Sales Volume: 9
2025,W1T 2,3150000,1,Greater London,"W1T 2<br>Avg. Price: 3,150K<br>Sales Volume: 1"
2025,W1T 3,1265000,11,Greater London,"W1T 3<br>Avg. Price: 1,265K<br>Sales Volume: 11"
2025,W1T 4,644000,7,Greater London,W1T 4<br>Avg. Price: 644K<br>Sales Volume: 7
2025,W1T 5,1470000,5,Greater London,"W1T 5<br>Avg. Price: 1,470K<br>Sales Volume: 5"
2025,W1T 6,1093000,11,Greater London,"W1T 6<br>Avg. Price: 1,093K<br>Sales Volume: 11"
2025,W1U 1,2429000,6,Greater London,"W1U 1<br>Avg. Price: 2,429K<br>Sales Volume: 6"
2025,W1U 2,4234000,4,Greater London,"W1U 2<br>Avg. Price: 4,234K<br>Sales Volume: 4"
2025,W1U 3,1148000,4,Greater London,"W1U 3<br>Avg. Price: 1,148K<br>Sales Volume: 4"
2025,W1U 4,3652000,12,Greater London,"W1U 4<br>Avg. Price: 3,652K<br>Sales Volume: 12"
2025,W1U 5,2077000,20,Greater London,"W1U 5<br>Avg. Price: 2,077K<br>Sales Volume: 20"
2025,W1U 6,2030000,13,Greater London,"W1U 6<br>Avg. Price: 2,030K<br>Sales Volume: 13"
2025,W1U 7,1342000,3,Greater London,"W1U 7<br>Avg. Price: 1,342K<br>Sales Volume: 3"
2025,W1U 8,2263000,3,Greater London,"W1U 8<br>Avg. Price: 2,263K<br>Sales Volume: 3"
2025,W1W 5,1003000,11,Greater London,"W1W 5<br>Avg. Price: 1,003K<br>Sales Volume: 11"
2025,W1W 6,1395000,9,Greater London,"W1W 6<br>Avg. Price: 1,395K<br>Sales Volume: 9"
2025,W1W 7,1365000,6,Greater London,"W1W 7<br>Avg. Price: 1,365K<br>Sales Volume: 6"
2025,W2 1,881000,49,Greater London,W2 1<br>Avg. Price: 881K<br>Sales Volume: 49
2025,W2 2,1258000,99,Greater London,"W2 2<br>Avg. Price: 1,258K<br>Sales Volume: 99"
2025,W2 3,1353000,62,Greater London,"W2 3<br>Avg. Price: 1,353K<br>Sales Volume: 62"
2025,W2 4,2128000,84,Greater London,"W2 4<br>Avg. Price: 2,128K<br>Sales Volume: 84"
2025,W2 5,1617000,91,Greater London,"W2 5<br>Avg. Price: 1,617K<br>Sales Volume: 91"
2025,W2 6,751000,66,Greater London,W2 6<br>Avg. Price: 751K<br>Sales Volume: 66
2025,W3 0,700000,50,Greater London,W3 0<br>Avg. Price: 700K<br>Sales Volume: 50
2025,W3 6,619000,143,Greater London,W3 6<br>Avg. Price: 619K<br>Sales Volume: 143
2025,W3 7,554000,136,Greater London,W3 7<br>Avg. Price: 554K<br>Sales Volume: 136
2025,W3 8,568000,127,Greater London,W3 8<br>Avg. Price: 568K<br>Sales Volume: 127
2025,W3 9,808000,84,Greater London,W3 9<br>Avg. Price: 808K<br>Sales Volume: 84
2025,W4 1,1222000,104,Greater London,"W4 1<br>Avg. Price: 1,222K<br>Sales Volume: 104"
2025,W4 2,1086000,112,Greater London,"W4 2<br>Avg. Price: 1,086K<br>Sales Volume: 112"
2025,W4 3,1101000,131,Greater London,"W4 3<br>Avg. Price: 1,101K<br>Sales Volume: 131"
2025,W4 4,1208000,51,Greater London,"W4 4<br>Avg. Price: 1,208K<br>Sales Volume: 51"
2025,W4 5,746000,152,Greater London,W4 5<br>Avg. Price: 746K<br>Sales Volume: 152
2025,W5 1,750000,98,Greater London,W5 1<br>Avg. Price: 750K<br>Sales Volume: 98
2025,W5 2,927000,138,Greater London,W5 2<br>Avg. Price: 927K<br>Sales Volume: 138
2025,W5 3,802000,109,Greater London,W5 3<br>Avg. Price: 802K<br>Sales Volume: 109
2025,W5 4,702000,129,Greater London,W5 4<br>Avg. Price: 702K<br>Sales Volume: 129
2025,W5 5,776000,56,Greater London,W5 5<br>Avg. Price: 776K<br>Sales Volume: 56
2025,W6 0,909000,148,Greater London,W6 0<br>Avg. Price: 909K<br>Sales Volume: 148
2025,W6 7,923000,54,Greater London,W6 7<br>Avg. Price: 923K<br>Sales Volume: 54
2025,W6 8,740000,92,Greater London,W6 8<br>Avg. Price: 740K<br>Sales Volume: 92
2025,W6 9,980000,106,Greater London,W6 9<br>Avg. Price: 980K<br>Sales Volume: 106
2025,W7 1,531000,71,Greater London,W7 1<br>Avg. Price: 531K<br>Sales Volume: 71
2025,W7 2,655000,86,Greater London,W7 2<br>Avg. Price: 655K<br>Sales Volume: 86
2025,W7 3,538000,90,Greater London,W7 3<br>Avg. Price: 538K<br>Sales Volume: 90
2025,W8 4,2056000,44,Greater London,"W8 4<br>Avg. Price: 2,056K<br>Sales Volume: 44"
2025,W8 5,1822000,58,Greater London,"W8 5<br>Avg. Price: 1,822K<br>Sales Volume: 58"
2025,W8 6,2596000,92,Greater London,"W8 6<br>Avg. Price: 2,596K<br>Sales Volume: 92"
2025,W8 7,2705000,52,Greater London,"W8 7<br>Avg. Price: 2,705K<br>Sales Volume: 52"
2025,W9 1,1165000,160,Greater London,"W9 1<br>Avg. Price: 1,165K<br>Sales Volume: 160"
2025,W9 2,728000,132,Greater London,W9 2<br>Avg. Price: 728K<br>Sales Volume: 132
2025,W9 3,605000,131,Greater London,W9 3<br>Avg. Price: 605K<br>Sales Volume: 131
2025,WA1 1,249000,24,North England,WA1 1<br>Avg. Price: 249K<br>Sales Volume: 24
2025,WA1 2,154000,54,North England,WA1 2<br>Avg. Price: 154K<br>Sales Volume: 54
2025,WA1 3,218000,170,North England,WA1 3<br>Avg. Price: 218K<br>Sales Volume: 170
2025,WA1 4,287000,93,North England,WA1 4<br>Avg. Price: 287K<br>Sales Volume: 93
2025,WA10 1,90000,42,North England,WA10 1<br>Avg. Price: 90K<br>Sales Volume: 42
2025,WA10 2,129000,84,North England,WA10 2<br>Avg. Price: 129K<br>Sales Volume: 84
2025,WA10 3,161000,140,North England,WA10 3<br>Avg. Price: 161K<br>Sales Volume: 140
2025,WA10 4,144000,144,North England,WA10 4<br>Avg. Price: 144K<br>Sales Volume: 144
2025,WA10 5,291000,78,North England,WA10 5<br>Avg. Price: 291K<br>Sales Volume: 78
2025,WA10 6,240000,113,North England,WA10 6<br>Avg. Price: 240K<br>Sales Volume: 113
2025,WA11 0,170000,192,North England,WA11 0<br>Avg. Price: 170K<br>Sales Volume: 192
2025,WA11 7,231000,62,North England,WA11 7<br>Avg. Price: 231K<br>Sales Volume: 62
2025,WA11 8,285000,77,North England,WA11 8<br>Avg. Price: 285K<br>Sales Volume: 77
2025,WA11 9,177000,97,North England,WA11 9<br>Avg. Price: 177K<br>Sales Volume: 97
2025,WA12 0,278000,40,North England,WA12 0<br>Avg. Price: 278K<br>Sales Volume: 40
2025,WA12 8,236000,114,North England,WA12 8<br>Avg. Price: 236K<br>Sales Volume: 114
2025,WA12 9,202000,188,North England,WA12 9<br>Avg. Price: 202K<br>Sales Volume: 188
2025,WA13 0,454000,98,North England,WA13 0<br>Avg. Price: 454K<br>Sales Volume: 98
2025,WA13 9,404000,96,North England,WA13 9<br>Avg. Price: 404K<br>Sales Volume: 96
2025,WA14 1,365000,88,North England,WA14 1<br>Avg. Price: 365K<br>Sales Volume: 88
2025,WA14 2,635000,109,North England,WA14 2<br>Avg. Price: 635K<br>Sales Volume: 109
2025,WA14 3,935000,53,North England,WA14 3<br>Avg. Price: 935K<br>Sales Volume: 53
2025,WA14 4,481000,118,North England,WA14 4<br>Avg. Price: 481K<br>Sales Volume: 118
2025,WA14 5,357000,121,North England,WA14 5<br>Avg. Price: 357K<br>Sales Volume: 121
2025,WA15 0,1239000,67,North England,"WA15 0<br>Avg. Price: 1,239K<br>Sales Volume: 67"
2025,WA15 6,468000,184,North England,WA15 6<br>Avg. Price: 468K<br>Sales Volume: 184
2025,WA15 7,420000,145,North England,WA15 7<br>Avg. Price: 420K<br>Sales Volume: 145
2025,WA15 8,539000,136,North England,WA15 8<br>Avg. Price: 539K<br>Sales Volume: 136
2025,WA15 9,795000,96,North England,WA15 9<br>Avg. Price: 795K<br>Sales Volume: 96
2025,WA16 0,531000,116,North England,WA16 0<br>Avg. Price: 531K<br>Sales Volume: 116
2025,WA16 6,620000,56,North England,WA16 6<br>Avg. Price: 620K<br>Sales Volume: 56
2025,WA16 7,584000,48,North England,WA16 7<br>Avg. Price: 584K<br>Sales Volume: 48
2025,WA16 8,593000,137,North England,WA16 8<br>Avg. Price: 593K<br>Sales Volume: 137
2025,WA16 9,884000,62,North England,WA16 9<br>Avg. Price: 884K<br>Sales Volume: 62
2025,WA2 0,217000,168,North England,WA2 0<br>Avg. Price: 217K<br>Sales Volume: 168
2025,WA2 7,137000,140,North England,WA2 7<br>Avg. Price: 137K<br>Sales Volume: 140
2025,WA2 8,279000,65,North England,WA2 8<br>Avg. Price: 279K<br>Sales Volume: 65
2025,WA2 9,184000,86,North England,WA2 9<br>Avg. Price: 184K<br>Sales Volume: 86
2025,WA3 1,288000,64,North England,WA3 1<br>Avg. Price: 288K<br>Sales Volume: 64
2025,WA3 2,278000,191,North England,WA3 2<br>Avg. Price: 278K<br>Sales Volume: 191
2025,WA3 3,194000,135,North England,WA3 3<br>Avg. Price: 194K<br>Sales Volume: 135
2025,WA3 4,476000,67,North England,WA3 4<br>Avg. Price: 476K<br>Sales Volume: 67
2025,WA3 5,335000,70,North England,WA3 5<br>Avg. Price: 335K<br>Sales Volume: 70
2025,WA3 6,246000,111,North England,WA3 6<br>Avg. Price: 246K<br>Sales Volume: 111
2025,WA3 7,319000,56,North England,WA3 7<br>Avg. Price: 319K<br>Sales Volume: 56
2025,WA4 1,166000,162,North England,WA4 1<br>Avg. Price: 166K<br>Sales Volume: 162
2025,WA4 2,388000,211,North England,WA4 2<br>Avg. Price: 388K<br>Sales Volume: 211
2025,WA4 3,355000,77,North England,WA4 3<br>Avg. Price: 355K<br>Sales Volume: 77
2025,WA4 4,512000,76,North England,WA4 4<br>Avg. Price: 512K<br>Sales Volume: 76
2025,WA4 5,535000,117,North England,WA4 5<br>Avg. Price: 535K<br>Sales Volume: 117
2025,WA4 6,325000,181,North England,WA4 6<br>Avg. Price: 325K<br>Sales Volume: 181
2025,WA5 0,178000,70,North England,WA5 0<br>Avg. Price: 178K<br>Sales Volume: 70
2025,WA5 1,196000,177,North England,WA5 1<br>Avg. Price: 196K<br>Sales Volume: 177
2025,WA5 2,282000,134,North England,WA5 2<br>Avg. Price: 282K<br>Sales Volume: 134
2025,WA5 3,305000,239,North England,WA5 3<br>Avg. Price: 305K<br>Sales Volume: 239
2025,WA5 4,209000,48,North England,WA5 4<br>Avg. Price: 209K<br>Sales Volume: 48
2025,WA5 7,308000,22,North England,WA5 7<br>Avg. Price: 308K<br>Sales Volume: 22
2025,WA5 8,302000,85,North England,WA5 8<br>Avg. Price: 302K<br>Sales Volume: 85
2025,WA5 9,281000,39,North England,WA5 9<br>Avg. Price: 281K<br>Sales Volume: 39
2025,WA6 0,243000,68,North England,WA6 0<br>Avg. Price: 243K<br>Sales Volume: 68
2025,WA6 6,454000,67,North England,WA6 6<br>Avg. Price: 454K<br>Sales Volume: 67
2025,WA6 7,272000,83,North England,WA6 7<br>Avg. Price: 272K<br>Sales Volume: 83
2025,WA6 8,515000,30,North England,WA6 8<br>Avg. Price: 515K<br>Sales Volume: 30
2025,WA6 9,398000,26,North England,WA6 9<br>Avg. Price: 398K<br>Sales Volume: 26
2025,WA7 1,219000,135,North England,WA7 1<br>Avg. Price: 219K<br>Sales Volume: 135
2025,WA7 2,162000,139,North England,WA7 2<br>Avg. Price: 162K<br>Sales Volume: 139
2025,WA7 3,257000,49,North England,WA7 3<br>Avg. Price: 257K<br>Sales Volume: 49
2025,WA7 4,193000,128,North England,WA7 4<br>Avg. Price: 193K<br>Sales Volume: 128
2025,WA7 5,151000,150,North England,WA7 5<br>Avg. Price: 151K<br>Sales Volume: 150
2025,WA7 6,195000,121,North England,WA7 6<br>Avg. Price: 195K<br>Sales Volume: 121
2025,WA8 0,137000,56,North England,WA8 0<br>Avg. Price: 137K<br>Sales Volume: 56
2025,WA8 3,223000,107,North England,WA8 3<br>Avg. Price: 223K<br>Sales Volume: 107
2025,WA8 4,172000,64,North England,WA8 4<br>Avg. Price: 172K<br>Sales Volume: 64
2025,WA8 5,363000,54,North England,WA8 5<br>Avg. Price: 363K<br>Sales Volume: 54
2025,WA8 6,143000,152,North England,WA8 6<br>Avg. Price: 143K<br>Sales Volume: 152
2025,WA8 7,188000,109,North England,WA8 7<br>Avg. Price: 188K<br>Sales Volume: 109
2025,WA8 8,167000,119,North England,WA8 8<br>Avg. Price: 167K<br>Sales Volume: 119
2025,WA8 9,303000,162,North England,WA8 9<br>Avg. Price: 303K<br>Sales Volume: 162
2025,WA9 1,112000,48,North England,WA9 1<br>Avg. Price: 112K<br>Sales Volume: 48
2025,WA9 2,118000,64,North England,WA9 2<br>Avg. Price: 118K<br>Sales Volume: 64
2025,WA9 3,160000,178,North England,WA9 3<br>Avg. Price: 160K<br>Sales Volume: 178
2025,WA9 4,186000,191,North England,WA9 4<br>Avg. Price: 186K<br>Sales Volume: 191
2025,WA9 5,209000,191,North England,WA9 5<br>Avg. Price: 209K<br>Sales Volume: 191
2025,WC1A 1,3755000,5,Greater London,"WC1A 1<br>Avg. Price: 3,755K<br>Sales Volume: 5"
2025,WC1A 2,1398000,3,Greater London,"WC1A 2<br>Avg. Price: 1,398K<br>Sales Volume: 3"
2025,WC1B 3,807000,7,Greater London,WC1B 3<br>Avg. Price: 807K<br>Sales Volume: 7
2025,WC1B 4,478000,16,Greater London,WC1B 4<br>Avg. Price: 478K<br>Sales Volume: 16
2025,WC1B 5,725000,2,Greater London,WC1B 5<br>Avg. Price: 725K<br>Sales Volume: 2
2025,WC1E 6,605000,2,Greater London,WC1E 6<br>Avg. Price: 605K<br>Sales Volume: 2
2025,WC1E 7,890000,5,Greater London,WC1E 7<br>Avg. Price: 890K<br>Sales Volume: 5
2025,WC1H 0,334000,20,Greater London,WC1H 0<br>Avg. Price: 334K<br>Sales Volume: 20
2025,WC1H 8,709000,11,Greater London,WC1H 8<br>Avg. Price: 709K<br>Sales Volume: 11
2025,WC1H 9,554000,25,Greater London,WC1H 9<br>Avg. Price: 554K<br>Sales Volume: 25
2025,WC1N 1,658000,8,Greater London,WC1N 1<br>Avg. Price: 658K<br>Sales Volume: 8
2025,WC1N 2,1537000,11,Greater London,"WC1N 2<br>Avg. Price: 1,537K<br>Sales Volume: 11"
2025,WC1N 3,584000,6,Greater London,WC1N 3<br>Avg. Price: 584K<br>Sales Volume: 6
2025,WC1R 4,854000,6,Greater London,WC1R 4<br>Avg. Price: 854K<br>Sales Volume: 6
2025,WC1V 6,500000,1,Greater London,WC1V 6<br>Avg. Price: 500K<br>Sales Volume: 1
2025,WC1X 0,1029000,14,Greater London,"WC1X 0<br>Avg. Price: 1,029K<br>Sales Volume: 14"
2025,WC1X 8,563000,7,Greater London,WC1X 8<br>Avg. Price: 563K<br>Sales Volume: 7
2025,WC1X 9,848000,14,Greater London,WC1X 9<br>Avg. Price: 848K<br>Sales Volume: 14
2025,WC2A 2,2207000,3,Greater London,"WC2A 2<br>Avg. Price: 2,207K<br>Sales Volume: 3"
2025,WC2B 4,1668000,2,Greater London,"WC2B 4<br>Avg. Price: 1,668K<br>Sales Volume: 2"
2025,WC2B 5,1170000,12,Greater London,"WC2B 5<br>Avg. Price: 1,170K<br>Sales Volume: 12"
2025,WC2E 7,1651000,8,Greater London,"WC2E 7<br>Avg. Price: 1,651K<br>Sales Volume: 8"
2025,WC2E 8,1250000,2,Greater London,"WC2E 8<br>Avg. Price: 1,250K<br>Sales Volume: 2"
2025,WC2E 9,1349000,3,Greater London,"WC2E 9<br>Avg. Price: 1,349K<br>Sales Volume: 3"
2025,WC2H 8,833000,2,Greater London,WC2H 8<br>Avg. Price: 833K<br>Sales Volume: 2
2025,WC2H 9,706000,4,Greater London,WC2H 9<br>Avg. Price: 706K<br>Sales Volume: 4
2025,WC2N 4,955000,1,Greater London,WC2N 4<br>Avg. Price: 955K<br>Sales Volume: 1
2025,WC2N 5,600000,1,Greater London,WC2N 5<br>Avg. Price: 600K<br>Sales Volume: 1
2025,WC2N 6,1350000,2,Greater London,"WC2N 6<br>Avg. Price: 1,350K<br>Sales Volume: 2"
2025,WC2R 0,1055000,1,Greater London,"WC2R 0<br>Avg. Price: 1,055K<br>Sales Volume: 1"
2025,WC2R 1,1881000,10,Greater London,"WC2R 1<br>Avg. Price: 1,881K<br>Sales Volume: 10"
2025,WD17 1,341000,27,Greater London,WD17 1<br>Avg. Price: 341K<br>Sales Volume: 27
2025,WD17 2,308000,71,Greater London,WD17 2<br>Avg. Price: 308K<br>Sales Volume: 71
2025,WD17 3,908000,40,Greater London,WD17 3<br>Avg. Price: 908K<br>Sales Volume: 40
2025,WD17 4,518000,105,Greater London,WD17 4<br>Avg. Price: 518K<br>Sales Volume: 105
2025,WD18 0,379000,132,Greater London,WD18 0<br>Avg. Price: 379K<br>Sales Volume: 132
2025,WD18 6,322000,24,Greater London,WD18 6<br>Avg. Price: 322K<br>Sales Volume: 24
2025,WD18 7,405000,125,Greater London,WD18 7<br>Avg. Price: 405K<br>Sales Volume: 125
2025,WD18 8,382000,10,Greater London,WD18 8<br>Avg. Price: 382K<br>Sales Volume: 10
2025,WD18 9,290000,2,Greater London,WD18 9<br>Avg. Price: 290K<br>Sales Volume: 2
2025,WD19 4,569000,123,Greater London,WD19 4<br>Avg. Price: 569K<br>Sales Volume: 123
2025,WD19 5,494000,77,Greater London,WD19 5<br>Avg. Price: 494K<br>Sales Volume: 77
2025,WD19 6,416000,66,Greater London,WD19 6<br>Avg. Price: 416K<br>Sales Volume: 66
2025,WD19 7,415000,66,Greater London,WD19 7<br>Avg. Price: 415K<br>Sales Volume: 66
2025,WD23 1,676000,88,Greater London,WD23 1<br>Avg. Price: 676K<br>Sales Volume: 88
2025,WD23 2,568000,121,Greater London,WD23 2<br>Avg. Price: 568K<br>Sales Volume: 121
2025,WD23 3,507000,79,Greater London,WD23 3<br>Avg. Price: 507K<br>Sales Volume: 79
2025,WD23 4,639000,92,Greater London,WD23 4<br>Avg. Price: 639K<br>Sales Volume: 92
2025,WD24 4,389000,56,Greater London,WD24 4<br>Avg. Price: 389K<br>Sales Volume: 56
2025,WD24 5,368000,105,Greater London,WD24 5<br>Avg. Price: 368K<br>Sales Volume: 105
2025,WD24 6,404000,38,Greater London,WD24 6<br>Avg. Price: 404K<br>Sales Volume: 38
2025,WD24 7,502000,69,Greater London,WD24 7<br>Avg. Price: 502K<br>Sales Volume: 69
2025,WD25 0,466000,100,Greater London,WD25 0<br>Avg. Price: 466K<br>Sales Volume: 100
2025,WD25 7,484000,70,Greater London,WD25 7<br>Avg. Price: 484K<br>Sales Volume: 70
2025,WD25 8,872000,12,Greater London,WD25 8<br>Avg. Price: 872K<br>Sales Volume: 12
2025,WD25 9,412000,107,Greater London,WD25 9<br>Avg. Price: 412K<br>Sales Volume: 107
2025,WD3 1,532000,87,Greater London,WD3 1<br>Avg. Price: 532K<br>Sales Volume: 87
2025,WD3 3,692000,180,Greater London,WD3 3<br>Avg. Price: 692K<br>Sales Volume: 180
2025,WD3 4,1380000,39,Greater London,"WD3 4<br>Avg. Price: 1,380K<br>Sales Volume: 39"
2025,WD3 5,884000,103,Greater London,WD3 5<br>Avg. Price: 884K<br>Sales Volume: 103
2025,WD3 6,901000,11,Greater London,WD3 6<br>Avg. Price: 901K<br>Sales Volume: 11
2025,WD3 7,890000,32,Greater London,WD3 7<br>Avg. Price: 890K<br>Sales Volume: 32
2025,WD3 8,494000,71,Greater London,WD3 8<br>Avg. Price: 494K<br>Sales Volume: 71
2025,WD3 9,452000,29,Greater London,WD3 9<br>Avg. Price: 452K<br>Sales Volume: 29
2025,WD4 8,540000,104,Greater London,WD4 8<br>Avg. Price: 540K<br>Sales Volume: 104
2025,WD4 9,935000,43,Greater London,WD4 9<br>Avg. Price: 935K<br>Sales Volume: 43
2025,WD5 0,513000,142,Greater London,WD5 0<br>Avg. Price: 513K<br>Sales Volume: 142
2025,WD6 1,447000,105,Greater London,WD6 1<br>Avg. Price: 447K<br>Sales Volume: 105
2025,WD6 2,513000,87,Greater London,WD6 2<br>Avg. Price: 513K<br>Sales Volume: 87
2025,WD6 3,716000,52,Greater London,WD6 3<br>Avg. Price: 716K<br>Sales Volume: 52
2025,WD6 4,450000,53,Greater London,WD6 4<br>Avg. Price: 450K<br>Sales Volume: 53
2025,WD6 5,448000,74,Greater London,WD6 5<br>Avg. Price: 448K<br>Sales Volume: 74
2025,WD7 7,1218000,44,Greater London,"WD7 7<br>Avg. Price: 1,218K<br>Sales Volume: 44"
2025,WD7 8,1445000,56,Greater London,"WD7 8<br>Avg. Price: 1,445K<br>Sales Volume: 56"
2025,WD7 9,631000,48,Greater London,WD7 9<br>Avg. Price: 631K<br>Sales Volume: 48
2025,WF1 1,77000,16,North England,WF1 1<br>Avg. Price: 77K<br>Sales Volume: 16
2025,WF1 2,250000,194,North England,WF1 2<br>Avg. Price: 250K<br>Sales Volume: 194
2025,WF1 3,223000,87,North England,WF1 3<br>Avg. Price: 223K<br>Sales Volume: 87
2025,WF1 4,198000,122,North England,WF1 4<br>Avg. Price: 198K<br>Sales Volume: 122
2025,WF1 5,179000,109,North England,WF1 5<br>Avg. Price: 179K<br>Sales Volume: 109
2025,WF10 1,189000,55,North England,WF10 1<br>Avg. Price: 189K<br>Sales Volume: 55
2025,WF10 2,198000,123,North England,WF10 2<br>Avg. Price: 198K<br>Sales Volume: 123
2025,WF10 3,197000,139,North England,WF10 3<br>Avg. Price: 197K<br>Sales Volume: 139
2025,WF10 4,167000,142,North England,WF10 4<br>Avg. Price: 167K<br>Sales Volume: 142
2025,WF10 5,200000,256,North England,WF10 5<br>Avg. Price: 200K<br>Sales Volume: 256
2025,WF11 0,189000,116,North England,WF11 0<br>Avg. Price: 189K<br>Sales Volume: 116
2025,WF11 8,179000,83,North England,WF11 8<br>Avg. Price: 179K<br>Sales Volume: 83
2025,WF11 9,219000,60,North England,WF11 9<br>Avg. Price: 219K<br>Sales Volume: 60
2025,WF12 0,245000,84,North England,WF12 0<br>Avg. Price: 245K<br>Sales Volume: 84
2025,WF12 7,225000,184,North England,WF12 7<br>Avg. Price: 225K<br>Sales Volume: 184
2025,WF12 8,169000,87,North England,WF12 8<br>Avg. Price: 169K<br>Sales Volume: 87
2025,WF12 9,148000,42,North England,WF12 9<br>Avg. Price: 148K<br>Sales Volume: 42
2025,WF13 1,103000,10,North England,WF13 1<br>Avg. Price: 103K<br>Sales Volume: 10
2025,WF13 2,141000,39,North England,WF13 2<br>Avg. Price: 141K<br>Sales Volume: 39
2025,WF13 3,142000,65,North England,WF13 3<br>Avg. Price: 142K<br>Sales Volume: 65
2025,WF13 4,194000,98,North England,WF13 4<br>Avg. Price: 194K<br>Sales Volume: 98
2025,WF14 0,239000,105,North England,WF14 0<br>Avg. Price: 239K<br>Sales Volume: 105
2025,WF14 8,287000,83,North England,WF14 8<br>Avg. Price: 287K<br>Sales Volume: 83
2025,WF14 9,274000,113,North England,WF14 9<br>Avg. Price: 274K<br>Sales Volume: 113
2025,WF15 6,202000,72,North England,WF15 6<br>Avg. Price: 202K<br>Sales Volume: 72
2025,WF15 7,237000,99,North England,WF15 7<br>Avg. Price: 237K<br>Sales Volume: 99
2025,WF15 8,285000,64,North England,WF15 8<br>Avg. Price: 285K<br>Sales Volume: 64
2025,WF16 0,162000,49,North England,WF16 0<br>Avg. Price: 162K<br>Sales Volume: 49
2025,WF16 9,175000,96,North England,WF16 9<br>Avg. Price: 175K<br>Sales Volume: 96
2025,WF17 0,238000,89,North England,WF17 0<br>Avg. Price: 238K<br>Sales Volume: 89
2025,WF17 5,124000,29,North England,WF17 5<br>Avg. Price: 124K<br>Sales Volume: 29
2025,WF17 6,192000,128,North England,WF17 6<br>Avg. Price: 192K<br>Sales Volume: 128
2025,WF17 7,146000,45,North England,WF17 7<br>Avg. Price: 146K<br>Sales Volume: 45
2025,WF17 8,179000,86,North England,WF17 8<br>Avg. Price: 179K<br>Sales Volume: 86
2025,WF17 9,200000,106,North England,WF17 9<br>Avg. Price: 200K<br>Sales Volume: 106
2025,WF2 0,249000,147,North England,WF2 0<br>Avg. Price: 249K<br>Sales Volume: 147
2025,WF2 6,391000,140,North England,WF2 6<br>Avg. Price: 391K<br>Sales Volume: 140
2025,WF2 7,232000,72,North England,WF2 7<br>Avg. Price: 232K<br>Sales Volume: 72
2025,WF2 8,214000,106,North England,WF2 8<br>Avg. Price: 214K<br>Sales Volume: 106
2025,WF2 9,194000,119,North England,WF2 9<br>Avg. Price: 194K<br>Sales Volume: 119
2025,WF3 1,272000,164,North England,WF3 1<br>Avg. Price: 272K<br>Sales Volume: 164
2025,WF3 2,246000,154,North England,WF3 2<br>Avg. Price: 246K<br>Sales Volume: 154
2025,WF3 3,261000,138,North England,WF3 3<br>Avg. Price: 261K<br>Sales Volume: 138
2025,WF3 4,271000,164,North England,WF3 4<br>Avg. Price: 271K<br>Sales Volume: 164
2025,WF4 1,238000,113,North England,WF4 1<br>Avg. Price: 238K<br>Sales Volume: 113
2025,WF4 2,270000,80,North England,WF4 2<br>Avg. Price: 270K<br>Sales Volume: 80
2025,WF4 3,247000,138,North England,WF4 3<br>Avg. Price: 247K<br>Sales Volume: 138
2025,WF4 4,292000,110,North England,WF4 4<br>Avg. Price: 292K<br>Sales Volume: 110
2025,WF4 5,260000,85,North England,WF4 5<br>Avg. Price: 260K<br>Sales Volume: 85
2025,WF4 6,198000,59,North England,WF4 6<br>Avg. Price: 198K<br>Sales Volume: 59
2025,WF5 0,245000,97,North England,WF5 0<br>Avg. Price: 245K<br>Sales Volume: 97
2025,WF5 8,240000,99,North England,WF5 8<br>Avg. Price: 240K<br>Sales Volume: 99
2025,WF5 9,194000,83,North England,WF5 9<br>Avg. Price: 194K<br>Sales Volume: 83
2025,WF6 1,199000,139,North England,WF6 1<br>Avg. Price: 199K<br>Sales Volume: 139
2025,WF6 2,222000,159,North England,WF6 2<br>Avg. Price: 222K<br>Sales Volume: 159
2025,WF7 5,196000,132,North England,WF7 5<br>Avg. Price: 196K<br>Sales Volume: 132
2025,WF7 6,178000,98,North England,WF7 6<br>Avg. Price: 178K<br>Sales Volume: 98
2025,WF7 7,254000,133,North England,WF7 7<br>Avg. Price: 254K<br>Sales Volume: 133
2025,WF8 1,167000,82,North England,WF8 1<br>Avg. Price: 167K<br>Sales Volume: 82
2025,WF8 2,207000,200,North England,WF8 2<br>Avg. Price: 207K<br>Sales Volume: 200
2025,WF8 3,344000,81,North England,WF8 3<br>Avg. Price: 344K<br>Sales Volume: 81
2025,WF8 4,245000,143,North England,WF8 4<br>Avg. Price: 245K<br>Sales Volume: 143
2025,WF9 1,199000,115,North England,WF9 1<br>Avg. Price: 199K<br>Sales Volume: 115
2025,WF9 2,170000,168,North England,WF9 2<br>Avg. Price: 170K<br>Sales Volume: 168
2025,WF9 3,165000,106,North England,WF9 3<br>Avg. Price: 165K<br>Sales Volume: 106
2025,WF9 4,180000,153,North England,WF9 4<br>Avg. Price: 180K<br>Sales Volume: 153
2025,WF9 5,183000,65,North England,WF9 5<br>Avg. Price: 183K<br>Sales Volume: 65
2025,WN1 1,163000,13,North England,WN1 1<br>Avg. Price: 163K<br>Sales Volume: 13
2025,WN1 2,276000,162,North England,WN1 2<br>Avg. Price: 276K<br>Sales Volume: 162
2025,WN1 3,152000,115,North England,WN1 3<br>Avg. Price: 152K<br>Sales Volume: 115
2025,WN2 1,249000,106,North England,WN2 1<br>Avg. Price: 249K<br>Sales Volume: 106
2025,WN2 2,202000,137,North England,WN2 2<br>Avg. Price: 202K<br>Sales Volume: 137
2025,WN2 3,154000,129,North England,WN2 3<br>Avg. Price: 154K<br>Sales Volume: 129
2025,WN2 4,196000,201,North England,WN2 4<br>Avg. Price: 196K<br>Sales Volume: 201
2025,WN2 5,162000,159,North England,WN2 5<br>Avg. Price: 162K<br>Sales Volume: 159
2025,WN3 4,148000,67,North England,WN3 4<br>Avg. Price: 148K<br>Sales Volume: 67
2025,WN3 5,168000,155,North England,WN3 5<br>Avg. Price: 168K<br>Sales Volume: 155
2025,WN3 6,221000,169,North England,WN3 6<br>Avg. Price: 221K<br>Sales Volume: 169
2025,WN4 0,199000,101,North England,WN4 0<br>Avg. Price: 199K<br>Sales Volume: 101
2025,WN4 8,206000,100,North England,WN4 8<br>Avg. Price: 206K<br>Sales Volume: 100
2025,WN4 9,201000,170,North England,WN4 9<br>Avg. Price: 201K<br>Sales Volume: 170
2025,WN5 0,156000,110,North England,WN5 0<br>Avg. Price: 156K<br>Sales Volume: 110
2025,WN5 7,259000,147,North England,WN5 7<br>Avg. Price: 259K<br>Sales Volume: 147
2025,WN5 8,208000,164,North England,WN5 8<br>Avg. Price: 208K<br>Sales Volume: 164
2025,WN5 9,144000,128,North England,WN5 9<br>Avg. Price: 144K<br>Sales Volume: 128
2025,WN6 0,263000,237,North England,WN6 0<br>Avg. Price: 263K<br>Sales Volume: 237
2025,WN6 7,163000,177,North England,WN6 7<br>Avg. Price: 163K<br>Sales Volume: 177
2025,WN6 8,221000,160,North England,WN6 8<br>Avg. Price: 221K<br>Sales Volume: 160
2025,WN6 9,289000,59,North England,WN6 9<br>Avg. Price: 289K<br>Sales Volume: 59
2025,WN7 1,155000,133,North England,WN7 1<br>Avg. Price: 155K<br>Sales Volume: 133
2025,WN7 2,187000,136,North England,WN7 2<br>Avg. Price: 187K<br>Sales Volume: 136
2025,WN7 3,240000,137,North England,WN7 3<br>Avg. Price: 240K<br>Sales Volume: 137
2025,WN7 4,163000,139,North England,WN7 4<br>Avg. Price: 163K<br>Sales Volume: 139
2025,WN7 5,179000,163,North England,WN7 5<br>Avg. Price: 179K<br>Sales Volume: 163
2025,WN8 0,269000,94,North England,WN8 0<br>Avg. Price: 269K<br>Sales Volume: 94
2025,WN8 6,176000,177,North England,WN8 6<br>Avg. Price: 176K<br>Sales Volume: 177
2025,WN8 7,404000,37,North England,WN8 7<br>Avg. Price: 404K<br>Sales Volume: 37
2025,WN8 8,185000,161,North England,WN8 8<br>Avg. Price: 185K<br>Sales Volume: 161
2025,WN8 9,130000,86,North England,WN8 9<br>Avg. Price: 130K<br>Sales Volume: 86
2025,WR1 1,224000,109,Midlands,WR1 1<br>Avg. Price: 224K<br>Sales Volume: 109
2025,WR1 2,206000,35,Midlands,WR1 2<br>Avg. Price: 206K<br>Sales Volume: 35
2025,WR1 3,395000,53,Midlands,WR1 3<br>Avg. Price: 395K<br>Sales Volume: 53
2025,WR10 1,316000,127,Midlands,WR10 1<br>Avg. Price: 316K<br>Sales Volume: 127
2025,WR10 2,422000,91,Midlands,WR10 2<br>Avg. Price: 422K<br>Sales Volume: 91
2025,WR10 3,514000,62,Midlands,WR10 3<br>Avg. Price: 514K<br>Sales Volume: 62
2025,WR11 1,259000,68,Midlands,WR11 1<br>Avg. Price: 259K<br>Sales Volume: 68
2025,WR11 2,298000,147,Midlands,WR11 2<br>Avg. Price: 298K<br>Sales Volume: 147
2025,WR11 3,300000,122,Midlands,WR11 3<br>Avg. Price: 300K<br>Sales Volume: 122
2025,WR11 4,318000,107,Midlands,WR11 4<br>Avg. Price: 318K<br>Sales Volume: 107
2025,WR11 7,380000,132,Midlands,WR11 7<br>Avg. Price: 380K<br>Sales Volume: 132
2025,WR11 8,428000,95,Midlands,WR11 8<br>Avg. Price: 428K<br>Sales Volume: 95
2025,WR12 7,536000,88,Midlands,WR12 7<br>Avg. Price: 536K<br>Sales Volume: 88
2025,WR13 5,448000,57,Midlands,WR13 5<br>Avg. Price: 448K<br>Sales Volume: 57
2025,WR13 6,484000,60,Midlands,WR13 6<br>Avg. Price: 484K<br>Sales Volume: 60
2025,WR14 1,302000,172,Midlands,WR14 1<br>Avg. Price: 302K<br>Sales Volume: 172
2025,WR14 2,330000,124,Midlands,WR14 2<br>Avg. Price: 330K<br>Sales Volume: 124
2025,WR14 3,368000,87,Midlands,WR14 3<br>Avg. Price: 368K<br>Sales Volume: 87
2025,WR14 4,370000,101,Midlands,WR14 4<br>Avg. Price: 370K<br>Sales Volume: 101
2025,WR15 8,381000,88,Midlands,WR15 8<br>Avg. Price: 381K<br>Sales Volume: 88
2025,WR2 4,343000,144,Midlands,WR2 4<br>Avg. Price: 343K<br>Sales Volume: 144
2025,WR2 5,295000,235,Midlands,WR2 5<br>Avg. Price: 295K<br>Sales Volume: 235
2025,WR2 6,354000,104,Midlands,WR2 6<br>Avg. Price: 354K<br>Sales Volume: 104
2025,WR3 7,353000,184,Midlands,WR3 7<br>Avg. Price: 353K<br>Sales Volume: 184
2025,WR3 8,280000,146,Midlands,WR3 8<br>Avg. Price: 280K<br>Sales Volume: 146
2025,WR4 0,294000,181,Midlands,WR4 0<br>Avg. Price: 294K<br>Sales Volume: 181
2025,WR4 9,210000,175,Midlands,WR4 9<br>Avg. Price: 210K<br>Sales Volume: 175
2025,WR5 1,247000,132,Midlands,WR5 1<br>Avg. Price: 247K<br>Sales Volume: 132
2025,WR5 2,346000,176,Midlands,WR5 2<br>Avg. Price: 346K<br>Sales Volume: 176
2025,WR5 3,290000,207,Midlands,WR5 3<br>Avg. Price: 290K<br>Sales Volume: 207
2025,WR6 5,476000,82,Midlands,WR6 5<br>Avg. Price: 476K<br>Sales Volume: 82
2025,WR6 6,465000,79,Midlands,WR6 6<br>Avg. Price: 465K<br>Sales Volume: 79
2025,WR7 4,574000,63,Midlands,WR7 4<br>Avg. Price: 574K<br>Sales Volume: 63
2025,WR8 0,357000,84,Midlands,WR8 0<br>Avg. Price: 357K<br>Sales Volume: 84
2025,WR8 9,591000,20,Midlands,WR8 9<br>Avg. Price: 591K<br>Sales Volume: 20
2025,WR9 0,477000,57,Midlands,WR9 0<br>Avg. Price: 477K<br>Sales Volume: 57
2025,WR9 7,372000,186,Midlands,WR9 7<br>Avg. Price: 372K<br>Sales Volume: 186
2025,WR9 8,294000,157,Midlands,WR9 8<br>Avg. Price: 294K<br>Sales Volume: 157
2025,WR9 9,210000,45,Midlands,WR9 9<br>Avg. Price: 210K<br>Sales Volume: 45
2025,WS1 1,111000,16,Midlands,WS1 1<br>Avg. Price: 111K<br>Sales Volume: 16
2025,WS1 2,204000,72,Midlands,WS1 2<br>Avg. Price: 204K<br>Sales Volume: 72
2025,WS1 3,273000,44,Midlands,WS1 3<br>Avg. Price: 273K<br>Sales Volume: 44
2025,WS1 4,170000,45,Midlands,WS1 4<br>Avg. Price: 170K<br>Sales Volume: 45
2025,WS10 0,224000,108,Midlands,WS10 0<br>Avg. Price: 224K<br>Sales Volume: 108
2025,WS10 7,178000,50,Midlands,WS10 7<br>Avg. Price: 178K<br>Sales Volume: 50
2025,WS10 8,175000,103,Midlands,WS10 8<br>Avg. Price: 175K<br>Sales Volume: 103
2025,WS10 9,209000,110,Midlands,WS10 9<br>Avg. Price: 209K<br>Sales Volume: 110
2025,WS11 0,187000,64,Midlands,WS11 0<br>Avg. Price: 187K<br>Sales Volume: 64
2025,WS11 1,313000,131,Midlands,WS11 1<br>Avg. Price: 313K<br>Sales Volume: 131
2025,WS11 4,190000,41,Midlands,WS11 4<br>Avg. Price: 190K<br>Sales Volume: 41
2025,WS11 5,197000,99,Midlands,WS11 5<br>Avg. Price: 197K<br>Sales Volume: 99
2025,WS11 6,206000,43,Midlands,WS11 6<br>Avg. Price: 206K<br>Sales Volume: 43
2025,WS11 7,255000,65,Midlands,WS11 7<br>Avg. Price: 255K<br>Sales Volume: 65
2025,WS11 8,253000,24,Midlands,WS11 8<br>Avg. Price: 253K<br>Sales Volume: 24
2025,WS11 9,266000,118,Midlands,WS11 9<br>Avg. Price: 266K<br>Sales Volume: 118
2025,WS12 0,264000,30,Midlands,WS12 0<br>Avg. Price: 264K<br>Sales Volume: 30
2025,WS12 1,221000,93,Midlands,WS12 1<br>Avg. Price: 221K<br>Sales Volume: 93
2025,WS12 2,255000,88,Midlands,WS12 2<br>Avg. Price: 255K<br>Sales Volume: 88
2025,WS12 3,252000,67,Midlands,WS12 3<br>Avg. Price: 252K<br>Sales Volume: 67
2025,WS12 4,242000,249,Midlands,WS12 4<br>Avg. Price: 242K<br>Sales Volume: 249
2025,WS13 2,465000,7,Midlands,WS13 2<br>Avg. Price: 465K<br>Sales Volume: 7
2025,WS13 6,297000,207,Midlands,WS13 6<br>Avg. Price: 297K<br>Sales Volume: 207
2025,WS13 7,328000,152,Midlands,WS13 7<br>Avg. Price: 328K<br>Sales Volume: 152
2025,WS13 8,393000,177,Midlands,WS13 8<br>Avg. Price: 393K<br>Sales Volume: 177
2025,WS14 0,537000,73,Midlands,WS14 0<br>Avg. Price: 537K<br>Sales Volume: 73
2025,WS14 9,428000,190,Midlands,WS14 9<br>Avg. Price: 428K<br>Sales Volume: 190
2025,WS15 1,221000,172,Midlands,WS15 1<br>Avg. Price: 221K<br>Sales Volume: 172
2025,WS15 2,253000,201,Midlands,WS15 2<br>Avg. Price: 253K<br>Sales Volume: 201
2025,WS15 3,411000,60,Midlands,WS15 3<br>Avg. Price: 411K<br>Sales Volume: 60
2025,WS15 4,313000,109,Midlands,WS15 4<br>Avg. Price: 313K<br>Sales Volume: 109
2025,WS2 0,184000,55,Midlands,WS2 0<br>Avg. Price: 184K<br>Sales Volume: 55
2025,WS2 7,160000,76,Midlands,WS2 7<br>Avg. Price: 160K<br>Sales Volume: 76
2025,WS2 8,166000,87,Midlands,WS2 8<br>Avg. Price: 166K<br>Sales Volume: 87
2025,WS2 9,173000,101,Midlands,WS2 9<br>Avg. Price: 173K<br>Sales Volume: 101
2025,WS3 1,208000,172,Midlands,WS3 1<br>Avg. Price: 208K<br>Sales Volume: 172
2025,WS3 2,167000,130,Midlands,WS3 2<br>Avg. Price: 167K<br>Sales Volume: 130
2025,WS3 3,233000,159,Midlands,WS3 3<br>Avg. Price: 233K<br>Sales Volume: 159
2025,WS3 4,253000,119,Midlands,WS3 4<br>Avg. Price: 253K<br>Sales Volume: 119
2025,WS3 5,246000,26,Midlands,WS3 5<br>Avg. Price: 246K<br>Sales Volume: 26
2025,WS4 1,223000,159,Midlands,WS4 1<br>Avg. Price: 223K<br>Sales Volume: 159
2025,WS4 2,288000,46,Midlands,WS4 2<br>Avg. Price: 288K<br>Sales Volume: 46
2025,WS5 3,375000,101,Midlands,WS5 3<br>Avg. Price: 375K<br>Sales Volume: 101
2025,WS5 4,222000,92,Midlands,WS5 4<br>Avg. Price: 222K<br>Sales Volume: 92
2025,WS6 6,268000,128,Midlands,WS6 6<br>Avg. Price: 268K<br>Sales Volume: 128
2025,WS6 7,281000,109,Midlands,WS6 7<br>Avg. Price: 281K<br>Sales Volume: 109
2025,WS7 0,285000,64,Midlands,WS7 0<br>Avg. Price: 285K<br>Sales Volume: 64
2025,WS7 1,274000,81,Midlands,WS7 1<br>Avg. Price: 274K<br>Sales Volume: 81
2025,WS7 2,255000,69,Midlands,WS7 2<br>Avg. Price: 255K<br>Sales Volume: 69
2025,WS7 3,246000,50,Midlands,WS7 3<br>Avg. Price: 246K<br>Sales Volume: 50
2025,WS7 4,215000,106,Midlands,WS7 4<br>Avg. Price: 215K<br>Sales Volume: 106
2025,WS7 9,349000,67,Midlands,WS7 9<br>Avg. Price: 349K<br>Sales Volume: 67
2025,WS8 6,228000,64,Midlands,WS8 6<br>Avg. Price: 228K<br>Sales Volume: 64
2025,WS8 7,220000,132,Midlands,WS8 7<br>Avg. Price: 220K<br>Sales Volume: 132
2025,WS9 0,407000,99,Midlands,WS9 0<br>Avg. Price: 407K<br>Sales Volume: 99
2025,WS9 8,263000,140,Midlands,WS9 8<br>Avg. Price: 263K<br>Sales Volume: 140
2025,WS9 9,284000,116,Midlands,WS9 9<br>Avg. Price: 284K<br>Sales Volume: 116
2025,WV1 2,168000,64,Midlands,WV1 2<br>Avg. Price: 168K<br>Sales Volume: 64
2025,WV1 3,155000,15,Midlands,WV1 3<br>Avg. Price: 155K<br>Sales Volume: 15
2025,WV1 4,154000,48,Midlands,WV1 4<br>Avg. Price: 154K<br>Sales Volume: 48
2025,WV10 0,185000,72,Midlands,WV10 0<br>Avg. Price: 185K<br>Sales Volume: 72
2025,WV10 6,217000,170,Midlands,WV10 6<br>Avg. Price: 217K<br>Sales Volume: 170
2025,WV10 7,288000,76,Midlands,WV10 7<br>Avg. Price: 288K<br>Sales Volume: 76
2025,WV10 8,209000,112,Midlands,WV10 8<br>Avg. Price: 209K<br>Sales Volume: 112
2025,WV10 9,165000,83,Midlands,WV10 9<br>Avg. Price: 165K<br>Sales Volume: 83
2025,WV11 1,219000,112,Midlands,WV11 1<br>Avg. Price: 219K<br>Sales Volume: 112
2025,WV11 2,245000,117,Midlands,WV11 2<br>Avg. Price: 245K<br>Sales Volume: 117
2025,WV11 3,240000,101,Midlands,WV11 3<br>Avg. Price: 240K<br>Sales Volume: 101
2025,WV12 4,207000,122,Midlands,WV12 4<br>Avg. Price: 207K<br>Sales Volume: 122
2025,WV12 5,220000,153,Midlands,WV12 5<br>Avg. Price: 220K<br>Sales Volume: 153
2025,WV13 1,186000,68,Midlands,WV13 1<br>Avg. Price: 186K<br>Sales Volume: 68
2025,WV13 2,186000,65,Midlands,WV13 2<br>Avg. Price: 186K<br>Sales Volume: 65
2025,WV13 3,207000,64,Midlands,WV13 3<br>Avg. Price: 207K<br>Sales Volume: 64
2025,WV14 0,215000,72,Midlands,WV14 0<br>Avg. Price: 215K<br>Sales Volume: 72
2025,WV14 6,207000,68,Midlands,WV14 6<br>Avg. Price: 207K<br>Sales Volume: 68
2025,WV14 7,175000,25,Midlands,WV14 7<br>Avg. Price: 175K<br>Sales Volume: 25
2025,WV14 8,191000,136,Midlands,WV14 8<br>Avg. Price: 191K<br>Sales Volume: 136
2025,WV14 9,196000,123,Midlands,WV14 9<br>Avg. Price: 196K<br>Sales Volume: 123
2025,WV15 5,295000,51,Midlands,WV15 5<br>Avg. Price: 295K<br>Sales Volume: 51
2025,WV15 6,297000,49,Midlands,WV15 6<br>Avg. Price: 297K<br>Sales Volume: 49
2025,WV16 4,316000,109,Midlands,WV16 4<br>Avg. Price: 316K<br>Sales Volume: 109
2025,WV16 5,352000,40,Midlands,WV16 5<br>Avg. Price: 352K<br>Sales Volume: 40
2025,WV16 6,250000,63,Midlands,WV16 6<br>Avg. Price: 250K<br>Sales Volume: 63
2025,WV2 1,139000,27,Midlands,WV2 1<br>Avg. Price: 139K<br>Sales Volume: 27
2025,WV2 2,206000,40,Midlands,WV2 2<br>Avg. Price: 206K<br>Sales Volume: 40
2025,WV2 3,170000,27,Midlands,WV2 3<br>Avg. Price: 170K<br>Sales Volume: 27
2025,WV2 4,126000,58,Midlands,WV2 4<br>Avg. Price: 126K<br>Sales Volume: 58
2025,WV3 0,147000,55,Midlands,WV3 0<br>Avg. Price: 147K<br>Sales Volume: 55
2025,WV3 7,228000,97,Midlands,WV3 7<br>Avg. Price: 228K<br>Sales Volume: 97
2025,WV3 8,306000,74,Midlands,WV3 8<br>Avg. Price: 306K<br>Sales Volume: 74
2025,WV3 9,291000,78,Midlands,WV3 9<br>Avg. Price: 291K<br>Sales Volume: 78
2025,WV4 4,253000,134,Midlands,WV4 4<br>Avg. Price: 253K<br>Sales Volume: 134
2025,WV4 5,303000,108,Midlands,WV4 5<br>Avg. Price: 303K<br>Sales Volume: 108
2025,WV4 6,185000,109,Midlands,WV4 6<br>Avg. Price: 185K<br>Sales Volume: 109
2025,WV5 0,298000,71,Midlands,WV5 0<br>Avg. Price: 298K<br>Sales Volume: 71
2025,WV5 7,549000,27,Midlands,WV5 7<br>Avg. Price: 549K<br>Sales Volume: 27
2025,WV5 8,372000,51,Midlands,WV5 8<br>Avg. Price: 372K<br>Sales Volume: 51
2025,WV5 9,328000,39,Midlands,WV5 9<br>Avg. Price: 328K<br>Sales Volume: 39
2025,WV6 0,171000,111,Midlands,WV6 0<br>Avg. Price: 171K<br>Sales Volume: 111
2025,WV6 7,311000,191,Midlands,WV6 7<br>Avg. Price: 311K<br>Sales Volume: 191
2025,WV6 8,366000,171,Midlands,WV6 8<br>Avg. Price: 366K<br>Sales Volume: 171
2025,WV6 9,289000,104,Midlands,WV6 9<br>Avg. Price: 289K<br>Sales Volume: 104
2025,WV7 3,335000,90,Midlands,WV7 3<br>Avg. Price: 335K<br>Sales Volume: 90
2025,WV8 1,293000,102,Midlands,WV8 1<br>Avg. Price: 293K<br>Sales Volume: 102
2025,WV8 2,416000,62,Midlands,WV8 2<br>Avg. Price: 416K<br>Sales Volume: 62
2025,WV9 5,247000,82,Midlands,WV9 5<br>Avg. Price: 247K<br>Sales Volume: 82
2025,YO1 6,311000,44,North England,YO1 6<br>Avg. Price: 311K<br>Sales Volume: 44
2025,YO1 7,349000,28,North England,YO1 7<br>Avg. Price: 349K<br>Sales Volume: 28
2025,YO1 8,318000,3,North England,YO1 8<br>Avg. Price: 318K<br>Sales Volume: 3
2025,YO1 9,354000,31,North England,YO1 9<br>Avg. Price: 354K<br>Sales Volume: 31
2025,YO10 3,281000,143,North England,YO10 3<br>Avg. Price: 281K<br>Sales Volume: 143
2025,YO10 4,363000,103,North England,YO10 4<br>Avg. Price: 363K<br>Sales Volume: 103
2025,YO10 5,347000,45,North England,YO10 5<br>Avg. Price: 347K<br>Sales Volume: 45
2025,YO11 1,137000,74,North England,YO11 1<br>Avg. Price: 137K<br>Sales Volume: 74
2025,YO11 2,155000,199,North England,YO11 2<br>Avg. Price: 155K<br>Sales Volume: 199
2025,YO11 3,210000,236,North England,YO11 3<br>Avg. Price: 210K<br>Sales Volume: 236
2025,YO12 4,201000,174,North England,YO12 4<br>Avg. Price: 201K<br>Sales Volume: 174
2025,YO12 5,225000,113,North England,YO12 5<br>Avg. Price: 225K<br>Sales Volume: 113
2025,YO12 6,224000,133,North England,YO12 6<br>Avg. Price: 224K<br>Sales Volume: 133
2025,YO12 7,154000,207,North England,YO12 7<br>Avg. Price: 154K<br>Sales Volume: 207
2025,YO13 0,350000,86,North England,YO13 0<br>Avg. Price: 350K<br>Sales Volume: 86
2025,YO13 9,350000,68,North England,YO13 9<br>Avg. Price: 350K<br>Sales Volume: 68
2025,YO14 0,236000,116,North England,YO14 0<br>Avg. Price: 236K<br>Sales Volume: 116
2025,YO14 9,210000,153,North England,YO14 9<br>Avg. Price: 210K<br>Sales Volume: 153
2025,YO15 1,254000,72,North England,YO15 1<br>Avg. Price: 254K<br>Sales Volume: 72
2025,YO15 2,173000,97,North England,YO15 2<br>Avg. Price: 173K<br>Sales Volume: 97
2025,YO15 3,210000,140,North England,YO15 3<br>Avg. Price: 210K<br>Sales Volume: 140
2025,YO16 4,136000,120,North England,YO16 4<br>Avg. Price: 136K<br>Sales Volume: 120
2025,YO16 6,227000,186,North England,YO16 6<br>Avg. Price: 227K<br>Sales Volume: 186
2025,YO16 7,169000,120,North England,YO16 7<br>Avg. Price: 169K<br>Sales Volume: 120
2025,YO17 6,364000,32,North England,YO17 6<br>Avg. Price: 364K<br>Sales Volume: 32
2025,YO17 7,279000,103,North England,YO17 7<br>Avg. Price: 279K<br>Sales Volume: 103
2025,YO17 8,258000,77,North England,YO17 8<br>Avg. Price: 258K<br>Sales Volume: 77
2025,YO17 9,266000,100,North England,YO17 9<br>Avg. Price: 266K<br>Sales Volume: 100
2025,YO18 7,317000,116,North England,YO18 7<br>Avg. Price: 317K<br>Sales Volume: 116
2025,YO18 8,295000,88,North England,YO18 8<br>Avg. Price: 295K<br>Sales Volume: 88
2025,YO19 4,318000,39,North England,YO19 4<br>Avg. Price: 318K<br>Sales Volume: 39
2025,YO19 5,394000,47,North England,YO19 5<br>Avg. Price: 394K<br>Sales Volume: 47
2025,YO19 6,412000,92,North England,YO19 6<br>Avg. Price: 412K<br>Sales Volume: 92
2025,YO21 1,290000,102,North England,YO21 1<br>Avg. Price: 290K<br>Sales Volume: 102
2025,YO21 2,368000,37,North England,YO21 2<br>Avg. Price: 368K<br>Sales Volume: 37
2025,YO21 3,294000,85,North England,YO21 3<br>Avg. Price: 294K<br>Sales Volume: 85
2025,YO22 4,278000,89,North England,YO22 4<br>Avg. Price: 278K<br>Sales Volume: 89
2025,YO22 5,375000,48,North England,YO22 5<br>Avg. Price: 375K<br>Sales Volume: 48
2025,YO23 1,354000,162,North England,YO23 1<br>Avg. Price: 354K<br>Sales Volume: 162
2025,YO23 2,482000,58,North England,YO23 2<br>Avg. Price: 482K<br>Sales Volume: 58
2025,YO23 3,424000,90,North England,YO23 3<br>Avg. Price: 424K<br>Sales Volume: 90
2025,YO23 7,364000,15,North England,YO23 7<br>Avg. Price: 364K<br>Sales Volume: 15
2025,YO24 1,487000,69,North England,YO24 1<br>Avg. Price: 487K<br>Sales Volume: 69
2025,YO24 2,294000,97,North England,YO24 2<br>Avg. Price: 294K<br>Sales Volume: 97
2025,YO24 3,267000,115,North England,YO24 3<br>Avg. Price: 267K<br>Sales Volume: 115
2025,YO24 4,326000,119,North England,YO24 4<br>Avg. Price: 326K<br>Sales Volume: 119
2025,YO25 3,343000,32,North England,YO25 3<br>Avg. Price: 343K<br>Sales Volume: 32
2025,YO25 4,328000,77,North England,YO25 4<br>Avg. Price: 328K<br>Sales Volume: 77
2025,YO25 5,228000,197,North England,YO25 5<br>Avg. Price: 228K<br>Sales Volume: 197
2025,YO25 6,210000,118,North England,YO25 6<br>Avg. Price: 210K<br>Sales Volume: 118
2025,YO25 8,245000,89,North England,YO25 8<br>Avg. Price: 245K<br>Sales Volume: 89
2025,YO25 9,277000,87,North England,YO25 9<br>Avg. Price: 277K<br>Sales Volume: 87
2025,YO26 4,236000,112,North England,YO26 4<br>Avg. Price: 236K<br>Sales Volume: 112
2025,YO26 5,307000,160,North England,YO26 5<br>Avg. Price: 307K<br>Sales Volume: 160
2025,YO26 6,440000,96,North England,YO26 6<br>Avg. Price: 440K<br>Sales Volume: 96
2025,YO26 7,468000,48,North England,YO26 7<br>Avg. Price: 468K<br>Sales Volume: 48
2025,YO26 8,500000,46,North England,YO26 8<br>Avg. Price: 500K<br>Sales Volume: 46
2025,YO26 9,572000,14,North England,YO26 9<br>Avg. Price: 572K<br>Sales Volume: 14
2025,YO30 1,376000,22,North England,YO30 1<br>Avg. Price: 376K<br>Sales Volume: 22
2025,YO30 2,349000,21,North England,YO30 2<br>Avg. Price: 349K<br>Sales Volume: 21
2025,YO30 4,273000,55,North England,YO30 4<br>Avg. Price: 273K<br>Sales Volume: 55
2025,YO30 5,331000,107,North England,YO30 5<br>Avg. Price: 331K<br>Sales Volume: 107
2025,YO30 6,328000,137,North England,YO30 6<br>Avg. Price: 328K<br>Sales Volume: 137
2025,YO30 7,392000,54,North England,YO30 7<br>Avg. Price: 392K<br>Sales Volume: 54
2025,YO31 0,338000,86,North England,YO31 0<br>Avg. Price: 338K<br>Sales Volume: 86
2025,YO31 1,424000,53,North England,YO31 1<br>Avg. Price: 424K<br>Sales Volume: 53
2025,YO31 7,289000,68,North England,YO31 7<br>Avg. Price: 289K<br>Sales Volume: 68
2025,YO31 8,300000,108,North England,YO31 8<br>Avg. Price: 300K<br>Sales Volume: 108
2025,YO31 9,289000,97,North England,YO31 9<br>Avg. Price: 289K<br>Sales Volume: 97
2025,YO32 2,315000,97,North England,YO32 2<br>Avg. Price: 315K<br>Sales Volume: 97
2025,YO32 3,378000,88,North England,YO32 3<br>Avg. Price: 378K<br>Sales Volume: 88
2025,YO32 4,215000,13,North England,YO32 4<br>Avg. Price: 215K<br>Sales Volume: 13
2025,YO32 5,361000,63,North England,YO32 5<br>Avg. Price: 361K<br>Sales Volume: 63
2025,YO32 9,346000,86,North England,YO32 9<br>Avg. Price: 346K<br>Sales Volume: 86
2025,YO41 1,326000,77,North England,YO41 1<br>Avg. Price: 326K<br>Sales Volume: 77
2025,YO41 4,398000,31,North England,YO41 4<br>Avg. Price: 398K<br>Sales Volume: 31
2025,YO41 5,342000,42,North England,YO41 5<br>Avg. Price: 342K<br>Sales Volume: 42
2025,YO42 1,390000,55,North England,YO42 1<br>Avg. Price: 390K<br>Sales Volume: 55
2025,YO42 2,286000,241,North England,YO42 2<br>Avg. Price: 286K<br>Sales Volume: 241
2025,YO42 4,427000,59,North England,YO42 4<br>Avg. Price: 427K<br>Sales Volume: 59
2025,YO43 3,251000,154,North England,YO43 3<br>Avg. Price: 251K<br>Sales Volume: 154
2025,YO43 4,282000,80,North England,YO43 4<br>Avg. Price: 282K<br>Sales Volume: 80
2025,YO51 9,338000,159,North England,YO51 9<br>Avg. Price: 338K<br>Sales Volume: 159
2025,YO60 6,411000,14,North England,YO60 6<br>Avg. Price: 411K<br>Sales Volume: 14
2025,YO60 7,391000,27,North England,YO60 7<br>Avg. Price: 391K<br>Sales Volume: 27
2025,YO61 1,514000,64,North England,YO61 1<br>Avg. Price: 514K<br>Sales Volume: 64
2025,YO61 2,456000,21,North England,YO61 2<br>Avg. Price: 456K<br>Sales Volume: 21
2025,YO61 3,359000,117,North England,YO61 3<br>Avg. Price: 359K<br>Sales Volume: 117
2025,YO61 4,639000,19,North England,YO61 4<br>Avg. Price: 639K<br>Sales Volume: 19
2025,YO62 4,446000,32,North England,YO62 4<br>Avg. Price: 446K<br>Sales Volume: 32
2025,YO62 5,393000,61,North England,YO62 5<br>Avg. Price: 393K<br>Sales Volume: 61
2025,YO62 6,282000,71,North England,YO62 6<br>Avg. Price: 282K<br>Sales Volume: 71
2025,YO62 7,419000,17,North England,YO62 7<br>Avg. Price: 419K<br>Sales Volume: 17
2025,YO7 1,255000,149,North England,YO7 1<br>Avg. Price: 255K<br>Sales Volume: 149
2025,YO7 2,576000,23,North England,YO7 2<br>Avg. Price: 576K<br>Sales Volume: 23
2025,YO7 3,321000,98,North England,YO7 3<br>Avg. Price: 321K<br>Sales Volume: 98
2025,YO7 4,406000,52,North England,YO7 4<br>Avg. Price: 406K<br>Sales Volume: 52
2025,YO8 3,269000,97,North England,YO8 3<br>Avg. Price: 269K<br>Sales Volume: 97
2025,YO8 4,195000,104,North England,YO8 4<br>Avg. Price: 195K<br>Sales Volume: 104
2025,YO8 5,269000,138,North England,YO8 5<br>Avg. Price: 269K<br>Sales Volume: 138
2025,YO8 6,333000,82,North England,YO8 6<br>Avg. Price: 333K<br>Sales Volume: 82
2025,YO8 8,220000,151,North England,YO8 8<br>Avg. Price: 220K<br>Sales Volume: 151
2025,YO8 9,277000,204,North England,YO8 9<br>Avg. Price: 277K<br>Sales Volume: 204
